Date,Open,High,Low,Close,Volume,Dividends,Stock Splits
2015-01-02 00:00:00+07:00,2074.3010913870507,2074.3010913870507,2054.769066044423,2066.48828125,29302500,0.0,0.0
2015-01-05 00:00:00+07:00,2054.7687340938687,2062.58154296875,2050.862329656428,2062.58154296875,25434500,0.0,0.0
2015-01-06 00:00:00+07:00,2031.3306782263835,2062.5819194298665,2031.3306782263835,2046.956298828125,48681500,0.0,0.0
2015-01-07 00:00:00+07:00,2039.143334263393,2062.5817633928573,2039.143334263393,2050.862548828125,40334000,0.0,0.0
2015-01-08 00:00:00+07:00,2050.8626243282606,2054.769029326981,2027.4241943359375,2027.4241943359375,54457000,0.0,0.0
2015-01-09 00:00:00+07:00,2035.2365786406704,2043.0493870039743,2019.6109619140625,2019.6109619140625,108957500,0.0,0.0
2015-01-12 00:00:00+07:00,2019.6114729661208,2031.3306884765625,2000.0794471153847,2031.3306884765625,81651000,0.0,0.0
2015-01-13 00:00:00+07:00,2039.1434988168571,2039.1434988168571,2027.4242833064154,2031.3306884765625,36024000,0.0,0.0
2015-01-14 00:00:00+07:00,2035.2365786406704,2035.2365786406704,2019.6109619140625,2019.6109619140625,29728000,0.0,0.0
2015-01-15 00:00:00+07:00,2023.5172119140625,2039.1428274500784,2023.5172119140625,2023.5172119140625,27580500,0.0,0.0
2015-01-16 00:00:00+07:00,2035.2364235660743,2035.2364235660743,2023.5172119140625,2023.5172119140625,46354500,0.0,0.0
2015-01-19 00:00:00+07:00,2027.4242833064154,2035.2370936467098,2027.4242833064154,2031.3306884765625,26134500,0.0,0.0
2015-01-20 00:00:00+07:00,2027.4238855285057,2039.1430987396532,2019.6110767210741,2035.2366943359375,36285500,0.0,0.0
2015-01-21 00:00:00+07:00,2039.1432778703097,2062.5817063515774,2035.2368731234317,2043.0496826171875,73258000,0.0,0.0
2015-01-22 00:00:00+07:00,2039.1431163441052,2066.487947406191,2039.1431163441052,2062.58154296875,58654000,0.0,0.0
2015-01-23 00:00:00+07:00,2066.487907939288,2093.832738479128,2066.487907939288,2082.113525390625,121011000,0.0,0.0
2015-01-26 00:00:00+07:00,2082.1136307516936,2093.8328444332224,2035.2367760255763,2054.768798828125,103089000,0.0,0.0
2015-01-27 00:00:00+07:00,2054.7687340938687,2066.487947406191,2050.862329656428,2062.58154296875,49988500,0.0,0.0
2015-01-28 00:00:00+07:00,2058.6749210106227,2082.113345158751,2054.7685169859346,2074.300537109375,48230000,0.0,0.0
2015-01-29 00:00:00+07:00,2070.394312302122,2082.113525390625,2062.581503576454,2082.113525390625,41599500,0.0,0.0
2015-01-30 00:00:00+07:00,2093.832918370327,2097.7393230687794,2082.1137042749706,2089.926513671875,94142500,0.0,0.0
2015-02-02 00:00:00+07:00,2086.0205078125,2089.9269132578415,2070.394886031133,2086.0205078125,38816500,0.0,0.0
2015-02-03 00:00:00+07:00,2089.9267148618346,2109.458740234375,2086.0203097873264,2109.458740234375,67046500,0.0,0.0
2015-02-04 00:00:00+07:00,2113.364869042266,2187.5865557553957,2105.5520599145684,2171.9609375,136306000,0.0,0.0
2015-02-05 00:00:00+07:00,2171.9614489478786,2175.867854431598,2089.9269337897754,2140.710205078125,83923500,0.0,0.0
2015-02-06 00:00:00+07:00,2152.4294215292825,2156.335827013002,2132.8973941106865,2140.710205078125,54060500,0.0,0.0
2015-02-09 00:00:00+07:00,2109.458352793818,2171.960822506227,2109.458352793818,2156.335205078125,68609000,0.0,0.0
2015-02-10 00:00:00+07:00,2168.054483309659,2171.960887784091,2132.8968430397726,2148.5224609375,50540500,0.0,0.0
2015-02-11 00:00:00+07:00,2152.4285202711235,2175.866943359375,2140.7093087269973,2175.866943359375,46471500,0.0,0.0
2015-02-12 00:00:00+07:00,2175.867342063849,2179.773746627698,2164.1481283723024,2171.9609375,58455500,0.0,0.0
2015-02-13 00:00:00+07:00,2187.5862717245986,2226.6503122911095,2183.6798676679477,2191.49267578125,90653500,0.0,0.0
2015-02-16 00:00:00+07:00,2195.3997244698658,2214.931750488281,2187.5869140625,2187.5869140625,30501000,0.0,0.0
2015-02-17 00:00:00+07:00,2187.5864509325042,2207.11847281583,2187.5864509325042,2199.3056640625,47945000,0.0,0.0
2015-02-18 00:00:00+07:00,2218.837685945826,2273.5273472191384,2187.5864509325042,2199.3056640625,57782000,0.0,0.0
2015-02-20 00:00:00+07:00,2234.4629636065392,2238.369367389068,2195.39892578125,2195.39892578125,25162000,0.0,0.0
2015-02-23 00:00:00+07:00,2199.3054838945523,2222.7439082344586,2183.6798676679477,2191.49267578125,55871500,0.0,0.0
2015-02-24 00:00:00+07:00,2195.39892578125,2199.3053295637787,2175.8669068686054,2195.39892578125,46482000,0.0,0.0
2015-02-25 00:00:00+07:00,2187.586055241578,2214.930880932098,2187.586055241578,2203.211669921875,39573000,0.0,0.0
2015-02-26 00:00:00+07:00,2183.680046555839,2214.9312815691605,2183.680046555839,2199.3056640625,63400500,0.0,0.0
2015-02-27 00:00:00+07:00,2187.586055241578,2211.0244772620235,2187.586055241578,2203.211669921875,91257500,0.0,0.0
2015-03-02 00:00:00+07:00,2211.0251700832055,2234.463599448045,2203.2123602949255,2222.744384765625,105783500,0.0,0.0
2015-03-03 00:00:00+07:00,2242.2763019137915,2277.4339442782934,2238.3698972066245,2250.089111328125,100166000,0.0,0.0
2015-03-04 00:00:00+07:00,2265.7145746452557,2277.4337879623863,2246.1825524500377,2253.995361328125,61321500,0.0,0.0
2015-03-05 00:00:00+07:00,2265.714599609375,2289.153026501886,2261.80819512729,2265.714599609375,63347500,0.0,0.0
2015-03-06 00:00:00+07:00,2265.7147133187073,2293.0595460656573,2265.7147133187073,2281.34033203125,84722000,0.0,0.0
2015-03-09 00:00:00+07:00,2250.088777173913,2261.8079895550272,2203.2119276494564,2246.182373046875,75837500,0.0,0.0
2015-03-10 00:00:00+07:00,2250.0889568890816,2269.620979084299,2226.6505302548203,2253.995361328125,56405500,0.0,0.0
2015-03-11 00:00:00+07:00,2226.6504804140213,2246.182502172039,2222.7440760624177,2230.556884765625,86270500,0.0,0.0
2015-03-12 00:00:00+07:00,2222.745029073366,2230.557841126348,2211.025810993893,2218.838623046875,57496500,0.0,0.0
2015-03-13 00:00:00+07:00,2218.837284602172,2230.556495612395,2195.3988625817265,2203.211669921875,79901500,0.0,0.0
2015-03-16 00:00:00+07:00,2191.4928802382396,2238.369733291464,2191.4928802382396,2211.02490234375,60353500,0.0,0.0
2015-03-17 00:00:00+07:00,2230.556495612395,2234.462899282469,2203.211669921875,2203.211669921875,50729500,0.0,0.0
2015-03-18 00:00:00+07:00,2203.2123602949255,2226.650789659765,2203.2123602949255,2222.744384765625,52346500,0.0,0.0
2015-03-19 00:00:00+07:00,2234.4634440104164,2242.2762532552083,2214.9314208984374,2226.650634765625,58573500,0.0,0.0
2015-03-20 00:00:00+07:00,2214.930961888498,2261.807807642752,2214.930961888498,2238.369384765625,104343000,0.0,0.0
2015-03-23 00:00:00+07:00,2250.0890462802768,2273.5274738456965,2250.0890462802768,2257.90185546875,44297500,0.0,0.0
2015-03-24 00:00:00+07:00,2273.52783203125,2293.0598580796286,2265.7150216118985,2273.52783203125,64996000,0.0,0.0
2015-03-25 00:00:00+07:00,2273.5271259014426,2304.778357872596,2265.714317908654,2285.246337890625,36811000,0.0,0.0
2015-03-26 00:00:00+07:00,2265.71444539318,2300.872083338936,2261.8080411769847,2269.620849609375,71972500,0.0,0.0
2015-03-27 00:00:00+07:00,2261.8082600629864,2269.6210692514596,2246.1826416860404,2257.90185546875,69993000,0.0,0.0
2015-03-30 00:00:00+07:00,2257.901790645205,2289.153026501886,2257.901790645205,2265.714599609375,50985500,0.0,0.0
2015-03-31 00:00:00+07:00,2312.5913983452783,2316.497802734375,2293.0593763997945,2316.497802734375,85598000,0.0,0.0
2015-04-01 00:00:00+07:00,2324.3106115125684,2332.123420290762,2308.6849939561816,2316.497802734375,42093500,0.0,0.0
2015-04-02 00:00:00+07:00,2332.1235759838205,2332.1235759838205,2300.8723387847076,2312.591552734375,42424000,0.0,0.0
2015-04-06 00:00:00+07:00,2312.5916713859147,2414.1581974940796,2308.6852665356005,2371.187744140625,71232500,0.0,0.0
2015-04-07 00:00:00+07:00,2418.064313103171,2437.5963350183824,2386.813078038833,2390.719482421875,58844000,0.0,0.0
2015-04-08 00:00:00+07:00,2355.561832167741,2367.281045263103,2328.2170016118966,2347.7490234375,86916000,0.0,0.0
2015-04-09 00:00:00+07:00,2355.56201171875,2375.0940350331675,2336.0299884043325,2355.56201171875,68708000,0.0,0.0
2015-04-10 00:00:00+07:00,2375.093944663621,2379.0003491778707,2336.0298995211274,2351.655517578125,56706000,0.0,0.0
2015-04-13 00:00:00+07:00,2347.7490234375,2355.561832167741,2339.9362147072584,2347.7490234375,41635500,0.0,0.0
2015-04-14 00:00:00+07:00,2343.8428387594063,2363.3748624157347,2332.1236245656096,2336.030029296875,80112500,0.0,0.0
2015-04-15 00:00:00+07:00,2328.216743908898,2336.0295517743643,2289.152704581568,2304.7783203125,108377000,0.0,0.0
2015-04-16 00:00:00+07:00,2312.591423290688,2332.123445446859,2293.0594011345165,2328.217041015625,93601500,0.0,0.0
2015-04-17 00:00:00+07:00,2343.631693591102,2343.631693591102,2320.0380859375,2320.0380859375,129331500,19.6,0.0
2015-04-20 00:00:00+07:00,2312.17333984375,2343.6314805218963,2300.3765370894453,2312.17333984375,57051500,0.0,0.0
2015-04-21 00:00:00+07:00,2316.105717396576,2359.36066288276,2312.1734496251047,2343.631591796875,101934500,0.0,0.0
2015-04-22 00:00:00+07:00,2351.496021533613,2351.496021533613,2331.834683560924,2339.69921875,80424500,0.0,0.0
2015-04-23 00:00:00+07:00,2351.4961273398176,2359.36066288276,2339.6993240254037,2343.631591796875,45916500,0.0,0.0
2015-04-24 00:00:00+07:00,2343.631591796875,2359.36066288276,2335.7670562539324,2343.631591796875,51549000,0.0,0.0
2015-04-27 00:00:00+07:00,2327.9030108384686,2335.767548037247,2206.0026842574,2233.528564453125,214693500,0.0,0.0
2015-04-28 00:00:00+07:00,2217.7988611404585,2233.5279310776245,2186.3407212661255,2209.934326171875,145994000,0.0,0.0
2015-04-29 00:00:00+07:00,2202.0699146412035,2202.0699146412035,2076.237348090278,2123.424560546875,289103500,0.0,0.0
2015-04-30 00:00:00+07:00,2091.966314935065,2154.882595083488,2029.050034786642,2119.4921875,201869500,0.0,0.0
2015-05-04 00:00:00+07:00,2119.492504571522,2178.4765260345516,2115.5602364739866,2158.815185546875,87705000,0.0,0.0
2015-05-05 00:00:00+07:00,2162.7472474686933,2190.273121527386,2150.950444300682,2178.476318359375,90141500,0.0,0.0
2015-05-06 00:00:00+07:00,2162.747593343693,2166.679861695227,2135.221714882955,2154.883056640625,150119000,0.0,0.0
2015-05-07 00:00:00+07:00,2139.1539832344893,2166.679861695227,2135.221714882955,2154.883056640625,55087000,0.0,0.0
2015-05-08 00:00:00+07:00,2162.7469320695327,2182.408267815619,2150.950130621881,2166.67919921875,56698000,0.0,0.0
2015-05-11 00:00:00+07:00,2170.612130046761,2174.544398398295,2143.086251586023,2154.883056640625,67537000,0.0,0.0
2015-05-12 00:00:00+07:00,2143.086113156734,2174.544257937016,2139.1538450591984,2158.815185546875,54424500,0.0,0.0
2015-05-13 00:00:00+07:00,2147.018381254269,2170.611989839481,2147.018381254269,2158.815185546875,68930000,0.0,0.0
2015-05-15 00:00:00+07:00,2158.815324540059,2166.67986124148,2107.6958359808227,2127.357177734375,102469000,0.0,0.0
2015-05-18 00:00:00+07:00,2139.1533203125,2143.0855874454273,2127.3565189137175,2139.1533203125,43827000,0.0,0.0
2015-05-19 00:00:00+07:00,2143.0855551918785,2178.4759588555976,2131.288753970639,2147.017822265625,52107000,0.0,0.0
2015-05-20 00:00:00+07:00,2166.679377375422,2206.002052100929,2154.8825749577704,2182.408447265625,58482500,0.0,0.0
2015-05-21 00:00:00+07:00,2194.205086767146,2261.0536288371127,2186.3405524059735,2221.73095703125,63650000,0.0,0.0
2015-05-22 00:00:00+07:00,2241.392754212489,2280.7154341109535,2217.7991462734103,2257.121826171875,63902500,0.0,0.0
2015-05-25 00:00:00+07:00,2257.12137032889,2261.0536375245847,2241.39230154611,2249.2568359375,39425000,0.0,0.0
2015-05-26 00:00:00+07:00,2233.528218232796,2280.7154341109535,2225.663682253103,2257.121826171875,117738500,0.0,0.0
2015-05-27 00:00:00+07:00,2257.121894702577,2264.9864309210525,2241.392822265625,2241.392822265625,79384000,0.0,0.0
2015-05-28 00:00:00+07:00,2217.798795342867,2241.392399548642,2209.9342606076084,2225.663330078125,36940000,0.0,0.0
2015-05-29 00:00:00+07:00,2237.460025753595,2249.256827295354,2213.866422670077,2221.73095703125,111287500,0.0,0.0
2015-06-01 00:00:00+07:00,2202.0696211283184,2221.73095703125,2194.205086767146,2221.73095703125,24317000,0.0,0.0
2015-06-03 00:00:00+07:00,2202.0695944393383,2206.0018615722656,2119.491984647863,2139.1533203125,159175000,0.0,0.0
2015-06-04 00:00:00+07:00,2123.4243567230506,2162.7470299956994,2123.4243567230506,2143.085693359375,58319500,0.0,0.0
2015-06-05 00:00:00+07:00,2115.5596856756524,2154.882356413118,2115.5596856756524,2147.017822265625,48272000,0.0,0.0
2015-06-08 00:00:00+07:00,2123.4243892437844,2139.1534587937385,2107.6953196938307,2135.22119140625,86888000,0.0,0.0
2015-06-09 00:00:00+07:00,2107.6953785831765,2127.35671606996,2052.643633620183,2091.96630859375,131941500,0.0,0.0
2015-06-10 00:00:00+07:00,2091.9664139452393,2139.153626289869,2052.6437369913815,2095.898681640625,82218000,0.0,0.0
2015-06-11 00:00:00+07:00,2107.6958355278557,2119.492640577452,2068.3731520292017,2099.831298828125,64210500,0.0,0.0
2015-06-12 00:00:00+07:00,2072.3047612028304,2091.9660966981132,2064.440227004717,2084.1015625,77427500,0.0,0.0
2015-06-15 00:00:00+07:00,2091.96630859375,2095.898576091107,2080.16950610168,2091.96630859375,44849000,0.0,0.0
2015-06-16 00:00:00+07:00,2088.034493778529,2119.492640577452,2068.3731520292017,2099.831298828125,67394000,0.0,0.0
2015-06-17 00:00:00+07:00,2123.4247726690573,2174.544257937016,2115.5602364739866,2158.815185546875,69230000,0.0,0.0
2015-06-18 00:00:00+07:00,2154.88249534117,2154.88249534117,2123.4243567230506,2143.085693359375,29546500,0.0,0.0
2015-06-19 00:00:00+07:00,2143.086251586023,2174.544398398295,2143.086251586023,2154.883056640625,70895500,0.0,0.0
2015-06-22 00:00:00+07:00,2154.88291744934,2170.611989839481,2147.018381254269,2158.815185546875,36878000,0.0,0.0
2015-06-23 00:00:00+07:00,2158.8147298474632,2162.746997114945,2150.9501953125,2150.9501953125,41165500,0.0,0.0
2015-06-24 00:00:00+07:00,2147.01796068664,2166.6792973229644,2143.085693359375,2143.085693359375,58809500,0.0,0.0
2015-06-25 00:00:00+07:00,2143.085792555659,2154.882595083488,2099.830849953618,2119.4921875,82101000,0.0,0.0
2015-06-26 00:00:00+07:00,2115.5599919280444,2162.7472036439112,2091.9663860701107,2131.2890625,65003500,0.0,0.0
2015-06-29 00:00:00+07:00,2107.6954897280093,2131.289095956308,2095.89868661386,2123.424560546875,50187000,0.0,0.0
2015-06-30 00:00:00+07:00,2143.085899070457,2162.7472375940392,2123.424560546875,2123.424560546875,69145000,0.0,0.0
2015-07-01 00:00:00+07:00,2139.1536313657407,2147.0181667751735,2123.424560546875,2123.424560546875,35987500,0.0,0.0
2015-07-02 00:00:00+07:00,2119.491984647863,2158.8146559771367,2099.830648983226,2139.1533203125,54548500,0.0,0.0
2015-07-03 00:00:00+07:00,2123.4243567230506,2147.01796068664,2123.4243567230506,2143.085693359375,22845500,0.0,0.0
2015-07-06 00:00:00+07:00,2135.2210531795727,2147.0178545783547,2123.42425178079,2139.1533203125,45003000,0.0,0.0
2015-07-07 00:00:00+07:00,2127.3567837801847,2143.0858542702413,2076.2373046875,2076.2373046875,64968500,0.0,0.0
2015-07-08 00:00:00+07:00,2107.6954847267825,2115.560020117554,2060.508272382153,2095.898681640625,74970000,0.0,0.0
2015-07-09 00:00:00+07:00,2068.3724941037735,2084.1015625,2052.643425707547,2084.1015625,58611000,0.0,0.0
2015-07-10 00:00:00+07:00,2084.1017735990367,2107.6953785831765,2084.1017735990367,2091.96630859375,42836500,0.0,0.0
2015-07-13 00:00:00+07:00,2091.9664189091436,2131.289095956308,2091.9664189091436,2123.424560546875,53040500,0.0,0.0
2015-07-14 00:00:00+07:00,2131.2887860466453,2147.0178545783547,2123.42425178079,2139.1533203125,41833500,0.0,0.0
2015-07-15 00:00:00+07:00,2119.4922928421583,2123.424560546875,2107.6954897280093,2123.424560546875,61445000,0.0,0.0
2015-07-22 00:00:00+07:00,2135.221330142989,2135.221330142989,2088.0341184271215,2131.2890625,89975500,0.0,0.0
2015-07-23 00:00:00+07:00,2139.1537073863637,2186.3409215198863,2127.3569038529827,2162.747314453125,37129500,0.0,0.0
2015-07-24 00:00:00+07:00,2166.6797217419457,2166.6797217419457,2139.1538450591984,2158.815185546875,19026000,0.0,0.0
2015-07-27 00:00:00+07:00,2123.4243490793447,2127.3566163924547,2076.237141322026,2115.559814453125,64015500,0.0,0.0
2015-07-28 00:00:00+07:00,2076.2374399038463,2080.169707782452,2029.0502253605769,2044.779296875,112963500,0.0,0.0
2015-07-29 00:00:00+07:00,2044.7793994710603,2068.3730079264956,1989.727646408378,2021.185791015625,81937500,0.0,0.0
2015-07-30 00:00:00+07:00,2025.1177251338959,2064.4403994083405,2013.3209228515625,2013.3209228515625,46801000,0.0,0.0
2015-07-31 00:00:00+07:00,2036.9149356288763,2068.3730813528746,2021.1858627668773,2060.508544921875,115876500,0.0,0.0
2015-08-03 00:00:00+07:00,2032.9820902122642,2084.1015625,2032.9820902122642,2084.1015625,61213000,0.0,0.0
2015-08-04 00:00:00+07:00,2091.96630859375,2107.6953785831765,2064.4404361122533,2091.96630859375,44712500,0.0,0.0
2015-08-05 00:00:00+07:00,2091.966763016081,2178.476666749829,2080.169957961479,2154.883056640625,73984500,0.0,0.0
2015-08-06 00:00:00+07:00,2154.8825029013815,2186.3406416298685,2154.8825029013815,2170.611572265625,66426000,0.0,0.0
2015-08-07 00:00:00+07:00,2154.8827787642044,2170.6118501420456,2135.2214395419032,2162.747314453125,27262000,0.0,0.0
2015-08-10 00:00:00+07:00,2147.018176578012,2178.476318359375,2135.221373410001,2178.476318359375,25633500,0.0,0.0
2015-08-11 00:00:00+07:00,2178.476274215867,2186.340809501845,2099.8309213560883,2131.2890625,52619000,0.0,0.0
2015-08-12 00:00:00+07:00,2076.237338105989,2084.101873477602,2040.8469289337274,2068.372802734375,148795000,0.0,0.0
2015-08-13 00:00:00+07:00,2021.185557972301,2080.1695723100142,2021.185557972301,2076.2373046875,102339000,0.0,0.0
2015-08-14 00:00:00+07:00,2084.1015625,2088.033829599057,2072.3047612028304,2084.1015625,31860000,0.0,0.0
2015-08-18 00:00:00+07:00,2084.102242236422,2095.899047381157,2032.9827532759061,2040.8472900390625,102204500,0.0,0.0
2015-08-19 00:00:00+07:00,2021.1852772630107,2036.9143455685594,1989.7271406519133,1997.5916748046875,82035000,0.0,0.0
2015-08-20 00:00:00+07:00,1997.592084274758,1997.592084274758,1926.8112623910067,1930.7435302734375,127105500,0.0,0.0
2015-08-21 00:00:00+07:00,1903.217681949013,1918.9467537006578,1863.8950025699012,1867.8272705078125,109838000,0.0,0.0
2015-08-24 00:00:00+07:00,1793.1137111967646,1863.8945155861104,1730.197440628457,1777.3846435546875,173094000,0.0,0.0
2015-08-25 00:00:00+07:00,1808.8429361979167,1883.556013997396,1793.1138671875,1828.5042724609375,184156000,0.0,0.0
2015-08-26 00:00:00+07:00,1863.894775390625,1871.759310307885,1812.7752984284348,1863.894775390625,104006500,0.0,0.0
2015-08-27 00:00:00+07:00,1911.0822143554688,2005.4566446940105,1911.0822143554688,1981.863037109375,113488500,0.0,0.0
2015-08-28 00:00:00+07:00,2021.185791015625,2029.0503271674368,2005.4567187120015,2021.185791015625,108531000,0.0,0.0
2015-08-31 00:00:00+07:00,2021.185392157976,2029.0499267578125,2001.5240556583847,2029.0499267578125,98327000,0.0,0.0
2015-09-01 00:00:00+07:00,2021.1857337420786,2021.1857337420786,1966.133982239376,1977.9307861328125,51436500,0.0,0.0
2015-09-02 00:00:00+07:00,1918.9467266261456,1958.2694054504518,1918.9467266261456,1930.7435302734375,106837000,0.0,0.0
2015-09-03 00:00:00+07:00,1954.3371204903456,1958.2693883384147,1926.811245553862,1934.67578125,44130500,0.0,0.0
2015-09-04 00:00:00+07:00,1930.7434248943716,1930.7434248943716,1915.0143542231344,1926.8111572265625,50424000,0.0,0.0
2015-09-07 00:00:00+07:00,1918.9468438810275,1918.9468438810275,1875.6918945312502,1875.69189453125,35620000,0.0,0.0
2015-09-08 00:00:00+07:00,1859.9624186370331,1887.4882895259534,1848.165616827496,1856.0301513671875,66183500,0.0,0.0
2015-09-09 00:00:00+07:00,1871.759626408543,1891.4209670220782,1871.759626408543,1875.69189453125,53327500,0.0,0.0
2015-09-10 00:00:00+07:00,1863.895090163129,1891.4209670220782,1852.098285795008,1875.69189453125,63130500,0.0,0.0
2015-09-11 00:00:00+07:00,1887.4886988993712,1887.4886988993712,1871.759626408543,1875.69189453125,45032500,0.0,0.0
2015-09-14 00:00:00+07:00,1887.4885798682851,1907.149919241913,1875.6917762441083,1903.2176513671875,35836000,0.0,0.0
2015-09-15 00:00:00+07:00,1887.4885591004186,1903.2176304262553,1859.962684280204,1879.6240234375,38335000,0.0,0.0
2015-09-16 00:00:00+07:00,1871.759310307885,1875.691577766515,1856.030240473365,1863.894775390625,66782000,0.0,0.0
2015-09-17 00:00:00+07:00,1879.6238422042752,1922.8787841796873,1875.691574751965,1922.8787841796875,57698000,0.0,0.0
2015-09-18 00:00:00+07:00,1903.2176550964232,1930.7435302734375,1895.3531193315619,1930.7435302734375,99438000,0.0,0.0
2015-09-21 00:00:00+07:00,1903.2176009849845,1922.8789398381352,1891.4207976730943,1915.014404296875,47211000,0.0,0.0
2015-09-22 00:00:00+07:00,1895.3527189027136,1918.9463212127057,1895.3527189027136,1911.081787109375,58871000,0.0,0.0
2015-09-23 00:00:00+07:00,1875.691806383635,1887.4886101973684,1863.8950025699012,1867.8272705078125,90731500,0.0,0.0
2015-09-25 00:00:00+07:00,1875.691487716416,1883.5560222561076,1844.2333495576502,1856.0301513671875,71245500,0.0,0.0
2015-09-28 00:00:00+07:00,1848.1654587290645,1848.1654587290645,1800.9782555274714,1804.9105224609375,49442500,0.0,0.0
2015-09-29 00:00:00+07:00,1789.181895536535,1883.5563251912092,1777.3850918297007,1871.759521484375,68056000,0.0,0.0
2015-09-30 00:00:00+07:00,1887.4885835667005,1958.2694054504518,1871.759512036978,1930.7435302734375,91292000,0.0,0.0
2015-10-01 00:00:00+07:00,1934.6756134033205,1966.133753458659,1887.4884033203127,1887.4884033203125,49868500,0.0,0.0
2015-10-02 00:00:00+07:00,1887.4886101973684,1942.5403613281248,1867.8272705078125,1867.8272705078125,43348000,0.0,0.0
2015-10-05 00:00:00+07:00,1934.675496257159,2013.3208416334662,1915.014159913082,1973.9981689453125,110755500,0.0,0.0
2015-10-06 00:00:00+07:00,1981.8629249366554,2056.576011392601,1981.8629249366554,2036.9146728515625,141434500,0.0,0.0
2015-10-07 00:00:00+07:00,2044.779296875,2076.2374399038463,2036.9147611177884,2044.779296875,121875500,0.0,0.0
2015-10-08 00:00:00+07:00,2060.508544921875,2099.8312270768724,2048.7117402753756,2060.508544921875,80631000,0.0,0.0
2015-10-09 00:00:00+07:00,2095.898642800071,2111.6277132901278,2076.2373046875,2076.2373046875,148204000,0.0,0.0
2015-10-12 00:00:00+07:00,2084.101845429322,2139.1535922897197,2084.101845429322,2103.76318359375,154913500,0.0,0.0
2015-10-13 00:00:00+07:00,2107.6954915993,2107.6954915993,2032.9824051433548,2036.9146728515625,86162000,0.0,0.0
2015-10-15 00:00:00+07:00,2044.7795584206406,2068.3731687101094,2032.9827532759061,2040.8472900390625,112243500,0.0,0.0
2015-10-16 00:00:00+07:00,2044.7790622711182,2044.7790622711182,2005.4563879966736,2013.3209228515625,80741500,0.0,0.0
2015-10-19 00:00:00+07:00,2013.3211904761904,2088.034281529018,2013.3211904761904,2064.440673828125,75688000,0.0,0.0
2015-10-20 00:00:00+07:00,2088.0341075550427,2091.966375177557,2068.3727694424715,2076.2373046875,76519500,0.0,0.0
2015-10-21 00:00:00+07:00,2091.9664139452393,2123.4245555083257,2091.9664139452393,2095.898681640625,48500500,0.0,0.0
2015-10-22 00:00:00+07:00,2115.560092299732,2123.4246279588388,2099.831020981518,2107.695556640625,41297500,0.0,0.0
2015-10-23 00:00:00+07:00,2166.679397611317,2166.679397611317,2111.627652481447,2119.4921875,54593500,0.0,0.0
2015-10-26 00:00:00+07:00,2147.017822265625,2158.8146234868645,2135.2210210443855,2147.017822265625,72511000,0.0,0.0
2015-10-27 00:00:00+07:00,2131.288753970639,2154.882356413118,2115.5596856756524,2147.017822265625,41899000,0.0,0.0
2015-10-28 00:00:00+07:00,2111.6275870813192,2158.814795731181,2111.6275870813192,2135.22119140625,51959500,0.0,0.0
2015-10-29 00:00:00+07:00,2143.085888764704,2158.8149595079312,2044.7791966195343,2068.372802734375,73029000,0.0,0.0
2015-10-30 00:00:00+07:00,2084.1016689566677,2084.1016689566677,2029.0499267578125,2029.0499267578125,66730000,0.0,0.0
2015-11-02 00:00:00+07:00,2013.3213062622308,2029.0503789674046,1993.6599653807639,2009.3890380859375,85304000,0.0,0.0
2015-11-03 00:00:00+07:00,2029.0501258763072,2080.1696057917957,2029.0501258763072,2068.372802734375,61280000,0.0,0.0
2015-11-04 00:00:00+07:00,2084.1020535090784,2143.0860738914107,2084.1020535090784,2111.6279296875,81950500,0.0,0.0
2015-11-05 00:00:00+07:00,2123.424527214022,2158.8149360009224,2095.8986537130995,2131.2890625,58454500,0.0,0.0
2015-11-06 00:00:00+07:00,2162.7472036439112,2162.7472036439112,2115.5599919280444,2131.2890625,28853500,0.0,0.0
2015-11-09 00:00:00+07:00,2123.424693080357,2123.424693080357,2048.71160202753,2064.440673828125,37358000,0.0,0.0
2015-11-10 00:00:00+07:00,2044.77897953941,2084.10165222286,2032.982177734375,2032.982177734375,68137000,0.0,0.0
2015-11-11 00:00:00+07:00,2036.9150216574844,2064.4409003285314,2032.9827532759061,2040.8472900390625,43298000,0.0,0.0
2015-11-12 00:00:00+07:00,2040.8472900390625,2091.9667789995783,2040.8472900390625,2040.8472900390625,26996500,0.0,0.0
2015-11-13 00:00:00+07:00,2037.6872242202612,2057.4322554627056,2037.6872242202612,2041.63623046875,39106500,11.0,0.0
2015-11-16 00:00:00+07:00,2029.7898512256238,2037.6878662109375,1998.197791284369,2037.6878662109375,36399000,0.0,0.0
2015-11-17 00:00:00+07:00,2069.279752604167,2100.8718098958334,2069.279752604167,2073.228759765625,77918000,0.0,0.0
2015-11-18 00:00:00+07:00,2073.228825118756,2104.82088340628,2061.3818032609342,2065.330810546875,34843500,0.0,0.0
2015-11-19 00:00:00+07:00,2069.279489171091,2089.024522464708,2045.58544921875,2045.58544921875,85414000,0.0,0.0
2015-11-20 00:00:00+07:00,2045.585677578422,2085.075748574144,2037.6876633792774,2077.177734375,51167500,0.0,0.0
2015-11-23 00:00:00+07:00,2092.9740550105735,2104.8210779634633,2081.127032057683,2100.8720703125,52341000,0.0,0.0
2015-11-24 00:00:00+07:00,2092.9735875173933,2144.310675513103,2092.9735875173933,2128.5146484375,94665500,0.0,0.0
2015-11-25 00:00:00+07:00,2128.514616337529,2152.208656593605,2124.5656096281828,2132.463623046875,51458500,0.0,0.0
2015-11-26 00:00:00+07:00,2148.260354089649,2168.005394108855,2132.4643220742837,2136.413330078125,84898500,0.0,0.0
2015-11-27 00:00:00+07:00,2148.2598621673,2148.2598621673,2069.2797201758553,2077.177734375,23257500,0.0,0.0
2015-11-30 00:00:00+07:00,2069.27962338226,2073.228630297112,1954.7584228515625,1954.7584228515625,356188000,0.0,0.0
2015-12-01 00:00:00+07:00,2006.0954820165093,2104.8206533755897,2006.0954820165093,2092.9736328125,144760000,0.0,0.0
2015-12-02 00:00:00+07:00,2096.9230626615367,2124.56611621828,2069.2800091047934,2100.8720703125,69710500,0.0,0.0
2015-12-03 00:00:00+07:00,2085.0760397086465,2108.7700856144265,2073.2290167557567,2100.8720703125,38554500,0.0,0.0
2015-12-04 00:00:00+07:00,2100.8718098958334,2100.8718098958334,2069.279752604167,2073.228759765625,45929500,0.0,0.0
2015-12-07 00:00:00+07:00,2085.0754076086955,2108.769446331522,2081.1264011548915,2089.0244140625,49197000,0.0,0.0
2015-12-08 00:00:00+07:00,2065.3311212287067,2108.7702079084693,2053.4840975887714,2057.43310546875,52757500,0.0,0.0
2015-12-09 00:00:00+07:00,2057.43310546875,2057.43310546875,2057.43310546875,2057.43310546875,0,0.0,0.0
2015-12-10 00:00:00+07:00,2037.6874620225692,2132.463623046875,2037.6874620225692,2132.463623046875,76059500,0.0,0.0
2015-12-11 00:00:00+07:00,2124.566002123284,2124.566002123284,2057.432875662139,2085.075927734375,59727500,0.0,0.0
2015-12-14 00:00:00+07:00,2053.483868223248,2085.075927734375,2045.5858533454664,2085.075927734375,47580500,0.0,0.0
2015-12-15 00:00:00+07:00,2061.3817707090884,2085.0758140505723,2061.3817707090884,2069.27978515625,47291500,0.0,0.0
2015-12-16 00:00:00+07:00,2112.718621361897,2140.3616687442022,2096.922594286294,2128.5146484375,70100000,0.0,0.0
2015-12-17 00:00:00+07:00,2179.852068732767,2179.852068732767,2144.3110023947324,2148.260009765625,114667500,0.0,0.0
2015-12-18 00:00:00+07:00,2124.565472146739,2132.463485054348,2089.0244140625,2089.0244140625,90887000,0.0,0.0
2015-12-21 00:00:00+07:00,2077.177945623814,2112.719013134488,2077.177945623814,2081.126953125,34568000,0.0,0.0
2015-12-22 00:00:00+07:00,2085.075927734375,2100.8719574899387,2081.126920295484,2085.075927734375,61600500,0.0,0.0
2015-12-23 00:00:00+07:00,2077.177945623814,2100.8719906309298,2073.2289381226283,2081.126953125,45442000,0.0,0.0
2015-12-28 00:00:00+07:00,2069.2794965847793,2116.6675766592402,2069.2794965847793,2104.820556640625,65440500,0.0,0.0
2015-12-29 00:00:00+07:00,2085.0756191037735,2116.667673938679,2085.0756191037735,2092.9736328125,57153500,0.0,0.0
2015-12-30 00:00:00+07:00,2092.9740550105735,2164.0561927279136,2092.9740550105735,2100.8720703125,72863000,0.0,0.0
2016-01-04 00:00:00+07:00,2081.1264011548915,2120.616465692935,2077.177394701087,2089.0244140625,77479500,0.0,0.0
2016-01-05 00:00:00+07:00,2085.075941880841,2140.362046400409,2085.075941880841,2112.718994140625,96609000,0.0,0.0
2016-01-06 00:00:00+07:00,2104.820964928829,2132.4640170010653,2085.075927734375,2085.075927734375,105370000,0.0,0.0
2016-01-07 00:00:00+07:00,2069.2794245793266,2077.1774376502403,2053.4833984375,2053.4833984375,146746500,0.0,0.0
2016-01-08 00:00:00+07:00,2045.5853853665865,2069.2794245793266,2045.5853853665865,2053.4833984375,125820000,0.0,0.0
2016-01-11 00:00:00+07:00,2045.5857096354166,2049.534716796875,2013.99365234375,2013.99365234375,75952000,0.0,0.0
2016-01-12 00:00:00+07:00,2037.6877273676048,2089.024821274153,2037.6877273676048,2069.27978515625,86093500,0.0,0.0
2016-01-13 00:00:00+07:00,2089.0249681273717,2100.8719906309298,2077.177945623814,2081.126953125,76587000,0.0,0.0
2016-01-14 00:00:00+07:00,2053.4840975887714,2077.178144868642,2049.5350897087933,2057.43310546875,119213500,0.0,0.0
2016-01-15 00:00:00+07:00,2069.2794245793266,2077.1774376502403,2053.4833984375,2053.4833984375,68326000,0.0,0.0
2016-01-18 00:00:00+07:00,2029.7896326318642,2069.279703305636,2025.840625564487,2049.53466796875,81317000,0.0,0.0
2016-01-19 00:00:00+07:00,2061.3818032609342,2069.2798178328153,2045.5857741171724,2065.330810546875,54711000,0.0,0.0
2016-01-20 00:00:00+07:00,2053.4840975887714,2065.3311212287067,2049.5350897087933,2057.43310546875,75676000,0.0,0.0
2016-01-21 00:00:00+07:00,2061.3814758536437,2061.3814758536437,2045.58544921875,2045.58544921875,76938000,0.0,0.0
2016-01-22 00:00:00+07:00,2061.3814115084133,2069.2794245793266,2045.5853853665865,2053.4833984375,71511000,0.0,0.0
2016-01-25 00:00:00+07:00,2085.07578125,2089.0247884114583,2057.4327311197917,2073.228759765625,56835500,0.0,0.0
2016-01-26 00:00:00+07:00,2061.3814115084133,2077.1774376502403,2049.5343919020434,2053.4833984375,57143000,0.0,0.0
2016-01-27 00:00:00+07:00,2069.27978515625,2085.0758140505723,2065.330777932669,2069.27978515625,122278500,0.0,0.0
2016-01-28 00:00:00+07:00,2069.2797201758553,2096.922769872861,2069.2797201758553,2077.177734375,126774000,0.0,0.0
2016-01-29 00:00:00+07:00,2085.0758140505723,2089.024821274153,2049.5347490383465,2069.27978515625,175698000,0.0,0.0
2016-02-01 00:00:00+07:00,2069.2793817934785,2089.0244140625,2049.5343495244565,2089.0244140625,89371000,0.0,0.0
2016-02-02 00:00:00+07:00,2089.024821274153,2089.024821274153,2065.330777932669,2069.27978515625,96631000,0.0,0.0
2016-02-03 00:00:00+07:00,2053.4838212404215,2069.2798506345785,2049.534813891882,2061.3818359375,65229000,0.0,0.0
2016-02-04 00:00:00+07:00,2053.4836917775665,2092.973762773289,2053.4836917775665,2077.177734375,82874000,0.0,0.0
2016-02-05 00:00:00+07:00,2069.279847896299,2144.3109874192564,2069.279847896299,2120.616943359375,265133500,0.0,0.0
2016-02-09 00:00:00+07:00,2116.6681009163535,2120.617108567317,2085.0760397086465,2100.8720703125,54516500,0.0,0.0
2016-02-10 00:00:00+07:00,2092.9738443090864,2116.6678878295666,2092.9738443090864,2096.9228515625,69001500,0.0,0.0
2016-02-11 00:00:00+07:00,2085.0754915730336,2140.3615841526216,2085.0754915730336,2108.76953125,159586000,0.0,0.0
2016-02-12 00:00:00+07:00,2112.7188805761534,2140.361931350047,2092.9738443090864,2096.9228515625,121062500,0.0,0.0
2016-02-15 00:00:00+07:00,2116.667544475655,2124.565557701311,2104.820524637172,2108.76953125,64452500,0.0,0.0
2016-02-16 00:00:00+07:00,2104.820946536847,2136.4130057719217,2104.820946536847,2116.66796875,100538500,0.0,0.0
2016-02-17 00:00:00+07:00,2116.66796875,2128.5149909631527,2108.769953941231,2116.66796875,76406500,0.0,0.0
2016-02-18 00:00:00+07:00,2132.4639983675374,2144.31102058069,2116.66796875,2116.66796875,146528500,0.0,0.0
2016-02-19 00:00:00+07:00,2100.8719094228927,2100.8719094228927,2041.6367991948036,2061.3818359375,147712000,0.0,0.0
2016-02-22 00:00:00+07:00,2057.4329081178844,2092.973975628558,2053.483900616698,2081.126953125,55658000,0.0,0.0
2016-02-23 00:00:00+07:00,2085.0758140505723,2096.922835721314,2057.432763485508,2069.27978515625,92492000,0.0,0.0
2016-02-24 00:00:00+07:00,2057.43310546875,2077.178144868642,2033.7390581888794,2057.43310546875,84799500,0.0,0.0
2016-02-25 00:00:00+07:00,2069.2798178328153,2085.0758469765774,2057.432795974994,2065.330810546875,74008000,0.0,0.0
2016-02-26 00:00:00+07:00,2077.1774783473784,2132.463570926966,2077.1774783473784,2108.76953125,141175000,0.0,0.0
2016-02-29 00:00:00+07:00,2132.4636552064007,2136.4126619753015,2112.718621361897,2128.5146484375,138837000,0.0,0.0
2016-03-01 00:00:00+07:00,2128.5149909631527,2140.362013176306,2108.769953941231,2116.66796875,79590500,0.0,0.0
2016-03-02 00:00:00+07:00,2136.4126943141555,2140.3617011428323,2104.820639684741,2124.565673828125,126069500,0.0,0.0
2016-03-03 00:00:00+07:00,2120.61729806276,2140.3623380819663,2120.61729806276,2136.413330078125,115057500,0.0,0.0
2016-03-04 00:00:00+07:00,2148.2597979972375,2164.0558259236877,2136.4127770523996,2144.310791015625,102347000,0.0,0.0
2016-03-07 00:00:00+07:00,2148.2597979972375,2156.157811960463,2132.463770070787,2144.310791015625,105623000,0.0,0.0
2016-03-08 00:00:00+07:00,2132.4639983675374,2144.31102058069,2085.075909514925,2116.66796875,110122000,0.0,0.0
2016-03-10 00:00:00+07:00,2104.820946536847,2124.5659835587685,2077.1778947061566,2116.66796875,109073500,0.0,0.0
2016-03-11 00:00:00+07:00,2116.66796875,2116.66796875,2116.66796875,2116.66796875,0,0.0,0.0
2016-03-14 00:00:00+07:00,2116.66796875,2116.66796875,2116.66796875,2116.66796875,0,0.0,0.0
2016-03-15 00:00:00+07:00,2144.310791015625,2148.2597979972375,2132.463770070787,2144.310791015625,70072000,0.0,0.0
2016-03-16 00:00:00+07:00,2148.260009765625,2152.2090171365176,2136.412987652947,2148.260009765625,72058000,0.0,0.0
2016-03-17 00:00:00+07:00,2160.1068686674635,2187.749918175091,2152.208854522427,2168.0048828125,125371000,0.0,0.0
2016-03-18 00:00:00+07:00,2156.1581371892107,2199.5972205391768,2140.3621068801326,2164.05615234375,120955000,0.0,0.0
2016-03-21 00:00:00+07:00,2164.0558111671958,2195.6478668046734,2156.1577972578266,2175.90283203125,46224000,0.0,0.0
2016-03-22 00:00:00+07:00,2171.9537420587226,2171.9537420587226,2144.3106944325204,2156.15771484375,47434000,0.0,0.0
2016-03-23 00:00:00+07:00,2156.1576633029513,2156.1576633029513,2120.6166029188366,2132.463623046875,52128000,0.0,0.0
2016-03-24 00:00:00+07:00,2116.6675766592402,2124.5655900049837,2092.9735366220098,2104.820556640625,73214500,0.0,0.0
2016-03-28 00:00:00+07:00,2104.8209981321156,2104.8209981321156,2061.3819156190702,2081.126953125,59829500,0.0,0.0
2016-03-29 00:00:00+07:00,2081.1268396906366,2089.0248542625177,2065.330810546875,2065.330810546875,88822500,0.0,0.0
2016-03-30 00:00:00+07:00,2073.228759765625,2124.565852864583,2073.228759765625,2073.228759765625,137086000,0.0,0.0
2016-03-31 00:00:00+07:00,2096.9230626615367,2104.8210779634633,2081.127032057683,2100.8720703125,107951000,0.0,0.0
2016-04-01 00:00:00+07:00,2100.8720703125,2104.8210779634633,2085.0760397086465,2100.8720703125,73802500,0.0,0.0
2016-04-04 00:00:00+07:00,2120.616583332112,2120.616583332112,2100.8715499677533,2104.820556640625,49630500,0.0,0.0
2016-04-05 00:00:00+07:00,2104.820556640625,2124.5655900049837,2100.8715499677533,2104.820556640625,83700500,0.0,0.0
2016-04-06 00:00:00+07:00,2100.8719094228927,2120.616946165589,2061.3818359375,2061.3818359375,89264000,0.0,0.0
2016-04-07 00:00:00+07:00,2085.0758140505723,2092.973828497734,2069.27978515625,2069.27978515625,101318500,0.0,0.0
2016-04-08 00:00:00+07:00,2069.2798178328153,2085.0758469765774,2065.330810546875,2065.330810546875,70473500,0.0,0.0
2016-04-11 00:00:00+07:00,2065.330810546875,2065.330810546875,2065.330810546875,2065.330810546875,0,0.0,0.0
2016-04-12 00:00:00+07:00,2053.4838212404215,2073.228857983118,2049.534813891882,2061.3818359375,56727000,0.0,0.0
2016-04-13 00:00:00+07:00,2061.3818359375,2061.3818359375,2061.3818359375,2061.3818359375,0,0.0,0.0
2016-04-14 00:00:00+07:00,2061.3818359375,2061.3818359375,2061.3818359375,2061.3818359375,0,0.0,0.0
2016-04-15 00:00:00+07:00,2078.102294921875,2078.102294921875,2078.102294921875,2078.102294921875,0,21.0,0.0
2016-04-18 00:00:00+07:00,2078.102294921875,2078.102294921875,2078.102294921875,2078.102294921875,0,0.0,0.0
2016-04-19 00:00:00+07:00,2078.102294921875,2078.102294921875,2078.102294921875,2078.102294921875,0,0.0,0.0
2016-04-20 00:00:00+07:00,2074.121336026956,2094.0265311903627,2070.1402969942746,2086.064453125,69313000,0.0,0.0
2016-04-21 00:00:00+07:00,2086.064453125,2090.045492157681,2070.1402969942746,2086.064453125,62586000,0.0,0.0
2016-04-22 00:00:00+07:00,2086.064127604167,2094.0262044270835,2078.10205078125,2090.045166015625,39264000,0.0,0.0
2016-04-25 00:00:00+07:00,2086.064453125,2090.045492157681,2058.197179896231,2086.064453125,62079000,0.0,0.0
2016-04-26 00:00:00+07:00,2078.1016407381153,2078.1016407381153,2034.3102268528296,2062.177490234375,129737500,0.0,0.0
2016-04-27 00:00:00+07:00,2062.1781394052323,2078.102294921875,2058.1971005260716,2078.102294921875,64185500,0.0,0.0
2016-04-28 00:00:00+07:00,2090.0454940356585,2098.0075721081753,2070.140298854367,2074.121337890625,68854000,0.0,0.0
2016-04-29 00:00:00+07:00,2074.1212560427143,2090.045411559357,2070.1402171635536,2078.102294921875,61001500,0.0,0.0
2016-05-02 00:00:00+07:00,2086.064453125,2090.045492157681,2066.1592579615935,2086.064453125,26048000,0.0,0.0
2016-05-03 00:00:00+07:00,2090.045411559357,2098.0074893176784,2074.1212560427143,2078.102294921875,82224500,0.0,0.0
2016-05-04 00:00:00+07:00,2078.1023750596373,2086.064453125,2074.121336026956,2086.064453125,75545000,0.0,0.0
2016-05-09 00:00:00+07:00,2086.064127604167,2101.98828125,2078.10205078125,2090.045166015625,91446000,0.0,0.0
2016-05-10 00:00:00+07:00,2078.1021313893502,2117.91251704815,2078.1021313893502,2098.00732421875,158328000,0.0,0.0
2016-05-11 00:00:00+07:00,2094.0263671875,2117.9125995128325,2086.0642897457224,2094.0263671875,91480000,0.0,0.0
2016-05-12 00:00:00+07:00,2086.0642897457224,2101.9884446292776,2086.0642897457224,2094.0263671875,43259500,0.0,0.0
2016-05-13 00:00:00+07:00,2070.140134862167,2101.9884446292776,2070.140134862167,2094.0263671875,75686000,0.0,0.0
2016-05-16 00:00:00+07:00,2086.0644549994004,2086.0644549994004,2062.17822078185,2074.121337890625,84077000,0.0,0.0
2016-05-17 00:00:00+07:00,2074.120930833083,2078.1019690880407,2054.215739558293,2070.139892578125,64829000,0.0,0.0
2016-05-18 00:00:00+07:00,2054.2161427093333,2078.1023769268836,2054.2161427093333,2074.121337890625,66771000,0.0,0.0
2016-05-19 00:00:00+07:00,2070.1394847362717,2074.1205222069184,2062.1774097949783,2066.158447265625,105881500,0.0,0.0
2016-05-20 00:00:00+07:00,2062.17822078185,2074.121337890625,2062.17822078185,2074.121337890625,68004000,0.0,0.0
2016-05-23 00:00:00+07:00,2070.1402969942746,2086.064453125,2058.197179896231,2086.064453125,31748500,0.0,0.0
2016-05-24 00:00:00+07:00,2078.101559677565,2082.082597148212,2066.158447265625,2066.158447265625,69157000,0.0,0.0
2016-05-25 00:00:00+07:00,2070.139892578125,2074.120930833083,2050.2347013033354,2070.139892578125,84150500,0.0,0.0
2016-05-26 00:00:00+07:00,2082.0834159631418,2082.0834159631418,2054.2161427093333,2074.121337890625,42055000,0.0,0.0
2016-05-27 00:00:00+07:00,2070.139892578125,2074.120930833083,2054.215739558293,2070.139892578125,80811500,0.0,0.0
2016-05-30 00:00:00+07:00,2074.1207714658794,2117.9121889056582,2066.158695567738,2101.988037109375,99330000,0.0,0.0
2016-05-31 00:00:00+07:00,2117.9123516376203,2117.9123516376203,2070.139892578125,2070.139892578125,160724000,0.0,0.0
2016-06-01 00:00:00+07:00,2086.0642085211102,2098.00732421875,2078.1021313893502,2098.00732421875,82418000,0.0,0.0
2016-06-02 00:00:00+07:00,2086.0642897457224,2101.9884446292776,2082.0832510248338,2094.0263671875,88747000,0.0,0.0
2016-06-03 00:00:00+07:00,2078.10205078125,2094.0262044270835,2074.121012369792,2090.045166015625,53839500,0.0,0.0
2016-06-06 00:00:00+07:00,2090.045166015625,2101.98828125,2082.0830891927085,2090.045166015625,105900000,0.0,0.0
2016-06-07 00:00:00+07:00,2094.0265311903627,2094.0265311903627,2082.083414092319,2086.064453125,87665500,0.0,0.0
2016-06-08 00:00:00+07:00,2082.083414092319,2090.045492157681,2070.1402969942746,2086.064453125,89579500,0.0,0.0
2016-06-09 00:00:00+07:00,2074.120930833083,2078.1019690880407,2062.1778160682093,2070.139892578125,67474500,0.0,0.0
2016-06-10 00:00:00+07:00,2066.15885385185,2070.1398921058994,2054.2157390897005,2058.19677734375,77928000,0.0,0.0
2016-06-13 00:00:00+07:00,2046.2540299925088,2062.178185867937,2030.3298741170806,2034.3109130859375,75798500,0.0,0.0
2016-06-14 00:00:00+07:00,2022.3674325905884,2046.2536621093748,2018.3863943374572,2046.253662109375,78620500,0.0,0.0
2016-06-15 00:00:00+07:00,2046.2536625816008,2062.1778155978,2038.291586073501,2058.19677734375,35512500,0.0,0.0
2016-06-16 00:00:00+07:00,2062.1778160682093,2074.120930833083,2058.196777813251,2070.139892578125,49661000,0.0,0.0
2016-06-17 00:00:00+07:00,2070.1402199915215,2074.1212588761205,2046.253986683927,2054.216064453125,60702000,0.0,0.0
2016-06-20 00:00:00+07:00,2054.216188665022,2062.178266915662,2026.3489147877833,2042.2730712890625,46267000,0.0,0.0
2016-06-21 00:00:00+07:00,2042.2730712890627,2054.216188665022,2026.3489147877833,2042.2730712890625,89712000,0.0,0.0
2016-06-22 00:00:00+07:00,2042.2729477993278,2082.0833366453185,2042.2729477993278,2054.216064453125,60166000,0.0,0.0
2016-06-23 00:00:00+07:00,2054.215414982505,2074.1206031121806,2046.2533397306347,2062.177490234375,30252000,0.0,0.0
2016-06-24 00:00:00+07:00,2050.235068961366,2062.178185867937,2010.4246792727954,2034.3109130859375,86883500,0.0,0.0
2016-06-27 00:00:00+07:00,2014.4057579040527,2042.2730312347412,2014.4057579040527,2038.2919921875,44316000,0.0,0.0
2016-06-28 00:00:00+07:00,2042.273025600558,2090.0454940356585,2042.273025600558,2074.121337890625,121856000,0.0,0.0
2016-06-29 00:00:00+07:00,2094.0263653518564,2117.91259765625,2094.0263653518564,2117.91259765625,200147000,0.0,0.0
2016-06-30 00:00:00+07:00,2133.8369158947,2141.798993939083,2113.9317207837416,2121.893798828125,186770500,0.0,0.0
2016-07-01 00:00:00+07:00,2129.8557147366787,2145.779869613215,2101.988443702741,2105.969482421875,126695500,0.0,0.0
2016-07-11 00:00:00+07:00,2125.8747531467016,2165.6851417824073,2109.950597692419,2149.760986328125,197073000,0.0,0.0
2016-07-12 00:00:00+07:00,2165.6850568181817,2209.4764825994316,2157.7229794034088,2189.5712890625,190642000,0.0,0.0
2016-07-13 00:00:00+07:00,2197.533203125,2201.5142415364585,2189.5711263020835,2197.533203125,138530500,0.0,0.0
2016-07-14 00:00:00+07:00,2213.457193422834,2221.4192696581677,2201.514079069833,2205.4951171875,148394000,0.0,0.0
2016-07-15 00:00:00+07:00,2201.5148040771483,2233.363119506836,2201.5148040771483,2229.382080078125,195893000,0.0,0.0
2016-07-18 00:00:00+07:00,2213.4578433019715,2229.3820004480285,2201.5147254424282,2221.419921875,116023000,0.0,0.0
2016-07-19 00:00:00+07:00,2229.381590089598,2281.135091288106,2229.381590089598,2277.154052734375,195665500,0.0,0.0
2016-07-20 00:00:00+07:00,2285.1163714451773,2305.021566318393,2281.135332470534,2301.04052734375,142149000,0.0,0.0
2016-07-21 00:00:00+07:00,2312.9830733361523,2336.8693012879885,2309.0020353441796,2316.964111328125,202871500,0.0,0.0
2016-07-22 00:00:00+07:00,2309.0021161655554,2324.926268690835,2269.191734852356,2312.983154296875,111507000,0.0,0.0
2016-07-25 00:00:00+07:00,2312.9832355367726,2320.945312079068,2289.097005909887,2309.002197265625,111434500,0.0,0.0
2016-07-26 00:00:00+07:00,2312.9834818025915,2312.9834818025915,2261.2299787674215,2285.1162109375,138118000,0.0,0.0
2016-07-27 00:00:00+07:00,2297.0589213682615,2332.888263296016,2293.077883376289,2316.964111328125,208198500,0.0,0.0
2016-07-28 00:00:00+07:00,2309.0021968425044,2309.0021968425044,2277.1538906791593,2297.05908203125,94670000,0.0,0.0
2016-07-29 00:00:00+07:00,2309.0026052930366,2328.9078001662524,2301.04052734375,2301.04052734375,115674000,0.0,0.0
2016-08-01 00:00:00+07:00,2289.0974798122375,2384.6424181000525,2289.0974798122375,2368.71826171875,221091000,0.0,0.0
2016-08-02 00:00:00+07:00,2368.7178548177085,2388.623046875,2360.755777994792,2388.623046875,158875000,0.0,0.0
2016-08-03 00:00:00+07:00,2388.6231283910683,2396.5852054857055,2376.680012749113,2384.64208984375,115363500,0.0,0.0
2016-08-04 00:00:00+07:00,2388.623046875,2400.566162109375,2384.642008463542,2388.623046875,131859500,0.0,0.0
2016-08-05 00:00:00+07:00,2396.585042587179,2428.4333488009624,2388.6229660337335,2404.547119140625,175943500,0.0,0.0
2016-08-08 00:00:00+07:00,2412.509195694071,2436.395425354408,2384.6419277570108,2404.547119140625,79174000,0.0,0.0
2016-08-09 00:00:00+07:00,2404.5472005208335,2404.5472005208335,2380.6609700520835,2388.623046875,96702000,0.0,0.0
2016-08-10 00:00:00+07:00,2388.622965222617,2388.622965222617,2364.736735570391,2380.660888671875,64883500,0.0,0.0
2016-08-11 00:00:00+07:00,2404.547118324101,2404.547118324101,2372.698812121133,2380.660888671875,107876500,0.0,0.0
2016-08-12 00:00:00+07:00,2392.6040852864585,2424.452392578125,2380.6609700520835,2388.623046875,131484500,0.0,0.0
2016-08-15 00:00:00+07:00,2412.509113501869,2424.452227925145,2388.6228846553154,2396.5849609375,104034500,0.0,0.0
2016-08-16 00:00:00+07:00,2420.4714359504133,2420.4714359504133,2404.547281766529,2408.5283203125,60200500,0.0,0.0
2016-08-18 00:00:00+07:00,2408.528562846937,2436.395835474918,2408.528562846937,2420.4716796875,186254500,0.0,0.0
2016-08-19 00:00:00+07:00,2452.3191699857025,2460.2812452129288,2428.4329443040237,2436.39501953125,169403500,0.0,0.0
2016-08-22 00:00:00+07:00,2452.3191699857025,2452.3191699857025,2432.413981917637,2436.39501953125,110468500,0.0,0.0
2016-08-23 00:00:00+07:00,2468.2438976831017,2468.2438976831017,2404.547280968699,2432.41455078125,76704500,0.0,0.0
2016-08-24 00:00:00+07:00,2436.39501953125,2444.3570947584763,2432.413981917637,2436.39501953125,111416000,0.0,0.0
2016-08-25 00:00:00+07:00,2444.3577484631146,2444.3577484631146,2384.6421682889345,2428.43359375,71705000,0.0,0.0
2016-08-26 00:00:00+07:00,2428.433757581209,2428.433757581209,2412.5096017937913,2420.4716796875,48785500,0.0,0.0
2016-08-29 00:00:00+07:00,2424.4525575050698,2424.4525575050698,2380.661132000052,2392.604248046875,40904000,0.0,0.0
2016-08-30 00:00:00+07:00,2392.6040852864585,2392.6040852864585,2380.6609700520835,2388.623046875,70749500,0.0,0.0
2016-08-31 00:00:00+07:00,2364.7366558087624,2416.490151642961,2364.7366558087624,2396.5849609375,169155000,0.0,0.0
2016-09-01 00:00:00+07:00,2364.73681640625,2400.566162109375,2364.73681640625,2388.623046875,56229500,0.0,0.0
2016-09-02 00:00:00+07:00,2396.585123697917,2436.3955078125,2384.642008463542,2388.623046875,63478000,0.0,0.0
2016-09-05 00:00:00+07:00,2432.414469401042,2432.414469401042,2384.642008463542,2388.623046875,74444000,0.0,0.0
2016-09-06 00:00:00+07:00,2396.585286729149,2404.547364093698,2380.661132000052,2392.604248046875,70876500,0.0,0.0
2016-09-07 00:00:00+07:00,2436.395835474918,2436.395835474918,2404.5475239000825,2420.4716796875,137103000,0.0,0.0
2016-09-08 00:00:00+07:00,2436.3956719136117,2436.3956719136117,2412.5094398360275,2416.490478515625,88467500,0.0,0.0
2016-09-09 00:00:00+07:00,2416.490151642961,2416.490151642961,2384.6418465142233,2396.5849609375,86764000,0.0,0.0
2016-09-13 00:00:00+07:00,2396.585286729149,2404.547364093698,2364.7369772709544,2392.604248046875,108835000,0.0,0.0
2016-09-14 00:00:00+07:00,2380.6610512964317,2388.6231283910683,2356.7748200125206,2384.64208984375,92904000,0.0,0.0
2016-09-15 00:00:00+07:00,2420.4712722475165,2436.395425354408,2384.6419277570108,2404.547119140625,159713000,0.0,0.0
2016-09-16 00:00:00+07:00,2404.547119140625,2424.4523105242397,2388.6229660337335,2404.547119140625,151477000,0.0,0.0
2016-09-19 00:00:00+07:00,2428.43359375,2432.4146324282788,2404.547361680328,2428.43359375,70684000,0.0,0.0
2016-09-20 00:00:00+07:00,2420.4712722475165,2432.414387077685,2404.547119140625,2404.547119140625,74726500,0.0,0.0
2016-09-21 00:00:00+07:00,2404.547362476833,2424.4525558748196,2400.5663237972353,2416.490478515625,93367000,0.0,0.0
2016-09-22 00:00:00+07:00,2444.357177734375,2484.1675552219053,2440.3761399856216,2444.357177734375,112772500,0.0,0.0
2016-09-23 00:00:00+07:00,2464.26318359375,2484.168378937803,2448.3390273185078,2464.26318359375,111259000,0.0,0.0
2016-09-26 00:00:00+07:00,2464.26236647814,2464.26236647814,2428.4330267393625,2444.357177734375,56087500,0.0,0.0
2016-09-27 00:00:00+07:00,2404.547354125976,2547.86474609375,2388.6231994628906,2547.86474609375,121486000,0.0,0.0
2016-09-28 00:00:00+07:00,2480.1870125101295,2496.1111666835495,2452.3197427066452,2456.30078125,104262000,0.0,0.0
2016-09-29 00:00:00+07:00,2468.2434140252385,2531.940018258148,2468.2434140252385,2504.07275390625,131983000,0.0,0.0
2016-09-30 00:00:00+07:00,2543.883462116217,2547.864500398089,2468.2437347606487,2500.092041015625,146694500,0.0,0.0
2016-10-03 00:00:00+07:00,2539.902750268975,2579.7131382042253,2539.902750268975,2543.8837890625,78715000,0.0,0.0
2016-10-04 00:00:00+07:00,2579.713221248041,2579.713221248041,2531.940754187892,2539.90283203125,81285000,0.0,0.0
2016-10-05 00:00:00+07:00,2508.054280341426,2547.8646657436707,2508.054280341426,2516.016357421875,63367500,0.0,0.0
2016-10-06 00:00:00+07:00,2547.864500792393,2555.8265773573694,2508.054117967512,2512.03515625,58324500,0.0,0.0
2016-10-07 00:00:00+07:00,2547.8646657436707,2547.8646657436707,2508.054280341426,2516.016357421875,46006500,0.0,0.0
2016-10-10 00:00:00+07:00,2500.092041015625,2535.921385552473,2492.129964451881,2500.092041015625,24959000,0.0,0.0
2016-10-11 00:00:00+07:00,2535.9215501229974,2535.9215501229974,2504.0732418012017,2516.016357421875,72176500,0.0,0.0
2016-10-12 00:00:00+07:00,2516.0160287710337,2523.9781048114487,2448.3383824275093,2484.167724609375,78936000,0.0,0.0
2016-10-13 00:00:00+07:00,2484.16796875,2496.111083984375,2444.357584635417,2460.28173828125,57745000,0.0,0.0
2016-10-14 00:00:00+07:00,2464.2628563989565,2555.8267428241197,2448.338702238059,2516.016357421875,107271500,0.0,0.0
2016-10-17 00:00:00+07:00,2516.016276041667,2535.9214680989585,2516.016276041667,2531.9404296875,114630500,0.0,0.0
2016-10-18 00:00:00+07:00,2547.8645833333335,2559.8076985677085,2539.902506510417,2555.82666015625,160526000,0.0,0.0
2016-10-19 00:00:00+07:00,2543.8837890625,2571.7510606171754,2519.99755630135,2543.8837890625,43748000,0.0,0.0
2016-10-20 00:00:00+07:00,2523.9783528645835,2539.902506510417,2508.05419921875,2508.05419921875,38996000,0.0,0.0
2016-10-21 00:00:00+07:00,2523.978434502324,2523.978434502324,2512.0353188816507,2516.016357421875,52681000,0.0,0.0
2016-10-24 00:00:00+07:00,2527.959144020385,2527.959144020385,2476.2056497333533,2496.11083984375,64539500,0.0,0.0
2016-10-25 00:00:00+07:00,2488.148843088458,2500.0919575352823,2464.2626141948085,2468.24365234375,105666000,0.0,0.0
2016-10-26 00:00:00+07:00,2484.1678049395164,2484.1678049395164,2464.2626141948085,2468.24365234375,61653500,0.0,0.0
2016-10-27 00:00:00+07:00,2468.243815104167,2480.186930338542,2464.2627766927085,2472.224853515625,79667000,0.0,0.0
2016-10-28 00:00:00+07:00,2472.2246105487534,2484.167724609375,2456.300458467924,2484.167724609375,72105000,0.0,0.0
2016-10-31 00:00:00+07:00,2468.243815104167,2484.16796875,2456.300699869792,2472.224853515625,65543500,0.0,0.0
2016-11-01 00:00:00+07:00,2468.243815104167,2492.130045572917,2460.28173828125,2460.28173828125,77657500,0.0,0.0
2016-11-02 00:00:00+07:00,2460.2821445249397,2472.225261731371,2440.3769491808866,2464.26318359375,101446000,0.0,0.0
2016-11-03 00:00:00+07:00,2468.2438968800648,2468.2438968800648,2436.3955885332252,2456.30078125,68455000,0.0,0.0
2016-11-04 00:00:00+07:00,2444.357423450101,2468.24365234375,2436.3953471522177,2468.24365234375,62182500,0.0,0.0
2016-11-07 00:00:00+07:00,2428.433592164671,2472.225017597149,2404.5473601105923,2452.31982421875,110497000,0.0,0.0
2016-11-08 00:00:00+07:00,2452.319499747984,2484.1678049395164,2452.319499747984,2468.24365234375,106514500,0.0,0.0
2016-11-09 00:00:00+07:00,2468.2433204401555,2480.1864332809946,2428.4329443040237,2436.39501953125,126875000,0.0,0.0
2016-11-10 00:00:00+07:00,2436.3955078125,2456.300699869792,2424.452392578125,2424.452392578125,69882500,0.0,0.0
2016-11-11 00:00:00+07:00,2388.6228805100086,2388.6228805100086,2309.0021178263414,2336.869384765625,222566500,0.0,0.0
2016-11-14 00:00:00+07:00,2293.0784510869566,2293.0784510869566,2221.4197494904893,2289.097412109375,156689000,0.0,0.0
2016-11-15 00:00:00+07:00,2277.153731408398,2368.7176052237705,2245.305427472616,2316.964111328125,135474500,0.0,0.0
2016-11-16 00:00:00+07:00,2320.9450716753768,2376.679601698456,2320.9450716753768,2344.831298828125,129035500,0.0,0.0
2016-11-17 00:00:00+07:00,2348.812255859375,2364.736406746557,2340.8501804157836,2348.812255859375,120499000,0.0,0.0
2016-11-18 00:00:00+07:00,2340.8502609693337,2348.8123366869163,2328.9071473929594,2344.831298828125,80701500,0.0,0.0
2016-11-21 00:00:00+07:00,2340.8502609693337,2352.7933745457076,2328.9071473929594,2344.831298828125,87375000,0.0,0.0
2016-11-22 00:00:00+07:00,2309.0021980988695,2344.8315425521278,2309.0021980988695,2332.888427734375,129317000,0.0,0.0
2016-11-23 00:00:00+07:00,2332.8885091145835,2348.812662760417,2328.907470703125,2340.8505859375,51143500,0.0,0.0
2016-11-24 00:00:00+07:00,2309.0020353441796,2340.850339279961,2293.077883376289,2316.964111328125,83313000,0.0,0.0
2016-11-25 00:00:00+07:00,2309.0021161655554,2316.964192428195,2301.0400399029154,2312.983154296875,71262500,0.0,0.0
2016-11-28 00:00:00+07:00,2301.0405290421195,2312.9836459748644,2281.135334154212,2289.097412109375,75786000,0.0,0.0
2016-11-29 00:00:00+07:00,2281.135172242487,2297.059327022539,2249.2868626823824,2285.1162109375,101969000,0.0,0.0
2016-11-30 00:00:00+07:00,2285.116129841838,2293.0782069493007,2273.1730141806433,2277.154052734375,163078500,0.0,0.0
2016-12-01 00:00:00+07:00,2288.3553811961206,2332.362215449892,2284.354759900323,2320.3603515625,107127500,14.0,0.0
2016-12-02 00:00:00+07:00,2344.364124720507,2420.375930812127,2332.362260600777,2348.36474609375,137411500,0.0,0.0
2016-12-05 00:00:00+07:00,2348.36512397011,2372.368856072019,2320.360769851216,2344.364501953125,64879000,0.0,0.0
2016-12-06 00:00:00+07:00,2352.365367466993,2360.3666102134794,2336.36288197402,2348.36474609375,59009500,0.0,0.0
2016-12-07 00:00:00+07:00,2352.3657459870947,2356.3663680040795,2336.3632579191553,2344.364501953125,69524500,0.0,0.0
2016-12-08 00:00:00+07:00,2320.360506018814,2380.3698294503347,2320.360506018814,2352.365478515625,121795500,0.0,0.0
2016-12-09 00:00:00+07:00,2368.3679647640306,2368.3679647640306,2344.364235391422,2352.365478515625,86596000,0.0,0.0
2016-12-13 00:00:00+07:00,2348.3648569535235,2364.367343201929,2320.360506018814,2352.365478515625,121360000,0.0,0.0
2016-12-14 00:00:00+07:00,2352.3654561705507,2400.372914459746,2352.3654561705507,2360.36669921875,128356000,0.0,0.0
2016-12-15 00:00:00+07:00,2356.3664315315673,2372.3689200309327,2352.365809406726,2364.36767578125,125417000,0.0,0.0
2016-12-16 00:00:00+07:00,2352.365433976457,2400.3728918127113,2344.364191003748,2368.367919921875,105628500,0.0,0.0
2016-12-19 00:00:00+07:00,2320.360374774512,2372.368452140148,2320.360374774512,2356.365966796875,53658000,0.0,0.0
2016-12-20 00:00:00+07:00,2328.3620766576773,2368.3682979060914,2328.3620766576773,2364.36767578125,37145000,0.0,0.0
2016-12-21 00:00:00+07:00,2368.367852959966,2368.367852959966,2340.3635033472638,2348.36474609375,97165000,0.0,0.0
2016-12-22 00:00:00+07:00,2320.360816352556,2332.3626826440345,2304.3583279639174,2328.362060546875,75773000,0.0,0.0
2016-12-23 00:00:00+07:00,2304.3581314878893,2336.363105536332,2284.3550227076125,2312.359375,73656500,0.0,0.0
2016-12-27 00:00:00+07:00,2288.3554901947846,2376.369162894584,2260.351139790303,2368.367919921875,41749000,0.0,0.0
2016-12-28 00:00:00+07:00,2384.370316147602,2404.3734228266926,2356.365966796875,2356.365966796875,70098000,0.0,0.0
2016-12-29 00:00:00+07:00,2368.368154519544,2468.3837015854033,2356.366288871641,2456.3818359375,122316500,0.0,0.0
2016-12-30 00:00:00+07:00,2456.381767420615,2488.3867415889617,2452.3811456495714,2480.385498046875,235500500,0.0,0.0
2017-01-02 00:00:00+07:00,2480.385498046875,2480.385498046875,2480.385498046875,2480.385498046875,0,0.0,0.0
2017-01-03 00:00:00+07:00,2480.385494564679,2524.392333984375,2436.378655144983,2524.392333984375,46748000,0.0,0.0
2017-01-04 00:00:00+07:00,2536.3941106128086,2540.3947322383806,2504.3891376082306,2512.390380859375,85216500,0.0,0.0
2017-01-05 00:00:00+07:00,2512.3905144163673,2524.3923799310955,2500.3886489016395,2508.389892578125,97909000,0.0,0.0
2017-01-06 00:00:00+07:00,2472.384451059195,2512.39067195012,2472.384451059195,2496.38818359375,36603000,0.0,0.0
2017-01-09 00:00:00+07:00,2488.386810998575,2496.3880547638437,2424.376860876425,2456.3818359375,88087500,0.0,0.0
2017-01-10 00:00:00+07:00,2472.3843003310167,2480.3855440214084,2452.3811911050375,2464.383056640625,52004500,0.0,0.0
2017-01-11 00:00:00+07:00,2488.386338177849,2492.3869593003215,2448.380126953125,2448.380126953125,43772500,0.0,0.0
2017-01-12 00:00:00+07:00,2448.380481813316,2472.3842120271715,2444.379860111006,2452.381103515625,30781000,0.0,0.0
2017-01-13 00:00:00+07:00,2432.3782605360066,2492.387592621599,2432.3782605360066,2444.380126953125,69512500,0.0,0.0
2017-01-16 00:00:00+07:00,2432.378552306425,2440.379797544275,2400.3735713550245,2428.3779296875,62039500,0.0,0.0
2017-01-17 00:00:00+07:00,2428.3779296875,2440.379797544275,2424.3773070685747,2428.3779296875,22368500,0.0,0.0
2017-01-18 00:00:00+07:00,2444.3795058306528,2448.380126953125,2424.37640021829,2448.380126953125,93410500,0.0,0.0
2017-01-19 00:00:00+07:00,2456.3821900406506,2464.38343495935,2440.379700203252,2460.3828125,34360500,0.0,0.0
2017-01-20 00:00:00+07:00,2440.37939453125,2444.380016489498,2408.3744188652663,2440.37939453125,44242500,0.0,0.0
2017-01-23 00:00:00+07:00,2432.3777512458473,2448.380236451412,2408.3740234375,2408.3740234375,21962000,0.0,0.0
2017-01-24 00:00:00+07:00,2432.3777512458473,2440.3789938486298,2408.3740234375,2408.3740234375,36251000,0.0,0.0
2017-01-25 00:00:00+07:00,2444.3799093495245,2444.3799093495245,2392.371826171875,2392.371826171875,33161500,0.0,0.0
2017-01-26 00:00:00+07:00,2400.372673483456,2468.383232565487,2400.372673483456,2448.380126953125,53606000,0.0,0.0
2017-01-27 00:00:00+07:00,2424.3768381886666,2488.3867877118,2424.3768381886666,2464.383056640625,37555500,0.0,0.0
2017-01-30 00:00:00+07:00,2492.387632499621,2492.387632499621,2452.381410469129,2472.384521484375,33673000,0.0,0.0
2017-01-31 00:00:00+07:00,2448.380126953125,2488.386338177849,2440.37888470818,2448.380126953125,36946500,0.0,0.0
2017-02-01 00:00:00+07:00,2480.385900463432,2480.385900463432,2468.384033203125,2468.384033203125,43359000,0.0,0.0
2017-02-02 00:00:00+07:00,2452.381410469129,2476.3851436874243,2444.380166063031,2472.384521484375,61584000,0.0,0.0
2017-02-03 00:00:00+07:00,2472.3846315251412,2480.3858762873583,2468.3840091440325,2476.38525390625,44754000,0.0,0.0
2017-02-06 00:00:00+07:00,2492.3875615046577,2508.390049861028,2480.38569523738,2496.38818359375,63275000,0.0,0.0
2017-02-07 00:00:00+07:00,2468.383696875,2500.388671875,2468.383696875,2500.388671875,47873500,0.0,0.0
2017-02-08 00:00:00+07:00,2500.3888056828428,2504.389427771935,2484.386317326472,2496.38818359375,73968000,0.0,0.0
2017-02-09 00:00:00+07:00,2496.38805,2504.38929375,2496.38805,2500.388671875,134806500,0.0,0.0
2017-02-10 00:00:00+07:00,2500.3883361816406,2512.3902001953124,2400.372802734375,2400.372802734375,82921000,0.0,0.0
2017-02-13 00:00:00+07:00,2480.385608519525,2504.389340214875,2456.3818768241745,2484.38623046875,98775500,0.0,0.0
2017-02-14 00:00:00+07:00,2472.3842545047883,2488.3867415889617,2460.382389191658,2480.385498046875,68492000,0.0,0.0
2017-02-15 00:00:00+07:00,2480.385498046875,2480.385498046875,2480.385498046875,2480.385498046875,0,0.0,0.0
2017-02-16 00:00:00+07:00,2496.3879851310485,2496.3879851310485,2460.382389191658,2480.385498046875,109934500,0.0,0.0
2017-02-17 00:00:00+07:00,2472.3846315251412,2492.3877434306846,2456.3821420007066,2476.38525390625,54111500,0.0,0.0
2017-02-20 00:00:00+07:00,2496.38825470267,2496.38825470267,2464.383277078277,2472.384521484375,49225000,0.0,0.0
2017-02-21 00:00:00+07:00,2464.3830109627015,2484.3861198179184,2464.3830109627015,2480.385498046875,47016500,0.0,0.0
2017-02-22 00:00:00+07:00,2464.3830109627015,2492.387363360005,2464.3830109627015,2480.385498046875,47767500,0.0,0.0
2017-02-23 00:00:00+07:00,2464.3830109627015,2492.387363360005,2464.3830109627015,2480.385498046875,81655500,0.0,0.0
2017-02-24 00:00:00+07:00,2484.3861198179184,2496.3879851310485,2480.385498046875,2480.385498046875,33280500,0.0,0.0
2017-02-27 00:00:00+07:00,2480.385498046875,2484.3861198179184,2464.3830109627015,2480.385498046875,28618000,0.0,0.0
2017-02-28 00:00:00+07:00,2480.3857658904735,2488.3870102965716,2464.383277078277,2472.384521484375,110184500,0.0,0.0
2017-03-01 00:00:00+07:00,2464.3830109627015,2484.3861198179184,2464.3830109627015,2480.385498046875,102209000,0.0,0.0
2017-03-02 00:00:00+07:00,2504.389228673135,2508.3898504441786,2476.3848762758316,2480.385498046875,78309500,0.0,0.0
2017-03-03 00:00:00+07:00,2472.3846315251412,2488.387121049576,2468.3840091440325,2476.38525390625,88454000,0.0,0.0
2017-03-06 00:00:00+07:00,2464.383386762924,2476.38525390625,2456.3821420007066,2476.38525390625,44661500,0.0,0.0
2017-03-07 00:00:00+07:00,2464.383277078277,2480.3857658904735,2464.383277078277,2472.384521484375,52582000,0.0,0.0
2017-03-08 00:00:00+07:00,2480.385498046875,2484.3861198179184,2472.3842545047883,2480.385498046875,87391500,0.0,0.0
2017-03-09 00:00:00+07:00,2500.388671875,2512.3905375,2480.3855625,2500.388671875,47322000,0.0,0.0
2017-03-10 00:00:00+07:00,2512.3905375,2512.3905375,2476.384940625,2500.388671875,34386000,0.0,0.0
2017-03-13 00:00:00+07:00,2496.3879622186496,2504.389205687299,2476.384853547026,2488.38671875,24933000,0.0,0.0
2017-03-14 00:00:00+07:00,2512.3905144163673,2544.3954891223084,2504.3892707398822,2508.389892578125,62225000,0.0,0.0
2017-03-15 00:00:00+07:00,2524.392268464207,2524.392268464207,2484.3860518482925,2504.38916015625,70286000,0.0,0.0
2017-03-16 00:00:00+07:00,2544.3958861343503,2560.398375984252,2528.393396284449,2540.395263671875,186021500,0.0,0.0
2017-03-17 00:00:00+07:00,2560.3984619905955,2592.403442765478,2540.395349006294,2552.397216796875,223808500,0.0,0.0
2017-03-20 00:00:00+07:00,2576.4002797555404,2596.4033875176174,2552.3965504410476,2572.399658203125,191276500,0.0,0.0
2017-03-21 00:00:00+07:00,2596.4036748798076,2604.4049188701924,2584.4018088942307,2600.404296875,133231500,0.0,0.0
2017-03-22 00:00:00+07:00,2568.3991665569965,2616.4066276141366,2568.3991665569965,2612.406005859375,178821000,0.0,0.0
2017-03-23 00:00:00+07:00,2624.407867799322,2680.4165722950397,2620.407246049628,2656.412841796875,195774000,0.0,0.0
2017-03-24 00:00:00+07:00,2688.4178389350454,2688.4178389350454,2632.409133957232,2648.41162109375,86403000,0.0,0.0
2017-03-27 00:00:00+07:00,2648.41162109375,2660.4134864461384,2640.4103775254907,2648.41162109375,74524000,0.0,0.0
2017-03-29 00:00:00+07:00,2668.4149052968282,2692.418637578359,2660.4136612029847,2672.41552734375,112645500,0.0,0.0
2017-03-30 00:00:00+07:00,2692.418701171875,2700.419945454704,2672.4155904648032,2692.418701171875,96488000,0.0,0.0
2017-03-31 00:00:00+07:00,2692.4184607191746,2720.4228132080816,2648.41162109375,2648.41162109375,81642500,0.0,0.0
2017-04-03 00:00:00+07:00,2652.41259765625,2712.421932444853,2652.41259765625,2652.41259765625,186889000,0.0,0.0
2017-04-04 00:00:00+07:00,2680.41650390625,2704.4202337919774,2664.414017315765,2680.41650390625,74096500,0.0,0.0
2017-04-05 00:00:00+07:00,2680.41650390625,2680.41650390625,2680.41650390625,2680.41650390625,0,0.0,0.0
2017-04-06 00:00:00+07:00,2752.4280415764792,2780.4323966506586,2752.4280415764792,2772.43115234375,117034500,0.0,0.0
2017-04-07 00:00:00+07:00,2796.434750427774,2796.434750427774,2752.4279088616713,2776.431640625,133337000,0.0,0.0
2017-04-10 00:00:00+07:00,2820.438482191102,2840.441591993876,2760.429152782781,2776.431640625,79805500,0.0,0.0
2017-04-11 00:00:00+07:00,2800.4353258193055,2816.4378133954156,2760.4291068790294,2792.43408203125,88702000,0.0,0.0
2017-04-12 00:00:00+07:00,2792.4344734861897,2832.4406980347026,2788.4338510313387,2824.439453125,56825500,0.0,0.0
2017-04-13 00:00:00+07:00,2832.4403480727665,2832.4403480727665,2752.4279088616713,2776.431640625,52786000,0.0,0.0
2017-04-17 00:00:00+07:00,2797.3914291855153,2797.3914291855153,2692.590021175683,2728.867431640625,93984000,26.0,0.0
2017-04-18 00:00:00+07:00,2736.929078410612,2749.0215485655926,2716.7749614856443,2728.867431640625,102219500,0.0,0.0
2017-04-19 00:00:00+07:00,2728.867431640625,2728.867431640625,2728.867431640625,2728.867431640625,0,0.0,0.0
2017-04-20 00:00:00+07:00,2773.207205988456,2845.7620456800146,2761.1147327065296,2793.361328125,146846500,0.0,0.0
2017-04-21 00:00:00+07:00,2753.052477660609,2821.5764778366415,2744.9908305810754,2817.545654296875,86655500,0.0,0.0
2017-04-25 00:00:00+07:00,2845.761854851383,2845.761854851383,2789.330316653197,2805.45361328125,111180500,0.0,0.0
2017-04-26 00:00:00+07:00,2845.7623006184895,2902.19384765625,2789.3307535807294,2902.19384765625,82166000,0.0,0.0
2017-04-27 00:00:00+07:00,2805.4530609174394,2841.7304711879233,2805.4530609174394,2825.607177734375,68316500,0.0,0.0
2017-04-28 00:00:00+07:00,2825.607835194762,2865.9160782075264,2825.607835194762,2861.88525390625,68971000,0.0,0.0
2017-05-02 00:00:00+07:00,2861.8846394629454,2894.1312269498517,2861.8846394629454,2886.069580078125,138473000,0.0,0.0
2017-05-03 00:00:00+07:00,2869.946902508803,2878.0085511113557,2861.88525390625,2861.88525390625,43521500,0.0,0.0
2017-05-04 00:00:00+07:00,2869.946715024544,2902.1933073281907,2865.9158909865882,2873.9775390625,123050500,0.0,0.0
2017-05-05 00:00:00+07:00,2861.885191411744,2873.977664051512,2833.669421918952,2865.916015625,33583500,0.0,0.0
2017-05-08 00:00:00+07:00,2882.0391199648543,2926.3781833489293,2873.977472076841,2894.131591796875,64042500,0.0,0.0
2017-05-09 00:00:00+07:00,2950.5637451171874,2958.6253946940105,2878.0088989257815,2902.19384765625,50148500,0.0,0.0
2017-05-10 00:00:00+07:00,2861.885303619683,2914.286020446522,2861.885303619683,2890.10107421875,78922000,0.0,0.0
2017-05-12 00:00:00+07:00,2986.841168212891,2990.871993001302,2878.0088989257815,2902.19384765625,141996500,0.0,0.0
2017-05-15 00:00:00+07:00,2902.193466395548,2942.501708984375,2902.193466395548,2942.501708984375,41290500,0.0,0.0
2017-05-16 00:00:00+07:00,2886.0700964215157,2894.1317447355423,2777.237844182157,2805.45361328125,237774500,0.0,0.0
2017-05-17 00:00:00+07:00,2805.453263274336,2809.4840869284662,2728.8676138458704,2732.8984375,166786000,0.0,0.0
2017-05-18 00:00:00+07:00,2708.713833512931,2813.5152615952766,2708.713833512931,2805.45361328125,203136500,0.0,0.0
2017-05-19 00:00:00+07:00,2805.453111360859,2914.285344129168,2757.0832301304995,2886.069580078125,182948000,0.0,0.0
2017-05-22 00:00:00+07:00,2926.3781980347026,2942.501493891643,2809.484303071884,2845.76171875,81751500,0.0,0.0
2017-05-23 00:00:00+07:00,2845.762324963586,2861.885624255164,2793.361602265956,2853.823974609375,87609500,0.0,0.0
2017-05-24 00:00:00+07:00,2813.5148307571085,2817.545654296875,2801.4223601378085,2817.545654296875,97663500,0.0,0.0
2017-05-26 00:00:00+07:00,2821.576960904161,2857.8543789729288,2813.5153124444346,2833.66943359375,126066500,0.0,0.0
2017-05-29 00:00:00+07:00,2849.792718771976,2894.131785117792,2825.60777349244,2865.916015625,103340500,0.0,0.0
2017-05-30 00:00:00+07:00,2853.8234918767757,2869.9467884410515,2837.7001953125,2837.7001953125,56862000,0.0,0.0
2017-05-31 00:00:00+07:00,2837.7000956632655,2845.7617436623086,2765.145263671875,2765.145263671875,1062861500,0.0,0.0
2017-06-01 00:00:00+07:00,2765.145263671875,2765.145263671875,2765.145263671875,2765.145263671875,0,0.0,0.0
2017-06-02 00:00:00+07:00,2809.4840654769855,2845.761478087162,2793.3607709835737,2829.63818359375,241656500,0.0,0.0
2017-06-05 00:00:00+07:00,2869.946475008815,2873.9772987096703,2817.545766897699,2857.85400390625,102575000,0.0,0.0
2017-06-06 00:00:00+07:00,2821.576536347044,2849.792301710515,2821.576536347044,2829.63818359375,87003500,0.0,0.0
2017-06-07 00:00:00+07:00,2845.7620746741136,2878.008670421129,2837.7004257373596,2869.947021484375,74324000,0.0,0.0
2017-06-08 00:00:00+07:00,2878.0086011048643,2910.2551960752266,2878.0086011048643,2890.10107421875,92743000,0.0,0.0
2017-06-09 00:00:00+07:00,2918.3171717756886,2918.3171717756886,2825.608200849113,2853.823974609375,101066500,0.0,0.0
2017-06-12 00:00:00+07:00,2853.823605303697,2886.0701997139086,2837.7003080985914,2861.88525390625,38489500,0.0,0.0
2017-06-13 00:00:00+07:00,2861.884943181818,2894.131534090909,2857.854119318182,2882.0390625,49797000,0.0,0.0
2017-06-14 00:00:00+07:00,2853.823291083536,2898.162353515625,2853.823291083536,2898.162353515625,79121500,0.0,0.0
2017-06-15 00:00:00+07:00,2902.1934784020086,2918.316775504242,2882.0393570242168,2910.255126953125,116159000,0.0,0.0
2017-06-16 00:00:00+07:00,2926.378564041652,2926.378564041652,2869.947021484375,2869.947021484375,607322000,0.0,0.0
2017-06-19 00:00:00+07:00,2902.193547332636,2910.2551960752266,2882.0394254761595,2890.10107421875,56511500,0.0,0.0
2017-06-20 00:00:00+07:00,2890.1006398912295,2930.408877546616,2890.1006398912295,2918.31640625,87824500,0.0,0.0
2017-06-21 00:00:00+07:00,2918.31688782409,2938.4710099775716,2910.2552389626976,2934.440185546875,68809000,0.0,0.0
2017-06-22 00:00:00+07:00,2942.5014695516957,2954.593941344374,2898.1624063118757,2926.378173828125,82107500,0.0,0.0
2017-06-23 00:00:00+07:00,2926.378173828125,2926.378173828125,2926.378173828125,2926.378173828125,0,0.0,0.0
2017-06-26 00:00:00+07:00,2926.378173828125,2926.378173828125,2926.378173828125,2926.378173828125,0,0.0,0.0
2017-06-27 00:00:00+07:00,2926.378173828125,2926.378173828125,2926.378173828125,2926.378173828125,0,0.0,0.0
2017-06-28 00:00:00+07:00,2926.378173828125,2926.378173828125,2926.378173828125,2926.378173828125,0,0.0,0.0
2017-06-29 00:00:00+07:00,2926.378173828125,2926.378173828125,2926.378173828125,2926.378173828125,0,0.0,0.0
2017-06-30 00:00:00+07:00,2926.378173828125,2926.378173828125,2926.378173828125,2926.378173828125,0,0.0,0.0
2017-07-03 00:00:00+07:00,2966.6870038006755,2982.810302734375,2914.2862822661527,2982.810302734375,213038500,0.0,0.0
2017-07-04 00:00:00+07:00,2982.809933562163,3019.0873516730544,2970.717460858533,2990.87158203125,64599000,0.0,0.0
2017-07-05 00:00:00+07:00,2990.8715940054494,3011.0257152588556,2950.5633514986375,2958.625,56981000,0.0,0.0
2017-07-06 00:00:00+07:00,2934.439879115226,2958.624823173868,2918.316583076132,2938.470703125,89306500,0.0,0.0
2017-07-07 00:00:00+07:00,2958.6253543338257,2990.8719522012248,2954.594529600401,2982.810302734375,82260000,0.0,0.0
2017-07-10 00:00:00+07:00,2982.8100719347676,3006.9950184639683,2942.501827719433,2950.5634765625,40506000,0.0,0.0
2017-07-11 00:00:00+07:00,2954.593994140625,2974.748114155227,2942.501522131864,2954.593994140625,61603500,0.0,0.0
2017-07-12 00:00:00+07:00,2934.4401103502373,2978.7791779516833,2918.3168130406207,2970.717529296875,89196500,0.0,0.0
2017-07-13 00:00:00+07:00,2982.810302734375,2986.8411274677997,2946.5328801335513,2982.810302734375,64456000,0.0,0.0
2017-07-14 00:00:00+07:00,2990.871221791143,2990.871221791143,2950.5629843006964,2966.686279296875,41700000,0.0,0.0
2017-07-17 00:00:00+07:00,2942.501827719433,2966.686774248634,2942.501827719433,2950.5634765625,61702000,0.0,0.0
2017-07-18 00:00:00+07:00,2934.4400544959126,2958.625,2930.4092302452314,2958.625,39056500,0.0,0.0
2017-07-19 00:00:00+07:00,2958.624689455768,2978.77880859375,2950.5630418005753,2978.77880859375,45057500,0.0,0.0
2017-07-20 00:00:00+07:00,2978.7791152581935,2982.809939500762,2958.6249940453504,2974.748291015625,59790000,0.0,0.0
2017-07-21 00:00:00+07:00,2974.748119212963,2978.7789432227364,2938.470703125,2938.470703125,25438500,0.0,0.0
2017-07-24 00:00:00+07:00,2958.62468521303,3002.963747253007,2934.439742282133,2994.902099609375,91781000,0.0,0.0
2017-07-25 00:00:00+07:00,3006.9945710748234,3011.025394896639,2966.686332856662,2994.902099609375,64479500,0.0,0.0
2017-07-26 00:00:00+07:00,3006.9940775580476,3047.3023091607024,2990.8707849169855,3027.148193359375,118081000,0.0,0.0
2017-07-27 00:00:00+07:00,3027.149107263443,3039.2415803949884,3015.056634131898,3031.179931640625,63409500,0.0,0.0
2017-07-28 00:00:00+07:00,3063.4265266580783,3063.4265266580783,3015.056634131898,3031.179931640625,84735000,0.0,0.0
2017-07-31 00:00:00+07:00,2998.9326145763703,3035.2100252365685,2994.901791169682,3015.055908203125,65311000,0.0,0.0
2017-08-01 00:00:00+07:00,3043.2723358033354,3059.3956329466646,3019.087390088342,3051.333984375,88810000,0.0,0.0
2017-08-02 00:00:00+07:00,3051.333984375,3059.3956329466646,3035.210687231671,3051.333984375,62681500,0.0,0.0
2017-08-03 00:00:00+07:00,3071.4880546874997,3071.4880546874997,2990.8715703125,3023.1181640625,43917500,0.0,0.0
2017-08-04 00:00:00+07:00,3023.1178663620876,3023.1178663620876,2990.8712757875587,2994.902099609375,70007000,0.0,0.0
2017-08-07 00:00:00+07:00,3023.1174955432048,3023.1174955432048,2994.901732251468,3002.96337890625,57609000,0.0,0.0
2017-08-08 00:00:00+07:00,3015.0559004934207,3071.487428042763,3015.0559004934207,3063.42578125,58013000,0.0,0.0
2017-08-09 00:00:00+07:00,3067.456911270483,3067.456911270483,3023.117849478137,3059.395263671875,62335500,0.0,0.0
2017-08-10 00:00:00+07:00,3071.4881120051045,3071.4881120051045,3019.087396183495,3035.210693359375,38466500,0.0,0.0
2017-08-11 00:00:00+07:00,3019.086793462914,3035.2100874199923,2994.901852527297,3011.025146484375,68837000,0.0,0.0
2017-08-14 00:00:00+07:00,3011.0256914062497,3035.21063671875,3006.9948671875,3023.1181640625,32254000,0.0,0.0
2017-08-15 00:00:00+07:00,3015.0559699736446,3031.1792639307228,2982.8093820594877,3011.025146484375,42814000,0.0,0.0
2017-08-16 00:00:00+07:00,3019.087210196036,3051.3338025612807,3006.9947380590693,3047.302978515625,54188500,0.0,0.0
2017-08-17 00:00:00+07:00,3047.302978515625,3047.302978515625,3047.302978515625,3047.302978515625,0,0.0,0.0
2017-08-18 00:00:00+07:00,3023.1175550165026,3047.3024954566345,3002.963437983059,3015.055908203125,54443500,0.0,0.0
2017-08-21 00:00:00+07:00,3031.179931640625,3035.2107560178065,3015.056634131898,3031.179931640625,20734000,0.0,0.0
2017-08-22 00:00:00+07:00,3031.179931640625,3043.27240477217,3031.179931640625,3031.179931640625,35817000,0.0,0.0
2017-08-23 00:00:00+07:00,3047.3030862434725,3087.611328125,3039.241437867167,3087.611328125,48576500,0.0,0.0
2017-08-24 00:00:00+07:00,3087.6113397200693,3087.6113397200693,3043.2722734838803,3055.36474609375,57641000,0.0,0.0
2017-08-25 00:00:00+07:00,3079.549072265625,3095.6723658376964,3059.394955300536,3079.549072265625,43855500,0.0,0.0
2017-08-28 00:00:00+07:00,3047.302062428326,3079.548645099525,3043.271239594426,3075.517822265625,28840500,0.0,0.0
2017-08-29 00:00:00+07:00,3071.486999431725,3075.517822265625,3047.302062428326,3075.517822265625,32155000,0.0,0.0
2017-08-30 00:00:00+07:00,3095.6723658376964,3095.6723658376964,3051.3333085145005,3079.549072265625,42254000,0.0,0.0
2017-08-31 00:00:00+07:00,3055.36474609375,3095.672988126649,3055.36474609375,3055.36474609375,65610500,0.0,0.0
2017-09-01 00:00:00+07:00,3055.36474609375,3055.36474609375,3055.36474609375,3055.36474609375,0,0.0,0.0
2017-09-04 00:00:00+07:00,3059.395267875621,3063.4260916804637,3015.056206022351,3043.27197265625,37213500,0.0,0.0
2017-09-05 00:00:00+07:00,3063.42578125,3063.42578125,3011.0250770970392,3063.42578125,73701500,0.0,0.0
2017-09-06 00:00:00+07:00,3063.4262746982477,3067.4570987439033,3031.179682333003,3047.302978515625,59771000,0.0,0.0
2017-09-07 00:00:00+07:00,3079.5496913134893,3079.5496913134893,3023.1181524674307,3055.36474609375,44964000,0.0,0.0
2017-09-08 00:00:00+07:00,3019.0868489799195,3067.4567317406127,3015.0560254165284,3039.240966796875,51583000,0.0,0.0
2017-09-11 00:00:00+07:00,3059.395450652592,3067.4570987439033,3047.302978515625,3047.302978515625,36496500,0.0,0.0
2017-09-12 00:00:00+07:00,3055.3643162009284,3079.549258017822,3051.333492564779,3067.456787109375,52225000,0.0,0.0
2017-09-13 00:00:00+07:00,3039.2416851213907,3083.580754798228,3039.2416851213907,3071.48828125,29835000,0.0,0.0
2017-09-14 00:00:00+07:00,3083.5798956586427,3087.610719051661,3071.4874254795895,3079.549072265625,37754000,0.0,0.0
2017-09-15 00:00:00+07:00,3063.4260916804637,3067.456915485306,3035.210325046565,3043.27197265625,163473500,0.0,0.0
2017-09-18 00:00:00+07:00,3063.426087471179,3063.426087471179,3035.2103208760495,3059.395263671875,30903500,0.0,0.0
2017-09-19 00:00:00+07:00,3039.240416760526,3091.641113601225,3035.209593926626,3075.517822265625,59579500,0.0,0.0
2017-09-20 00:00:00+07:00,3079.549930282152,3079.549930282152,3059.3958077017714,3071.48828125,76382000,0.0,0.0
2017-09-21 00:00:00+07:00,3071.48828125,3071.48828125,3071.48828125,3071.48828125,0,0.0,0.0
2017-09-22 00:00:00+07:00,3079.549581122248,3220.628423189367,3067.4571089450665,3204.505126953125,125871000,0.0,0.0
2017-09-25 00:00:00+07:00,3184.3512622101334,3192.4129109752225,3164.1971402974114,3172.2587890625,97549500,0.0,0.0
2017-09-26 00:00:00+07:00,3172.258362903546,3188.3816582677323,3160.165891380407,3168.2275390625,99934500,0.0,0.0
2017-09-27 00:00:00+07:00,3192.412477749209,3192.412477749209,3168.2275347359573,3184.350830078125,122173500,0.0,0.0
2017-09-28 00:00:00+07:00,3196.443603515625,3200.474427731912,3168.2278340016155,3196.443603515625,101703500,0.0,0.0
2017-09-29 00:00:00+07:00,3220.6281010670027,3285.121279561461,3196.443159131581,3273.02880859375,188602500,0.0,0.0
2017-10-02 00:00:00+07:00,3313.3377230598476,3321.3993720210638,3260.9370048119426,3277.060302734375,52865500,0.0,0.0
2017-10-03 00:00:00+07:00,3277.059996208922,3305.275764933968,3256.9058756910317,3281.0908203125,48209500,0.0,0.0
2017-10-04 00:00:00+07:00,3313.3377230598476,3313.3377230598476,3268.998653773159,3277.060302734375,101610500,0.0,0.0
2017-10-05 00:00:00+07:00,3277.0594495968517,3277.0594495968517,3236.7512152844674,3268.997802734375,120569000,0.0,0.0
2017-10-06 00:00:00+07:00,3264.9672767993584,3309.3063385830533,3240.782334008252,3297.2138671875,100290500,0.0,0.0
2017-10-09 00:00:00+07:00,3273.0291721053436,3289.152468519656,3264.9675238981877,3281.0908203125,65156500,0.0,0.0
2017-10-10 00:00:00+07:00,3256.906055885736,3289.1526504984663,3256.906055885736,3285.121826171875,55606000,0.0,0.0
2017-10-11 00:00:00+07:00,3256.906055885736,3293.183474825057,3256.906055885736,3285.121826171875,67298000,0.0,0.0
2017-10-12 00:00:00+07:00,3285.1217401944673,3357.6765761742226,3285.1217401944673,3353.645751953125,103676500,0.0,0.0
2017-10-13 00:00:00+07:00,3353.6453295042324,3377.8302717843108,3313.337092370768,3333.4912109375,55690000,0.0,0.0
2017-10-16 00:00:00+07:00,3353.6456951145956,3393.9539366424156,3333.491574350686,3341.55322265625,54328000,0.0,0.0
2017-10-17 00:00:00+07:00,3345.5838742139863,3345.5838742139863,3232.7208037585747,3305.275634765625,115934500,0.0,0.0
2017-10-18 00:00:00+07:00,3337.5219907855044,3337.5219907855044,3236.75139927628,3256.905517578125,124576000,0.0,0.0
2017-10-19 00:00:00+07:00,3256.9061803313343,3281.091127214983,3248.844531370118,3277.060302734375,68639000,0.0,0.0
2017-10-20 00:00:00+07:00,3305.275764933968,3377.830598798372,3281.0908203125,3281.0908203125,60758000,0.0,0.0
2017-10-23 00:00:00+07:00,3329.460314941406,3446.3542000906805,3329.460314941406,3385.891845703125,62843500,0.0,0.0
2017-10-24 00:00:00+07:00,3385.8921088061284,3426.2003481966776,3321.39892578125,3321.39892578125,65380000,0.0,0.0
2017-10-25 00:00:00+07:00,3321.39902436535,3393.953857421875,3289.1524318957836,3393.953857421875,69421500,0.0,0.0
2017-10-26 00:00:00+07:00,3353.6453256618533,3385.891915331679,3321.398735992028,3349.614501953125,41336000,0.0,0.0
2017-10-27 00:00:00+07:00,3345.5836344000154,3345.5836344000154,3256.9055139701354,3273.02880859375,101701000,0.0,0.0
2017-10-30 00:00:00+07:00,3277.059809970739,3301.2447532177557,3273.028986096236,3293.18310546875,55210500,0.0,0.0
2017-10-31 00:00:00+07:00,3357.676083797473,3373.799378317509,3309.3062002373654,3369.7685546875,78009000,0.0,0.0
2017-11-01 00:00:00+07:00,3385.892255275498,3446.354616976846,3385.892255275498,3438.29296875,103776500,0.0,0.0
2017-11-02 00:00:00+07:00,3466.5083627401045,3486.6624811281285,3450.3850680296855,3462.4775390625,95839000,0.0,0.0
2017-11-03 00:00:00+07:00,3466.509003883026,3466.509003883026,3337.5226223431923,3389.92333984375,70070000,0.0,0.0
2017-11-06 00:00:00+07:00,3418.138434709821,3418.138434709821,3385.891845703125,3385.891845703125,38234000,0.0,0.0
2017-11-07 00:00:00+07:00,3361.7072649523084,3397.9846814805705,3345.583968717525,3393.953857421875,49234500,0.0,0.0
2017-11-08 00:00:00+07:00,3369.769048837515,3406.0464668273926,3353.645751953125,3353.645751953125,61518000,0.0,0.0
2017-11-09 00:00:00+07:00,3377.83069727971,3393.9539941641,3349.6149277320274,3353.645751953125,51541000,0.0,0.0
2017-11-10 00:00:00+07:00,3353.645637863196,3369.7689341990767,3321.3990451914347,3329.460693359375,79178500,0.0,0.0
2017-11-13 00:00:00+07:00,3309.306521088504,3337.5222892342035,3289.1524009844325,3301.244873046875,56963000,0.0,0.0
2017-11-14 00:00:00+07:00,3305.2756970676896,3313.337345109318,3293.1832250052466,3301.244873046875,54986000,0.0,0.0
2017-11-15 00:00:00+07:00,3321.3993246507134,3410.077461959349,3305.276026958234,3389.92333984375,94253500,0.0,0.0
2017-11-16 00:00:00+07:00,3418.139110805588,3418.139110805588,3377.8308665743903,3389.92333984375,61512500,0.0,0.0
2017-11-17 00:00:00+07:00,3410.0765984725504,3418.1382452774496,3357.6758942407027,3414.107421875,126881500,0.0,0.0
2017-11-20 00:00:00+07:00,3414.1082863824686,3430.231584074948,3389.92333984375,3389.92333984375,90902500,0.0,0.0
2017-11-21 00:00:00+07:00,3422.170173816568,3422.170173816568,3365.73862795858,3406.046875,63695000,0.0,0.0
2017-11-22 00:00:00+07:00,3385.891658057851,3422.1690686798997,3385.891658057851,3414.107421875,86719000,0.0,0.0
2017-11-23 00:00:00+07:00,3426.2000819614955,3426.2000819614955,3361.7069039481025,3385.891845703125,66003500,0.0,0.0
2017-11-24 00:00:00+07:00,3365.7377275739395,3393.953492954799,3349.6144330705915,3385.891845703125,60888000,0.0,0.0
2017-11-27 00:00:00+07:00,3357.6765474847784,3434.26220703125,3357.6765474847784,3434.26220703125,78146500,0.0,0.0
2017-11-28 00:00:00+07:00,3434.26220703125,3434.26220703125,3393.953965164686,3434.26220703125,77432000,0.0,0.0
2017-11-29 00:00:00+07:00,3447.208858701668,3451.2548784888763,3386.5185618935398,3426.978759765625,103370500,16.0,0.0
2017-11-30 00:00:00+07:00,3447.20947265625,3447.20947265625,3293.460693359375,3293.460693359375,205897500,0.0,0.0
2017-12-01 00:00:00+07:00,3293.460693359375,3293.460693359375,3293.460693359375,3293.460693359375,0,0.0,0.0
2017-12-04 00:00:00+07:00,3370.3350830078125,3422.933349609375,3342.012939453125,3366.2890625,128402500,0.0,0.0
2017-12-05 00:00:00+07:00,3406.7487781343007,3418.8868379138767,3382.472658575149,3398.65673828125,62670500,0.0,0.0
2017-12-06 00:00:00+07:00,3422.9335920307,3459.3477791799623,3398.6574672645247,3447.209716796875,106299500,0.0,0.0
2017-12-07 00:00:00+07:00,3447.209100771007,3447.209100771007,3378.42675955844,3394.61083984375,69664000,0.0,0.0
2017-12-08 00:00:00+07:00,3414.841918223003,3435.072024373613,3402.703854532637,3418.887939453125,40480000,0.0,0.0
2017-12-11 00:00:00+07:00,3439.1168162209,3439.1168162209,3398.6566183830073,3410.794677734375,32973500,0.0,0.0
2017-12-12 00:00:00+07:00,3426.9793701171875,3439.117431640625,3374.381103515625,3439.117431640625,67854000,0.0,0.0
2017-12-13 00:00:00+07:00,3426.9792465884484,3426.9792465884484,3386.51904296875,3386.51904296875,61131000,0.0,0.0
2017-12-14 00:00:00+07:00,3386.5191650390625,3422.933349609375,3378.4271240234375,3414.84130859375,75550000,0.0,0.0
2017-12-15 00:00:00+07:00,3382.47314453125,3414.84130859375,3382.47314453125,3414.84130859375,64630500,0.0,0.0
2017-12-18 00:00:00+07:00,3382.47314453125,3414.84130859375,3374.381103515625,3414.84130859375,76474000,0.0,0.0
2017-12-19 00:00:00+07:00,3390.565185546875,3439.117431640625,3390.565185546875,3414.84130859375,76553500,0.0,0.0
2017-12-20 00:00:00+07:00,3406.749144778599,3406.749144778599,3378.4270022448104,3386.51904296875,102963500,0.0,0.0
2017-12-21 00:00:00+07:00,3390.565185546875,3422.933349609375,3390.565185546875,3414.84130859375,61100000,0.0,0.0
2017-12-22 00:00:00+07:00,3426.978648766806,3507.8990418899893,3394.610491517533,3479.576904296875,94573000,0.0,0.0
2017-12-25 00:00:00+07:00,3479.576904296875,3479.576904296875,3479.576904296875,3479.576904296875,0,0.0,0.0
2017-12-26 00:00:00+07:00,3479.576904296875,3479.576904296875,3479.576904296875,3479.576904296875,0,0.0,0.0
2017-12-27 00:00:00+07:00,3479.577758647285,3511.945923844004,3463.393676048926,3483.623779296875,86689000,0.0,0.0
2017-12-28 00:00:00+07:00,3479.577517014681,3560.497924387115,3475.5314966460587,3548.35986328125,106501000,0.0,0.0
2017-12-29 00:00:00+07:00,3568.589842077804,3681.8784084929725,3503.8535184119933,3544.313720703125,81347000,0.0,0.0
2018-01-01 00:00:00+07:00,3544.313720703125,3544.313720703125,3544.313720703125,3544.313720703125,0,0.0,0.0
2018-01-02 00:00:00+07:00,3544.313720703125,3645.464226430954,3532.1756600157855,3544.313720703125,82303500,0.0,0.0
2018-01-03 00:00:00+07:00,3548.3597409322383,3552.405761161351,3451.2552554335225,3544.313720703125,68214000,0.0,0.0
2018-01-04 00:00:00+07:00,3544.3138445584927,3596.912109375,3544.3138445584927,3596.912109375,76567000,0.0,0.0
2018-01-05 00:00:00+07:00,3609.0500482794946,3625.2341292134834,3588.819947112009,3600.9580078125,65268000,0.0,0.0
2018-01-08 00:00:00+07:00,3600.9575228083054,3653.555778759438,3596.9115031197566,3617.1416015625,57928000,0.0,0.0
2018-01-09 00:00:00+07:00,3641.4178473571033,3649.5098870178967,3633.3258076963098,3645.4638671875,61213000,0.0,0.0
2018-01-10 00:00:00+07:00,3645.4647224953023,3677.8328887327743,3613.0965562578303,3633.32666015625,47292000,0.0,0.0
2018-01-11 00:00:00+07:00,3633.32569166007,3673.7858886718745,3609.0495734529873,3673.785888671875,57569000,0.0,0.0
2018-01-12 00:00:00+07:00,3673.7862503919314,3677.8322704914817,3613.0959488986728,3629.280029296875,66590500,0.0,0.0
2018-01-15 00:00:00+07:00,3633.3258063429853,3641.4178460007647,3609.049687369647,3637.371826171875,41875000,0.0,0.0
2018-01-16 00:00:00+07:00,3633.326173495402,3669.7403556351114,3633.326173495402,3657.602294921875,50055000,0.0,0.0
2018-01-17 00:00:00+07:00,3673.7863708909426,3673.7863708909426,3584.77392578125,3584.77392578125,183003000,0.0,0.0
2018-01-18 00:00:00+07:00,3600.9581316401923,3657.6024168570043,3600.9581316401923,3653.556396484375,84980500,0.0,0.0
2018-01-19 00:00:00+07:00,3661.6488056140383,3665.6948263937225,3625.2346185968822,3633.32666015625,50450500,0.0,0.0
2018-01-22 00:00:00+07:00,3649.509885658544,3653.555905487434,3629.2797865140956,3637.371826171875,81367500,0.0,0.0
2018-01-23 00:00:00+07:00,3665.69482421875,3673.7868657733165,3645.464720332333,3665.69482421875,68752000,0.0,0.0
2018-01-24 00:00:00+07:00,3661.648437229634,3661.648437229634,3641.4183353664866,3653.556396484375,94254500,0.0,0.0
2018-01-25 00:00:00+07:00,3649.5103761117457,3665.6944576022634,3633.326294621228,3653.556396484375,53653500,0.0,0.0
2018-01-26 00:00:00+07:00,3661.6478295683332,3698.0620068789576,3645.4637507636116,3673.785888671875,58121000,0.0,0.0
2018-01-29 00:00:00+07:00,3689.970703125,3694.0167236328125,3649.510498046875,3689.970703125,114814500,0.0,0.0
2018-01-30 00:00:00+07:00,3673.78662109375,3795.167236328125,3665.694580078125,3689.970703125,114055000,0.0,0.0
2018-01-31 00:00:00+07:00,3689.970825598185,3706.154908166598,3673.786743029772,3677.832763671875,106803000,0.0,0.0
2018-02-01 00:00:00+07:00,3698.063102126504,3791.1215828145887,3698.063102126504,3783.029541015625,138208000,0.0,0.0
2018-02-02 00:00:00+07:00,3823.488778441492,3997.467632910258,3819.442758570125,3880.133056640625,98474000,0.0,0.0
2018-02-05 00:00:00+07:00,3843.718995166426,3888.225215110458,3803.2587952173058,3851.81103515625,49501500,0.0,0.0
2018-02-06 00:00:00+07:00,3795.1673580092656,3831.581543747094,3770.8912341840464,3807.305419921875,117589500,0.0,0.0
2018-02-07 00:00:00+07:00,3827.5346632937167,3880.1329197660407,3799.212525193235,3803.258544921875,121947000,0.0,0.0
2018-02-08 00:00:00+07:00,3811.3508331685125,3851.811033095991,3803.2587931830167,3835.626953125,68461000,0.0,0.0
2018-02-09 00:00:00+07:00,3787.07531647667,3839.6735847610685,3778.9832752021475,3815.3974609375,71076500,0.0,0.0
2018-02-12 00:00:00+07:00,3851.810781665559,3851.810781665559,3803.258544921875,3803.258544921875,38409500,0.0,0.0
2018-02-13 00:00:00+07:00,3851.81103515625,3872.0411351308103,3843.718995166426,3851.81103515625,59406000,0.0,0.0
2018-02-14 00:00:00+07:00,3839.672973117748,3863.949093074235,3811.3508331685125,3835.626953125,75553000,0.0,0.0
2018-02-15 00:00:00+07:00,3867.99560546875,3872.0416259765625,3795.167236328125,3795.167236328125,52958500,0.0,0.0
2018-02-16 00:00:00+07:00,3795.167236328125,3795.167236328125,3795.167236328125,3795.167236328125,0,0.0,0.0
2018-02-19 00:00:00+07:00,3831.581182546714,3924.6396484375,3827.535162290593,3924.6396484375,50185500,0.0,0.0
2018-02-20 00:00:00+07:00,3900.3634021770945,3916.547482684053,3863.949221036437,3888.225341796875,34830000,0.0,0.0
2018-02-21 00:00:00+07:00,3876.087281416656,3912.5014625573135,3839.6731002759984,3888.225341796875,62499000,0.0,0.0
2018-02-22 00:00:00+07:00,3900.3630309803216,3912.501090205364,3843.71875459679,3867.994873046875,47217000,0.0,0.0
2018-02-23 00:00:00+07:00,3888.2254661324096,3961.05383074259,3876.0874053640464,3924.6396484375,82233000,0.0,0.0
2018-02-26 00:00:00+07:00,3908.4559358602883,3920.593997772898,3803.2593992843385,3807.305419921875,85227500,0.0,0.0
2018-02-27 00:00:00+07:00,3839.672970004395,3847.76500998333,3770.8906301834527,3811.350830078125,87429500,0.0,0.0
2018-02-28 00:00:00+07:00,3787.076058100728,3795.168100959918,3734.4777795159957,3750.661865234375,132869000,0.0,0.0
2018-03-01 00:00:00+07:00,3738.5238009455907,3758.7539080935644,3738.5238009455907,3750.661865234375,125474500,0.0,0.0
2018-03-02 00:00:00+07:00,3734.476313022968,3742.568352704491,3681.878055093067,3702.108154296875,151511000,0.0,0.0
2018-03-05 00:00:00+07:00,3746.614372545253,3770.8904915898224,3702.108154296875,3702.108154296875,87744000,0.0,0.0
2018-03-06 00:00:00+07:00,3750.660638099444,3754.706658205269,3677.8322761946006,3685.92431640625,75907000,0.0,0.0
2018-03-07 00:00:00+07:00,3738.5226996767838,3746.6147401522744,3645.4642342086386,3657.602294921875,106152000,0.0,0.0
2018-03-08 00:00:00+07:00,3722.338626190317,3787.0749501240616,3681.8784237317263,3770.890869140625,102994500,0.0,0.0
2018-03-09 00:00:00+07:00,3770.8908691406255,3770.8908691406255,3718.2926059444576,3770.890869140625,66797000,0.0,0.0
2018-03-12 00:00:00+07:00,3787.075316220238,3827.5355225901126,3778.9832749462635,3823.489501953125,111180500,0.0,0.0
2018-03-13 00:00:00+07:00,3819.443359375,3835.62744140625,3766.8450927734375,3795.167236328125,80643000,0.0,0.0
2018-03-14 00:00:00+07:00,3799.2127669896836,3819.442866920406,3758.7525671282383,3787.07470703125,54505500,0.0,0.0
2018-03-15 00:00:00+07:00,3787.075561915107,3791.1215828145887,3762.7994365182153,3783.029541015625,60774500,0.0,0.0
2018-03-16 00:00:00+07:00,3827.5349058359543,3831.580925820982,3722.338386225241,3778.982666015625,193122000,0.0,0.0
2018-03-19 00:00:00+07:00,3770.89062604557,3783.0286860006527,3754.7065461054603,3778.982666015625,74200000,0.0,0.0
2018-03-20 00:00:00+07:00,3766.8447265625,3770.89074667696,3722.338505303437,3766.8447265625,89683500,0.0,0.0
2018-03-21 00:00:00+07:00,3778.983520116143,3807.3056664125165,3766.845457417697,3783.029541015625,67617500,0.0,0.0
2018-03-22 00:00:00+07:00,3799.2132568359375,3803.25927734375,3778.983154296875,3795.167236328125,60791500,0.0,0.0
2018-03-23 00:00:00+07:00,3722.338395319065,3851.81103515625,3722.338395319065,3851.81103515625,62978000,0.0,0.0
2018-03-26 00:00:00+07:00,3787.074827134801,3795.1668673637214,3754.706666219119,3766.8447265625,100407000,0.0,0.0
2018-03-27 00:00:00+07:00,3827.535400390625,3847.7655029296875,3791.1212158203125,3795.167236328125,66088000,0.0,0.0
2018-03-28 00:00:00+07:00,3795.1671136036307,3795.1671136036307,3746.614869079917,3774.93701171875,36212500,0.0,0.0
2018-03-29 00:00:00+07:00,3746.614747665471,3774.9368893864844,3694.0164844693036,3770.890869140625,77650500,0.0,0.0
2018-03-30 00:00:00+07:00,3770.8908691406255,3770.8908691406255,3770.8908691406255,3770.890869140625,0,0.0,0.0
2018-04-02 00:00:00+07:00,3795.166747003539,3799.2127669896836,3738.522467197516,3787.07470703125,37162500,0.0,0.0
2018-04-03 00:00:00+07:00,3783.0286870451055,3803.258786975828,3774.9366470728164,3787.07470703125,56261000,0.0,0.0
2018-04-04 00:00:00+07:00,3803.259031107498,3803.259031107498,3726.384646436176,3770.890869140625,49877000,0.0,0.0
2018-04-05 00:00:00+07:00,3803.25927734375,3803.25927734375,3730.430908203125,3730.430908203125,22521500,0.0,0.0
2018-04-06 00:00:00+07:00,3742.5690939455276,3742.5690939455276,3657.602660461359,3677.832763671875,47941500,0.0,0.0
2018-04-09 00:00:00+07:00,3698.062376723724,3706.154416935373,3653.556155559653,3685.92431640625,51013000,0.0,0.0
2018-04-10 00:00:00+07:00,3702.1085249610214,3795.1669906157795,3689.9704642234447,3770.890869140625,79533500,0.0,0.0
2018-04-11 00:00:00+07:00,3803.259154357583,3827.53527661944,3770.8909913417738,3774.93701171875,41891500,0.0,0.0
2018-04-12 00:00:00+07:00,3774.9371337890625,3774.9371337890625,3730.430908203125,3746.614990234375,45957000,0.0,0.0
2018-04-13 00:00:00+07:00,3766.998987189547,3775.152664650996,3734.38427734375,3734.38427734375,70179500,35.0,0.0
2018-04-16 00:00:00+07:00,3734.38427734375,3734.38427734375,3734.38427734375,3734.38427734375,0,0.0,0.0
2018-04-17 00:00:00+07:00,3734.38427734375,3734.38427734375,3734.38427734375,3734.38427734375,0,0.0,0.0
2018-04-18 00:00:00+07:00,3722.1544416591573,3746.615478515625,3705.8470837548457,3746.615478515625,43716000,0.0,0.0
2018-04-19 00:00:00+07:00,3746.615478515625,3746.615478515625,3746.615478515625,3746.615478515625,0,0.0,0.0
2018-04-20 00:00:00+07:00,3746.615478515625,3746.615478515625,3746.615478515625,3746.615478515625,0,0.0,0.0
2018-04-23 00:00:00+07:00,3783.3061141304347,3783.3061141304347,3738.460890794837,3750.69140625,46236000,0.0,0.0
2018-04-24 00:00:00+07:00,3766.9985612476144,3771.075399517363,3730.307016819878,3738.460693359375,72223500,0.0,0.0
2018-04-25 00:00:00+07:00,3738.460693359375,3738.460693359375,3738.460693359375,3738.460693359375,0,0.0,0.0
2018-04-26 00:00:00+07:00,3738.460693359375,3738.460693359375,3738.460693359375,3738.460693359375,0,0.0,0.0
2018-04-27 00:00:00+07:00,3738.460693359375,3738.460693359375,3738.460693359375,3738.460693359375,0,0.0,0.0
2018-04-30 00:00:00+07:00,3506.0818799049066,3652.848098133484,3497.92820111443,3603.926025390625,90414000,0.0,0.0
2018-05-01 00:00:00+07:00,3603.926025390625,3603.926025390625,3603.926025390625,3603.926025390625,0,0.0,0.0
2018-05-02 00:00:00+07:00,3603.9254379605622,3734.38427734375,3603.9254379605622,3734.38427734375,82346000,0.0,0.0
2018-05-03 00:00:00+07:00,3718.0763120095294,3730.3068261937715,3636.5395507812505,3636.53955078125,138704500,0.0,0.0
2018-05-04 00:00:00+07:00,3636.5400490387347,3640.616887658733,3587.6179855987516,3591.69482421875,74133500,0.0,0.0
2018-05-07 00:00:00+07:00,3595.7711701671105,3636.5395507812505,3555.002789552971,3636.53955078125,49054500,0.0,0.0
2018-05-08 00:00:00+07:00,3587.6179855987516,3591.69482421875,3538.6959221587686,3591.69482421875,70739000,0.0,0.0
2018-05-09 00:00:00+07:00,3510.158147153896,3734.38427734375,3510.158147153896,3734.38427734375,72094000,0.0,0.0
2018-05-10 00:00:00+07:00,3734.38427734375,3734.38427734375,3734.38427734375,3734.38427734375,0,0.0,0.0
2018-05-11 00:00:00+07:00,3709.923095703125,3758.845158503606,3677.308387169471,3709.923095703125,80000500,0.0,0.0
2018-05-14 00:00:00+07:00,3661.0018495179884,3746.615478515625,3640.6176521375987,3746.615478515625,57370500,0.0,0.0
2018-05-15 00:00:00+07:00,3697.6925991848784,3701.769437772734,3587.6179573127815,3620.232666015625,130583000,0.0,0.0
2018-05-16 00:00:00+07:00,3571.3112921176676,3652.8480796089384,3571.3112921176676,3648.771240234375,87185000,0.0,0.0
2018-05-17 00:00:00+07:00,3620.232381924716,3632.4628967285157,3587.61767578125,3587.61767578125,84030500,0.0,0.0
2018-05-18 00:00:00+07:00,3587.617862543203,3591.6947010233657,3538.69580078125,3538.69580078125,88681000,0.0,0.0
2018-05-21 00:00:00+07:00,3514.2348818878104,3542.772752158361,3502.0043660575743,3530.542236328125,82237000,0.0,0.0
2018-05-22 00:00:00+07:00,3579.4639992453835,3603.925028852983,3538.6956165660513,3587.61767578125,62761000,0.0,0.0
2018-05-23 00:00:00+07:00,3603.925028852983,3644.6934115323156,3587.61767578125,3587.61767578125,79515500,0.0,0.0
2018-05-24 00:00:00+07:00,3636.540430557489,3689.5393381777217,3632.463591509779,3661.00146484375,77697000,0.0,0.0
2018-05-25 00:00:00+07:00,3656.9246425586366,3697.6930332226125,3648.7709644258416,3677.308837890625,63913500,0.0,0.0
2018-05-28 00:00:00+07:00,3669.1556901326585,3750.6924832467175,3652.848331509847,3726.2314453125,64104500,0.0,0.0
2018-05-29 00:00:00+07:00,3726.2314453125,3726.2314453125,3726.2314453125,3726.2314453125,0,0.0,0.0
2018-05-30 00:00:00+07:00,3726.230317640935,3746.6145097505682,3661.000902890109,3701.769287109375,109761500,0.0,0.0
2018-05-31 00:00:00+07:00,3730.3071560628614,3742.5376713286414,3661.000902890109,3701.769287109375,178023000,0.0,0.0
2018-06-01 00:00:00+07:00,3701.769287109375,3701.769287109375,3701.769287109375,3701.769287109375,0,0.0,0.0
2018-06-04 00:00:00+07:00,3742.5375316291234,3746.614369898872,3718.0765020106323,3738.460693359375,89585000,0.0,0.0
2018-06-05 00:00:00+07:00,3718.0771967821784,3738.4613919399753,3652.8477722772277,3705.8466796875,77233000,0.0,0.0
2018-06-06 00:00:00+07:00,3705.8462478687397,3775.152503329431,3689.5388936426943,3754.768310546875,57913500,0.0,0.0
2018-06-07 00:00:00+07:00,3775.1533548481707,3775.1533548481707,3734.3849600873914,3746.615478515625,40681500,0.0,0.0
2018-06-08 00:00:00+07:00,3726.230604261763,3750.6916366748596,3603.9254421962783,3628.386474609375,170845000,0.0,0.0
2018-06-11 00:00:00+07:00,3628.386474609375,3628.386474609375,3628.386474609375,3628.386474609375,0,0.0,0.0
2018-06-12 00:00:00+07:00,3628.386474609375,3628.386474609375,3628.386474609375,3628.386474609375,0,0.0,0.0
2018-06-13 00:00:00+07:00,3628.386474609375,3628.386474609375,3628.386474609375,3628.386474609375,0,0.0,0.0
2018-06-14 00:00:00+07:00,3628.386474609375,3628.386474609375,3628.386474609375,3628.386474609375,0,0.0,0.0
2018-06-15 00:00:00+07:00,3628.386474609375,3628.386474609375,3628.386474609375,3628.386474609375,0,0.0,0.0
2018-06-18 00:00:00+07:00,3628.386474609375,3628.386474609375,3628.386474609375,3628.386474609375,0,0.0,0.0
2018-06-19 00:00:00+07:00,3628.386474609375,3628.386474609375,3628.386474609375,3628.386474609375,0,0.0,0.0
2018-06-20 00:00:00+07:00,3587.6175735828488,3591.6944117346475,3449.005076421693,3506.080810546875,253439000,0.0,0.0
2018-06-21 00:00:00+07:00,3526.465801843233,3579.464709847813,3449.005859375,3449.005859375,90593500,0.0,0.0
2018-06-22 00:00:00+07:00,3489.774078891106,3575.3876953125,3440.8520123645953,3575.3876953125,96509500,0.0,0.0
2018-06-25 00:00:00+07:00,3575.3874415492155,3665.077890482035,3559.0800871977935,3620.232666015625,62513000,0.0,0.0
2018-06-26 00:00:00+07:00,3603.9253415113303,3636.5400504842837,3485.697021484375,3485.697021484375,54763500,0.0,0.0
2018-06-27 00:00:00+07:00,3489.773794276932,3538.6958568135246,3481.6201171875,3481.6201171875,67309500,0.0,0.0
2018-06-28 00:00:00+07:00,3485.6971278224755,3485.6971278224755,3412.314030394634,3416.390869140625,118098500,0.0,0.0
2018-06-29 00:00:00+07:00,3416.3910211956127,3502.0046386718755,3396.0068265584077,3502.004638671875,119188000,0.0,0.0
2018-07-02 00:00:00+07:00,3530.542938019012,3530.542938019012,3493.8513832359044,3497.92822265625,59441500,0.0,0.0
2018-07-03 00:00:00+07:00,3522.3889942354367,3526.465833349135,3359.3154296875,3359.3154296875,73038000,0.0,0.0
2018-07-04 00:00:00+07:00,3420.4674553932937,3489.7737089590696,3375.6222324977916,3461.23583984375,61994500,0.0,0.0
2018-07-05 00:00:00+07:00,3432.6979707284304,3473.4663551788867,3424.544293838339,3461.23583984375,34144000,0.0,0.0
2018-07-06 00:00:00+07:00,3420.4673974551038,3432.697912583072,3412.313720703125,3412.313720703125,37609000,0.0,0.0
2018-07-09 00:00:00+07:00,3457.160013555936,3587.6188819920094,3436.7758153627997,3571.3115234375,80049500,0.0,0.0
2018-07-10 00:00:00+07:00,3563.1578441602455,3587.6188819920094,3489.7747306649544,3571.3115234375,116639500,0.0,0.0
2018-07-11 00:00:00+07:00,3506.0810317224245,3661.000891263648,3506.0810317224245,3640.61669921875,95570000,0.0,0.0
2018-07-12 00:00:00+07:00,3620.232601571057,3734.3840799989734,3616.1557630557745,3722.153564453125,79008000,0.0,0.0
2018-07-13 00:00:00+07:00,3750.6914719903634,3762.9219876598972,3718.0767635382736,3754.768310546875,73936000,0.0,0.0
2018-07-16 00:00:00+07:00,3758.845411211993,3771.075927734375,3734.3843781672294,3771.075927734375,71571000,0.0,0.0
2018-07-17 00:00:00+07:00,3738.4613919399753,3750.6919090346537,3673.2319674350247,3705.8466796875,30322000,0.0,0.0
2018-07-18 00:00:00+07:00,3742.537525571626,3783.3059082031245,3742.537525571626,3783.305908203125,80090500,0.0,0.0
2018-07-19 00:00:00+07:00,3766.998555150525,3783.3059082031245,3758.844878624225,3783.305908203125,76925500,0.0,0.0
2018-07-20 00:00:00+07:00,3775.1519669702043,3775.1519669702043,3738.4604251745973,3766.998291015625,57104000,0.0,0.0
2018-07-23 00:00:00+07:00,3783.306544432548,3832.2286118174516,3766.99918863758,3807.767578125,70157500,0.0,0.0
2018-07-24 00:00:00+07:00,3832.2280932435574,3836.304931640625,3799.6133860670166,3836.304931640625,88291000,0.0,0.0
2018-07-25 00:00:00+07:00,3836.305794029195,3844.4594726562495,3819.998436775086,3844.45947265625,50131500,0.0,0.0
2018-07-26 00:00:00+07:00,3787.3833183133206,3852.612740372538,3787.3833183133206,3803.690673828125,54317500,0.0,0.0
2018-07-27 00:00:00+07:00,3799.613572431714,3807.7672496257733,3771.075702252506,3787.383056640625,46642500,0.0,0.0
2018-07-30 00:00:00+07:00,3815.9203225698175,3815.9203225698175,3750.6909153464017,3795.5361328125,40096500,0.0,0.0
2018-07-31 00:00:00+07:00,3783.3056189581093,3799.6129707639634,3693.615184025913,3795.5361328125,66803000,0.0,0.0
2018-08-01 00:00:00+07:00,3815.921338358626,3828.15185546875,3791.4603041383784,3828.15185546875,56594000,0.0,0.0
2018-08-02 00:00:00+07:00,3848.5367220815565,3897.4587990571695,3824.07568359375,3824.07568359375,79333000,0.0,0.0
2018-08-03 00:00:00+07:00,3824.07568359375,3856.6904015774917,3807.7683246018787,3824.07568359375,41404000,0.0,0.0
2018-08-06 00:00:00+07:00,3815.921212332589,3881.150634765625,3815.921212332589,3881.150634765625,63000500,0.0,0.0
2018-08-07 00:00:00+07:00,3864.843279157366,3893.381151471819,3864.843279157366,3881.150634765625,114379000,0.0,0.0
2018-08-08 00:00:00+07:00,3897.458560891784,3905.612239889466,3840.3828079080135,3901.535400390625,64702500,0.0,0.0
2018-08-09 00:00:00+07:00,3913.766127463693,3930.073486328125,3897.4587685992606,3930.073486328125,65947500,0.0,0.0
2018-08-10 00:00:00+07:00,3913.7660340314137,3925.996552887762,3864.8439586060213,3893.3818359375,80348000,0.0,0.0
2018-08-13 00:00:00+07:00,3836.3053848577338,3840.3822237364348,3758.845446162413,3803.690673828125,80184000,0.0,0.0
2018-08-14 00:00:00+07:00,3824.074837932181,3897.457937167553,3754.7685775432183,3832.228515625,85527500,0.0,0.0
2018-08-15 00:00:00+07:00,3848.5367220815565,3848.5367220815565,3799.6146451059435,3824.07568359375,57330500,0.0,0.0
2018-08-16 00:00:00+07:00,3824.0752444017376,3828.152083681484,3783.3068516042777,3811.8447265625,52903500,0.0,0.0
2018-08-17 00:00:00+07:00,3811.8447265624995,3811.8447265624995,3811.8447265624995,3811.8447265625,0,0.0,0.0
2018-08-20 00:00:00+07:00,3832.228104978426,3897.4575195312505,3819.9975897497716,3897.45751953125,96832000,0.0,0.0
2018-08-21 00:00:00+07:00,3889.3049963187173,3909.689194412631,3889.3049963187173,3893.3818359375,67938000,0.0,0.0
2018-08-22 00:00:00+07:00,3893.3818359375,3893.3818359375,3893.3818359375,3893.3818359375,0,0.0,0.0
2018-08-23 00:00:00+07:00,3881.1518887493644,4019.764456204699,3877.0750485300896,4007.533935546875,145868000,0.0,0.0
2018-08-24 00:00:00+07:00,4011.6096378832253,4154.299005084356,4007.532798820336,4089.069580078125,103975000,0.0,0.0
2018-08-27 00:00:00+07:00,4093.1458734075427,4133.914258600845,4023.8396185789293,4040.14697265625,91285000,0.0,0.0
2018-08-28 00:00:00+07:00,4093.146402261637,4093.146402261637,4003.4559432479355,4072.76220703125,63353500,0.0,0.0
2018-08-29 00:00:00+07:00,3995.302537487399,4044.224609375,3991.2256981634323,4044.224609375,87695500,0.0,0.0
2018-08-30 00:00:00+07:00,4072.7622238265676,4101.300097266793,4064.6085457007885,4089.069580078125,96273500,0.0,0.0
2018-08-31 00:00:00+07:00,4076.839323966734,4084.993002614667,4044.224609375,4044.224609375,111563000,0.0,0.0
2018-09-03 00:00:00+07:00,4084.9921963688826,4089.0690348882126,4011.6091030209386,4040.14697265625,38489500,0.0,0.0
2018-09-04 00:00:00+07:00,4048.301318359375,4060.5318359374996,3995.3024088541665,4036.07080078125,42271500,0.0,0.0
2018-09-05 00:00:00+07:00,3995.301661173503,3995.301661173503,3856.6891545613607,3913.764892578125,95608500,0.0,0.0
2018-09-06 00:00:00+07:00,3917.8423375427,4109.45377340587,3848.536073507085,4027.9169921875,95265000,0.0,0.0
2018-09-07 00:00:00+07:00,4048.301090724032,4052.3779296875,3974.917989381602,4052.3779296875,72551500,0.0,0.0
2018-09-10 00:00:00+07:00,4011.609765625,4036.0708007812495,3938.2266601562496,4036.07080078125,66696500,0.0,0.0
2018-09-11 00:00:00+07:00,4036.0708007812495,4036.0708007812495,4036.0708007812495,4036.07080078125,0,0.0,0.0
2018-09-12 00:00:00+07:00,4036.070025456002,4048.3005406846564,3885.2270043025956,3897.45751953125,87900500,0.0,0.0
2018-09-13 00:00:00+07:00,3946.379600016276,3974.917469024658,3897.4575388590497,3913.764892578125,94051000,0.0,0.0
2018-09-14 00:00:00+07:00,3897.457473197993,3946.379533531022,3864.8427663093066,3909.68798828125,72473500,0.0,0.0
2018-09-17 00:00:00+07:00,3872.9975238987395,3909.6890793883067,3872.9975238987395,3901.535400390625,39478000,0.0,0.0
2018-09-18 00:00:00+07:00,3864.8428314208986,3954.533276875814,3864.8428314208986,3913.764892578125,75119500,0.0,0.0
2018-09-19 00:00:00+07:00,3925.995407867432,3950.456438446045,3885.227023569743,3913.764892578125,111558500,0.0,0.0
2018-09-20 00:00:00+07:00,3946.3799602850995,3950.456799087047,3897.4578946617303,3905.611572265625,60786000,0.0,0.0
2018-09-21 00:00:00+07:00,3897.4579727881064,3938.226361624802,3864.84326171875,3864.84326171875,152052000,0.0,0.0
2018-09-24 00:00:00+07:00,3897.458560891784,3925.9964373836697,3881.151202896421,3901.535400390625,59902000,0.0,0.0
2018-09-25 00:00:00+07:00,3913.7659188871476,3913.7659188871476,3885.228042395262,3901.535400390625,42771000,0.0,0.0
2018-09-26 00:00:00+07:00,3881.149502840909,3962.6862571022725,3881.149502840909,3946.37890625,71715500,0.0,0.0
2018-09-27 00:00:00+07:00,3897.4575388590497,3934.1490847269697,3889.303861999512,3913.764892578125,71001000,0.0,0.0
2018-09-28 00:00:00+07:00,3897.457688357272,3938.2260742187495,3897.457688357272,3938.22607421875,96975000,0.0,0.0
2018-10-01 00:00:00+07:00,3913.76524986952,3946.3799602850995,3905.611572265625,3905.611572265625,36388000,0.0,0.0
2018-10-02 00:00:00+07:00,3925.9957662753623,3946.3799602850995,3872.9968618500457,3905.611572265625,50639500,0.0,0.0
2018-10-03 00:00:00+07:00,3872.9975238987395,3909.6890793883067,3868.920684399899,3901.535400390625,33524500,0.0,0.0
2018-10-04 00:00:00+07:00,3901.5350414211466,3901.5350414211466,3832.2287763175314,3848.5361328125,67869500,0.0,0.0
2018-10-05 00:00:00+07:00,3840.3819874000137,3840.3819874000137,3746.6146989603108,3758.84521484375,98249500,0.0,0.0
2018-10-08 00:00:00+07:00,3762.9230873742335,3905.6124785531047,3762.9230873742335,3824.07568359375,57250000,0.0,0.0
2018-10-09 00:00:00+07:00,3832.2286800986844,3872.9970703125,3815.921324013158,3872.9970703125,36940000,0.0,0.0
2018-10-10 00:00:00+07:00,3897.4583514371657,3934.1499049548793,3791.46053016377,3811.8447265625,59394500,0.0,0.0
2018-10-11 00:00:00+07:00,3750.6919090346537,3799.6139774133667,3665.078289371906,3705.8466796875,102336000,0.0,0.0
2018-10-12 00:00:00+07:00,3750.6918157762093,3828.1517554498487,3750.6918157762093,3791.460205078125,82574500,0.0,0.0
2018-10-15 00:00:00+07:00,3832.228215695427,3889.303955078125,3828.1513771680916,3889.303955078125,65950000,0.0,0.0
2018-10-16 00:00:00+07:00,3889.3050891670446,3930.073486328125,3832.2293331415326,3930.073486328125,47449000,0.0,0.0
2018-10-17 00:00:00+07:00,3938.225743955678,3942.3025821999386,3877.0731702917697,3917.841552734375,38359000,0.0,0.0
2018-10-18 00:00:00+07:00,3881.1508458024364,3893.3813631736625,3848.5361328124995,3848.5361328125,29360500,0.0,0.0
2018-10-19 00:00:00+07:00,3799.614208723262,3856.6899586397058,3787.383690884024,3811.8447265625,45219500,0.0,0.0
2018-10-22 00:00:00+07:00,3811.8441357210954,3848.535683551566,3775.1525878906245,3775.152587890625,63484000,0.0,0.0
2018-10-23 00:00:00+07:00,3815.9204388786766,3819.9972769544015,3730.3068392884497,3742.537353515625,62162500,0.0,0.0
2018-10-24 00:00:00+07:00,3750.691710213162,3775.1527431058566,3693.615966796875,3693.615966796875,59493500,0.0,0.0
2018-10-25 00:00:00+07:00,3616.1559541527363,3779.229503381721,3616.1559541527363,3734.38427734375,87732500,0.0,0.0
2018-10-26 00:00:00+07:00,3766.9993503376586,3848.5361328124995,3750.6919938426904,3848.5361328125,83994000,0.0,0.0
2018-10-29 00:00:00+07:00,3799.6137996199323,3840.3821880278715,3771.075927734375,3771.075927734375,34553000,0.0,0.0
2018-10-30 00:00:00+07:00,3771.075932928856,3856.6895487034576,3766.999094082447,3832.228515625,68882500,0.0,0.0
2018-10-31 00:00:00+07:00,3872.996808106501,3893.3810018333775,3832.2284206527484,3856.689453125,128908500,0.0,0.0
2018-11-01 00:00:00+07:00,3889.3043125697545,3921.919023786272,3868.920118059431,3881.150634765625,117906500,0.0,0.0
2018-11-02 00:00:00+07:00,3913.764892578125,3942.302761586507,3881.150185139974,3913.764892578125,114054500,0.0,0.0
2018-11-05 00:00:00+07:00,3913.7651079369184,3954.533494477928,3905.6114306287163,3942.302978515625,76754500,0.0,0.0
2018-11-06 00:00:00+07:00,3962.6872738697493,4031.9935327748785,3954.5335963514985,3978.99462890625,94410500,0.0,0.0
2018-11-07 00:00:00+07:00,4011.610280650285,4011.610280650285,3897.4587685992606,3930.073486328125,83875500,0.0,0.0
2018-11-08 00:00:00+07:00,3978.994307454427,3995.301661173503,3897.4575388590497,3913.764892578125,99739000,0.0,0.0
2018-11-09 00:00:00+07:00,3913.764892578125,3921.918569437663,3901.5343772888186,3913.764892578125,62938500,0.0,0.0
2018-11-12 00:00:00+07:00,3938.226361624802,3942.3032005084715,3864.84326171875,3864.84326171875,65125000,0.0,0.0
2018-11-13 00:00:00+07:00,3864.8430259443144,3930.0724441037123,3807.7672850548415,3925.99560546875,61231500,0.0,0.0
2018-11-14 00:00:00+07:00,3925.995539738582,3954.533409705529,3897.4576697716348,3921.918701171875,68511500,0.0,0.0
2018-11-15 00:00:00+07:00,3958.6103331320287,3970.8408490943316,3905.6114306287163,3942.302978515625,87085500,0.0,0.0
2018-11-16 00:00:00+07:00,3970.840607396305,4060.531052327228,3962.6869305844034,4048.300537109375,134145500,0.0,0.0
2018-11-19 00:00:00+07:00,4076.838641527639,4142.068059792082,4060.5312869615286,4093.14599609375,103822500,0.0,0.0
2018-11-20 00:00:00+07:00,4093.1459960937495,4093.1459960937495,4093.1459960937495,4093.14599609375,0,0.0,0.0
2018-11-21 00:00:00+07:00,4076.839323966734,4084.993002614667,4040.147770051033,4044.224609375,107889000,0.0,0.0
2018-11-22 00:00:00+07:00,4027.9165778293077,4109.45335065986,4027.9165778293077,4093.14599609375,87270000,0.0,0.0
2018-11-23 00:00:00+07:00,4125.760705225971,4150.221737075137,4056.454448320001,4093.14599609375,57460000,0.0,0.0
2018-11-26 00:00:00+07:00,4044.224495168484,4142.068636180625,4044.224495168484,4113.53076171875,64336500,0.0,0.0
2018-11-27 00:00:00+07:00,4109.453423713235,4158.37548828125,4076.838714001225,4158.37548828125,73989000,0.0,0.0
2018-11-28 00:00:00+07:00,4178.759058144799,4178.759058144799,4142.0675151952355,4150.22119140625,90687500,0.0,0.0
2018-11-29 00:00:00+07:00,4158.37489936188,4272.5263671875,4158.37489936188,4272.5263671875,113847500,0.0,0.0
2018-11-30 00:00:00+07:00,4272.52695012596,4272.52695012596,4203.220692347199,4248.06591796875,178034500,0.0,0.0
2018-12-03 00:00:00+07:00,4266.062341024709,4413.308979832849,4171.988099563953,4221.0703125,100923000,17.0,0.0
2018-12-04 00:00:00+07:00,4221.071195879055,4331.506198096821,4216.98101061173,4286.51416015625,119232500,0.0,0.0
2018-12-05 00:00:00+07:00,4188.348948374761,4278.3330078125,4184.258763854864,4278.3330078125,74994000,0.0,0.0
2018-12-06 00:00:00+07:00,4229.251183571471,4302.87451171875,4188.349334600761,4302.87451171875,75450000,0.0,0.0
2018-12-07 00:00:00+07:00,4245.61181640625,4261.972555583153,4221.070707640895,4245.61181640625,71070000,0.0,0.0
2018-12-10 00:00:00+07:00,4188.348938223939,4257.882074893671,4188.348938223939,4237.43115234375,81221000,0.0,0.0
2018-12-11 00:00:00+07:00,4196.529206031977,4253.7917877906975,4192.439021620639,4221.0703125,93017000,0.0,0.0
2018-12-12 00:00:00+07:00,4245.611567302456,4245.611567302456,4196.529352651561,4225.16064453125,121623000,0.0,0.0
2018-12-13 00:00:00+07:00,4253.791936410938,4257.882120965181,4208.799906314284,4225.16064453125,84280500,0.0,0.0
2018-12-14 00:00:00+07:00,4221.070459977009,4237.431198193974,4204.709721760043,4225.16064453125,184435000,0.0,0.0
2018-12-17 00:00:00+07:00,4241.521382748215,4253.791936410938,4212.890090868526,4225.16064453125,101438500,0.0,0.0
2018-12-18 00:00:00+07:00,4171.988716991609,4184.259272041584,4073.8242765918067,4143.357421875,132039000,0.0,0.0
2018-12-19 00:00:00+07:00,4122.9059960564055,4278.3330078125,4122.9059960564055,4278.3330078125,102220500,0.0,0.0
2018-12-20 00:00:00+07:00,4188.350439882698,4229.252299647177,4147.448580118218,4184.26025390625,94455000,0.0,0.0
2018-12-21 00:00:00+07:00,4122.905698440522,4233.340672505893,4122.905698440522,4229.25048828125,89979500,0.0,0.0
2018-12-24 00:00:00+07:00,4229.25048828125,4229.25048828125,4229.25048828125,4229.25048828125,0,0.0,0.0
2018-12-25 00:00:00+07:00,4229.25048828125,4229.25048828125,4229.25048828125,4229.25048828125,0,0.0,0.0
2018-12-26 00:00:00+07:00,4229.250647615131,4274.24267578125,4204.709541342703,4274.24267578125,66511500,0.0,0.0
2018-12-27 00:00:00+07:00,4286.513812860924,4298.784367668732,4237.431593629692,4249.7021484375,50265500,0.0,0.0
2018-12-28 00:00:00+07:00,4249.701319767879,4286.512977013222,4237.430767352765,4253.79150390625,54467500,0.0,0.0
2018-12-31 00:00:00+07:00,4253.79150390625,4253.79150390625,4253.79150390625,4253.79150390625,0,0.0,0.0
2019-01-01 00:00:00+07:00,4253.79150390625,4253.79150390625,4253.79150390625,4253.79150390625,0,0.0,0.0
2019-01-02 00:00:00+07:00,4253.792678017652,4290.604345423574,4253.792678017652,4286.51416015625,35956000,0.0,0.0
2019-01-03 00:00:00+07:00,4253.791890383687,4270.152628423624,4184.258753713954,4237.43115234375,72358000,0.0,0.0
2019-01-04 00:00:00+07:00,4233.341215721812,4257.88232421875,4192.439368226915,4257.88232421875,51465000,0.0,0.0
2019-01-07 00:00:00+07:00,4306.964253530148,4356.046467245591,4290.603515625,4290.603515625,73438000,0.0,0.0
2019-01-08 00:00:00+07:00,4278.333789621601,4351.957124433445,4257.882863284977,4286.51416015625,66247500,0.0,0.0
2019-01-09 00:00:00+07:00,4335.596334963725,4351.9570758503805,4274.243556638767,4298.78466796875,84871000,0.0,0.0
2019-01-10 00:00:00+07:00,4335.596334963725,4335.596334963725,4245.6122600871195,4298.78466796875,114314500,0.0,0.0
2019-01-11 00:00:00+07:00,4319.234955357143,4335.595693824404,4282.423293805803,4294.69384765625,84826500,0.0,0.0
2019-01-14 00:00:00+07:00,4270.152240459735,4282.42279287485,4212.889662522536,4253.79150390625,87547500,0.0,0.0
2019-01-15 00:00:00+07:00,4278.333402336324,4302.87451171875,4245.611923159755,4302.87451171875,87763000,0.0,0.0
2019-01-16 00:00:00+07:00,4302.874757938151,4323.32568359375,4290.6042025447905,4323.32568359375,94972500,0.0,0.0
2019-01-17 00:00:00+07:00,4327.41572705353,4360.13720703125,4323.325542056315,4360.13720703125,91654000,0.0,0.0
2019-01-18 00:00:00+07:00,4368.316962485599,4437.85009765625,4347.866040376584,4437.85009765625,100873500,0.0,0.0
2019-01-21 00:00:00+07:00,4437.849741902192,4581.00618518936,4409.218453244759,4536.01416015625,87118000,0.0,0.0
2019-01-22 00:00:00+07:00,4581.0068359375,4597.367574637277,4458.301295689174,4581.0068359375,91907000,0.0,0.0
2019-01-23 00:00:00+07:00,4581.007315340909,4581.007315340909,4478.752687766335,4499.20361328125,98512500,0.0,0.0
2019-01-24 00:00:00+07:00,4441.94082406851,4486.932858198117,4380.588050255409,4466.48193359375,106781000,0.0,0.0
2019-01-25 00:00:00+07:00,4417.399911221591,4515.564353693182,4417.399911221591,4499.20361328125,68944000,0.0,0.0
2019-01-28 00:00:00+07:00,4511.473531068727,4511.473531068727,4478.752054868773,4495.11279296875,69704000,0.0,0.0
2019-01-29 00:00:00+07:00,4454.211772601958,4540.105663533675,4450.121587319495,4531.92529296875,77679000,0.0,0.0
2019-01-30 00:00:00+07:00,4548.285442849864,4548.285442849864,4495.113041089929,4515.56396484375,76285000,0.0,0.0
2019-01-31 00:00:00+07:00,4515.564413265306,4613.728857031943,4515.564413265306,4609.638671875,135904500,0.0,0.0
2019-02-01 00:00:00+07:00,4646.450338287488,4703.712930484694,4548.285894520852,4609.638671875,57719500,0.0,0.0
2019-02-04 00:00:00+07:00,4609.63861106179,4609.63861106179,4499.20361328125,4499.20361328125,113846500,0.0,0.0
2019-02-05 00:00:00+07:00,4499.20361328125,4499.20361328125,4499.20361328125,4499.20361328125,0,0.0,0.0
2019-02-06 00:00:00+07:00,4499.203179694557,4531.924657365063,4495.112994985744,4527.83447265625,121996500,0.0,0.0
2019-02-07 00:00:00+07:00,4527.835302646078,4527.835302646078,4503.294189894609,4523.7451171875,63697500,0.0,0.0
2019-02-08 00:00:00+07:00,4523.744334345279,4527.834519096043,4499.2032258406925,4515.56396484375,65268500,0.0,0.0
2019-02-11 00:00:00+07:00,4515.563715593722,4523.74408464371,4466.48150129379,4495.11279296875,37639000,0.0,0.0
2019-02-12 00:00:00+07:00,4523.7445224859775,4523.7445224859775,4458.301563752003,4466.48193359375,95883500,0.0,0.0
2019-02-13 00:00:00+07:00,4466.481731794857,4491.0228402113125,4425.579884434098,4433.76025390625,103115500,0.0,0.0
2019-02-14 00:00:00+07:00,4421.490478061833,4421.490478061833,4401.03955078125,4401.03955078125,108738500,0.0,0.0
2019-02-15 00:00:00+07:00,4384.67822265625,4425.5800717481925,4364.227298110279,4384.67822265625,81340000,0.0,0.0
2019-02-18 00:00:00+07:00,4425.5801832658535,4499.203513486542,4425.5801832658535,4482.8427734375,62991000,0.0,0.0
2019-02-19 00:00:00+07:00,4433.761034430181,4482.843259903579,4401.03955078125,4401.03955078125,64469000,0.0,0.0
2019-02-20 00:00:00+07:00,4458.301762251421,4576.917130237926,4450.121392045455,4499.20361328125,89583000,0.0,0.0
2019-02-21 00:00:00+07:00,4531.924750581858,4548.285489753633,4474.662163480642,4503.29345703125,54561500,0.0,0.0
2019-02-22 00:00:00+07:00,4478.75190776554,4519.653751672074,4466.481354593579,4491.0224609375,48271500,0.0,0.0
2019-02-25 00:00:00+07:00,4491.0224609375,4499.202829718807,4462.391170202925,4491.0224609375,47887000,0.0,0.0
2019-02-26 00:00:00+07:00,4499.203763149752,4544.19580078125,4495.113577910525,4544.19580078125,98446000,0.0,0.0
2019-02-27 00:00:00+07:00,4552.3759765625,4556.466161626797,4536.015236305312,4552.3759765625,78519500,0.0,0.0
2019-02-28 00:00:00+07:00,4556.465663602108,4564.646032836582,4507.383448195264,4511.4736328125,99366000,0.0,0.0
2019-03-01 00:00:00+07:00,4552.376219381064,4581.007516358303,4527.835107686287,4531.92529296875,72589500,0.0,0.0
2019-03-04 00:00:00+07:00,4515.56391852981,4531.924657365063,4511.473733820997,4527.83447265625,63910500,0.0,0.0
2019-03-05 00:00:00+07:00,4499.202977493745,4503.293162018738,4450.120763193812,4495.11279296875,46499500,0.0,0.0
2019-03-06 00:00:00+07:00,4544.194858015995,4544.194858015995,4491.0224609375,4491.0224609375,37777000,0.0,0.0
2019-03-07 00:00:00+07:00,4491.0224609375,4491.0224609375,4491.0224609375,4491.0224609375,0,0.0,0.0
2019-03-08 00:00:00+07:00,4536.015472860897,4556.466399248909,4450.12158203125,4450.12158203125,61126000,0.0,0.0
2019-03-11 00:00:00+07:00,4523.74438099597,4523.74438099597,4466.481793894754,4503.29345703125,32469000,0.0,0.0
2019-03-12 00:00:00+07:00,4531.925094105113,4531.925094105113,4458.301762251421,4499.20361328125,40178500,0.0,0.0
2019-03-13 00:00:00+07:00,4458.301762251421,4503.293798384233,4458.301762251421,4499.20361328125,17722000,0.0,0.0
2019-03-14 00:00:00+07:00,4458.301663363937,4495.113328474282,4458.301663363937,4482.8427734375,41096000,0.0,0.0
2019-03-15 00:00:00+07:00,4515.564551838899,4536.015478251213,4486.933254861659,4531.92529296875,41759500,0.0,0.0
2019-03-18 00:00:00+07:00,4544.1951651358395,4548.285349802928,4527.834426467483,4540.10498046875,42791000,0.0,0.0
2019-03-19 00:00:00+07:00,4531.924304844035,4536.014489234688,4486.932276546847,4491.0224609375,51527000,0.0,0.0
2019-03-20 00:00:00+07:00,4531.92469578382,4544.1952500142825,4470.571924631513,4474.662109375,42388500,0.0,0.0
2019-03-21 00:00:00+07:00,4491.022506421233,4515.563613013698,4470.571584260844,4478.751953125,39866000,0.0,0.0
2019-03-22 00:00:00+07:00,4470.572851384458,4499.204150524157,4470.572851384458,4486.93359375,29601000,0.0,0.0
2019-03-25 00:00:00+07:00,4450.1210472043995,4499.203264636802,4450.1210472043995,4462.3916015625,23054500,0.0,0.0
2019-03-26 00:00:00+07:00,4482.842478861974,4507.383587322897,4462.391555144539,4474.662109375,19895500,0.0,0.0
2019-03-27 00:00:00+07:00,4507.384521706928,4507.384521706928,4466.482665793073,4486.93359375,17804500,0.0,0.0
2019-03-28 00:00:00+07:00,4466.481739888026,4486.932663605462,4437.850446683615,4474.662109375,32187500,0.0,0.0
2019-03-29 00:00:00+07:00,4511.473485264717,4523.74403871512,4466.481455946574,4507.38330078125,36234000,0.0,0.0
2019-04-01 00:00:00+07:00,4540.105464311079,4540.105464311079,4482.842872869318,4499.20361328125,21786000,0.0,0.0
2019-04-02 00:00:00+07:00,4523.744723899147,4556.466204723011,4482.842872869318,4499.20361328125,36853000,0.0,0.0
2019-04-03 00:00:00+07:00,4499.20361328125,4499.20361328125,4499.20361328125,4499.20361328125,0,0.0,0.0
2019-04-04 00:00:00+07:00,4531.92529296875,4548.286034098602,4491.023440144123,4531.92529296875,48112000,0.0,0.0
2019-04-05 00:00:00+07:00,4548.28622993897,4548.28622993897,4519.654931728922,4523.7451171875,21913500,0.0,0.0
2019-04-08 00:00:00+07:00,4503.293698498803,4531.924993584626,4458.301663363937,4482.8427734375,39910000,0.0,0.0
2019-04-09 00:00:00+07:00,4527.83447265625,4540.1050267826895,4511.473733820997,4527.83447265625,29447000,0.0,0.0
2019-04-10 00:00:00+07:00,4540.104730804582,4544.194915246748,4511.473439709418,4519.65380859375,19508500,0.0,0.0
2019-04-11 00:00:00+07:00,4548.285733633668,4548.285733633668,4482.8427734375,4482.8427734375,25356000,0.0,0.0
2019-04-12 00:00:00+07:00,4466.482132457386,4507.383983487216,4466.482132457386,4499.20361328125,18577000,0.0,0.0
2019-04-15 00:00:00+07:00,4548.285489753633,4556.465859339521,4491.022902652418,4503.29345703125,68152000,0.0,0.0
2019-04-16 00:00:00+07:00,4495.11279296875,4503.293162018738,4478.752054868773,4495.11279296875,71017000,0.0,0.0
2019-04-17 00:00:00+07:00,4495.11279296875,4495.11279296875,4495.11279296875,4495.11279296875,0,0.0,0.0
2019-04-18 00:00:00+07:00,4581.007083333333,4748.704664062499,4564.64634375,4601.4580078125,129332500,0.0,0.0
2019-04-19 00:00:00+07:00,4601.4580078125,4601.4580078125,4601.4580078125,4601.4580078125,0,0.0,0.0
2019-04-22 00:00:00+07:00,4601.4580078125,4646.450041666666,4568.7365286458335,4601.4580078125,62837500,0.0,0.0
2019-04-23 00:00:00+07:00,4646.449697491119,4670.990805048291,4576.916559412467,4605.5478515625,48654000,0.0,0.0
2019-04-24 00:00:00+07:00,4655.903585701599,4655.903585701599,4622.882992895205,4647.6484375,46975000,51.0,0.0
2019-04-25 00:00:00+07:00,4569.224965440683,4639.393731847632,4560.96981645163,4618.755859375,61482500,0.0,0.0
2019-04-26 00:00:00+07:00,4610.501504809831,4660.032407278692,4598.118779192616,4639.39453125,66204500,0.0,0.0
2019-04-29 00:00:00+07:00,4631.13910991095,4701.30788430354,4618.75638501814,4693.052734375,65480500,0.0,0.0
2019-04-30 00:00:00+07:00,4680.669260360054,4754.965597826087,4680.669260360054,4746.71044921875,107607500,0.0,0.0
2019-05-01 00:00:00+07:00,4746.71044921875,4746.71044921875,4746.71044921875,4746.71044921875,0,0.0,0.0
2019-05-02 00:00:00+07:00,4787.986958553211,4796.242108481751,4684.79758444646,4693.052734375,80879500,0.0,0.0
2019-05-03 00:00:00+07:00,4688.924938050661,4746.710984822412,4635.266466048321,4684.79736328125,58244500,0.0,0.0
2019-05-06 00:00:00+07:00,4622.8842304270465,4672.415132895907,4618.7566552213075,4639.39453125,36649500,0.0,0.0
2019-05-07 00:00:00+07:00,4684.797274855759,4713.690297696278,4664.159401398244,4672.41455078125,59177000,0.0,0.0
2019-05-08 00:00:00+07:00,4622.8835663377195,4705.43505859375,4618.755991724917,4705.43505859375,59062000,0.0,0.0
2019-05-09 00:00:00+07:00,4705.43447491119,4705.43447491119,4643.520863399201,4647.6484375,126636500,0.0,0.0
2019-05-10 00:00:00+07:00,4631.13916015625,4688.925210282977,4622.884010138147,4631.13916015625,76130500,0.0,0.0
2019-05-13 00:00:00+07:00,4688.925210282977,4701.307935310133,4622.884010138147,4631.13916015625,63720500,0.0,0.0
2019-05-14 00:00:00+07:00,4589.862072765013,4647.6481060552205,4536.20361328125,4536.20361328125,114800500,0.0,0.0
2019-05-15 00:00:00+07:00,4585.735938662575,4585.735938662575,4494.929286411831,4507.31201171875,72065000,0.0,0.0
2019-05-16 00:00:00+07:00,4507.311434659091,4523.821732954546,4358.71875,4358.71875,87939000,0.0,0.0
2019-05-17 00:00:00+07:00,4358.718478523166,4383.483924423866,4276.1669921875,4276.1669921875,74207000,0.0,0.0
2019-05-20 00:00:00+07:00,4276.1675149570165,4449.525657455274,4243.14691638592,4441.2705078125,54764500,0.0,0.0
2019-05-21 00:00:00+07:00,4515.5671619233635,4536.2050374348955,4457.781110491072,4507.31201171875,97371000,0.0,0.0
2019-05-22 00:00:00+07:00,4565.098063151042,4565.098063151042,4457.781110491072,4507.31201171875,38519000,0.0,0.0
2019-05-23 00:00:00+07:00,4490.800791703836,4627.0107421875,4408.249306562221,4627.0107421875,54926000,0.0,0.0
2019-05-24 00:00:00+07:00,4631.13916015625,4647.649460192458,4627.011585147198,4631.13916015625,37402000,0.0,0.0
2019-05-27 00:00:00+07:00,4569.2254854469,4705.43545926781,4565.09791048263,4693.052734375,68564000,0.0,0.0
2019-05-28 00:00:00+07:00,4668.286930579773,4763.221147558849,4668.286930579773,4734.328125,209923000,0.0,0.0
2019-05-29 00:00:00+07:00,4787.98695421385,4866.410878463905,4730.200904766441,4738.4560546875,133044500,0.0,0.0
2019-05-30 00:00:00+07:00,4738.4560546875,4738.4560546875,4738.4560546875,4738.4560546875,0,0.0,0.0
2019-05-31 00:00:00+07:00,4738.456836608677,4845.773803291452,4734.329260967032,4804.498046875,96875000,0.0,0.0
2019-06-03 00:00:00+07:00,4804.498046875,4804.498046875,4804.498046875,4804.498046875,0,0.0,0.0
2019-06-04 00:00:00+07:00,4804.498046875,4804.498046875,4804.498046875,4804.498046875,0,0.0,0.0
2019-06-05 00:00:00+07:00,4804.498046875,4804.498046875,4804.498046875,4804.498046875,0,0.0,0.0
2019-06-06 00:00:00+07:00,4804.498046875,4804.498046875,4804.498046875,4804.498046875,0,0.0,0.0
2019-06-07 00:00:00+07:00,4804.498046875,4804.498046875,4804.498046875,4804.498046875,0,0.0,0.0
2019-06-10 00:00:00+07:00,4953.090122767857,5109.937976655506,4796.242268880208,4854.0283203125,179238000,0.0,0.0
2019-06-11 00:00:00+07:00,4870.538794812817,4920.069697810914,4825.135467064562,4878.7939453125,72901000,0.0,0.0
2019-06-12 00:00:00+07:00,4821.007678838751,4870.538579648738,4804.497378568755,4825.13525390625,69255500,0.0,0.0
2019-06-13 00:00:00+07:00,4858.154958430906,4858.154958430906,4779.731046612565,4792.11376953125,78802500,0.0,0.0
2019-06-14 00:00:00+07:00,4825.134989981816,4825.134989981816,4779.7316667227915,4787.98681640625,57220500,0.0,0.0
2019-06-17 00:00:00+07:00,4796.242099870578,4821.007549611734,4779.7318000431405,4783.859375,83624000,0.0,0.0
2019-06-18 00:00:00+07:00,4783.859018306409,4870.5380859375,4783.859018306409,4870.5380859375,78788000,0.0,0.0
2019-06-19 00:00:00+07:00,4870.53751216593,4920.06840212016,4862.282363840225,4903.55810546875,66944500,0.0,0.0
2019-06-20 00:00:00+07:00,4870.538794812817,4903.559396811548,4792.114865065831,4878.7939453125,59504500,0.0,0.0
2019-06-21 00:00:00+07:00,4878.79377092634,4899.431646437872,4821.007719494048,4854.0283203125,144149000,0.0,0.0
2019-06-24 00:00:00+07:00,4866.411179770612,4870.538754986702,4841.645728474069,4849.90087890625,30084000,0.0,0.0
2019-06-25 00:00:00+07:00,4895.304246311865,4920.069697810914,4849.9009185636105,4878.7939453125,40561500,0.0,0.0
2019-06-26 00:00:00+07:00,4903.559627757353,4903.559627757353,4837.51842064951,4841.64599609375,59334500,0.0,0.0
2019-06-27 00:00:00+07:00,4829.262863969039,4899.431640625,4792.114688092354,4899.431640625,77525000,0.0,0.0
2019-06-28 00:00:00+07:00,4936.579677400438,4948.96240234375,4920.069377476022,4948.96240234375,80919000,0.0,0.0
2019-07-01 00:00:00+07:00,4948.961558652441,4973.727004317091,4924.196112987792,4944.833984375,56612500,0.0,0.0
2019-07-02 00:00:00+07:00,4944.835181477864,4953.09033203125,4911.814579264323,4953.09033203125,48563500,0.0,0.0
2019-07-03 00:00:00+07:00,4911.814579264323,4953.09033203125,4903.559428710937,4953.09033203125,43640000,0.0,0.0
2019-07-04 00:00:00+07:00,4953.089132929883,4961.344281484766,4924.196112987792,4944.833984375,28224500,0.0,0.0
2019-07-05 00:00:00+07:00,4969.600458346419,4969.600458346419,4928.32470703125,4928.32470703125,32722500,0.0,0.0
2019-07-08 00:00:00+07:00,4899.431646437872,4920.069521949405,4841.645595005581,4854.0283203125,38361000,0.0,0.0
2019-07-09 00:00:00+07:00,4845.773374837239,4953.09033203125,4845.773374837239,4953.09033203125,47740500,0.0,0.0
2019-07-10 00:00:00+07:00,4953.09033203125,4986.110934244792,4948.962756754557,4953.09033203125,52183500,0.0,0.0
2019-07-11 00:00:00+07:00,4969.600452217323,4973.72802734375,4936.579851205913,4973.72802734375,34279500,0.0,0.0
2019-07-12 00:00:00+07:00,4953.090064735857,4977.855515059536,4948.9624896819105,4961.34521484375,29838000,0.0,0.0
2019-07-15 00:00:00+07:00,5002.620868204853,5048.024192916283,4981.982993336021,5039.76904296875,61453500,0.0,0.0
2019-07-16 00:00:00+07:00,5019.13023829088,5039.768109336484,5010.875089872638,5023.2578125,38075000,0.0,0.0
2019-07-17 00:00:00+07:00,5019.129979674797,5076.916015625,4990.236961699696,5076.916015625,45487000,0.0,0.0
2019-07-18 00:00:00+07:00,5035.640891985354,5093.426935008137,4998.492721470708,5072.7890625,43625500,0.0,0.0
2019-07-19 00:00:00+07:00,5114.064808310232,5126.447531817036,5076.916637789819,5118.1923828125,43973500,0.0,0.0
2019-07-22 00:00:00+07:00,5167.723322299782,5192.48876953125,5118.192427836844,5192.48876953125,37314500,0.0,0.0
2019-07-23 00:00:00+07:00,5151.213512429831,5192.4892617281475,5122.32048792101,5147.0859375,39129500,0.0,0.0
2019-07-24 00:00:00+07:00,5167.7234109374995,5171.850985546875,5089.2994933593745,5159.46826171875,51343500,0.0,0.0
2019-07-25 00:00:00+07:00,5175.97856015625,5180.106134765625,5118.192515625,5159.46826171875,53477500,0.0,0.0
2019-07-26 00:00:00+07:00,5159.468262112843,5159.468262112843,5109.937366796559,5114.06494140625,51797500,0.0,0.0
2019-07-29 00:00:00+07:00,5134.703438951434,5142.958589174828,5085.172537611066,5109.93798828125,68509500,0.0,0.0
2019-07-30 00:00:00+07:00,5122.320400422026,5159.468574155949,5109.937675844052,5134.703125,38225500,0.0,0.0
2019-07-31 00:00:00+07:00,5109.93798828125,5151.213739398223,5101.682838057855,5109.93798828125,64129000,0.0,0.0
2019-08-01 00:00:00+07:00,5109.9384285992855,5175.979636077144,5105.810853131919,5126.44873046875,78228000,0.0,0.0
2019-08-02 00:00:00+07:00,5085.172717710868,5122.320895031808,5085.172717710868,5089.30029296875,62989500,0.0,0.0
2019-08-05 00:00:00+07:00,5130.576068929036,5130.576068929036,4953.09033203125,4953.09033203125,90924000,0.0,0.0
2019-08-06 00:00:00+07:00,4854.0283203125,4915.941946847098,4759.09409295945,4854.0283203125,183296000,0.0,0.0
2019-08-07 00:00:00+07:00,4932.452189466124,4994.365815275322,4874.6661387108725,4961.34521484375,92102000,0.0,0.0
2019-08-08 00:00:00+07:00,4961.344859914914,5019.130906536219,4936.579411362926,4957.21728515625,58295500,0.0,0.0
2019-08-09 00:00:00+07:00,4998.493385057064,5052.151860701772,4998.493385057064,5006.74853515625,48118500,0.0,0.0
2019-08-12 00:00:00+07:00,5010.875309622051,5019.130458402317,4953.089268160182,4986.10986328125,52705000,0.0,0.0
2019-08-13 00:00:00+07:00,4953.088957294264,4986.109550342892,4953.088957294264,4965.4716796875,84406000,0.0,0.0
2019-08-14 00:00:00+07:00,4986.110665167429,5002.620965383216,4936.57976452007,4961.34521484375,81942000,0.0,0.0
2019-08-15 00:00:00+07:00,4887.049127604167,4953.09033203125,4837.518224283854,4953.09033203125,52561500,0.0,0.0
2019-08-16 00:00:00+07:00,4986.11004024224,4986.11004024224,4920.06884765625,4920.06884765625,49821500,0.0,0.0
2019-08-19 00:00:00+07:00,4977.854402080736,4977.854402080736,4924.195938376714,4965.4716796875,30619000,0.0,0.0
2019-08-20 00:00:00+07:00,4981.982286853201,4981.982286853201,4940.70654296875,4940.70654296875,58393500,0.0,0.0
2019-08-21 00:00:00+07:00,4953.089042887029,4957.216617089435,4932.451171875,4932.451171875,55927500,0.0,0.0
2019-08-22 00:00:00+07:00,4891.176702880859,4953.09033203125,4887.049127604167,4953.09033203125,65888000,0.0,0.0
2019-08-23 00:00:00+07:00,4887.048777627189,4948.96240234375,4874.666052683878,4948.96240234375,33083500,0.0,0.0
2019-08-26 00:00:00+07:00,4903.558241600585,4953.089132929883,4837.5170531615195,4944.833984375,41388500,0.0,0.0
2019-08-27 00:00:00+07:00,4986.110308466902,4986.110308466902,4911.813962810938,4957.21728515625,123780000,0.0,0.0
2019-08-28 00:00:00+07:00,4953.089977324854,4969.60027724927,4940.707252381542,4948.96240234375,55688000,0.0,0.0
2019-08-29 00:00:00+07:00,4944.834560880256,4973.727584190909,4940.706986121591,4957.21728515625,51525500,0.0,0.0
2019-08-30 00:00:00+07:00,5019.131301229508,5035.6416015625,4957.217674980789,5035.6416015625,73650000,0.0,0.0
2019-09-02 00:00:00+07:00,5035.641837565104,5035.641837565104,4953.09033203125,4953.09033203125,42429000,0.0,0.0
2019-09-03 00:00:00+07:00,4953.089356678364,4998.49267578125,4953.089356678364,4998.49267578125,42743500,0.0,0.0
2019-09-04 00:00:00+07:00,5002.620696311774,5002.620696311774,4957.217373160429,4969.60009765625,41979000,0.0,0.0
2019-09-05 00:00:00+07:00,5023.258032792452,5023.258032792452,4965.471991330583,4986.10986328125,53650500,0.0,0.0
2019-09-06 00:00:00+07:00,5002.621053228734,5002.621053228734,4973.72802734375,4973.72802734375,54349000,0.0,0.0
2019-09-09 00:00:00+07:00,4994.366124365679,4998.493699675072,4936.580070034175,4981.9833984375,25912000,0.0,0.0
2019-09-10 00:00:00+07:00,4969.599654533959,4998.49267578125,4940.706633286669,4998.49267578125,40291000,0.0,0.0
2019-09-11 00:00:00+07:00,4994.365850730021,5035.6416015625,4961.345250064037,5035.6416015625,45243500,0.0,0.0
2019-09-12 00:00:00+07:00,5035.641294967297,5039.768869799237,4961.344947992369,4969.60009765625,40034000,0.0,0.0
2019-09-13 00:00:00+07:00,5019.131218905472,5027.386368936567,4961.345168687811,4977.85546875,28419500,0.0,0.0
2019-09-16 00:00:00+07:00,4953.089710397585,4965.472434673579,4940.706986121591,4957.21728515625,77289000,0.0,0.0
2019-09-17 00:00:00+07:00,4944.834868625621,4981.983043765547,4940.707293610074,4977.85546875,92037500,0.0,0.0
2019-09-18 00:00:00+07:00,4944.834119379915,4986.10986328125,4944.834119379915,4986.10986328125,28667000,0.0,0.0
2019-09-19 00:00:00+07:00,4965.472743703358,4990.238193796641,4953.090018656716,4977.85546875,61988500,0.0,0.0
2019-09-20 00:00:00+07:00,4994.364875704298,4994.364875704298,4944.833984375,4944.833984375,133433000,0.0,0.0
2019-09-23 00:00:00+07:00,4977.855602470176,4977.855602470176,4953.090151711618,4973.72802734375,47231500,0.0,0.0
2019-09-24 00:00:00+07:00,4936.579547545206,4953.089847035324,4903.558948564971,4907.6865234375,79718500,0.0,0.0
2019-09-25 00:00:00+07:00,4870.538614943134,4899.431640625,4771.476812605308,4899.431640625,88620000,0.0,0.0
2019-09-26 00:00:00+07:00,4953.090675278465,5002.62158203125,4928.325221902072,5002.62158203125,109859000,0.0,0.0
2019-09-27 00:00:00+07:00,4957.217985401437,5015.004040185467,4953.09041005972,5010.87646484375,48010000,0.0,0.0
2019-09-30 00:00:00+07:00,5010.87646484375,5010.87646484375,4957.217985401437,5010.87646484375,73391000,0.0,0.0
2019-10-01 00:00:00+07:00,4961.344416940449,5006.747735231917,4961.344416940449,4986.10986328125,40057000,0.0,0.0
2019-10-02 00:00:00+07:00,4961.344152731147,5010.875042775052,4961.344152731147,4994.36474609375,52376500,0.0,0.0
2019-10-03 00:00:00+07:00,4961.344416940449,4990.237437671383,4911.813524258847,4986.10986328125,50269000,0.0,0.0
2019-10-04 00:00:00+07:00,4936.579322076613,5006.748091704792,4936.579322076613,4990.23779296875,56890500,0.0,0.0
2019-10-07 00:00:00+07:00,5010.87646484375,5019.131615527183,4994.366163476884,5010.87646484375,56705500,0.0,0.0
2019-10-08 00:00:00+07:00,5019.131301229508,5035.6416015625,4965.472825147284,5035.6416015625,46997500,0.0,0.0
2019-10-09 00:00:00+07:00,5035.641916894049,5035.641916894049,4994.366163476884,5010.87646484375,41496500,0.0,0.0
2019-10-10 00:00:00+07:00,4969.600136814648,5043.896484375,4969.600136814648,5043.896484375,65806500,0.0,0.0
2019-10-11 00:00:00+07:00,5019.131607142857,5081.045237165178,5019.131607142857,5056.27978515625,40863500,0.0,0.0
2019-10-14 00:00:00+07:00,5060.406339780746,5118.1923828125,5060.406339780746,5118.1923828125,37514500,0.0,0.0
2019-10-15 00:00:00+07:00,5109.937900904605,5109.937900904605,5072.78972553454,5097.55517578125,40935000,0.0,0.0
2019-10-16 00:00:00+07:00,5118.192471590909,5130.5751953125,5097.554598721591,5130.5751953125,65776500,0.0,0.0
2019-10-17 00:00:00+07:00,5105.809478485282,5126.447350265739,5039.768288787816,5048.0234375,45666500,0.0,0.0
2019-10-18 00:00:00+07:00,5085.1728515625,5093.428002295556,5068.662550096388,5085.1728515625,41008500,0.0,0.0
2019-10-21 00:00:00+07:00,5118.192825562702,5163.596149015274,5105.810100984727,5134.703125,59971500,0.0,0.0
2019-10-22 00:00:00+07:00,5175.979178292411,5200.74462890625,5138.831002371652,5200.74462890625,67259500,0.0,0.0
2019-10-23 00:00:00+07:00,5200.74382937002,5204.871403837774,5167.723233627988,5180.10595703125,62219000,0.0,0.0
2019-10-24 00:00:00+07:00,5192.489478701637,5217.254929315476,5175.979178292411,5200.74462890625,73101000,0.0,0.0
2019-10-25 00:00:00+07:00,5217.254170866936,5221.381745369204,5097.554510301159,5118.1923828125,61929500,0.0,0.0
2019-10-28 00:00:00+07:00,5118.193225599315,5159.4689774186645,5118.193225599315,5122.32080078125,43249500,0.0,0.0
2019-10-29 00:00:00+07:00,5122.320400422026,5151.213424437299,5076.917076969454,5134.703125,79861500,0.0,0.0
2019-10-30 00:00:00+07:00,5184.234777159817,5188.362352619339,5118.193569807462,5171.85205078125,60738000,0.0,0.0
2019-10-31 00:00:00+07:00,5175.978471376938,5200.743918608407,5159.468173222625,5192.48876953125,58420500,0.0,0.0
2019-11-01 00:00:00+07:00,5200.744935770751,5221.3828125,5180.107059041502,5221.3828125,42080500,0.0,0.0
2019-11-04 00:00:00+07:00,5242.019574047559,5266.785020854083,5167.723233627988,5180.10595703125,43794500,0.0,0.0
2019-11-05 00:00:00+07:00,5242.019753126228,5250.27490234375,5175.978559386055,5250.27490234375,66161500,0.0,0.0
2019-11-06 00:00:00+07:00,5266.785471170076,5266.785471170076,5196.61669921875,5196.61669921875,63393000,0.0,0.0
2019-11-07 00:00:00+07:00,5229.637074569909,5229.637074569909,5159.468305613564,5188.361328125,61972000,0.0,0.0
2019-11-08 00:00:00+07:00,5213.126909972756,5213.126909972756,5159.468438215316,5184.23388671875,90040500,0.0,0.0
2019-11-11 00:00:00+07:00,5229.637297784079,5233.7648726047455,5171.851250294752,5196.61669921875,70207000,0.0,0.0
2019-11-12 00:00:00+07:00,5134.703871645551,5184.234777159817,5134.703871645551,5171.85205078125,47635500,0.0,0.0
2019-11-13 00:00:00+07:00,5171.851162467034,5188.361461469322,5171.851162467034,5184.23388671875,40083500,0.0,0.0
2019-11-14 00:00:00+07:00,5171.851428943007,5184.234153832735,5126.448104347338,5175.97900390625,37862000,0.0,0.0
2019-11-15 00:00:00+07:00,5184.233531499004,5192.4886804345115,5163.5956591602335,5180.10595703125,47138000,0.0,0.0
2019-11-18 00:00:00+07:00,5155.340863464744,5188.361461469322,5126.447840210739,5184.23388671875,65599000,0.0,0.0
2019-11-19 00:00:00+07:00,5225.5101669202795,5242.020467605651,5200.744715892221,5213.12744140625,60115000,0.0,0.0
2019-11-20 00:00:00+07:00,5163.596097979208,5242.02001953125,5163.596097979208,5242.02001953125,43229500,0.0,0.0
2019-11-21 00:00:00+07:00,5242.020379929316,5242.020379929316,5200.74462890625,5200.74462890625,57523500,0.0,0.0
2019-11-22 00:00:00+07:00,5184.233708985924,5208.999156640315,5175.978559767794,5204.87158203125,56035000,0.0,0.0
2019-11-25 00:00:00+07:00,5225.509276176544,5229.636850644298,5180.10595703125,5180.10595703125,55133500,0.0,0.0
2019-11-26 00:00:00+07:00,5225.509499925418,5225.509499925418,5175.978604191528,5188.361328125,192783500,0.0,0.0
2019-11-27 00:00:00+07:00,5175.979178292411,5200.74462890625,5151.213727678572,5200.74462890625,58833500,0.0,0.0
2019-11-28 00:00:00+07:00,5196.616433203125,5196.616433203125,5155.340687109375,5159.46826171875,44248000,0.0,0.0
2019-11-29 00:00:00+07:00,5142.958139213028,5196.616610970466,5138.830564462455,5184.23388671875,52954500,0.0,0.0
2019-12-02 00:00:00+07:00,5184.233925097276,5303.93359375,5175.97877553502,5303.93359375,49909000,0.0,0.0
2019-12-03 00:00:00+07:00,5299.805886948529,5299.805886948529,5237.892266773897,5262.65771484375,42823000,0.0,0.0
2019-12-04 00:00:00+07:00,5250.275745041242,5283.296347211312,5246.148169769983,5254.4033203125,37552000,0.0,0.0
2019-12-05 00:00:00+07:00,5250.274947013013,5270.912820232404,5225.5094991497435,5233.7646484375,54168000,0.0,0.0
2019-12-06 00:00:00+07:00,5250.3275065358675,5295.87451171875,5233.764959196638,5295.87451171875,69920500,20.0,0.0
2019-12-09 00:00:00+07:00,5275.171327544713,5295.87451171875,5266.890053875098,5295.87451171875,51667500,0.0,0.0
2019-12-10 00:00:00+07:00,5295.875073644933,5300.015710919089,5266.890612725844,5271.03125,57654000,0.0,0.0
2019-12-11 00:00:00+07:00,5271.031213264107,5287.5937622452975,5258.609301528213,5283.453125,48469000,0.0,0.0
2019-12-12 00:00:00+07:00,5300.014787066246,5304.155423618641,5250.3271484375,5250.3271484375,79198500,0.0,0.0
2019-12-13 00:00:00+07:00,5295.874104049971,5316.577286630307,5258.608375405365,5266.8896484375,70822500,0.0,0.0
2019-12-16 00:00:00+07:00,5250.327102373231,5295.874104049971,5250.327102373231,5266.8896484375,78684000,0.0,0.0
2019-12-17 00:00:00+07:00,5295.874267202524,5382.82763671875,5271.030447340745,5382.82763671875,102914500,0.0,0.0
2019-12-18 00:00:00+07:00,5382.828474856588,5631.2667121576615,5333.140827396373,5594.0009765625,181804000,0.0,0.0
2019-12-19 00:00:00+07:00,5548.451874704072,5565.014417613636,5457.357888701468,5465.63916015625,74171000,0.0,0.0
2019-12-20 00:00:00+07:00,5531.891161669481,5581.578806834178,5473.922242310669,5515.32861328125,99453000,0.0,0.0
2019-12-23 00:00:00+07:00,5531.891161669481,5573.297532640062,5507.047339087134,5515.32861328125,46558500,0.0,0.0
2019-12-26 00:00:00+07:00,5515.328078218563,5569.156355258234,5515.328078218563,5531.890625,38188500,0.0,0.0
2019-12-27 00:00:00+07:00,5523.60931665422,5548.453136669155,5523.60931665422,5544.3125,29945000,0.0,0.0
2019-12-30 00:00:00+07:00,5531.891101229431,5565.016197643979,5523.609827125794,5536.03173828125,61168000,0.0,0.0
2020-01-02 00:00:00+07:00,5544.313000324061,5614.70383005185,5531.891089195628,5540.17236328125,49445000,0.0,0.0
2020-01-03 00:00:00+07:00,5589.859260110294,5631.265625,5569.156077665441,5631.265625,47755500,0.0,0.0
2020-01-06 00:00:00+07:00,5565.01607739421,5589.85989916829,5540.172255620128,5577.43798828125,27300000,0.0,0.0
2020-01-07 00:00:00+07:00,5577.436512570707,5606.420963638261,5573.295876703914,5581.5771484375,45022500,0.0,0.0
2020-01-08 00:00:00+07:00,5523.6093516092815,5585.718902039671,5523.6093516092815,5531.890625,53692500,0.0,0.0
2020-01-09 00:00:00+07:00,5581.5771484375,5593.999056037881,5573.295876703914,5581.5771484375,40363500,0.0,0.0
2020-01-10 00:00:00+07:00,5602.282325307853,5651.969973425883,5556.735314532993,5569.1572265625,73362000,0.0,0.0
2020-01-13 00:00:00+07:00,5581.578113417347,5598.140659747962,5577.4374768346925,5585.71875,67855000,0.0,0.0
2020-01-14 00:00:00+07:00,5585.718945099276,5701.656773463087,5581.578308371998,5689.23486328125,93582000,0.0,0.0
2020-01-15 00:00:00+07:00,5689.234945792567,5846.5791437111375,5631.266030769934,5660.25048828125,75623500,0.0,0.0
2020-01-16 00:00:00+07:00,5635.40711750114,5705.79794850593,5627.125843265283,5672.6728515625,88931500,0.0,0.0
2020-01-17 00:00:00+07:00,5664.39103125,5705.797398437499,5631.265937499999,5693.37548828125,38249500,0.0,0.0
2020-01-20 00:00:00+07:00,5755.48513438986,5776.188318326514,5656.109851493919,5660.25048828125,93554500,0.0,0.0
2020-01-21 00:00:00+07:00,5701.6563758235725,5709.937648700586,5651.968738561493,5656.109375,103984500,0.0,0.0
2020-01-22 00:00:00+07:00,5676.81253426535,5709.93762563962,5660.249988578216,5664.390625,94311500,0.0,0.0
2020-01-23 00:00:00+07:00,5701.6563527960525,5709.93762563962,5656.109352156433,5664.390625,87728000,0.0,0.0
2020-01-24 00:00:00+07:00,5647.828636942456,5697.516278909691,5639.54736328125,5639.54736328125,69653500,0.0,0.0
2020-01-27 00:00:00+07:00,5685.093807108918,5747.203353435672,5643.687442891081,5664.390625,39679000,0.0,0.0
2020-01-28 00:00:00+07:00,5660.251086587583,5668.532361037602,5594.000890987436,5622.9853515625,82615000,0.0,0.0
2020-01-29 00:00:00+07:00,5631.266148903832,5668.5318807715785,5606.422327658668,5618.84423828125,43821000,0.0,0.0
2020-01-30 00:00:00+07:00,5668.530501640162,5668.530501640162,5573.295876703914,5581.5771484375,71990000,0.0,0.0
2020-01-31 00:00:00+07:00,5631.266396604939,5635.407033661266,5366.265625,5366.265625,163136500,0.0,0.0
2020-02-03 00:00:00+07:00,5366.264739421584,5453.218103254803,5275.170739215353,5333.1396484375,149797000,0.0,0.0
2020-02-04 00:00:00+07:00,5440.795345791904,5482.201703065814,5399.388988517992,5465.63916015625,113316500,0.0,0.0
2020-02-05 00:00:00+07:00,5614.702257266901,5614.702257266901,5507.0457243104565,5573.2958984375,123002500,0.0,0.0
2020-02-06 00:00:00+07:00,5581.5771484375,5614.702235371848,5531.88951803598,5581.5771484375,154693500,0.0,0.0
2020-02-07 00:00:00+07:00,5556.734259430474,5614.70317122781,5552.593622873521,5598.140625,82609000,0.0,0.0
2020-02-10 00:00:00+07:00,5598.14105391028,5618.84423828125,5490.4844951812365,5618.84423828125,66578500,0.0,0.0
2020-02-11 00:00:00+07:00,5618.844250164201,5618.844250164201,5585.719155100594,5614.70361328125,77526500,0.0,0.0
2020-02-12 00:00:00+07:00,5631.265625,5631.265625,5598.140533088235,5631.265625,69971500,0.0,0.0
2020-02-13 00:00:00+07:00,5647.829174912556,5647.829174912556,5581.578979312409,5622.9853515625,49737000,0.0,0.0
2020-02-14 00:00:00+07:00,5614.703358907186,5627.1252689932635,5527.749988304641,5531.890625,147028500,0.0,0.0
2020-02-17 00:00:00+07:00,5531.891502743675,5589.860425676618,5531.891502743675,5565.0166015625,115319000,0.0,0.0
2020-02-18 00:00:00+07:00,5536.0312266616875,5565.01568334578,5523.60931665422,5544.3125,98436500,0.0,0.0
2020-02-19 00:00:00+07:00,5519.468679985063,5598.140776699029,5519.468679985063,5544.3125,74594000,0.0,0.0
2020-02-20 00:00:00+07:00,5540.172595390684,5544.313232606971,5436.656664983534,5461.50048828125,136724500,0.0,0.0
2020-02-21 00:00:00+07:00,5465.640589569161,5515.328231292518,5461.499952758882,5478.0625,98261000,0.0,0.0
2020-02-24 00:00:00+07:00,5436.656837059985,5465.6412984913795,5391.109826239224,5403.53173828125,84910000,0.0,0.0
2020-02-25 00:00:00+07:00,5424.2339330792975,5432.515206259571,5391.1088403582025,5407.67138671875,86446500,0.0,0.0
2020-02-26 00:00:00+07:00,5382.827825338298,5411.8122828593505,5316.57763671875,5316.57763671875,92824500,0.0,0.0
2020-02-27 00:00:00+07:00,5357.98381762967,5362.124454273897,5134.3894388414155,5208.9208984375,129254500,0.0,0.0
2020-02-28 00:00:00+07:00,5134.3894388414155,5208.9208984375,4997.748429581926,5208.9208984375,169946500,0.0,0.0
2020-03-02 00:00:00+07:00,5208.920394094366,5208.920394094366,4997.747945685135,5035.013671875,144871500,0.0,0.0
2020-03-03 00:00:00+07:00,5134.389849312697,5258.608958570263,5134.389849312697,5233.76513671875,114663500,0.0,0.0
2020-03-04 00:00:00+07:00,5229.623739112238,5382.827284913626,5184.076739009122,5333.1396484375,83025000,0.0,0.0
2020-03-05 00:00:00+07:00,5415.95337995338,5415.95337995338,5250.327894327895,5329.0,77583000,0.0,0.0
2020-03-06 00:00:00+07:00,5258.608252740676,5258.608252740676,5134.38916015625,5134.38916015625,77835500,0.0,0.0
2020-03-09 00:00:00+07:00,4968.764179991357,5001.889274524633,4790.716796875,4790.716796875,140889500,0.0,0.0
2020-03-10 00:00:00+07:00,4836.262994462026,4977.044622725475,4836.262994462026,4906.65380859375,133667000,0.0,0.0
2020-03-11 00:00:00+07:00,4927.357655582266,4952.2014756944445,4794.857281650641,4844.544921875,93204500,0.0,0.0
2020-03-12 00:00:00+07:00,4637.512786645683,4670.6378779788665,4521.574966979541,4604.3876953125,129845500,0.0,0.0
2020-03-13 00:00:00+07:00,4604.3876953125,4604.3876953125,4604.3876953125,4604.3876953125,0,0.0,0.0
2020-03-16 00:00:00+07:00,4604.3876953125,4604.3876953125,4604.3876953125,4604.3876953125,0,0.0,0.0
2020-03-17 00:00:00+07:00,4550.5605001449585,4558.841774940491,4240.0126953125,4240.0126953125,212200000,0.0,0.0
2020-03-18 00:00:00+07:00,4240.012500000001,4455.325634765625,3946.0272583007813,4140.63720703125,180053500,0.0,0.0
2020-03-19 00:00:00+07:00,4136.495651934224,4136.495651934224,3850.791748046875,3850.791748046875,264419000,0.0,0.0
2020-03-20 00:00:00+07:00,3809.3861474557816,4459.466174793344,3581.6511060317944,3921.183349609375,335132000,0.0,0.0
2020-03-23 00:00:00+07:00,3941.886542395598,4140.637124365124,3647.9013065656745,3668.6044921875,217843500,0.0,0.0
2020-03-24 00:00:00+07:00,3685.1663899739583,4136.495756835938,3685.1663899739583,3726.57275390625,253971000,0.0,0.0
2020-03-26 00:00:00+07:00,3850.7920005104756,4467.74684790409,3850.7920005104756,4372.51220703125,331633000,0.0,0.0
2020-03-27 00:00:00+07:00,4438.762349705082,4881.810457371541,4434.621713184834,4562.9814453125,269683000,0.0,0.0
2020-03-30 00:00:00+07:00,4538.136686760691,4600.246221707233,4268.995368659008,4550.55859375,159964500,0.0,0.0
2020-03-31 00:00:00+07:00,4687.200505514706,4728.606870404412,4542.278228400735,4575.4033203125,182638500,0.0,0.0
2020-04-01 00:00:00+07:00,4604.3883760549725,4761.732583150377,4492.59117627666,4538.13818359375,152831500,0.0,0.0
2020-04-02 00:00:00+07:00,4529.85707980736,4529.85707980736,4438.763061749076,4480.16943359375,136623500,0.0,0.0
2020-04-03 00:00:00+07:00,4521.57414410828,4579.54304339172,4442.902066509327,4550.55859375,110506000,0.0,0.0
2020-04-06 00:00:00+07:00,4571.262689352659,4753.450695087729,4550.559506882765,4749.31005859375,78184000,0.0,0.0
2020-04-07 00:00:00+07:00,4749.311235476763,5051.5777744391025,4620.951472355769,4683.06103515625,149153500,0.0,0.0
2020-04-08 00:00:00+07:00,4683.060105385564,4687.200742083518,4538.137820957188,4666.49755859375,106111500,0.0,0.0
2020-04-09 00:00:00+07:00,4637.513195375335,4716.185294225453,4554.700459743633,4633.37255859375,89997000,0.0,0.0
2020-04-13 00:00:00+07:00,4587.826271306819,4649.9358327414775,4538.138622159091,4554.701171875,58043000,0.0,0.0
2020-04-14 00:00:00+07:00,4558.8417720846555,4629.2326078025835,4509.154123342589,4567.123046875,95796000,0.0,0.0
2020-04-15 00:00:00+07:00,4567.123121652803,4662.357783301049,4509.154197171262,4542.279296875,95342000,0.0,0.0
2020-04-16 00:00:00+07:00,4542.278913891043,4571.263373687977,4293.840687060174,4339.3876953125,176990500,0.0,0.0
2020-04-17 00:00:00+07:00,4389.074902793779,4509.153367115496,4372.512355990783,4492.5908203125,160935500,0.0,0.0
2020-04-20 00:00:00+07:00,4496.731127998074,4554.7000375671105,4413.918400042308,4434.62158203125,90744000,0.0,0.0
2020-04-21 00:00:00+07:00,4511.284777264263,4511.284777264263,4347.00830078125,4347.00830078125,73431000,91.0,0.0
2020-04-22 00:00:00+07:00,4347.0077441690955,4410.190996264577,4250.126757622692,4334.37109375,107263500,0.0,0.0
2020-04-23 00:00:00+07:00,4363.857154846191,4418.615980148315,4313.310546875,4313.310546875,105419500,0.0,0.0
2020-04-24 00:00:00+07:00,4313.310467479675,4330.159336493268,4144.82177734375,4144.82177734375,131149500,0.0,0.0
2020-04-27 00:00:00+07:00,4161.670662172379,4229.066138482863,4090.0629685924896,4178.51953125,151103500,0.0,0.0
2020-04-28 00:00:00+07:00,4178.519353325569,4191.156004595707,4047.940623534145,4069.001708984375,180488000,0.0,0.0
2020-04-29 00:00:00+07:00,4064.7890146786403,4085.85009765625,4043.7279317010307,4085.85009765625,121161000,0.0,0.0
2020-04-30 00:00:00+07:00,4111.12309598646,4422.827101214942,4111.12309598646,4355.431640625,174081000,0.0,0.0
2020-05-04 00:00:00+07:00,4338.583647629311,4464.950161637931,4212.21713362069,4397.5546875,114497500,0.0,0.0
2020-05-05 00:00:00+07:00,4397.554654239593,4498.647864681882,4380.705785832545,4452.3134765625,118643500,0.0,0.0
2020-05-06 00:00:00+07:00,4477.586445385446,4523.920830050771,4464.949795022176,4511.2841796875,86395500,0.0,0.0
2020-05-08 00:00:00+07:00,4502.859566774905,4549.193949594853,4338.583118595091,4418.615234375,123028000,0.0,0.0
2020-05-11 00:00:00+07:00,4418.615623063473,4486.011094911915,4418.615623063473,4460.73779296875,40615500,0.0,0.0
2020-05-12 00:00:00+07:00,4498.647898706897,4498.647898706897,4237.490436422414,4397.5546875,118660000,0.0,0.0
2020-05-13 00:00:00+07:00,4347.007911876223,4355.432345813968,4283.824657343139,4304.8857421875,94973000,0.0,0.0
2020-05-14 00:00:00+07:00,4271.188294945694,4304.886032972879,4132.185125583555,4144.82177734375,131268000,0.0,0.0
2020-05-15 00:00:00+07:00,4144.821659482759,4208.004916487069,3942.6352370689656,4031.091796875,205790000,0.0,0.0
2020-05-18 00:00:00+07:00,4043.728439795383,4081.6383939184648,4001.6062685475144,4014.242919921875,139997500,0.0,0.0
2020-05-19 00:00:00+07:00,4077.426202757746,4178.519414396367,3942.63525390625,3942.63525390625,128504500,0.0,0.0
2020-05-20 00:00:00+07:00,3976.3329657987933,4043.728439795383,3951.0596630500722,4014.242919921875,119158000,0.0,0.0
2020-05-26 00:00:00+07:00,4022.6669096610913,4212.216659330986,4022.6669096610913,4186.943359375,176076500,0.0,0.0
2020-05-27 00:00:00+07:00,4186.943662276561,4212.216964060926,4090.0626721031595,4182.7314453125,151753500,0.0,0.0
2020-05-28 00:00:00+07:00,4212.2169905276205,4481.798877921388,4212.2169905276205,4460.73779296875,229233000,0.0,0.0
2020-05-29 00:00:00+07:00,4460.738305240698,4460.738305240698,4372.28173828125,4372.28173828125,399414000,0.0,0.0
2020-06-02 00:00:00+07:00,4431.252242814249,4633.438656935051,4414.403374970849,4515.49658203125,181369500,0.0,0.0
2020-06-03 00:00:00+07:00,4557.6191592100995,4869.3232421875,4549.194724535035,4869.3232421875,279673500,0.0,0.0
2020-06-04 00:00:00+07:00,4869.322636685018,5046.235742862154,4717.682831390328,4877.7470703125,236158500,0.0,0.0
2020-06-05 00:00:00+07:00,4877.748087813865,4932.506917815229,4705.047162424945,4822.9892578125,88157500,0.0,0.0
2020-06-08 00:00:00+07:00,4848.261723715573,4991.47710043697,4848.261723715573,4970.416015625,173557500,0.0,0.0
2020-06-09 00:00:00+07:00,5004.1136446220935,5050.448030220446,4881.959355317345,4890.3837890625,100110000,0.0,0.0
2020-06-10 00:00:00+07:00,4886.171875,4940.930697737069,4713.470972521552,4886.171875,115382500,0.0,0.0
2020-06-11 00:00:00+07:00,4844.049652529435,4894.596257599307,4721.89535694391,4785.07861328125,85187500,0.0,0.0
2020-06-12 00:00:00+07:00,4785.07922040344,4785.07922040344,4616.590515459657,4776.65478515625,96044000,0.0,0.0
2020-06-15 00:00:00+07:00,4785.079289772727,4810.352595880682,4633.439453125,4633.439453125,100844500,0.0,0.0
2020-06-16 00:00:00+07:00,4700.833831787109,4881.959149678549,4700.833831787109,4852.4736328125,91518500,0.0,0.0
2020-06-17 00:00:00+07:00,4886.171840854458,4886.171840854458,4785.078630354021,4818.7763671875,79800000,0.0,0.0
2020-06-18 00:00:00+07:00,4818.776245663607,4835.625113655438,4705.04638671875,4705.04638671875,68032000,0.0,0.0
2020-06-19 00:00:00+07:00,4717.682665358745,4759.804832013733,4671.348282038257,4696.62158203125,110071000,0.0,0.0
2020-06-22 00:00:00+07:00,4713.471108557085,4768.229932874549,4658.712284239621,4667.13671875,51590500,0.0,0.0
2020-06-23 00:00:00+07:00,4692.4095697912035,4768.229473073287,4650.287401301157,4734.53173828125,69954000,0.0,0.0
2020-06-24 00:00:00+07:00,4759.805744515502,4852.474528921998,4751.381309569457,4806.14013671875,57333000,0.0,0.0
2020-06-25 00:00:00+07:00,4801.928169350436,4839.838128582151,4751.3815570414845,4822.9892578125,51415000,0.0,0.0
2020-06-26 00:00:00+07:00,4818.776025520372,4852.4737599645705,4751.380556631975,4755.5927734375,57467500,0.0,0.0
2020-06-29 00:00:00+07:00,4751.380692455948,4797.715078641245,4705.04630627065,4780.8662109375,48796500,0.0,0.0
2020-06-30 00:00:00+07:00,4801.92706046971,4835.624794227392,4768.2293267120285,4797.71484375,74474000,0.0,0.0
2020-07-01 00:00:00+07:00,4801.927532327586,4886.171875,4780.866446659483,4886.171875,63959000,0.0,0.0
2020-07-02 00:00:00+07:00,4865.110458036094,4945.142578125,4852.47380749574,4945.142578125,75585500,0.0,0.0
2020-07-03 00:00:00+07:00,4945.142578125,4974.628096052491,4919.869277044293,4945.142578125,52219000,0.0,0.0
2020-07-06 00:00:00+07:00,4936.719079085931,4999.90234375,4928.294643797389,4999.90234375,67800000,0.0,0.0
2020-07-07 00:00:00+07:00,5004.113186691361,5050.447568049614,4970.415454794449,5046.2353515625,74168000,0.0,0.0
2020-07-08 00:00:00+07:00,5046.236288747479,5277.908238564768,5037.8118542086695,5223.1494140625,106444500,0.0,0.0
2020-07-09 00:00:00+07:00,5231.573559970543,5256.846862192622,5079.933746638063,5138.90478515625,93543500,0.0,0.0
2020-07-10 00:00:00+07:00,5138.905068674395,5256.8471522177415,5122.056199596774,5223.1494140625,67224000,0.0,0.0
2020-07-13 00:00:00+07:00,5248.422769325658,5256.847203947368,5172.602857730263,5202.08837890625,86006000,0.0,0.0
2020-07-14 00:00:00+07:00,5202.0883277154735,5223.1494140625,5147.3295032132055,5223.1494140625,45616500,0.0,0.0
2020-07-15 00:00:00+07:00,5223.14853277439,5256.846265243902,5181.0263671875,5181.0263671875,61468000,0.0,0.0
2020-07-16 00:00:00+07:00,5181.0265046647455,5223.148671369337,5172.602071323827,5206.2998046875,66520500,0.0,0.0
2020-07-17 00:00:00+07:00,5168.390068502988,5206.300020105698,5088.357948452819,5155.75341796875,73348000,0.0,0.0
2020-07-20 00:00:00+07:00,5155.753184166327,5189.450917396172,5105.206584321559,5172.60205078125,59794500,0.0,0.0
2020-07-21 00:00:00+07:00,5138.905068674395,5252.634934948336,5138.905068674395,5223.1494140625,84159500,0.0,0.0
2020-07-22 00:00:00+07:00,5231.5731047102545,5265.270838073928,5164.177637982909,5206.2998046875,44725500,0.0,0.0
2020-07-23 00:00:00+07:00,5206.300544984879,5235.786065870716,5172.602806829637,5223.1494140625,84026500,0.0,0.0
2020-07-24 00:00:00+07:00,5223.149125896516,5223.149125896516,5138.90478515625,5138.90478515625,58366500,0.0,0.0
2020-07-27 00:00:00+07:00,5138.90478515625,5172.602521452356,5054.660444415983,5138.90478515625,41972500,0.0,0.0
2020-07-28 00:00:00+07:00,5155.753388363985,5223.148857492926,5105.206786517279,5210.51220703125,65279000,0.0,0.0
2020-07-29 00:00:00+07:00,5210.51181346144,5210.51181346144,5138.904132920742,5168.3896484375,50262500,0.0,0.0
2020-07-30 00:00:00+07:00,5168.39012498122,5256.8466796875,5100.994654728816,5256.8466796875,80533500,0.0,0.0
2020-08-03 00:00:00+07:00,5239.9981313086255,5252.634782750689,4907.232976667644,5164.17822265625,137079000,0.0,0.0
2020-08-04 00:00:00+07:00,5185.238857594857,5239.997675749799,5164.177773689111,5231.5732421875,79357000,0.0,0.0
2020-08-05 00:00:00+07:00,5223.149598987711,5239.998468661865,5138.905250616942,5227.36181640625,49393000,0.0,0.0
2020-08-06 00:00:00+07:00,5235.785846941768,5303.18132043418,5210.512544382113,5273.69580078125,55258500,0.0,0.0
2020-08-07 00:00:00+07:00,5277.907488085305,5294.756354767142,5189.450938005663,5206.2998046875,43621000,0.0,0.0
2020-08-10 00:00:00+07:00,5206.300020105698,5223.148887484682,5143.116767434513,5155.75341796875,37774500,0.0,0.0
2020-08-11 00:00:00+07:00,5172.602857730263,5223.149465460526,5164.178423108552,5202.08837890625,38795500,0.0,0.0
2020-08-12 00:00:00+07:00,5202.088110195562,5273.69580078125,5189.451458915734,5273.69580078125,35612000,0.0,0.0
2020-08-13 00:00:00+07:00,5273.6948474702385,5307.392578125,5206.299386160715,5307.392578125,48581000,0.0,0.0
2020-08-14 00:00:00+07:00,5307.393538678279,5395.85009765625,5256.8469335480095,5395.85009765625,57316000,0.0,0.0
2020-08-18 00:00:00+07:00,5395.849893821861,5412.698761562132,5307.393338185437,5357.93994140625,81563500,0.0,0.0
2020-08-19 00:00:00+07:00,5357.939804872631,5400.061973149931,5315.8176365953295,5332.66650390625,58793500,0.0,0.0
2020-08-24 00:00:00+07:00,5341.092339667459,5374.790083135392,5290.545724465558,5320.03125,66882500,0.0,0.0
2020-08-25 00:00:00+07:00,5324.2419051944225,5374.788505560192,5311.60525510298,5362.15185546875,49211000,0.0,0.0
2020-08-26 00:00:00+07:00,5379.000770929861,5383.2129876651225,5311.605303165665,5341.0908203125,42983000,0.0,0.0
2020-08-27 00:00:00+07:00,5362.151323168206,5560.12548828125,5341.090241773201,5560.12548828125,68326000,0.0,0.0
2020-08-28 00:00:00+07:00,5526.429236431871,5560.126975678407,5412.699366474812,5471.67041015625,52292500,0.0,0.0
2020-08-31 00:00:00+07:00,5475.881785358566,5509.579519422311,5286.33203125,5286.33203125,97032000,0.0,0.0
2020-09-01 00:00:00+07:00,5290.544541435007,5492.73095703125,5256.8468055023,5492.73095703125,67446000,0.0,0.0
2020-09-02 00:00:00+07:00,5492.731722270785,5526.429462898213,5362.1529773395005,5421.1240234375,66065000,0.0,0.0
2020-09-03 00:00:00+07:00,5446.396804011419,5475.88232421875,5307.393637319712,5475.88232421875,68208500,0.0,0.0
2020-09-04 00:00:00+07:00,5433.76010237069,5433.76010237069,5277.908068426725,5374.7890625,80613500,0.0,0.0
2020-09-07 00:00:00+07:00,5336.879006470018,5357.940091736277,5223.1491460322195,5294.7568359375,64249500,0.0,0.0
2020-09-08 00:00:00+07:00,5294.7562520810725,5357.939500912589,5294.7562520810725,5336.87841796875,39649000,0.0,0.0
2020-09-09 00:00:00+07:00,5307.393469463071,5324.242337620096,5231.573562756455,5261.05908203125,49285000,0.0,0.0
2020-09-10 00:00:00+07:00,5239.9985107842085,5239.9985107842085,4894.5966796875,4894.5966796875,175735000,0.0,0.0
2020-09-11 00:00:00+07:00,4886.171378863251,5033.598963570333,4734.531577450254,4974.6279296875,403032500,0.0,0.0
2020-09-14 00:00:00+07:00,5054.661027892562,5151.542030927169,5042.024375322831,5096.783203125,138115000,0.0,0.0
2020-09-15 00:00:00+07:00,5088.358071805674,5138.904675167982,4936.71826171875,4936.71826171875,170087000,0.0,0.0
2020-09-16 00:00:00+07:00,4936.7180859375,4945.14251953125,4839.837099609375,4844.04931640625,158565500,0.0,0.0
2020-09-17 00:00:00+07:00,4844.04950179192,4932.506057911599,4772.441813504562,4848.26171875,138796000,0.0,0.0
2020-09-18 00:00:00+07:00,4801.927583467474,4831.413103716835,4692.409936826987,4742.95654296875,316912000,0.0,0.0
2020-09-21 00:00:00+07:00,4751.380537048394,4831.412656023501,4713.470585954923,4721.89501953125,112443000,0.0,0.0
2020-09-22 00:00:00+07:00,4650.28744266055,4688.197394638762,4574.467538704129,4591.31640625,163442500,0.0,0.0
2020-09-23 00:00:00+07:00,4591.3160088839695,4705.04585497559,4570.25492627441,4637.650390625,100517000,0.0,0.0
2020-09-24 00:00:00+07:00,4574.468327629993,4662.9248975012915,4540.770586726641,4587.10498046875,88618500,0.0,0.0
2020-09-25 00:00:00+07:00,4616.589304116533,4738.743583148814,4599.740438043114,4726.10693359375,100705000,0.0,0.0
2020-09-28 00:00:00+07:00,4759.8050505014735,4797.715002231131,4633.438544735947,4646.0751953125,93522000,0.0,0.0
2020-09-29 00:00:00+07:00,4696.621421931767,4747.168020194709,4599.740441927793,4637.650390625,117778500,0.0,0.0
2020-09-30 00:00:00+07:00,4688.197254814345,4688.197254814345,4566.04296875,4566.04296875,107377000,0.0,0.0
2020-10-01 00:00:00+07:00,4620.801499207529,4692.4091796875,4616.589282708707,4692.4091796875,56893000,0.0,0.0
2020-10-02 00:00:00+07:00,4683.984772366031,4688.196988887943,4582.891575840145,4637.650390625,66848000,0.0,0.0
2020-10-05 00:00:00+07:00,4646.075380629388,4683.98533387115,4599.7409933338995,4650.28759765625,58291000,0.0,0.0
2020-10-06 00:00:00+07:00,4742.955727453399,4814.563407175165,4717.682428728071,4801.9267578125,141955500,0.0,0.0
2020-10-07 00:00:00+07:00,4717.682993049522,4848.26171875,4700.834125217202,4848.26171875,89937500,0.0,0.0
2020-10-08 00:00:00+07:00,4877.747676862565,4886.1721115376295,4810.352199462046,4869.3232421875,77384500,0.0,0.0
2020-10-09 00:00:00+07:00,4844.048781622024,4865.10986328125,4818.775483630952,4865.10986328125,54250500,0.0,0.0
2020-10-12 00:00:00+07:00,4919.869209009394,4949.354726529142,4911.444775432323,4932.505859375,82918500,0.0,0.0
2020-10-13 00:00:00+07:00,4919.869209009394,4936.718076163535,4860.8981739698975,4932.505859375,48250500,0.0,0.0
2020-10-14 00:00:00+07:00,4919.869412076271,4970.416015625,4894.596110301907,4970.416015625,83117500,0.0,0.0
2020-10-15 00:00:00+07:00,4949.35506360739,4953.5672806828,4852.474070872947,4873.53515625,82067000,0.0,0.0
2020-10-16 00:00:00+07:00,4873.534716288249,4877.746932983398,4827.200332641602,4852.4736328125,89051500,0.0,0.0
2020-10-19 00:00:00+07:00,4844.049506753178,4970.416015625,4810.351771054025,4970.416015625,56871500,0.0,0.0
2020-10-20 00:00:00+07:00,4953.567042151163,4953.567042151163,4873.53492157219,4890.3837890625,74995500,0.0,0.0
2020-10-21 00:00:00+07:00,4936.718719588019,4940.930936925552,4827.201068812175,4869.3232421875,77944000,0.0,0.0
2020-10-22 00:00:00+07:00,4835.625269396552,4886.171875,4806.139749461207,4886.171875,96872500,0.0,0.0
2020-10-23 00:00:00+07:00,4919.868981531628,4919.868981531628,4844.049082843641,4860.89794921875,66328000,0.0,0.0
2020-10-26 00:00:00+07:00,4822.987722854417,4915.656482594852,4822.987722854417,4898.8076171875,70452500,0.0,0.0
2020-10-27 00:00:00+07:00,4898.808154381207,4911.444804822431,4848.261552616311,4877.7470703125,89482000,0.0,0.0
2020-11-02 00:00:00+07:00,4852.474387886598,4907.233213444346,4818.77664908183,4903.02099609375,151006500,0.0,0.0
2020-11-03 00:00:00+07:00,4919.869528597199,4966.203916280905,4915.657311535044,4961.99169921875,78152000,0.0,0.0
2020-11-04 00:00:00+07:00,4970.416473703286,5004.114212508054,4873.535474639578,4903.02099609375,78626000,0.0,0.0
2020-11-05 00:00:00+07:00,4970.415539253048,5206.299666539634,4970.415539253048,5181.0263671875,161090000,0.0,0.0
2020-11-06 00:00:00+07:00,5189.450520833334,5307.392578125,5105.206194196428,5307.392578125,137303500,0.0,0.0
2020-11-09 00:00:00+07:00,5307.393487097255,5391.637828162291,5235.785797191975,5294.7568359375,82739500,0.0,0.0
2020-11-10 00:00:00+07:00,5387.425032627435,5560.125913266782,5374.788382824556,5459.03271484375,191073500,0.0,0.0
2020-11-11 00:00:00+07:00,5509.58056640625,5530.641654198323,5459.033955705276,5509.58056640625,131383500,0.0,0.0
2020-11-12 00:00:00+07:00,5400.061894592095,5471.669579621787,5395.849677825643,5408.486328125,83082500,0.0,0.0
2020-11-13 00:00:00+07:00,5408.486681154636,5433.7599834030225,5324.242340326682,5383.21337890625,82374500,0.0,0.0
2020-11-16 00:00:00+07:00,5463.244931444709,5463.244931444709,5379.000599425516,5459.03271484375,54905000,0.0,0.0
2020-11-17 00:00:00+07:00,5475.881254472805,5530.6400670175335,5467.456821773617,5518.00341796875,119784000,0.0,0.0
2020-11-18 00:00:00+07:00,5518.003672885749,5539.064755606688,5509.579239797375,5534.8525390625,99789000,0.0,0.0
2020-11-19 00:00:00+07:00,5492.73154053288,5593.824759070295,5488.51932309382,5572.763671875,147346500,0.0,0.0
2020-11-20 00:00:00+07:00,5593.823218513257,5602.2476510712595,5518.0033254912405,5560.12548828125,68468500,0.0,0.0
2020-11-23 00:00:00+07:00,5560.12548828125,5568.549920839252,5518.0033254912405,5560.12548828125,75265500,0.0,0.0
2020-11-24 00:00:00+07:00,5560.126142421935,5560.126142421935,5513.791757901751,5530.640625,72349500,0.0,0.0
2020-11-25 00:00:00+07:00,5543.276883653471,5547.489100130411,5374.788224575858,5400.0615234375,170140500,0.0,0.0
2020-11-26 00:00:00+07:00,5349.515083218798,5467.457148045669,5307.392917209201,5459.03271484375,64339000,0.0,0.0
2020-11-27 00:00:00+07:00,5459.033097592012,5467.457531384593,5374.788759666209,5379.0009765625,87361500,0.0,0.0
2020-11-30 00:00:00+07:00,5379.001643473635,5391.638295729251,5168.390772546712,5227.36181640625,393091500,0.0,0.0
2020-12-01 00:00:00+07:00,5239.998654649628,5421.12401007562,5239.998654649628,5387.42626953125,114563500,0.0,0.0
2020-12-02 00:00:00+07:00,5442.1841993701555,5463.245283733043,5341.090994428295,5433.759765625,93897500,0.0,0.0
2020-12-03 00:00:00+07:00,5475.882307589977,5496.9433933884,5412.6990501947075,5442.1845703125,98210000,0.0,0.0
2020-12-04 00:00:00+07:00,5442.184417485818,5446.396634527216,5357.940076657864,5383.21337890625,64995500,0.0,0.0
2020-12-07 00:00:00+07:00,5475.882089064896,5543.277560930311,5459.0332210985425,5492.73095703125,96636000,0.0,0.0
2020-12-08 00:00:00+07:00,5509.368899869993,5509.368899869993,5429.094353016058,5484.01904296875,70561500,19.6,0.0
2020-12-10 00:00:00+07:00,5568.5196574976235,5576.969611454372,5526.269887713878,5555.8447265625,151420500,0.0,0.0
2020-12-11 00:00:00+07:00,5576.969567789532,5729.068737820156,5572.744590844237,5691.0439453125,214160000,0.0,0.0
2020-12-14 00:00:00+07:00,5745.96825742302,5771.3181173822395,5741.74328076315,5762.8681640625,179785500,0.0,0.0
2020-12-15 00:00:00+07:00,5771.317878284932,5830.467549072625,5581.193936467346,5737.51806640625,164024500,0.0,0.0
2020-12-16 00:00:00+07:00,5796.668190759892,5872.7177734375,5779.7682834982015,5872.7177734375,138674000,0.0,0.0
2020-12-17 00:00:00+07:00,5885.392339793056,5914.967175671413,5762.868019725576,5860.04248046875,91920000,0.0,0.0
2020-12-18 00:00:00+07:00,5860.042133645451,5860.042133645451,5707.942986701517,5745.9677734375,147238500,0.0,0.0
2020-12-21 00:00:00+07:00,5822.0175888486,5822.0175888486,5745.968012216325,5771.31787109375,93692500,0.0,0.0
2020-12-22 00:00:00+07:00,5695.268437616343,5762.868062988645,5669.918578101731,5674.1435546875,61790500,0.0,0.0
2020-12-23 00:00:00+07:00,5834.692913568773,5834.692913568773,5593.869237918216,5682.59375,76948000,0.0,0.0
2020-12-28 00:00:00+07:00,5737.5183127074115,5762.868172704646,5627.668919386062,5729.068359375,60234000,0.0,0.0
2020-12-29 00:00:00+07:00,5724.843508205146,5754.418345516907,5695.268670893385,5716.3935546875,34212500,0.0,0.0
2020-12-30 00:00:00+07:00,5745.968022987445,5745.968022987445,5661.468493237629,5720.6181640625,52675500,0.0,0.0
2021-01-04 00:00:00+07:00,5745.968132772495,5792.442875022861,5678.368507681053,5775.54296875,47937000,0.0,0.0
2021-01-05 00:00:00+07:00,5796.668157451075,5991.01708984375,5788.218203868785,5991.01708984375,104831000,0.0,0.0
2021-01-06 00:00:00+07:00,5957.2171870781585,5978.34207072028,5813.567978311736,5868.49267578125,89753500,0.0,0.0
2021-01-07 00:00:00+07:00,5914.96692446608,5957.2166882122665,5838.917349722945,5885.39208984375,71360000,0.0,0.0
2021-01-08 00:00:00+07:00,5944.541867519947,5982.566655585107,5893.842150099735,5957.216796875,75033500,0.0,0.0
2021-01-11 00:00:00+07:00,6041.717107992256,6219.166141933288,6037.49213099366,6206.4912109375,169034500,0.0,0.0
2021-01-12 00:00:00+07:00,6206.491139332009,6236.06597798097,6050.1669921875,6050.1669921875,95235000,0.0,0.0
2021-01-13 00:00:00+07:00,6121.991114584248,6147.340974271967,5974.116933072551,6016.36669921875,76581500,0.0,0.0
2021-01-14 00:00:00+07:00,5957.216556907719,5991.016367159677,5910.741817811276,5931.86669921875,89319500,0.0,0.0
2021-01-15 00:00:00+07:00,5995.241726247978,5999.466702799245,5779.767922133357,5876.9423828125,89853500,0.0,0.0
2021-01-18 00:00:00+07:00,5876.942470936293,6020.59167583337,5783.992985414655,6016.36669921875,86343000,0.0,0.0
2021-01-19 00:00:00+07:00,6016.366581879845,6016.366581879845,5919.192121638808,5995.24169921875,73777000,0.0,0.0
2021-01-20 00:00:00+07:00,6054.391370669816,6164.2407605075105,5974.1168165576555,5995.24169921875,107216000,0.0,0.0
2021-01-21 00:00:00+07:00,6151.566337234983,6168.466244754859,5965.667354516343,5978.34228515625,66428000,0.0,0.0
2021-01-22 00:00:00+07:00,5978.341917910818,6050.166520458157,5978.341917910818,5982.56689453125,80829000,0.0,0.0
2021-01-25 00:00:00+07:00,6083.966717750533,6083.966717750533,5914.967642257463,5944.54248046875,76836500,0.0,0.0
2021-01-26 00:00:00+07:00,5876.942533878986,5914.967323817815,5762.8681640625,5762.8681640625,98658000,0.0,0.0
2021-01-27 00:00:00+07:00,5762.867925315261,5855.817407981636,5665.693466164051,5737.51806640625,97920000,0.0,0.0
2021-01-28 00:00:00+07:00,5737.517806697237,5851.5921666242075,5737.517806697237,5830.46728515625,104627000,0.0,0.0
2021-01-29 00:00:00+07:00,5830.467305380917,5914.966831545858,5712.16796875,5712.16796875,132762500,0.0,0.0
2021-02-01 00:00:00+07:00,5712.168444144061,5847.367697259897,5572.744214368356,5762.8681640625,113129000,0.0,0.0
2021-02-02 00:00:00+07:00,5885.39199146944,5898.066920381434,5745.9677734375,5745.9677734375,86741000,0.0,0.0
2021-02-03 00:00:00+07:00,5914.966947115384,5914.966947115384,5767.0927734375,5767.0927734375,67291000,0.0,0.0
2021-02-04 00:00:00+07:00,5847.367566443289,5914.967191488877,5775.542964832353,5792.44287109375,80950500,0.0,0.0
2021-02-05 00:00:00+07:00,5805.11778911334,5872.717414022957,5792.442859442787,5843.142578125,51602000,0.0,0.0
2021-02-08 00:00:00+07:00,5957.21756598853,5961.442542985685,5813.56834808526,5847.3681640625,45604000,0.0,0.0
2021-02-09 00:00:00+07:00,5914.96728935351,5940.317149165025,5876.942499636237,5898.0673828125,75574000,0.0,0.0
2021-02-10 00:00:00+07:00,5957.21756598853,5957.21756598853,5830.46825607388,5847.3681640625,44984500,0.0,0.0
2021-02-11 00:00:00+07:00,5902.292876487555,5902.292876487555,5779.768543332122,5813.568359375,36926000,0.0,0.0
2021-02-15 00:00:00+07:00,5771.31763126149,5822.017346909467,5678.368152573529,5745.9677734375,83922000,0.0,0.0
2021-02-16 00:00:00+07:00,5813.5678584293955,5868.492554766301,5771.31809201639,5864.267578125,47221000,0.0,0.0
2021-02-17 00:00:00+07:00,5822.017332569067,5881.167000679347,5788.217522220335,5830.46728515625,66011500,0.0,0.0
2021-02-18 00:00:00+07:00,5788.218415054287,5830.468184507238,5691.0439453125,5691.0439453125,91204000,0.0,0.0
2021-02-19 00:00:00+07:00,5729.067985920329,5788.217655391483,5712.168080357143,5767.0927734375,70487500,0.0,0.0
2021-02-22 00:00:00+07:00,5830.467549072625,5864.267360951307,5737.51806640625,5737.51806640625,68913000,0.0,0.0
2021-02-23 00:00:00+07:00,5762.867797046703,5783.992679000687,5724.8430095295325,5767.0927734375,58360000,0.0,0.0
2021-02-24 00:00:00+07:00,5767.093285315985,5775.543238847584,5682.59375,5682.59375,71869000,0.0,0.0
2021-02-25 00:00:00+07:00,5695.26868504148,5720.618545657392,5644.568963809657,5665.69384765625,78688000,0.0,0.0
2021-02-26 00:00:00+07:00,5665.692504700889,5754.416995825959,5614.992795486563,5669.91748046875,173631500,0.0,0.0
2021-03-01 00:00:00+07:00,5771.317715495254,5952.99169921875,5745.967857301278,5952.99169921875,205539000,0.0,0.0
2021-03-02 00:00:00+07:00,6016.366597246971,6050.166409591055,5914.967160214718,5927.64208984375,81446500,0.0,0.0
2021-03-03 00:00:00+07:00,5969.891981375557,5986.791887904576,5914.96728515625,5914.96728515625,84470000,0.0,0.0
2021-03-04 00:00:00+07:00,5834.691785903204,5914.966328938802,5678.36767578125,5678.36767578125,120802500,0.0,0.0
2021-03-05 00:00:00+07:00,5678.368152573529,5851.592181037454,5678.368152573529,5745.9677734375,111871500,0.0,0.0
2021-03-08 00:00:00+07:00,5872.716569446382,5872.716569446382,5678.36767578125,5678.36767578125,90883000,0.0,0.0
2021-03-09 00:00:00+07:00,5661.468894894966,5674.143825256671,5576.969359150265,5581.1943359375,135582000,0.0,0.0
2021-03-10 00:00:00+07:00,5678.368777964206,5678.368777964206,5593.8692425778345,5665.69384765625,50302000,0.0,0.0
2021-03-12 00:00:00+07:00,5809.343043381606,5813.568020140428,5674.14378709927,5716.3935546875,74328000,0.0,0.0
2021-03-15 00:00:00+07:00,5758.642846991045,5762.867823401163,5631.8935546875,5631.8935546875,57416000,0.0,0.0
2021-03-16 00:00:00+07:00,5669.918843602594,5669.918843602594,5593.869261497642,5598.09423828125,70755500,0.0,0.0
2021-03-17 00:00:00+07:00,5619.219739859115,5631.894671603158,5581.1949446269855,5585.419921875,71474500,0.0,0.0
2021-03-18 00:00:00+07:00,5593.8692425778345,5678.368777964206,5585.419289039197,5665.69384765625,70067500,0.0,0.0
2021-03-19 00:00:00+07:00,5720.617921366495,5720.617921366495,5598.09360842733,5712.16796875,125853000,0.0,0.0
2021-03-22 00:00:00+07:00,5610.76855763784,5644.56836822602,5585.418699696705,5593.86865234375,67523500,0.0,0.0
2021-03-23 00:00:00+07:00,5678.368312071591,5678.368312071591,5538.944090123406,5547.39404296875,127762500,0.0,0.0
2021-03-24 00:00:00+07:00,5505.144176412073,5534.719010821041,5424.869625873447,5441.76953125,152050000,0.0,0.0
2021-03-25 00:00:00+07:00,5407.970957613815,5441.7707760989015,5348.821275264914,5382.62109375,119101500,0.0,0.0
2021-03-26 00:00:00+07:00,5382.620229838513,5445.9948793264075,5323.470556983145,5420.64501953125,134467500,0.0,0.0
2021-03-29 00:00:00+07:00,5416.420177531692,5505.1446890201205,5374.17041015625,5374.17041015625,113370500,0.0,0.0
2021-03-30 00:00:00+07:00,5382.620720380913,5454.445329679559,5382.620720380913,5403.74560546875,83115500,0.0,0.0
2021-03-31 00:00:00+07:00,5399.520179410951,5403.745156077157,5192.4963227668695,5251.64599609375,223390500,0.0,0.0
2021-04-01 00:00:00+07:00,5251.646237685115,5298.120983151355,5200.946515358308,5260.09619140625,112286000,0.0,0.0
2021-04-05 00:00:00+07:00,5281.220350102813,5315.020160343471,5200.94580078125,5200.94580078125,73311500,0.0,0.0
2021-04-06 00:00:00+07:00,5184.04613723198,5213.620972570711,5137.571395985401,5209.39599609375,80215000,0.0,0.0
2021-04-07 00:00:00+07:00,5200.946148437501,5302.3455859375,5184.0462421875,5281.220703125,107908000,0.0,0.0
2021-04-08 00:00:00+07:00,5312.409952501019,5325.262557224812,5248.146928882055,5256.71533203125,123697500,86.4,0.0
2021-04-09 00:00:00+07:00,5410.94679624496,5415.230997983871,5265.283937121975,5312.41015625,116961000,0.0,0.0
2021-04-12 00:00:00+07:00,5393.809593659831,5393.809593659831,5192.45212670033,5196.736328125,110411500,0.0,0.0
2021-04-13 00:00:00+07:00,5183.883516438802,5192.451918945312,5123.904698893229,5141.04150390625,119211500,0.0,0.0
2021-04-14 00:00:00+07:00,5231.010347612882,5402.37841796875,5192.452531782811,5402.37841796875,135519500,0.0,0.0
2021-04-15 00:00:00+07:00,5402.377058089919,5406.661258770402,5295.2720410778265,5380.9560546875,102686500,0.0,0.0
2021-04-16 00:00:00+07:00,5458.072183920568,5458.072183920568,5325.261950245892,5376.67236328125,79293500,0.0,0.0
2021-04-19 00:00:00+07:00,5376.6723846970945,5380.956585800439,5338.114574766996,5372.38818359375,47095000,0.0,0.0
2021-04-20 00:00:00+07:00,5312.409031676022,5355.25103999599,5299.556429180032,5342.3984375,72721000,0.0,0.0
2021-04-21 00:00:00+07:00,5312.409329379562,5333.830334739963,5282.419921875,5282.419921875,68397000,0.0,0.0
2021-04-22 00:00:00+07:00,5312.409116049879,5376.672129550483,5295.272312449719,5325.26171875,63758000,0.0,0.0
2021-04-23 00:00:00+07:00,5380.9570404196,5479.4936741215515,5333.830824301276,5475.20947265625,108498500,0.0,0.0
2021-04-26 00:00:00+07:00,5479.493642632508,5483.77784407319,5380.957009496818,5385.2412109375,108742000,0.0,0.0
2021-04-27 00:00:00+07:00,5458.072116205601,5513.766729636271,5445.219513106216,5488.0615234375,132650000,0.0,0.0
2021-04-28 00:00:00+07:00,5483.777195411392,5488.061396345308,5410.945779534835,5415.22998046875,87660000,0.0,0.0
2021-04-29 00:00:00+07:00,5535.188205379778,5535.188205379778,5449.504177432723,5492.34619140625,57355000,0.0,0.0
2021-04-30 00:00:00+07:00,5526.619332735656,5526.619332735656,5466.640518271858,5488.0615234375,65829500,0.0,0.0
2021-05-03 00:00:00+07:00,5552.32509903169,5552.32509903169,5436.65165946853,5475.20947265625,42065500,0.0,0.0
2021-05-04 00:00:00+07:00,5440.935817718506,5509.483040618897,5432.367414855958,5483.77783203125,50123500,0.0,0.0
2021-05-05 00:00:00+07:00,5500.913553319552,5509.481954492948,5483.776750972763,5505.19775390625,51685000,0.0,0.0
2021-05-06 00:00:00+07:00,5483.776750972763,5526.618756839737,5483.776750972763,5505.19775390625,38115500,0.0,0.0
2021-05-07 00:00:00+07:00,5535.188249206543,5535.188249206543,5470.925227737427,5483.77783203125,48864000,0.0,0.0
2021-05-10 00:00:00+07:00,5483.7767718068535,5500.91357421875,5479.492571203879,5500.91357421875,68180500,0.0,0.0
2021-05-11 00:00:00+07:00,5483.7779706790125,5552.3251953125,5402.378141426746,5552.3251953125,70680000,0.0,0.0
2021-05-17 00:00:00+07:00,5569.46142578125,5569.46142578125,5462.35639836238,5569.46142578125,129058500,0.0,0.0
2021-05-18 00:00:00+07:00,5483.777875586854,5530.904091705179,5453.788465329739,5475.20947265625,73563000,0.0,0.0
2021-05-19 00:00:00+07:00,5466.641266807033,5483.778073286052,5428.083452229241,5436.65185546875,64912500,0.0,0.0
2021-05-20 00:00:00+07:00,5475.209027233542,5513.766837284483,5440.935418299373,5466.640625,64950000,0.0,0.0
2021-05-21 00:00:00+07:00,5526.619032373968,5526.619032373968,5363.819401962952,5449.50341796875,92620000,0.0,0.0
2021-05-24 00:00:00+07:00,5445.220346853384,5466.6413552989125,5389.525724895009,5419.51513671875,59210000,0.0,0.0
2021-05-25 00:00:00+07:00,5398.0939974060775,5518.051641792879,5398.0939974060775,5445.22021484375,87470000,0.0,0.0
2021-05-27 00:00:00+07:00,5518.051021107456,5552.324629934211,5372.38818359375,5372.38818359375,537971500,0.0,0.0
2021-05-28 00:00:00+07:00,5423.7982974849665,5458.0719044201005,5423.7982974849665,5432.36669921875,102108500,0.0,0.0
2021-05-31 00:00:00+07:00,5449.504329044118,5475.209538143383,5419.514918428309,5462.35693359375,101442000,0.0,0.0
2021-06-02 00:00:00+07:00,5569.461576457367,5582.314180095345,5500.914357054815,5539.47216796875,141732500,0.0,0.0
2021-06-03 00:00:00+07:00,5565.177283824573,5655.1455078125,5509.482668974905,5655.1455078125,133810500,0.0,0.0
2021-06-04 00:00:00+07:00,5672.282398722455,5672.282398722455,5569.461569742592,5638.0087890625,62108500,0.0,0.0
2021-06-07 00:00:00+07:00,5620.872200421133,5629.440603165677,5509.482964742056,5595.1669921875,62576000,0.0,0.0
2021-06-08 00:00:00+07:00,5633.725248013462,5633.725248013462,5509.4833984375,5509.4833984375,64348000,0.0,0.0
2021-06-09 00:00:00+07:00,5449.504145530244,5599.451193559772,5449.504145530244,5595.1669921875,77198000,0.0,0.0
2021-06-10 00:00:00+07:00,5616.587612555466,5672.2822265625,5560.892998548433,5672.2822265625,73262500,0.0,0.0
2021-06-11 00:00:00+07:00,5629.44086740485,5638.009270551584,5535.188432790766,5543.7568359375,72780500,0.0,0.0
2021-06-14 00:00:00+07:00,5586.598622148011,5586.598622148011,5483.777788611545,5492.34619140625,61478500,0.0,0.0
2021-06-15 00:00:00+07:00,5522.3358280706625,5543.7568359375,5488.062215483723,5543.7568359375,87799000,0.0,0.0
2021-06-16 00:00:00+07:00,5500.914212387432,5513.766815687402,5449.503799187549,5470.9248046875,48984000,0.0,0.0
2021-06-17 00:00:00+07:00,5475.209243557464,5475.209243557464,5376.672613978574,5423.798828125,68448500,0.0,0.0
2021-06-18 00:00:00+07:00,5398.094128273221,5436.651943475173,5380.957321516798,5419.51513671875,118043000,0.0,0.0
2021-06-21 00:00:00+07:00,5398.09396875,5398.09396875,5320.978340625,5355.251953125,60823500,0.0,0.0
2021-06-22 00:00:00+07:00,5355.2510836146985,5475.2087078876675,5346.682681880915,5432.36669921875,65824000,0.0,0.0
2021-06-23 00:00:00+07:00,5393.8098556004215,5432.367670294943,5338.115234375,5338.115234375,52451000,0.0,0.0
2021-06-24 00:00:00+07:00,5406.662053548964,5406.662053548964,5312.409624723229,5320.97802734375,56010000,0.0,0.0
2021-06-25 00:00:00+07:00,5338.115411071284,5363.820621718497,5303.841796875,5303.841796875,68939500,0.0,0.0
2021-06-28 00:00:00+07:00,5226.725289985033,5269.5673005586805,5188.16748046875,5188.16748046875,84420500,0.0,0.0
2021-06-29 00:00:00+07:00,5183.883322186466,5218.156930928195,5175.314920001034,5179.59912109375,53704000,0.0,0.0
2021-06-30 00:00:00+07:00,5141.041396524896,5201.020212817686,5141.041396524896,5162.46240234375,65795000,0.0,0.0
2021-07-01 00:00:00+07:00,5192.451810490145,5205.304413981457,5141.041396524896,5162.46240234375,58153000,0.0,0.0
2021-07-02 00:00:00+07:00,5201.020378137808,5260.99919633709,5175.3151703381145,5226.7255859375,67392500,0.0,0.0
2021-07-05 00:00:00+07:00,5226.725542783347,5252.430750370806,5201.020335195888,5235.2939453125,39710500,0.0,0.0
2021-07-06 00:00:00+07:00,5235.293692099763,5235.293692099763,5188.16748046875,5188.16748046875,34279500,0.0,0.0
2021-07-07 00:00:00+07:00,5295.2729608924155,5295.2729608924155,5166.746918152308,5196.736328125,35595000,0.0,0.0
2021-07-08 00:00:00+07:00,5141.041439370324,5175.315048966126,5123.904634572423,5153.89404296875,47297000,0.0,0.0
2021-07-09 00:00:00+07:00,5149.609332822882,5158.177734375,5132.472529718646,5158.177734375,40707500,0.0,0.0
2021-07-12 00:00:00+07:00,5201.021041202391,5295.27348181726,5158.179022741086,5286.705078125,65981500,0.0,0.0
2021-07-13 00:00:00+07:00,5286.704148411653,5290.988349504369,5153.893914537453,5179.59912109375,65946500,0.0,0.0
2021-07-14 00:00:00+07:00,5158.178842993531,5166.747246387208,5123.905229418823,5132.4736328125,59321000,0.0,0.0
2021-07-15 00:00:00+07:00,5141.041496320523,5239.578125,5136.757295073589,5239.578125,49724000,0.0,0.0
2021-07-16 00:00:00+07:00,5286.704360487418,5286.704360487418,5188.167731402158,5235.2939453125,47998500,0.0,0.0
2021-07-19 00:00:00+07:00,5235.293909535023,5235.293909535023,5145.32568359375,5145.32568359375,47119000,0.0,0.0
2021-07-21 00:00:00+07:00,5183.883964551269,5243.862787281614,5149.6103515625,5149.6103515625,55009500,0.0,0.0
2021-07-22 00:00:00+07:00,5239.578923861443,5273.8525390625,5183.884299159728,5273.8525390625,60792000,0.0,0.0
2021-07-23 00:00:00+07:00,5295.272594436102,5303.840996692471,5162.462359462381,5171.03076171875,79938000,0.0,0.0
2021-07-26 00:00:00+07:00,5175.315092240841,5192.451897182036,5145.32568359375,5145.32568359375,48171500,0.0,0.0
2021-07-27 00:00:00+07:00,5145.32568359375,5192.451897182036,5141.0414823584515,5145.32568359375,53107500,0.0,0.0
2021-07-28 00:00:00+07:00,5145.325791783157,5149.609993108539,5115.336382505487,5123.90478515625,74133000,0.0,0.0
2021-07-29 00:00:00+07:00,5188.167544737557,5213.872751400171,5123.904528081022,5175.31494140625,84605000,0.0,0.0
2021-07-30 00:00:00+07:00,5175.315244844011,5226.725661183522,5106.768023057998,5115.33642578125,105685000,0.0,0.0
2021-08-02 00:00:00+07:00,5192.452094366086,5196.736295764078,5059.64185102834,5106.76806640625,119981500,0.0,0.0
2021-08-03 00:00:00+07:00,5162.462854470733,5295.273102179109,5128.189242158895,5265.28369140625,110071500,0.0,0.0
2021-08-04 00:00:00+07:00,5265.282820558236,5269.567021388633,5192.4514064414825,5243.86181640625,41112000,0.0,0.0
2021-08-05 00:00:00+07:00,5286.704035683284,5406.661663721478,5260.998829675099,5398.09326171875,93768000,0.0,0.0
2021-08-06 00:00:00+07:00,5449.504289899553,5449.504289899553,5256.7152230399,5278.13623046875,67285000,0.0,0.0
2021-08-09 00:00:00+07:00,5256.715533644153,5312.41015625,5231.010323210685,5312.41015625,52858500,0.0,0.0
2021-08-10 00:00:00+07:00,5355.251251705109,5398.09326171875,5239.5778246682785,5398.09326171875,60446000,0.0,0.0
2021-08-12 00:00:00+07:00,5243.862025669643,5415.230065724207,5243.862025669643,5398.09326171875,118325500,0.0,0.0
2021-08-13 00:00:00+07:00,5440.935774638017,5513.767198393014,5419.514767651253,5492.34619140625,86929000,0.0,0.0
2021-08-16 00:00:00+07:00,5500.91357421875,5500.91357421875,5402.376960350345,5500.91357421875,69282000,0.0,0.0
2021-08-18 00:00:00+07:00,5586.598289535985,5792.23994436553,5535.187875828598,5655.1455078125,186354500,0.0,0.0
2021-08-19 00:00:00+07:00,5655.1455078125,5655.1455078125,5595.166691820549,5655.1455078125,100926000,0.0,0.0
2021-08-20 00:00:00+07:00,5655.1455078125,5655.1455078125,5578.02988725142,5655.1455078125,120163500,0.0,0.0
2021-08-23 00:00:00+07:00,5582.314130814919,5646.5771484375,5582.314130814919,5646.5771484375,68253000,0.0,0.0
2021-08-24 00:00:00+07:00,5629.440300958807,5655.1455078125,5569.461484966856,5655.1455078125,59561500,0.0,0.0
2021-08-25 00:00:00+07:00,5655.1455078125,5659.429708954782,5642.292904385653,5655.1455078125,80751500,0.0,0.0
2021-08-26 00:00:00+07:00,5620.8720703125,5638.008875404917,5543.756447396628,5620.8720703125,74337000,0.0,0.0
2021-08-27 00:00:00+07:00,5560.893467681932,5595.167079193068,5560.893467681932,5578.0302734375,71572500,0.0,0.0
2021-08-30 00:00:00+07:00,5595.166355525276,5638.008364373096,5586.597953755712,5625.15576171875,74564500,0.0,0.0
2021-08-31 00:00:00+07:00,5586.598503101145,5629.440516161737,5582.314301795086,5612.3037109375,115373500,0.0,0.0
2021-09-01 00:00:00+07:00,5612.303159064404,5655.145167912224,5599.450556410058,5625.15576171875,67362500,0.0,0.0
2021-09-02 00:00:00+07:00,5590.883234706494,5633.725251830681,5530.904410732631,5603.73583984375,53257000,0.0,0.0
2021-09-03 00:00:00+07:00,5620.871898674242,5655.1455078125,5582.314088393702,5655.1455078125,35764500,0.0,0.0
2021-09-06 00:00:00+07:00,5655.145615494297,5659.429816718156,5612.303603255704,5633.724609375,36780000,0.0,0.0
2021-09-07 00:00:00+07:00,5650.8609457495,5659.429347486801,5629.43994140625,5629.43994140625,53902000,0.0,0.0
2021-09-08 00:00:00+07:00,5612.302704805173,5650.860509647346,5500.913490816673,5518.05029296875,77888000,0.0,0.0
2021-09-09 00:00:00+07:00,5492.345513609446,5629.43994140625,5492.345513609446,5629.43994140625,110074000,0.0,0.0
2021-09-10 00:00:00+07:00,5565.178112193851,5625.156937113569,5565.178112193851,5586.59912109375,41483500,0.0,0.0
2021-09-13 00:00:00+07:00,5620.872091914569,5620.872091914569,5590.882682887585,5616.587890625,29929000,0.0,0.0
2021-09-14 00:00:00+07:00,5646.576359876337,5650.860560452874,5565.176548922125,5608.0185546875,51990500,0.0,0.0
2021-09-15 00:00:00+07:00,5608.0202413064135,5612.30444317143,5556.6098189262175,5565.17822265625,44514000,0.0,0.0
2021-09-16 00:00:00+07:00,5638.008643329327,5638.008643329327,5552.324621394231,5569.46142578125,58672500,0.0,0.0
2021-09-17 00:00:00+07:00,5560.893910413871,5599.45172643369,5552.325506853911,5586.59912109375,117540000,0.0,0.0
2021-09-20 00:00:00+07:00,5629.440365176538,5646.577169941154,5578.029950882688,5642.29296875,73157500,0.0,0.0
2021-09-21 00:00:00+07:00,5578.03036071119,5599.451368240803,5543.756748663809,5560.8935546875,57115500,0.0,0.0
2021-09-22 00:00:00+07:00,5569.461676439741,5638.008897072845,5569.461676439741,5616.587890625,68722000,0.0,0.0
2021-09-23 00:00:00+07:00,5616.587783025028,5646.577191477489,5608.01938061004,5638.0087890625,60998500,0.0,0.0
2021-09-24 00:00:00+07:00,5569.46154850038,5642.29296875,5569.46154850038,5642.29296875,60539500,0.0,0.0
2021-09-27 00:00:00+07:00,5642.292990269994,5650.861392684983,5616.587783025028,5638.0087890625,55052500,0.0,0.0
2021-09-28 00:00:00+07:00,5603.7359282136695,5620.872735333589,5569.4623139738305,5586.59912109375,80186000,0.0,0.0
2021-09-29 00:00:00+07:00,5586.598374572568,5638.0087890625,5582.314173365074,5638.0087890625,74079000,0.0,0.0
2021-09-30 00:00:00+07:00,5655.14619140625,5997.88232421875,5650.861989746094,5997.88232421875,156848000,0.0,0.0
2021-10-01 00:00:00+07:00,5912.197373971431,5912.197373971431,5749.3977361374355,5792.23974609375,103954500,0.0,0.0
2021-10-04 00:00:00+07:00,5775.104008115572,5963.60888671875,5775.104008115572,5963.60888671875,74719000,0.0,0.0
2021-10-05 00:00:00+07:00,5920.76644899658,5950.755859375,5877.924434170266,5950.755859375,54986500,0.0,0.0
2021-10-06 00:00:00+07:00,5980.744748596361,6152.11279296875,5972.1763463777415,6152.11279296875,174312000,0.0,0.0
2021-10-07 00:00:00+07:00,6147.828677726191,6147.828677726191,6066.428855512395,6134.97607421875,107263500,0.0,0.0
2021-10-08 00:00:00+07:00,6169.250096450617,6254.934125567987,6147.829089171275,6246.36572265625,94643500,0.0,0.0
2021-10-11 00:00:00+07:00,6203.5243474328045,6246.366366406788,6194.955943638008,6216.376953125,47201000,0.0,0.0
2021-10-12 00:00:00+07:00,6216.376666960169,6272.0712890625,6207.80826355981,6272.0712890625,91067000,0.0,0.0
2021-10-13 00:00:00+07:00,6340.618108907807,7068.932351147218,6340.618108907807,6447.72314453125,210893300,0.0,5.0
2021-10-14 00:00:00+07:00,6511.985685483871,6769.037752016128,6511.985685483871,6640.51171875,138811900,0.0,0.0
2021-10-15 00:00:00+07:00,6683.354166666667,6747.6171875,6383.460069444445,6554.828125,142378200,0.0,0.0
2021-10-18 00:00:00+07:00,6554.828180154693,6576.249187279381,6404.881130281873,6447.72314453125,116644300,0.0,0.0
2021-10-19 00:00:00+07:00,6404.88123860677,6447.723253580729,6297.776201171875,6426.30224609375,134601200,0.0,0.0
2021-10-21 00:00:00+07:00,6426.3021933065875,6469.144207928632,6297.776149440456,6340.6181640625,106120100,0.0,0.0
2021-10-22 00:00:00+07:00,6383.460123157184,6469.144151655938,6362.039116032495,6447.72314453125,96730700,0.0,0.0
2021-10-25 00:00:00+07:00,6340.618108907807,6447.72314453125,6340.618108907807,6447.72314453125,60329800,0.0,0.0
2021-10-26 00:00:00+07:00,6511.986165905316,6511.986165905316,6426.302137406561,6447.72314453125,70103000,0.0,0.0
2021-10-27 00:00:00+07:00,6490.564993839136,6490.564993839136,6362.038954357173,6383.4599609375,57067000,0.0,0.0
2021-10-28 00:00:00+07:00,6297.776257944915,6362.03928098517,6297.776257944915,6319.197265625,75271900,0.0,0.0
2021-10-29 00:00:00+07:00,6383.459853156355,6404.880859375,6319.196834500418,6404.880859375,60639200,0.0,0.0
2021-11-01 00:00:00+07:00,6469.144207928632,6469.144207928632,6340.6181640625,6340.6181640625,38593400,0.0,0.0
2021-11-02 00:00:00+07:00,6319.1975967198205,6362.039614324701,6212.092552707621,6254.9345703125,90535400,0.0,0.0
2021-11-03 00:00:00+07:00,6254.933381164966,6340.617400085034,6212.091371704932,6297.775390625,61621500,0.0,0.0
2021-11-04 00:00:00+07:00,6362.03928098517,6404.881296345339,6319.197265625,6319.197265625,61081400,0.0,0.0
2021-11-05 00:00:00+07:00,6404.880967517827,6404.880967517827,6319.196941196518,6383.4599609375,43120400,0.0,0.0
2021-11-08 00:00:00+07:00,6426.301922184406,6511.985947813531,6383.459909369843,6490.56494140625,85441700,0.0,0.0
2021-11-09 00:00:00+07:00,6511.986003664495,6576.2490234375,6490.564997073494,6576.2490234375,101785800,0.0,0.0
2021-11-10 00:00:00+07:00,6576.249131944445,6576.249131944445,6490.565104166667,6554.828125,47503900,0.0,0.0
2021-11-11 00:00:00+07:00,6597.670030028502,6640.512043210505,6511.986003664495,6576.2490234375,55790000,0.0,0.0
2021-11-12 00:00:00+07:00,6640.512208653447,6640.512208653447,6447.72314453125,6447.72314453125,52590100,0.0,0.0
2021-11-15 00:00:00+07:00,6533.407283528645,6533.407283528645,6426.30224609375,6426.30224609375,67344200,0.0,0.0
2021-11-16 00:00:00+07:00,6340.617840719064,6404.880859375,6276.354822063127,6404.880859375,98616900,0.0,0.0
2021-11-17 00:00:00+07:00,6447.866549350248,6512.34521484375,6383.387883856745,6512.34521484375,61968100,25.0,0.0
2021-11-18 00:00:00+07:00,6383.388398041597,6447.867068728885,6361.8955078125,6361.8955078125,78839600,0.0,0.0
2021-11-19 00:00:00+07:00,6383.38818359375,6404.8810731008,6340.402404579651,6383.38818359375,68203700,0.0,0.0
2021-11-22 00:00:00+07:00,6383.388244016513,6469.359802858487,6361.89535430602,6426.3740234375,66328300,0.0,0.0
2021-11-23 00:00:00+07:00,6361.89535430602,6447.866913147993,6361.89535430602,6426.3740234375,43477500,0.0,0.0
2021-11-24 00:00:00+07:00,6512.345582279473,6512.345582279473,6383.388244016513,6426.3740234375,35181400,0.0,0.0
2021-11-25 00:00:00+07:00,6404.8810731008,6469.359741621949,6383.38818359375,6383.38818359375,40216100,0.0,0.0
2021-11-26 00:00:00+07:00,6361.894115120275,6404.879886168385,6232.936801975945,6254.4296875,113288400,0.0,0.0
2021-11-29 00:00:00+07:00,6254.431056667018,6383.388398041597,6168.459495750633,6361.8955078125,87907900,0.0,0.0
2021-11-30 00:00:00+07:00,6297.41545854811,6383.38700064433,6254.4296875,6254.4296875,144923700,0.0,0.0
2021-12-01 00:00:00+07:00,6254.4304516936,6404.880668744649,6254.4304516936,6275.92333984375,76538100,0.0,0.0
2021-12-02 00:00:00+07:00,6340.401774088541,6447.8662109375,6275.923111979167,6447.8662109375,66831000,0.0,0.0
2021-12-03 00:00:00+07:00,6469.3601777674785,6469.3601777674785,6318.9099410752115,6340.40283203125,63283700,0.0,0.0
2021-12-06 00:00:00+07:00,6404.8817230017,6426.374614689626,6318.91015625,6318.91015625,56944100,0.0,0.0
2021-12-07 00:00:00+07:00,6404.8817230017,6426.374614689626,6318.91015625,6318.91015625,51258200,0.0,0.0
2021-12-08 00:00:00+07:00,6404.8810731008,6426.3739626078495,6361.895294086701,6383.38818359375,74775000,0.0,0.0
2021-12-09 00:00:00+07:00,6361.895939625851,6404.8817230017,6318.91015625,6318.91015625,54886400,0.0,0.0
2021-12-10 00:00:00+07:00,6297.417050119174,6340.40283203125,6254.431268207098,6340.40283203125,91092400,0.0,0.0
2021-12-13 00:00:00+07:00,6340.402004294199,6361.894892444349,6275.92333984375,6275.92333984375,59977100,0.0,0.0
2021-12-14 00:00:00+07:00,6275.92333984375,6340.402004294199,6254.4304516936,6275.92333984375,49763600,0.0,0.0
2021-12-15 00:00:00+07:00,6275.92333984375,6340.402004294199,6254.4304516936,6275.92333984375,52477600,0.0,0.0
2021-12-16 00:00:00+07:00,6340.40122959622,6361.894115120275,6254.4296875,6254.4296875,95171400,0.0,0.0
2021-12-17 00:00:00+07:00,6297.415999348958,6447.8662109375,6275.923111979167,6447.8662109375,107096800,0.0,0.0
2021-12-20 00:00:00+07:00,6318.9099410752115,6361.895722987288,6297.417050119174,6340.40283203125,74753000,0.0,0.0
2021-12-21 00:00:00+07:00,6297.417050119174,6361.895722987288,6297.417050119174,6340.40283203125,52386100,0.0,0.0
2021-12-22 00:00:00+07:00,6383.38707037916,6383.38707037916,6297.41552734375,6297.41552734375,33232000,0.0,0.0
2021-12-23 00:00:00+07:00,6297.416227993899,6318.909116144049,6275.92333984375,6275.92333984375,37136400,0.0,0.0
2021-12-24 00:00:00+07:00,6275.92333984375,6318.909116144049,6275.92333984375,6275.92333984375,30802100,0.0,0.0
2021-12-27 00:00:00+07:00,6275.924372874149,6318.91015625,6275.924372874149,6318.91015625,20722100,0.0,0.0
2021-12-28 00:00:00+07:00,6340.403047937925,6361.895939625851,6297.417264562075,6318.91015625,39343800,0.0,0.0
2021-12-29 00:00:00+07:00,6318.909116144049,6340.402004294199,6275.92333984375,6275.92333984375,42079500,0.0,0.0
2021-12-30 00:00:00+07:00,6318.909116144049,6318.909116144049,6275.92333984375,6275.92333984375,49954700,0.0,0.0
2022-01-03 00:00:00+07:00,6297.41552734375,6361.894184620307,6275.922641584898,6297.41552734375,54287400,0.0,0.0
2022-01-04 00:00:00+07:00,6297.416837125212,6404.8812882706925,6297.416837125212,6361.8955078125,70624000,0.0,0.0
2022-01-05 00:00:00+07:00,6404.880859375,6469.359525744547,6340.402193005453,6404.880859375,76164900,0.0,0.0
2022-01-06 00:00:00+07:00,6447.866913147993,6469.359802858487,6383.388244016513,6426.3740234375,63657100,0.0,0.0
2022-01-07 00:00:00+07:00,6490.852660334967,6619.809997957516,6447.866881127451,6576.82421875,143433300,0.0,0.0
2022-01-10 00:00:00+07:00,6512.345976177015,6576.82464920847,6490.853085166529,6533.8388671875,45351900,0.0,0.0
2022-01-11 00:00:00+07:00,6576.824278992492,6619.81005859375,6555.331389191863,6619.81005859375,110334600,0.0,0.0
2022-01-12 00:00:00+07:00,6619.81005859375,6619.81005859375,6576.824278992492,6619.81005859375,62606000,0.0,0.0
2022-01-13 00:00:00+07:00,6619.81005859375,6662.795838195008,6576.824278992492,6619.81005859375,50025200,0.0,0.0
2022-01-14 00:00:00+07:00,6619.810714818869,6748.76806640625,6576.824930956409,6748.76806640625,65898700,0.0,0.0
2022-01-17 00:00:00+07:00,6791.752740675403,6791.752740675403,6619.809633316532,6662.79541015625,63902600,0.0,0.0
2022-01-18 00:00:00+07:00,6684.288450160321,6684.288450160321,6490.852449994911,6598.31689453125,71476300,0.0,0.0
2022-01-19 00:00:00+07:00,6576.824005623982,6641.302672345786,6512.345338902178,6598.31689453125,60389700,0.0,0.0
2022-01-20 00:00:00+07:00,6641.301825324055,6684.28759765625,6555.330280659667,6684.28759765625,59925500,0.0,0.0
2022-01-21 00:00:00+07:00,6684.289022577634,6834.7392578125,6619.81035033412,6834.7392578125,63370500,0.0,0.0
2022-01-24 00:00:00+07:00,6727.274138621795,6748.76702724359,6684.288361378205,6705.78125,40278300,0.0,0.0
2022-01-25 00:00:00+07:00,6598.3160529918605,6684.28759765625,6555.330280659667,6684.28759765625,106796900,0.0,0.0
2022-01-26 00:00:00+07:00,6619.81005859375,6662.795838195008,6576.824278992492,6619.81005859375,53350200,0.0,0.0
2022-01-27 00:00:00+07:00,6555.3310296474365,6705.78125,6555.3310296474365,6705.78125,71945100,0.0,0.0
2022-01-28 00:00:00+07:00,6705.780483822347,6727.273369988445,6619.808939157958,6684.28759765625,70595000,0.0,0.0
2022-01-31 00:00:00+07:00,6684.288884797644,6684.288884797644,6555.33154296875,6555.33154296875,68122000,0.0,0.0
2022-02-02 00:00:00+07:00,6684.288361378205,6705.78125,6598.316806891026,6705.78125,65308100,0.0,0.0
2022-02-03 00:00:00+07:00,6705.780908677184,6727.273796204996,6619.809358565938,6641.30224609375,35100600,0.0,0.0
2022-02-04 00:00:00+07:00,6662.795133621561,6705.780908677184,6619.809358565938,6641.30224609375,39324700,0.0,0.0
2022-02-07 00:00:00+07:00,6684.288361378205,6705.78125,6619.809695512821,6705.78125,56813200,0.0,0.0
2022-02-08 00:00:00+07:00,6662.795133621561,6748.766683732807,6641.30224609375,6641.30224609375,61883100,0.0,0.0
2022-02-09 00:00:00+07:00,6748.767694821147,6834.7392578125,6705.781913325472,6834.7392578125,108922200,0.0,0.0
2022-02-10 00:00:00+07:00,6834.738517515121,6834.738517515121,6662.79541015625,6662.79541015625,93277000,0.0,0.0
2022-02-11 00:00:00+07:00,6598.316598130491,6727.27392578125,6576.823710188698,6727.27392578125,71968800,0.0,0.0
2022-02-14 00:00:00+07:00,6662.795838195008,6684.288727995638,6619.81005859375,6619.81005859375,57710700,0.0,0.0
2022-02-15 00:00:00+07:00,6662.795805431548,6770.26025390625,6641.302915736607,6770.26025390625,55617000,0.0,0.0
2022-02-16 00:00:00+07:00,6748.767483223942,6856.23193359375,6727.27459314998,6856.23193359375,77055100,0.0,0.0
2022-02-17 00:00:00+07:00,6748.767636842365,6813.246308531942,6705.781855715981,6791.75341796875,48704600,0.0,0.0
2022-02-18 00:00:00+07:00,6834.738983635647,6834.738983635647,6748.76742409306,6813.24609375,56813400,0.0,0.0
2022-02-21 00:00:00+07:00,6813.246367064662,6856.232148560338,6791.753476316824,6834.7392578125,43821700,0.0,0.0
2022-02-22 00:00:00+07:00,6791.75341796875,6834.739199095135,6748.767636842365,6791.75341796875,80095500,0.0,0.0
2022-02-23 00:00:00+07:00,6791.753111655668,6963.696228406445,6770.260222061821,6920.71044921875,99240300,0.0,0.0
2022-02-24 00:00:00+07:00,6985.189056396484,7006.681945800781,6813.245941162109,6877.724609375,124947700,0.0,0.0
2022-02-25 00:00:00+07:00,6834.738890843362,7028.174897187985,6813.246001249515,6920.71044921875,135899900,0.0,0.0
2022-03-01 00:00:00+07:00,6877.724670031056,7028.174897187985,6877.724670031056,6920.71044921875,136616800,0.0,0.0
2022-03-02 00:00:00+07:00,7071.1608343333655,7071.1608343333655,6856.23193359375,6856.23193359375,100301000,0.0,0.0
2022-03-04 00:00:00+07:00,6856.232089658327,6899.217870784711,6791.75341796875,6791.75341796875,132983400,0.0,0.0
2022-03-07 00:00:00+07:00,6705.781617796266,6748.767397397524,6619.81005859375,6619.81005859375,130990900,0.0,0.0
2022-03-08 00:00:00+07:00,6619.809997957516,6748.767335580065,6576.82421875,6576.82421875,119256500,0.0,0.0
2022-03-09 00:00:00+07:00,6619.810714818869,6834.7396341311705,6576.824930956409,6748.76806640625,132814500,0.0,0.0
2022-03-10 00:00:00+07:00,6813.24609375,6856.231873521293,6705.781644321766,6813.24609375,86484000,0.0,0.0
2022-03-11 00:00:00+07:00,6641.303241081958,6834.7392578125,6641.303241081958,6834.7392578125,61053900,0.0,0.0
2022-03-14 00:00:00+07:00,6920.709749298569,6963.695524138932,6834.738199617841,6942.20263671875,78432100,0.0,0.0
2022-03-15 00:00:00+07:00,7006.681640625,7049.66741756135,6942.202975220476,7006.681640625,111214500,0.0,0.0
2022-03-16 00:00:00+07:00,7114.14565370141,7114.14565370141,6942.2025563309835,7049.6669921875,149761300,0.0,0.0
2022-03-17 00:00:00+07:00,7135.6392822265625,7135.6392822265625,6877.724609375,6877.724609375,132439400,0.0,0.0
2022-03-18 00:00:00+07:00,6877.724980221519,6963.6965424742875,6791.75341796875,6791.75341796875,143981700,0.0,0.0
2022-03-21 00:00:00+07:00,6705.781855715981,6834.739199095135,6705.781855715981,6791.75341796875,85485500,0.0,0.0
2022-03-22 00:00:00+07:00,6791.753203864353,6834.738983635647,6770.260313978707,6813.24609375,60010900,0.0,0.0
2022-03-23 00:00:00+07:00,6813.246308531942,6834.739199095135,6727.274746279173,6791.75341796875,82208000,0.0,0.0
2022-03-24 00:00:00+07:00,6748.76742409306,6834.738983635647,6705.781644321766,6813.24609375,95245100,0.0,0.0
2022-03-25 00:00:00+07:00,6791.753476316824,6834.7392578125,6791.753476316824,6834.7392578125,85101200,0.0,0.0
2022-03-28 00:00:00+07:00,6830.374944373022,6895.841796875,6808.552660205696,6895.841796875,83911500,120.0,0.0
2022-03-29 00:00:00+07:00,6874.019549910429,6895.8418341958595,6830.37498133957,6852.197265625,62180600,0.0,0.0
2022-03-30 00:00:00+07:00,6895.841325644841,6895.841325644841,6830.374477616568,6874.01904296875,71430600,0.0,0.0
2022-03-31 00:00:00+07:00,6917.663540544181,6983.130387931035,6874.018975619612,6961.30810546875,112691900,0.0,0.0
2022-04-01 00:00:00+07:00,7048.59726962983,7048.59726962983,6852.19672651321,6917.66357421875,105575400,0.0,0.0
2022-04-04 00:00:00+07:00,6917.664081042326,6917.664081042326,6830.374944373022,6895.841796875,57321200,0.0,0.0
2022-04-05 00:00:00+07:00,6895.841796875,6895.841796875,6852.197228540348,6895.841796875,48528300,0.0,0.0
2022-04-06 00:00:00+07:00,6830.374070690525,6852.196352066532,6764.9072265625,6764.9072265625,119263000,0.0,0.0
2022-04-07 00:00:00+07:00,6743.084945186492,6830.374070690525,6721.262663810484,6764.9072265625,68619400,0.0,0.0
2022-04-08 00:00:00+07:00,6808.55269705414,6874.019549910429,6786.73041276871,6852.197265625,69791600,0.0,0.0
2022-04-11 00:00:00+07:00,6830.373592043386,6874.018151736955,6743.08447265625,6743.08447265625,62776200,0.0,0.0
2022-04-12 00:00:00+07:00,6743.08491398738,6808.5517578125,6721.26263271234,6808.5517578125,73471300,0.0,0.0
2022-04-13 00:00:00+07:00,6808.5517578125,6852.19632036258,6764.90719526242,6808.5517578125,57622100,0.0,0.0
2022-04-14 00:00:00+07:00,6808.552315848215,6808.552315848215,6721.26318359375,6721.26318359375,93342900,0.0,0.0
2022-04-18 00:00:00+07:00,6721.26318359375,6743.085466657366,6655.796334402902,6721.26318359375,68464700,0.0,0.0
2022-04-19 00:00:00+07:00,6721.26323642418,6721.26323642418,6655.79638671875,6655.79638671875,98632000,0.0,0.0
2022-04-20 00:00:00+07:00,6743.085501876531,6743.085501876531,6655.796369166156,6677.61865234375,124388800,0.0,0.0
2022-04-21 00:00:00+07:00,6808.552161376183,6917.66357421875,6764.907596239156,6917.66357421875,129323400,0.0,0.0
2022-04-22 00:00:00+07:00,6852.196760292659,6917.663608320932,6808.5521949404765,6874.01904296875,85956100,0.0,0.0
2022-04-25 00:00:00+07:00,6874.01895904541,6983.13037109375,6830.3743942260735,6983.13037109375,91279600,0.0,0.0
2022-04-26 00:00:00+07:00,6917.663442007211,7092.24169921875,6917.663442007211,7092.24169921875,128360900,0.0,0.0
2022-04-27 00:00:00+07:00,7048.596605254383,7157.7080078125,7048.596605254383,7157.7080078125,89463100,0.0,0.0
2022-04-28 00:00:00+07:00,7201.353109975961,7201.353109975961,7048.597134915865,7092.24169921875,133730600,0.0,0.0
2022-05-09 00:00:00+07:00,6874.019237317537,6895.841520610608,6633.97412109375,6633.97412109375,456796600,0.0,0.0
2022-05-10 00:00:00+07:00,6328.461265183762,6633.973188330565,6328.461265183762,6568.50634765625,268445700,0.0,0.0
2022-05-11 00:00:00+07:00,6568.50723645578,6721.263218698938,6503.040386922999,6677.61865234375,156535200,0.0,0.0
2022-05-12 00:00:00+07:00,6568.505993610395,6590.328272658935,6350.283203125,6350.283203125,240529600,0.0,0.0
2022-05-13 00:00:00+07:00,6328.460897504266,6524.861408116467,6328.460897504266,6393.927734375,212968600,0.0,0.0
2022-05-17 00:00:00+07:00,6350.2845772408145,6524.86284740551,6350.2845772408145,6459.39599609375,159657600,0.0,0.0
2022-05-18 00:00:00+07:00,6546.684521967823,6612.1513671875,6437.573113268359,6612.1513671875,153514300,0.0,0.0
2022-05-19 00:00:00+07:00,6459.395475041946,6524.8623210727765,6437.573193031669,6503.0400390625,140908900,0.0,0.0
2022-05-20 00:00:00+07:00,6481.218279864337,6524.86284740551,6459.39599609375,6459.39599609375,86520200,0.0,0.0
2022-05-23 00:00:00+07:00,6503.040581965042,6524.86286579714,6415.751446636653,6437.57373046875,71603500,0.0,0.0
2022-05-24 00:00:00+07:00,6393.9291809497245,6524.862884313882,6393.9291809497245,6415.75146484375,108710800,0.0,0.0
2022-05-25 00:00:00+07:00,6459.396014300848,6503.040581965042,6415.751446636653,6437.57373046875,76747400,0.0,0.0
2022-05-27 00:00:00+07:00,6568.506803707714,6612.1513671875,6524.86224022793,6612.1513671875,84336900,0.0,0.0
2022-05-30 00:00:00+07:00,6612.1513671875,6633.973648927393,6524.86224022793,6612.1513671875,105411400,0.0,0.0
2022-05-31 00:00:00+07:00,6633.973538306452,6764.9072265625,6568.506694178428,6764.9072265625,286292700,0.0,0.0
2022-06-02 00:00:00+07:00,6655.795930667286,6699.440494147071,6568.506803707714,6612.1513671875,149226300,0.0,0.0
2022-06-03 00:00:00+07:00,6633.97412109375,6699.440970972964,6612.151837800679,6633.97412109375,80563100,0.0,0.0
2022-06-06 00:00:00+07:00,6590.329167103607,6612.151449113884,6481.217757052223,6503.0400390625,81140300,0.0,0.0
2022-06-07 00:00:00+07:00,6372.106878972458,6524.86286579714,6372.106878972458,6437.57373046875,129242500,0.0,0.0
2022-06-08 00:00:00+07:00,6546.684987921463,6633.97412109375,6481.218138042249,6633.97412109375,108910500,0.0,0.0
2022-06-09 00:00:00+07:00,6546.68408203125,6612.150922851562,6546.68408203125,6546.68408203125,107828300,0.0,0.0
2022-06-10 00:00:00+07:00,6459.396032631803,6503.040600419856,6415.75146484375,6415.75146484375,111768600,0.0,0.0
2022-06-13 00:00:00+07:00,6372.106897055698,6459.396032631803,6350.284613161672,6415.75146484375,85539500,0.0,0.0
2022-06-14 00:00:00+07:00,6372.106861011402,6459.39599609375,6328.462293470227,6459.39599609375,80865100,0.0,0.0
2022-06-15 00:00:00+07:00,6372.105455418088,6437.572292288823,6372.105455418088,6393.927734375,130367100,0.0,0.0
2022-06-16 00:00:00+07:00,6459.395395008251,6633.973648927393,6437.573113268359,6612.1513671875,132666300,0.0,0.0
2022-06-17 00:00:00+07:00,6481.217241210938,6590.328642578125,6481.217241210938,6546.68408203125,117839400,0.0,0.0
2022-06-20 00:00:00+07:00,6633.974103483606,6677.618669953893,6546.684970543032,6655.79638671875,88138700,0.0,0.0
2022-06-21 00:00:00+07:00,6633.974085988562,6677.61865234375,6590.329519633374,6677.61865234375,44295700,0.0,0.0
2022-06-22 00:00:00+07:00,6655.795483398438,6677.617763671875,6546.68408203125,6546.68408203125,53041800,0.0,0.0
2022-06-23 00:00:00+07:00,6503.039506981935,6612.150908105793,6503.039506981935,6568.50634765625,60443000,0.0,0.0
2022-06-24 00:00:00+07:00,6633.9737144648825,6633.9737144648825,6524.8623046875,6524.8623046875,57956600,0.0,0.0
2022-06-27 00:00:00+07:00,6524.862884313882,6546.685168207909,6415.75146484375,6415.75146484375,76354100,0.0,0.0
2022-06-28 00:00:00+07:00,6372.10595703125,6459.395079730308,6372.10595703125,6372.10595703125,146078100,0.0,0.0
2022-06-29 00:00:00+07:00,6393.927761222079,6459.394598367698,6350.283203125,6350.283203125,98517800,0.0,0.0
2022-06-30 00:00:00+07:00,6372.10647898707,6459.395608836207,6328.4619140625,6328.4619140625,101343900,0.0,0.0
2022-07-01 00:00:00+07:00,6372.10647898707,6393.928761449354,6328.4619140625,6328.4619140625,68738800,0.0,0.0
2022-07-04 00:00:00+07:00,6328.461550448804,6350.283831657248,6110.238738364362,6153.88330078125,102238600,0.0,0.0
2022-07-05 00:00:00+07:00,6197.5282192887935,6393.928761449354,6197.5282192887935,6328.4619140625,69172900,0.0,0.0
2022-07-06 00:00:00+07:00,6372.10595703125,6393.928237706014,6262.994553657427,6372.10595703125,66801100,0.0,0.0
2022-07-07 00:00:00+07:00,6306.639237524758,6328.46151862346,6197.52783203125,6197.52783203125,86126800,0.0,0.0
2022-07-08 00:00:00+07:00,6219.350568864729,6262.995134260271,6175.706003469187,6241.1728515625,64312400,0.0,0.0
2022-07-11 00:00:00+07:00,6284.816940789474,6284.816940789474,6219.35009765625,6219.35009765625,36830800,0.0,0.0
2022-07-12 00:00:00+07:00,6262.9951171875,6328.461965102351,6241.172834549216,6262.9951171875,34269000,0.0,0.0
2022-07-13 00:00:00+07:00,6197.528390066965,6219.350673130581,6110.2392578125,6110.2392578125,71988200,0.0,0.0
2022-07-14 00:00:00+07:00,6132.0615234375,6197.528372442171,6110.2392404359425,6132.0615234375,83316300,0.0,0.0
2022-07-15 00:00:00+07:00,6197.528390066965,6197.528390066965,6110.2392578125,6110.2392578125,57419900,0.0,0.0
2022-07-18 00:00:00+07:00,6132.061438073645,6241.1728515625,6132.061438073645,6241.1728515625,60077700,0.0,0.0
2022-07-19 00:00:00+07:00,6197.528269272648,6262.9951171875,6197.528269272648,6262.9951171875,59641000,0.0,0.0
2022-07-20 00:00:00+07:00,6284.817725929053,6459.39599609375,6262.995442158467,6459.39599609375,105792900,0.0,0.0
2022-07-21 00:00:00+07:00,6459.39599609375,6459.39599609375,6328.462293470227,6459.39599609375,64337100,0.0,0.0
2022-07-22 00:00:00+07:00,6459.3945712457335,6459.3945712457335,6372.105455418088,6393.927734375,38956500,0.0,0.0
2022-07-25 00:00:00+07:00,6415.750518380779,6437.572799055543,6372.10595703125,6372.10595703125,31247600,0.0,0.0
2022-07-26 00:00:00+07:00,6328.461395681721,6437.572799055543,6328.461395681721,6372.10595703125,44379900,0.0,0.0
2022-07-27 00:00:00+07:00,6393.927734375,6415.750013331911,6350.283176461177,6393.927734375,58465500,0.0,0.0
2022-07-28 00:00:00+07:00,6437.573748737776,6503.040600419856,6393.9291809497245,6415.75146484375,86909700,0.0,0.0
2022-07-29 00:00:00+07:00,6459.396032631803,6524.862884313882,6415.75146484375,6415.75146484375,131553000,0.0,0.0
2022-08-01 00:00:00+07:00,6415.750400390625,6546.68408203125,6415.750400390625,6546.68408203125,104841600,0.0,0.0
2022-08-02 00:00:00+07:00,6633.97412109375,6655.796404386821,6546.684987921463,6633.97412109375,106466900,0.0,0.0
2022-08-03 00:00:00+07:00,6655.79638671875,6655.79638671875,6612.151820248463,6655.79638671875,60170600,0.0,0.0
2022-08-04 00:00:00+07:00,6699.4403514373,6808.5517578125,6677.61807016226,6808.5517578125,164221000,0.0,0.0
2022-08-05 00:00:00+07:00,6830.374477616568,6874.01904296875,6743.085346912202,6874.01904296875,118734200,0.0,0.0
2022-08-08 00:00:00+07:00,6874.01904296875,6917.663608320932,6764.907629588294,6874.01904296875,84328900,0.0,0.0
2022-08-09 00:00:00+07:00,6874.019512707674,6961.308649376978,6874.019512707674,6895.841796875,92875800,0.0,0.0
2022-08-10 00:00:00+07:00,6808.552660205696,6895.841796875,6743.085807703718,6895.841796875,104376300,0.0,0.0
2022-08-11 00:00:00+07:00,6852.19719192217,6939.486328125,6830.374907871462,6939.486328125,73204700,0.0,0.0
2022-08-12 00:00:00+07:00,6917.66357421875,6961.308139355777,6852.19672651321,6917.66357421875,59381200,0.0,0.0
2022-08-15 00:00:00+07:00,6939.486328125,6961.308612175708,6895.841760023584,6939.486328125,81411000,0.0,0.0
2022-08-16 00:00:00+07:00,6939.485823006466,6961.30810546875,6852.196693157328,6961.30810546875,83556700,0.0,0.0
2022-08-18 00:00:00+07:00,6895.841241455078,7004.952653503417,6874.01895904541,6983.13037109375,86136900,0.0,0.0
2022-08-19 00:00:00+07:00,7026.775501878956,7026.775501878956,6895.841796875,6895.841796875,58194900,0.0,0.0
2022-08-22 00:00:00+07:00,6852.196676635742,6983.13037109375,6830.3743942260735,6983.13037109375,97293300,0.0,0.0
2022-08-23 00:00:00+07:00,6983.130933544304,6983.130933544304,6895.841796875,6895.841796875,71671800,0.0,0.0
2022-08-24 00:00:00+07:00,6939.486328125,7004.953180277123,6895.841760023584,6939.486328125,108892400,0.0,0.0
2022-08-25 00:00:00+07:00,6983.129837461301,7070.418960429566,6895.840714493034,7048.5966796875,99503500,0.0,0.0
2022-08-26 00:00:00+07:00,7004.952653503417,7092.24178314209,6983.13037109375,6983.13037109375,80472400,0.0,0.0
2022-08-29 00:00:00+07:00,6983.130272239264,7114.06396484375,6939.485708037769,7114.06396484375,57762100,0.0,0.0
2022-08-30 00:00:00+07:00,7070.419384317661,7223.1753586702025,7048.5971022672975,7135.88623046875,124467000,0.0,0.0
2022-08-31 00:00:00+07:00,7048.596605254383,7179.530288324124,7026.77432474276,7157.7080078125,137659900,0.0,0.0
2022-09-01 00:00:00+07:00,7114.06396484375,7201.353093246741,7092.2416827430025,7114.06396484375,74960800,0.0,0.0
2022-09-02 00:00:00+07:00,7114.063915867211,7179.53076171875,7114.063915867211,7179.53076171875,71430600,0.0,0.0
2022-09-05 00:00:00+07:00,7179.5312145959215,7244.998064577039,7157.708931268882,7223.17578125,62906000,0.0,0.0
2022-09-06 00:00:00+07:00,7244.998064577039,7288.642631231118,7201.353497922961,7223.17578125,67079900,0.0,0.0
2022-09-07 00:00:00+07:00,7201.353909165112,7310.46533203125,7201.353909165112,7310.46533203125,117931700,0.0,0.0
2022-09-08 00:00:00+07:00,7332.286653255988,7419.575780080464,7288.64208984375,7288.64208984375,132777400,0.0,0.0
2022-09-09 00:00:00+07:00,7419.576754897388,7419.576754897388,7223.17619373834,7310.46533203125,91234600,0.0,0.0
2022-09-12 00:00:00+07:00,7266.820762884795,7354.109901177705,7266.820762884795,7310.46533203125,52395300,0.0,0.0
2022-09-13 00:00:00+07:00,7310.463781272911,7485.042020825696,7310.463781272911,7441.3974609375,124485200,0.0,0.0
2022-09-14 00:00:00+07:00,7310.46475758272,7550.5098690257355,7310.46475758272,7419.576171875,116642400,0.0,0.0
2022-09-15 00:00:00+07:00,7419.576004464287,7746.910239955358,7419.576004464287,7637.798828125,190404800,0.0,0.0
2022-09-16 00:00:00+07:00,7594.153464774408,7615.9757448455985,7375.9306640625,7375.9306640625,363127600,0.0,0.0
2022-09-19 00:00:00+07:00,7397.754266110458,7637.7993897895585,7375.931982139631,7550.51025390625,102530600,0.0,0.0
2022-09-20 00:00:00+07:00,7463.220703125,7550.509834155701,7463.220703125,7463.220703125,89238400,0.0,0.0
2022-09-21 00:00:00+07:00,7441.398472068584,7506.86532079646,7354.109340431416,7397.75390625,90933700,0.0,0.0
2022-09-22 00:00:00+07:00,7310.464774612831,7441.398472068584,7310.464774612831,7397.75390625,61908500,0.0,0.0
2022-09-23 00:00:00+07:00,7310.46533203125,7397.754470324161,7310.46533203125,7310.46533203125,60567600,0.0,0.0
2022-09-26 00:00:00+07:00,7157.708827893175,7419.576224035609,7157.708827893175,7354.109375,106228200,0.0,0.0
2022-09-27 00:00:00+07:00,7310.46341861587,7375.930255200489,7244.99658203125,7244.99658203125,89567100,0.0,0.0
2022-09-28 00:00:00+07:00,7201.352978955518,7354.108951236392,7201.352978955518,7266.81982421875,89153400,0.0,0.0
2022-09-29 00:00:00+07:00,7266.820762884795,7375.932185750933,7266.820762884795,7310.46533203125,62643700,0.0,0.0
2022-09-30 00:00:00+07:00,7310.464723821272,7485.042985882675,7223.17559279057,7463.220703125,176524800,0.0,0.0
2022-10-03 00:00:00+07:00,7375.9316061580885,7441.398454733456,7375.9316061580885,7419.576171875,115079600,0.0,0.0
2022-10-04 00:00:00+07:00,7441.398420367324,7528.687551398026,7441.398420367324,7463.220703125,80524500,0.0,0.0
2022-10-05 00:00:00+07:00,7441.397504276072,7463.219784347263,7354.108383991309,7375.9306640625,63788000,0.0,0.0
2022-10-06 00:00:00+07:00,7397.753941023739,7419.576224035609,7354.109375,7354.109375,43967400,0.0,0.0
2022-10-07 00:00:00+07:00,7266.819410370617,7310.463971393865,7157.7080078125,7157.7080078125,112043400,0.0,0.0
2022-10-10 00:00:00+07:00,7114.062908862011,7310.46341861587,7092.24063000047,7244.99658203125,80238200,0.0,0.0
2022-10-11 00:00:00+07:00,7157.707978219697,7244.997099905303,7114.063417376894,7201.3525390625,64060000,0.0,0.0
2022-10-12 00:00:00+07:00,7157.708415446697,7266.81982421875,7135.886133692286,7266.81982421875,47569700,0.0,0.0
2022-10-13 00:00:00+07:00,7223.17578125,7310.464914558157,7223.17578125,7223.17578125,62282800,0.0,0.0
2022-10-14 00:00:00+07:00,7244.997099905303,7288.641660748106,7201.3525390625,7201.3525390625,70642900,0.0,0.0
2022-10-17 00:00:00+07:00,7201.3525390625,7244.997099905303,7135.885697798296,7201.3525390625,56387500,0.0,0.0
2022-10-18 00:00:00+07:00,7223.17430316971,7397.75253406203,7201.35202430817,7244.99658203125,85665300,0.0,0.0
2022-10-19 00:00:00+07:00,7201.353497922961,7288.642631231118,7179.5312145959215,7223.17578125,66753500,0.0,0.0
2022-10-20 00:00:00+07:00,7201.353343290441,7419.576171875,7201.353343290441,7419.576171875,91812300,0.0,0.0
2022-10-21 00:00:00+07:00,7375.931982139631,7615.977105818732,7375.931982139631,7550.51025390625,122777800,0.0,0.0
2022-10-24 00:00:00+07:00,7637.7992094232795,7768.73291015625,7615.976925967784,7768.73291015625,89416500,0.0,0.0
2022-10-25 00:00:00+07:00,7703.265709186423,7746.910274110992,7594.154296875001,7594.154296875,84696300,0.0,0.0
2022-10-26 00:00:00+07:00,7528.687551398026,7550.509834155701,7463.220703125,7463.220703125,98962100,0.0,0.0
2022-10-27 00:00:00+07:00,7463.2206021012935,7594.154296875001,7463.2206021012935,7594.154296875,77003400,0.0,0.0
2022-10-28 00:00:00+07:00,7550.509698660715,7637.798828125001,7550.509698660715,7637.798828125,84980600,0.0,0.0
2022-10-31 00:00:00+07:00,7725.0879239169035,7725.0879239169035,7659.621077104048,7681.443359375,138922800,0.0,0.0
2022-11-01 00:00:00+07:00,7856.021617542613,7856.021617542613,7615.976512562144,7681.443359375,118118400,0.0,0.0
2022-11-02 00:00:00+07:00,7681.443392857143,7703.265675223215,7615.976545758929,7637.798828125,68323600,0.0,0.0
2022-11-03 00:00:00+07:00,7594.154230291193,7703.265641645951,7594.154230291193,7681.443359375,81856300,0.0,0.0
2022-11-04 00:00:00+07:00,7659.62060546875,7681.442886396011,7572.331481759704,7659.62060546875,84458300,0.0,0.0
2022-11-07 00:00:00+07:00,7615.976479740466,7725.087890625,7572.331915386652,7725.087890625,94794000,0.0,0.0
2022-11-08 00:00:00+07:00,7725.087957589286,7746.910239955358,7615.976545758929,7637.798828125,42525500,0.0,0.0
2022-11-09 00:00:00+07:00,7572.332376485476,7746.91064453125,7572.332376485476,7746.91064453125,96599500,0.0,0.0
2022-11-10 00:00:00+07:00,7615.976512562144,7681.443359375,7615.976512562144,7681.443359375,89463000,0.0,0.0
2022-11-11 00:00:00+07:00,7768.732454978814,7790.55473715572,7703.265608448093,7725.087890625,59597900,0.0,0.0
2022-11-14 00:00:00+07:00,7746.910239955358,7768.732522321429,7637.798828125001,7637.798828125,49208200,0.0,0.0
2022-11-15 00:00:00+07:00,7659.621077104048,7725.0879239169035,7637.7987948330965,7681.443359375,59092900,0.0,0.0
2022-11-16 00:00:00+07:00,7528.688006733739,7572.332574888717,7463.2211545012715,7506.86572265625,143424800,0.0,0.0
2022-11-17 00:00:00+07:00,7528.686950158936,7703.265198278564,7506.864669143983,7615.97607421875,72679800,0.0,0.0
2022-11-18 00:00:00+07:00,7615.976013356499,7768.73197924044,7615.976013356499,7703.26513671875,83556900,0.0,0.0
2022-11-21 00:00:00+07:00,7746.90976030847,7768.732041323424,7615.97607421875,7615.97607421875,35901000,0.0,0.0
2022-11-22 00:00:00+07:00,7768.73291015625,7812.37747706724,7725.08834324526,7768.73291015625,84684200,0.0,0.0
2022-11-23 00:00:00+07:00,7768.732928036972,7834.199778554138,7746.91064453125,7746.91064453125,84642100,0.0,0.0
2022-11-24 00:00:00+07:00,7834.198715549045,7856.02099609375,7812.37643500434,7856.02099609375,53520800,0.0,0.0
2022-11-25 00:00:00+07:00,7856.0224799791085,7856.0224799791085,7768.733341312674,7834.2001953125,75048300,0.0,0.0
2022-11-28 00:00:00+07:00,7899.666521489785,7943.311087906855,7834.1996718641785,7877.84423828125,96209700,0.0,0.0
2022-11-29 00:00:00+07:00,7834.2001953125,7921.489333978934,7790.555625979283,7834.2001953125,91562100,0.0,0.0
2022-11-30 00:00:00+07:00,7746.909888482864,8205.177797379032,7725.087607106855,8117.888671875,644359600,0.0,0.0
2022-12-01 00:00:00+07:00,8096.066082085504,8161.532923719618,7856.02099609375,7856.02099609375,155775400,0.0,0.0
2022-12-02 00:00:00+07:00,7799.0615234375,7864.783952005793,7799.0615234375,7799.0615234375,130982100,35.0,0.0
2022-12-05 00:00:00+07:00,7711.431891025642,7799.061798878205,7689.5244140625,7689.5244140625,114656300,0.0,0.0
2022-12-06 00:00:00+07:00,7645.709485320605,7667.616962355908,7514.26462310879,7601.89453125,180553800,0.0,0.0
2022-12-07 00:00:00+07:00,7448.542494914941,7514.264928693602,7404.7275390625,7404.7275390625,229308700,0.0,0.0
2022-12-08 00:00:00+07:00,7339.004128848805,7514.263928940716,7317.096653837316,7448.54150390625,172590100,0.0,0.0
2022-12-09 00:00:00+07:00,7448.542701120627,7536.1726152514575,7404.727744055211,7514.26513671875,90851300,0.0,0.0
2022-12-12 00:00:00+07:00,7470.449423603628,7623.8017578125,7426.634470972522,7623.8017578125,102851800,0.0,0.0
2022-12-13 00:00:00+07:00,7558.079328865841,7623.8017578125,7492.356899919181,7623.8017578125,104580200,0.0,0.0
2022-12-14 00:00:00+07:00,7536.172599637681,7623.802513586957,7470.450164175724,7558.080078125,118164300,0.0,0.0
2022-12-15 00:00:00+07:00,7514.263928940716,7536.171403952206,7448.54150390625,7448.54150390625,113255700,0.0,0.0
2022-12-16 00:00:00+07:00,7382.820018679597,7579.987318881722,7360.912540879361,7536.17236328125,181516700,0.0,0.0
2022-12-19 00:00:00+07:00,7579.9873046875,7623.8022602059245,7536.172349169075,7579.9873046875,67482900,0.0,0.0
2022-12-20 00:00:00+07:00,7492.357658186042,7579.9875723168725,7492.357658186042,7514.26513671875,41243700,0.0,0.0
2022-12-21 00:00:00+07:00,7536.172100144093,7623.802008285303,7514.26462310879,7601.89453125,33617700,0.0,0.0
2022-12-22 00:00:00+07:00,7579.9875723168725,7601.895050849581,7514.26513671875,7514.26513671875,59591500,0.0,0.0
2022-12-23 00:00:00+07:00,7470.448978917739,7514.263928940716,7448.54150390625,7448.54150390625,47393000,0.0,0.0
2022-12-26 00:00:00+07:00,7448.542701120627,7558.080093784165,7448.542701120627,7514.26513671875,20495900,0.0,0.0
2022-12-27 00:00:00+07:00,7536.17236328125,7579.987318881722,7514.264885481014,7536.17236328125,27193800,0.0,0.0
2022-12-28 00:00:00+07:00,7579.9873046875,7579.9873046875,7492.35739365065,7579.9873046875,40420200,0.0,0.0
2022-12-29 00:00:00+07:00,7470.450179653334,7536.1726152514575,7448.542701120627,7514.26513671875,47020900,0.0,0.0
2022-12-30 00:00:00+07:00,7514.264410007767,7579.986839249817,7492.35693359375,7492.35693359375,44681400,0.0,0.0
2023-01-02 00:00:00+07:00,7514.264410007767,7536.171886421784,7448.541980765716,7492.35693359375,10653900,0.0,0.0
2023-01-03 00:00:00+07:00,7492.35693359375,7536.171886421784,7470.449457179733,7492.35693359375,27399100,0.0,0.0
2023-01-04 00:00:00+07:00,7470.450002339072,7514.264958364522,7317.09765625,7317.09765625,90918800,0.0,0.0
2023-01-05 00:00:00+07:00,7317.097191642993,7339.004668264678,7141.837378669507,7229.46728515625,128838500,0.0,0.0
2023-01-06 00:00:00+07:00,7098.022413874247,7295.189703148531,7098.022413874247,7273.2822265625,69286600,0.0,0.0
2023-01-09 00:00:00+07:00,7295.190149431398,7404.7275390625,7295.190149431398,7404.7275390625,86916900,0.0,0.0
2023-01-10 00:00:00+07:00,7360.912915711009,7382.820394626816,7141.838126552943,7163.74560546875,101759100,0.0,0.0
2023-01-11 00:00:00+07:00,7054.207743389423,7141.837653245192,7010.392788461539,7119.93017578125,96069100,0.0,0.0
2023-01-12 00:00:00+07:00,7141.838126552943,7251.375521131976,7119.930647637137,7163.74560546875,103804600,0.0,0.0
2023-01-13 00:00:00+07:00,7141.837920953028,7163.74539923816,7032.300529527368,7054.2080078125,119748200,0.0,0.0
2023-01-16 00:00:00+07:00,7054.207977856595,7185.652847009203,7054.207977856595,7141.837890625,105710700,0.0,0.0
2023-01-17 00:00:00+07:00,7163.745077597128,7339.004896009291,7141.837600295608,7295.18994140625,88695900,0.0,0.0
2023-01-18 00:00:00+07:00,7185.6523202183735,7295.189703148531,7163.744843632342,7273.2822265625,96814600,0.0,0.0
2023-01-19 00:00:00+07:00,7317.09741870777,7317.09741870777,7229.467509501689,7295.18994140625,66391800,0.0,0.0
2023-01-20 00:00:00+07:00,7251.374749976469,7295.189703148531,7229.467273390437,7273.2822265625,96859500,0.0,0.0
2023-01-24 00:00:00+07:00,7273.282490738981,7317.097445502469,7207.56005859375,7207.56005859375,42474500,0.0,0.0
2023-01-25 00:00:00+07:00,7273.282250381098,7273.282250381098,7185.65234375,7185.65234375,66124500,0.0,0.0
2023-01-26 00:00:00+07:00,7207.559519899982,7426.63427734375,7207.559519899982,7426.63427734375,77582300,0.0,0.0
2023-01-27 00:00:00+07:00,7623.8017578125,7755.24661570582,7492.356899919181,7623.8017578125,196804700,0.0,0.0
2023-01-30 00:00:00+07:00,7645.709234128053,7689.52418675916,7514.264376234734,7623.8017578125,68544300,0.0,0.0
2023-01-31 00:00:00+07:00,7558.079131810012,7601.8940832987655,7426.63427734375,7426.63427734375,200589000,0.0,0.0
2023-02-01 00:00:00+07:00,7514.263928940716,7514.263928940716,7404.726553883272,7448.54150390625,77396200,0.0,0.0
2023-02-02 00:00:00+07:00,7382.82006113628,7470.449972841161,7360.912583210059,7404.7275390625,99109500,0.0,0.0
2023-02-03 00:00:00+07:00,7492.356899919181,7623.8017578125,7448.541947288075,7623.8017578125,71716700,0.0,0.0
2023-02-06 00:00:00+07:00,7667.617439335601,7667.617439335601,7579.987525743194,7645.7099609375,117757700,0.0,0.0
2023-02-07 00:00:00+07:00,7689.5256057997885,7755.248046875,7667.618125441384,7755.248046875,116014700,0.0,0.0
2023-02-08 00:00:00+07:00,7733.339843750001,7755.247322060907,7711.432365439094,7733.33984375,54495500,0.0,0.0
2023-02-09 00:00:00+07:00,7733.339094869207,7799.0615234375,7711.431618679775,7799.0615234375,72381700,0.0,0.0
2023-02-10 00:00:00+07:00,7777.1548003718135,7799.06227868272,7623.802452195468,7733.33984375,62060900,0.0,0.0
2023-02-13 00:00:00+07:00,7777.154296875,7799.061773767606,7689.524389304578,7777.154296875,63775000,0.0,0.0
2023-02-14 00:00:00+07:00,7755.2475258598115,7842.877441406251,7733.340046973202,7842.87744140625,81678200,0.0,0.0
2023-02-15 00:00:00+07:00,7777.154296875,7799.061773767606,7667.616912411972,7777.154296875,38037000,0.0,0.0
2023-02-16 00:00:00+07:00,7733.339139390267,7755.24661570582,7623.8017578125,7623.8017578125,66040400,0.0,0.0
2023-02-17 00:00:00+07:00,7689.524917733703,7755.247352928008,7645.7099609375,7645.7099609375,43588900,0.0,0.0
2023-02-20 00:00:00+07:00,7645.709709821429,7733.339620535715,7623.802232142858,7667.6171875,40077000,0.0,0.0
2023-02-21 00:00:00+07:00,7689.52418675916,7711.4316630747135,7623.8017578125,7623.8017578125,25390500,0.0,0.0
2023-02-22 00:00:00+07:00,7623.802008285303,7667.616962355908,7558.079577179395,7601.89453125,38671900,0.0,0.0
2023-02-23 00:00:00+07:00,7558.080047345093,7667.617439335601,7558.080047345093,7645.7099609375,53412300,0.0,0.0
2023-02-24 00:00:00+07:00,7689.524439391211,7755.246870497119,7601.89453125,7601.89453125,44123400,0.0,0.0
2023-02-27 00:00:00+07:00,7601.894506209936,7689.5244140625,7579.987029246795,7689.5244140625,59983900,0.0,0.0
2023-02-28 00:00:00+07:00,7689.524665178572,7689.524665178572,7601.894754464286,7667.6171875,106349400,0.0,0.0
2023-03-01 00:00:00+07:00,7645.709752282431,7667.6172300826665,7536.17236328125,7536.17236328125,67034700,0.0,0.0
2023-03-02 00:00:00+07:00,7536.172599637681,7623.802513586957,7536.172599637681,7558.080078125,56672000,0.0,0.0
2023-03-03 00:00:00+07:00,7579.986607554389,7601.8940832987655,7426.63427734375,7426.63427734375,95376900,0.0,0.0
2023-03-06 00:00:00+07:00,7492.357962472098,7492.357962472098,7360.9130859375,7360.9130859375,92652000,0.0,0.0
2023-03-07 00:00:00+07:00,7317.09787648368,7426.635269844214,7317.09787648368,7382.8203125,106115600,0.0,0.0
2023-03-08 00:00:00+07:00,7360.912786989796,7514.26513671875,7360.912786989796,7514.26513671875,79350900,0.0,0.0
2023-03-09 00:00:00+07:00,7579.9875723168725,7579.9875723168725,7492.357658186042,7514.26513671875,54201400,0.0,0.0
2023-03-10 00:00:00+07:00,7448.542494914941,7492.357450767382,7404.7275390625,7404.7275390625,59580100,0.0,0.0
2023-03-13 00:00:00+07:00,7404.727027937683,7558.079362835801,7404.727027937683,7492.35693359375,82077700,0.0,0.0
2023-03-14 00:00:00+07:00,7382.819850612331,7426.634805215372,7295.18994140625,7295.18994140625,90495300,0.0,0.0
2023-03-15 00:00:00+07:00,7404.727327913852,7426.634805215372,7295.18994140625,7295.18994140625,86747400,0.0,0.0
2023-03-16 00:00:00+07:00,7273.2822265625,7317.097179734564,7229.467273390437,7273.2822265625,105894000,0.0,0.0
2023-03-17 00:00:00+07:00,7339.005859375,7404.7282999067165,7295.190899020522,7339.005859375,198558600,0.0,0.0
2023-03-20 00:00:00+07:00,7360.9130859375,7426.6355242047985,7339.005606515067,7360.9130859375,37277900,0.0,0.0
2023-03-21 00:00:00+07:00,7360.911603860293,7448.54150390625,7339.004128848805,7448.54150390625,91617400,0.0,0.0
2023-03-24 00:00:00+07:00,7623.802452195468,7733.339843750001,7558.080017262749,7733.33984375,145603600,0.0,0.0
2023-03-27 00:00:00+07:00,7733.339139390267,7733.339139390267,7623.8017578125,7623.8017578125,110692800,0.0,0.0
2023-03-28 00:00:00+07:00,7711.431916426513,7711.431916426513,7601.89453125,7601.89453125,98296600,0.0,0.0
2023-03-29 00:00:00+07:00,7753.842980124734,7865.569824218751,7709.152242487127,7865.56982421875,101068200,170.0,0.0
2023-03-30 00:00:00+07:00,7954.951636641289,7954.951636641289,7865.570157577904,7887.91552734375,118912100,0.0,0.0
2023-03-31 00:00:00+07:00,7887.915011160714,7910.2603794642855,7798.533537946429,7820.87890625,97146900,0.0,0.0
2023-04-03 00:00:00+07:00,7887.915193037554,7887.915193037554,7820.879086581144,7865.56982421875,60288900,0.0,0.0
2023-04-04 00:00:00+07:00,7887.915347889957,7887.915347889957,7731.4977630876065,7843.224609375,60975800,0.0,0.0
2023-04-05 00:00:00+07:00,7843.225411051666,7865.570782593123,7798.53466796875,7798.53466796875,36922100,0.0,0.0
2023-04-06 00:00:00+07:00,7776.188169642857,7843.224274553571,7776.188169642857,7820.87890625,45489400,0.0,0.0
2023-04-10 00:00:00+07:00,7798.5337177623405,7865.569824218751,7776.188348943538,7865.56982421875,32996000,0.0,0.0
2023-04-11 00:00:00+07:00,7887.91552734375,7887.91552734375,7820.879418046211,7887.91552734375,44554300,0.0,0.0
2023-04-12 00:00:00+07:00,7954.95068359375,7954.95068359375,7887.914582327511,7954.95068359375,91903600,0.0,0.0
2023-04-13 00:00:00+07:00,7999.6427340467435,7999.6427340467435,7932.606621750262,7977.29736328125,51726500,0.0,0.0
2023-04-14 00:00:00+07:00,8044.333984375,8044.333984375,7999.643240017362,8044.333984375,110354200,0.0,0.0
2023-04-17 00:00:00+07:00,8066.67822265625,8089.023591694078,7954.951377467105,8066.67822265625,83946900,0.0,0.0
2023-04-18 00:00:00+07:00,8089.022979987158,8200.749816727312,8066.677612639127,8156.05908203125,91178700,0.0,0.0
2023-04-26 00:00:00+07:00,8156.0595968495245,8223.095703125,8044.332753057066,8223.095703125,186928200,0.0,0.0
2023-04-27 00:00:00+07:00,8133.714534238388,8200.750643037056,8111.369164638832,8178.4052734375,54842400,0.0,0.0
2023-04-28 00:00:00+07:00,8133.71515668163,8156.060527991195,8089.0244140625,8089.0244140625,145775300,0.0,0.0
2023-05-02 00:00:00+07:00,8133.71515668163,8133.71515668163,7954.952186205111,8089.0244140625,83645900,0.0,0.0
2023-05-03 00:00:00+07:00,8089.024217108718,8089.024217108718,7932.606621750262,7977.29736328125,83728800,0.0,0.0
2023-05-04 00:00:00+07:00,7977.297867838542,8066.679356553819,7932.607123480903,8044.333984375,67565000,0.0,0.0
2023-05-05 00:00:00+07:00,8044.333984375,8089.024728732639,7999.643240017362,8044.333984375,64815100,0.0,0.0
2023-05-08 00:00:00+07:00,8044.333984375,8111.370100911458,7999.643240017362,8044.333984375,84754500,0.0,0.0
2023-05-09 00:00:00+07:00,7999.6427340467435,8021.988104812237,7954.951992515756,7977.29736328125,40929600,0.0,0.0
2023-05-10 00:00:00+07:00,7977.29736328125,7999.6427340467435,7954.951992515756,7977.29736328125,45322600,0.0,0.0
2023-05-11 00:00:00+07:00,7954.951636641289,7954.951636641289,7865.570157577904,7887.91552734375,81993900,0.0,0.0
2023-05-12 00:00:00+07:00,7820.879086581144,7932.60593067516,7798.5337177623405,7865.56982421875,96525600,0.0,0.0
2023-05-15 00:00:00+07:00,7932.606086404914,7932.606086404914,7798.533870860042,7843.224609375,64830300,0.0,0.0
2023-05-16 00:00:00+07:00,7865.56945941092,7887.914827193337,7776.18798828125,7776.18798828125,49497000,0.0,0.0
2023-05-17 00:00:00+07:00,7843.224609374999,7910.260717147436,7820.879240117521,7843.224609375,69996100,0.0,0.0
2023-05-19 00:00:00+07:00,7954.952495659722,8044.333984375,7887.916379123264,8044.333984375,123592500,0.0,0.0
2023-05-22 00:00:00+07:00,8044.333984375,8111.370100911458,7977.297867838542,8044.333984375,91000000,0.0,0.0
2023-05-23 00:00:00+07:00,8089.022979987158,8178.404449379281,8066.677612639127,8156.05908203125,102980500,0.0,0.0
2023-05-24 00:00:00+07:00,8223.095805921052,8223.095805921052,8066.67822265625,8066.67822265625,77392900,0.0,0.0
2023-05-25 00:00:00+07:00,8133.71515668163,8178.40589930076,8089.0244140625,8089.0244140625,76325700,0.0,0.0
2023-05-26 00:00:00+07:00,8200.750643037056,8223.096012636612,8133.714534238388,8178.4052734375,55675900,0.0,0.0
2023-05-29 00:00:00+07:00,8267.786751835723,8267.786751835723,8111.369164638832,8178.4052734375,79148200,0.0,0.0
2023-05-30 00:00:00+07:00,8223.097339527027,8334.82420555321,8178.406593116554,8267.7880859375,97189500,0.0,0.0
2023-05-31 00:00:00+07:00,8312.478127158149,8334.823498467715,8089.0244140625,8089.0244140625,722827900,0.0,0.0
2023-06-05 00:00:00+07:00,8178.404965608017,8334.82254691746,8133.714228091033,8223.095703125,163535600,0.0,0.0
2023-06-06 00:00:00+07:00,8089.023795039277,8223.096012636612,8089.023795039277,8178.4052734375,74872200,0.0,0.0
2023-06-07 00:00:00+07:00,8156.058745331817,8200.74947818295,8111.368012480683,8133.71337890625,87492200,0.0,0.0
2023-06-08 00:00:00+07:00,8111.368347335188,8156.05908203125,8111.368347335188,8156.05908203125,53188400,0.0,0.0
2023-06-09 00:00:00+07:00,8200.74947818295,8200.74947818295,8133.71337890625,8133.71337890625,44632400,0.0,0.0
2023-06-12 00:00:00+07:00,8178.4052734375,8178.4052734375,8133.714534238388,8178.4052734375,38082300,0.0,0.0
2023-06-13 00:00:00+07:00,8200.750643037056,8200.750643037056,8133.714534238388,8178.4052734375,45552600,0.0,0.0
2023-06-14 00:00:00+07:00,8133.715489411157,8156.0608616348145,8089.024744963844,8111.3701171875,72223700,0.0,0.0
2023-06-15 00:00:00+07:00,8133.71515668163,8133.71515668163,8089.0244140625,8089.0244140625,59073000,0.0,0.0
2023-06-16 00:00:00+07:00,8133.71515668163,8133.71515668163,8021.988300133806,8089.0244140625,112769400,0.0,0.0
2023-06-19 00:00:00+07:00,8044.333984375,8089.024728732639,8044.333984375,8044.333984375,32330600,0.0,0.0
2023-06-20 00:00:00+07:00,8066.679042752936,8089.0244140625,7999.642928824241,8089.0244140625,54990100,0.0,0.0
2023-06-21 00:00:00+07:00,8089.022979987158,8156.05908203125,8044.332245291096,8156.05908203125,42676300,0.0,0.0
2023-06-22 00:00:00+07:00,8156.060527991195,8178.40589930076,8089.0244140625,8089.0244140625,48291100,0.0,0.0
2023-06-23 00:00:00+07:00,8066.679042752936,8178.40589930076,8066.679042752936,8089.0244140625,47813500,0.0,0.0
2023-06-26 00:00:00+07:00,8066.679372740186,8156.0608616348145,8066.679372740186,8111.3701171875,36389900,0.0,0.0
2023-06-27 00:00:00+07:00,8089.023795039277,8178.4052734375,8089.023795039277,8178.4052734375,36225100,0.0,0.0
2023-07-03 00:00:00+07:00,8066.679372740186,8111.3701171875,8066.679372740186,8111.3701171875,108855900,0.0,0.0
2023-07-04 00:00:00+07:00,8178.40589930076,8178.40589930076,8089.0244140625,8089.0244140625,35049300,0.0,0.0
2023-07-05 00:00:00+07:00,8089.0244140625,8111.369785372065,8066.679042752936,8089.0244140625,44609200,0.0,0.0
2023-07-06 00:00:00+07:00,8089.024744963844,8133.715489411157,8066.679372740186,8111.3701171875,52532400,0.0,0.0
2023-07-07 00:00:00+07:00,8066.67822265625,8133.714329769737,8066.67822265625,8066.67822265625,37641300,0.0,0.0
2023-07-10 00:00:00+07:00,8133.71515668163,8133.71515668163,8089.0244140625,8089.0244140625,28981500,0.0,0.0
2023-07-11 00:00:00+07:00,8133.714329769737,8133.714329769737,8066.67822265625,8066.67822265625,43703500,0.0,0.0
2023-07-12 00:00:00+07:00,8111.368528610354,8200.75,8089.023160762942,8200.75,61566500,0.0,0.0
2023-07-13 00:00:00+07:00,8223.095184075342,8245.440551423373,8156.05908203125,8156.05908203125,65230900,0.0,0.0
2023-07-14 00:00:00+07:00,8200.750334366508,8223.095703125,8156.0595968495245,8223.095703125,55554500,0.0,0.0
2023-07-17 00:00:00+07:00,8223.09536784741,8267.786103542234,8200.75,8200.75,62550100,0.0,0.0
2023-07-18 00:00:00+07:00,8223.096012636612,8267.786751835723,8133.714534238388,8178.4052734375,52924600,0.0,0.0
2023-07-20 00:00:00+07:00,8223.096012636612,8245.441382236168,8156.059903837944,8178.4052734375,83476600,0.0,0.0
2023-07-21 00:00:00+07:00,8178.4052734375,8200.750643037056,8156.059903837944,8178.4052734375,42667800,0.0,0.0
2023-07-24 00:00:00+07:00,8223.094844608517,8223.094844608517,8133.71337890625,8133.71337890625,62061200,0.0,0.0
2023-07-25 00:00:00+07:00,8200.750643037056,8312.477491034837,8178.4052734375,8178.4052734375,122802700,0.0,0.0
2023-07-26 00:00:00+07:00,8200.750386447193,8357.16796875,8156.05964864639,8357.16796875,113868700,0.0,0.0
2023-07-27 00:00:00+07:00,8401.859988990514,8401.859988990514,8245.4423828125,8245.4423828125,77848400,0.0,0.0
2023-07-28 00:00:00+07:00,8223.095184075342,8245.440551423373,8156.05908203125,8156.05908203125,74510200,0.0,0.0
2023-07-31 00:00:00+07:00,8200.749816727312,8223.095184075342,8133.713714683219,8156.05908203125,80868000,0.0,0.0
2023-08-01 00:00:00+07:00,8200.749816727312,8200.749816727312,8133.713714683219,8156.05908203125,49756400,0.0,0.0
2023-08-02 00:00:00+07:00,8156.0595968495245,8223.095703125,8156.0595968495245,8223.095703125,60629900,0.0,0.0
2023-08-03 00:00:00+07:00,8178.406593116554,8312.478832347973,8178.406593116554,8267.7880859375,64596100,0.0,0.0
2023-08-04 00:00:00+07:00,8267.786751835723,8290.132121435281,8156.059903837944,8178.4052734375,52675900,0.0,0.0
2023-08-07 00:00:00+07:00,8178.405955188679,8290.1328125,8178.405955188679,8290.1328125,55589300,0.0,0.0
2023-08-08 00:00:00+07:00,8290.131809400476,8312.477178158968,8223.095703125,8223.095703125,43373400,0.0,0.0
2023-08-09 00:00:00+07:00,8290.132521609043,8401.859375,8267.787150930852,8401.859375,77056800,0.0,0.0
2023-08-10 00:00:00+07:00,8401.859375,8424.204745678191,8357.168633643618,8401.859375,76738100,0.0,0.0
2023-08-11 00:00:00+07:00,8424.204745678191,8446.550116356382,8379.514004321809,8401.859375,68898600,0.0,0.0
2023-08-14 00:00:00+07:00,8334.822599849598,8357.16796875,8245.441124247995,8357.16796875,75495400,0.0,0.0
2023-08-15 00:00:00+07:00,8334.821929603495,8379.512663810483,8312.4765625,8312.4765625,59303700,0.0,0.0
2023-08-16 00:00:00+07:00,8290.131195396505,8334.821929603495,8267.78582829301,8312.4765625,53440000,0.0,0.0
2023-08-18 00:00:00+07:00,8267.7880859375,8357.169578758447,8267.7880859375,8267.7880859375,79328900,0.0,0.0
2023-08-21 00:00:00+07:00,8245.440735694823,8267.786103542234,8200.75,8200.75,73573000,0.0,0.0
2023-08-22 00:00:00+07:00,8178.404359879032,8334.821929603495,8178.404359879032,8312.4765625,65664600,0.0,0.0
2023-08-23 00:00:00+07:00,8312.4765625,8334.821929603495,8290.131195396505,8312.4765625,63749800,0.0,0.0
2023-08-24 00:00:00+07:00,8267.786440641985,8334.82254691746,8223.095703125,8223.095703125,53725900,0.0,0.0
2023-08-25 00:00:00+07:00,8223.096698113208,8290.1328125,8200.751326650943,8290.1328125,50379000,0.0,0.0
2023-08-28 00:00:00+07:00,8267.786440641985,8267.786440641985,8223.095703125,8223.095703125,44423100,0.0,0.0
2023-08-29 00:00:00+07:00,8290.133459142737,8312.478832347973,8223.097339527027,8267.7880859375,45428500,0.0,0.0
2023-08-30 00:00:00+07:00,8312.477178158968,8312.477178158968,8223.095703125,8223.095703125,56227000,0.0,0.0
2023-08-31 00:00:00+07:00,8223.09536784741,8245.440735694823,8133.713896457765,8200.75,136107200,0.0,0.0
2023-09-01 00:00:00+07:00,8223.097010501355,8290.13312743479,8200.75163819021,8245.4423828125,42152700,0.0,0.0
2023-09-04 00:00:00+07:00,8245.4423828125,8290.13312743479,8200.75163819021,8245.4423828125,40610600,0.0,0.0
2023-09-05 00:00:00+07:00,8267.787755123645,8267.787755123645,8223.097010501355,8245.4423828125,42007200,0.0,0.0
2023-09-06 00:00:00+07:00,8223.096012636612,8267.786751835723,8178.4052734375,8178.4052734375,49318400,0.0,0.0
2023-09-07 00:00:00+07:00,8156.059264305177,8200.75,8133.713896457765,8200.75,61405200,0.0,0.0
2023-09-08 00:00:00+07:00,8133.713714683219,8178.404449379281,8089.022979987158,8156.05908203125,80732300,0.0,0.0
2023-09-11 00:00:00+07:00,8111.368347335188,8156.05908203125,8111.368347335188,8156.05908203125,53155900,0.0,0.0
2023-09-12 00:00:00+07:00,8133.71337890625,8156.058745331817,8111.368012480683,8133.71337890625,66479000,0.0,0.0
2023-09-13 00:00:00+07:00,8089.024744963844,8111.3701171875,8044.334000516529,8111.3701171875,69490200,0.0,0.0
2023-09-14 00:00:00+07:00,8044.331913203983,8156.058745331817,8044.331913203983,8133.71337890625,112757900,0.0,0.0
2023-09-15 00:00:00+07:00,8089.024728732639,8133.715473090278,8044.333984375,8044.333984375,121005300,0.0,0.0
2023-09-18 00:00:00+07:00,8089.024728732639,8111.370100911458,8044.333984375,8044.333984375,34272200,0.0,0.0
2023-09-19 00:00:00+07:00,8044.334000516529,8111.3701171875,8021.988628292872,8111.3701171875,33325800,0.0,0.0
2023-09-20 00:00:00+07:00,8156.059903837944,8200.750643037056,8111.369164638832,8178.4052734375,54305500,0.0,0.0
2023-09-21 00:00:00+07:00,8156.05908203125,8178.404449379281,8111.368347335188,8156.05908203125,40607000,0.0,0.0
2023-09-22 00:00:00+07:00,8156.0608616348145,8178.406233858472,8111.3701171875,8111.3701171875,42445300,0.0,0.0
2023-09-25 00:00:00+07:00,8111.370100911458,8111.370100911458,8044.333984375,8044.333984375,56132200,0.0,0.0
2023-09-26 00:00:00+07:00,8044.332827775837,8066.678196741882,7999.64208984375,7999.64208984375,73544700,0.0,0.0
2023-09-27 00:00:00+07:00,7954.950346610915,8044.331811179578,7932.60498046875,7932.60498046875,84345000,0.0,0.0
2023-09-29 00:00:00+07:00,7887.91552734375,7954.951636641289,7887.91552734375,7887.91552734375,118960000,0.0,0.0
2023-10-02 00:00:00+07:00,7954.952511621901,8133.715489411157,7932.607139398244,8111.3701171875,93663000,0.0,0.0
2023-10-03 00:00:00+07:00,8111.368859332541,8223.095703125,8066.6781218155575,8223.095703125,98380200,0.0,0.0
2023-10-04 00:00:00+07:00,8223.095703125,8267.786440641985,8156.0595968495245,8223.095703125,112582800,0.0,0.0
2023-10-05 00:00:00+07:00,8223.096978305786,8223.096978305786,8111.3701171875,8111.3701171875,72855700,0.0,0.0
2023-10-06 00:00:00+07:00,8133.714329769737,8133.714329769737,8066.67822265625,8066.67822265625,53344400,0.0,0.0
2023-10-09 00:00:00+07:00,8066.679042752936,8156.060527991195,8066.679042752936,8089.0244140625,43774500,0.0,0.0
2023-10-10 00:00:00+07:00,8044.3334755777305,8044.3334755777305,7977.29736328125,7977.29736328125,71966100,0.0,0.0
2023-10-11 00:00:00+07:00,7977.29736328125,8066.678846343225,7977.29736328125,7977.29736328125,84305800,0.0,0.0
2023-10-12 00:00:00+07:00,8044.333671443371,8133.71515668163,8044.333671443371,8089.0244140625,71064500,0.0,0.0
2023-10-13 00:00:00+07:00,8133.715489411157,8156.0608616348145,8066.679372740186,8111.3701171875,62941800,0.0,0.0
2023-10-16 00:00:00+07:00,8156.058745331817,8156.058745331817,8089.022646055117,8133.71337890625,29429200,0.0,0.0
2023-10-17 00:00:00+07:00,8089.023565707926,8111.368934673969,7999.64208984375,7999.64208984375,59606000,0.0,0.0
2023-10-18 00:00:00+07:00,7977.297835010593,7999.643207097458,7910.26171875,7910.26171875,50919200,0.0,0.0
2023-10-19 00:00:00+07:00,7887.915011160714,7910.2603794642855,7820.87890625,7820.87890625,89509700,0.0,0.0
2023-10-20 00:00:00+07:00,7798.53361932016,8066.678041760968,7798.53361932016,8021.9873046875,64554500,0.0,0.0
2023-10-23 00:00:00+07:00,7932.607090836865,7977.297835010593,7910.26171875,7910.26171875,50633500,0.0,0.0
2023-10-24 00:00:00+07:00,7843.224609374999,7932.606086404914,7843.224609374999,7843.224609375,76963200,0.0,0.0
2023-10-25 00:00:00+07:00,7887.914248184419,7977.295712753081,7887.914248184419,7932.60498046875,54748400,0.0,0.0
2023-10-26 00:00:00+07:00,7977.297640300412,7999.64301184187,7798.53466796875,7798.53466796875,63199400,0.0,0.0
2023-10-27 00:00:00+07:00,7798.533356063667,7865.56945941092,7776.18798828125,7776.18798828125,52450700,0.0,0.0
2023-10-30 00:00:00+07:00,7776.189486228814,7910.26171875,7776.189486228814,7910.26171875,51958200,0.0,0.0
2023-10-31 00:00:00+07:00,7865.569642857143,7887.915011160714,7798.533537946429,7820.87890625,64907600,0.0,0.0
2023-11-01 00:00:00+07:00,7820.8798430686775,7843.225214048874,7686.8076171875,7686.8076171875,67027600,0.0,0.0
2023-11-02 00:00:00+07:00,7798.534858315678,7954.9524629237285,7798.534858315678,7910.26171875,56050900,0.0,0.0
2023-11-03 00:00:00+07:00,7977.296050682497,7999.641417771243,7910.259949416258,7954.95068359375,60414100,0.0,0.0
2023-11-06 00:00:00+07:00,8021.988300133806,8089.0244140625,7999.642928824241,8089.0244140625,84994200,0.0,0.0
2023-11-07 00:00:00+07:00,8044.332673224234,8066.678041760968,7954.951199077298,8021.9873046875,60648200,0.0,0.0
2023-11-08 00:00:00+07:00,7999.643240017362,8044.333984375,7954.952495659722,8044.333984375,31829300,0.0,0.0
2023-11-09 00:00:00+07:00,7954.952495659722,8089.024728732639,7954.952495659722,8044.333984375,46076800,0.0,0.0
2023-11-10 00:00:00+07:00,7999.642376172982,8044.333115704674,7887.91552734375,7887.91552734375,50754600,0.0,0.0
2023-11-13 00:00:00+07:00,7932.60498046875,7977.295712753081,7910.259614326585,7932.60498046875,20827700,0.0,0.0
2023-11-14 00:00:00+07:00,7954.951992515756,7999.6427340467435,7932.606621750262,7977.29736328125,37195700,0.0,0.0
2023-11-15 00:00:00+07:00,8021.988300133806,8089.0244140625,7999.642928824241,8089.0244140625,84977900,0.0,0.0
2023-11-16 00:00:00+07:00,8089.024744963844,8111.3701171875,7999.643256069216,8111.3701171875,48714300,0.0,0.0
2023-11-17 00:00:00+07:00,8066.679372740186,8111.3701171875,8021.988628292872,8111.3701171875,57050500,0.0,0.0
2023-11-20 00:00:00+07:00,8021.986445037412,8066.677177321743,7932.60498046875,7932.60498046875,49216000,0.0,0.0
2023-11-21 00:00:00+07:00,7887.915347889957,7954.951455662393,7843.224609374999,7843.224609375,107614800,0.0,0.0
2023-11-22 00:00:00+07:00,7843.223515900088,7932.60498046875,7843.223515900088,7932.60498046875,40364800,0.0,0.0
2023-11-23 00:00:00+07:00,7910.261250984769,8021.988104812237,7910.261250984769,7977.29736328125,55542100,0.0,0.0
2023-11-24 00:00:00+07:00,7977.29736328125,8021.988104812237,7954.951992515756,7977.29736328125,43631900,0.0,0.0
2023-11-27 00:00:00+07:00,7954.950346610915,7999.641078895246,7932.60498046875,7932.60498046875,35679000,0.0,0.0
2023-11-28 00:00:00+07:00,7932.60498046875,7999.641078895246,7910.259614326585,7932.60498046875,69070600,0.0,0.0
2023-11-29 00:00:00+07:00,7954.95068359375,7999.641417771243,7954.95068359375,7954.95068359375,54715600,0.0,0.0
2023-11-30 00:00:00+07:00,7977.296567614032,8021.9873046875,7954.951199077298,8021.9873046875,205312100,0.0,0.0
2023-12-01 00:00:00+07:00,7977.296720877705,8021.987458809794,7954.951351911662,7999.64208984375,80566400,0.0,0.0
2023-12-04 00:00:00+07:00,8037.810872395833,8105.166829427083,8015.35888671875,8015.35888671875,54747400,42.5,0.0
2023-12-05 00:00:00+07:00,8037.809726672226,8037.809726672226,7925.549814288535,7992.90576171875,94363900,0.0,0.0
2023-12-06 00:00:00+07:00,7948.002602317116,8037.810541326349,7903.0986328125,7903.0986328125,81852800,0.0,0.0
2023-12-07 00:00:00+07:00,7858.194341470432,7925.55029296875,7835.74235763766,7925.55029296875,91322500,0.0,0.0
2023-12-08 00:00:00+07:00,7903.098303571429,7948.002271205357,7858.1943359375,7858.1943359375,43891600,0.0,0.0
2023-12-11 00:00:00+07:00,7790.838384486607,7880.6463197544645,7790.838384486607,7858.1943359375,78642800,0.0,0.0
2023-12-12 00:00:00+07:00,7813.2900390625,7858.194004804239,7813.2900390625,7813.2900390625,87589300,0.0,0.0
2023-12-13 00:00:00+07:00,7813.290852395533,7858.194822811599,7790.8388671875,7790.8388671875,51560500,0.0,0.0
2023-12-14 00:00:00+07:00,7880.64776172954,8127.61962890625,7858.195773804386,8127.61962890625,115332800,0.0,0.0
2023-12-15 00:00:00+07:00,8194.975255123645,8284.783203125,8150.071281122967,8284.783203125,275013500,0.0,0.0
2023-12-18 00:00:00+07:00,8262.330078125,8284.782062032948,8217.426110309103,8262.330078125,111712200,0.0,0.0
2023-12-19 00:00:00+07:00,8194.975414379223,8307.2353515625,8194.975414379223,8307.2353515625,65174500,0.0,0.0
2023-12-20 00:00:00+07:00,8307.234700520834,8352.138671875,8284.78271484375,8352.138671875,72938100,0.0,0.0
2023-12-21 00:00:00+07:00,8352.138834199062,8374.5908203125,8307.234861972185,8374.5908203125,88116700,0.0,0.0
2023-12-22 00:00:00+07:00,8329.686848085623,8397.042806425938,8329.686848085623,8374.5908203125,64449600,0.0,0.0
2023-12-27 00:00:00+07:00,8419.494140625,8441.946125,8374.590171875,8419.494140625,64464700,0.0,0.0
2023-12-28 00:00:00+07:00,8374.59033462849,8464.398273873836,8374.59033462849,8441.9462890625,70184600,0.0,0.0
2023-12-29 00:00:00+07:00,8464.398273873836,8486.850258685174,8397.042319439828,8441.9462890625,79903400,0.0,0.0
2024-01-02 00:00:00+07:00,8441.946452254642,8464.3984375,8397.042481763927,8464.3984375,30545200,0.0,0.0
2024-01-03 00:00:00+07:00,8464.397943996491,8464.397943996491,8374.590008251169,8397.0419921875,34603300,0.0,0.0
2024-01-04 00:00:00+07:00,8441.946776055409,8509.302734375,8419.494789948878,8509.302734375,56501800,0.0,0.0
2024-01-05 00:00:00+07:00,8531.755364719322,8621.563315926893,8509.303376917429,8599.111328125,85290100,0.0,0.0
2024-01-08 00:00:00+07:00,8621.563315926893,8644.015303728786,8509.303376917429,8599.111328125,50896000,0.0,0.0
2024-01-09 00:00:00+07:00,8621.561688311689,8644.013671875,8599.109704748376,8644.013671875,59848600,0.0,0.0
2024-01-10 00:00:00+07:00,8666.466142424737,8666.466142424737,8576.658203125,8576.658203125,52774900,0.0,0.0
2024-01-11 00:00:00+07:00,8644.015303728786,8666.467291530678,8599.111328125,8599.111328125,39381500,0.0,0.0
2024-01-12 00:00:00+07:00,8666.466147511275,8711.3701171875,8621.56217783505,8711.3701171875,68253400,0.0,0.0
2024-01-15 00:00:00+07:00,8756.273271810733,8756.273271810733,8666.465340817802,8733.8212890625,88399500,0.0,0.0
2024-01-16 00:00:00+07:00,8711.3701171875,8756.274086863725,8688.918132349389,8711.3701171875,44869200,0.0,0.0
2024-01-17 00:00:00+07:00,8756.2734375,8756.2734375,8666.465504807693,8756.2734375,107706100,0.0,0.0
2024-01-18 00:00:00+07:00,8688.9189453125,8756.274906128876,8644.014971434915,8688.9189453125,71048900,0.0,0.0
2024-01-19 00:00:00+07:00,8778.725573254871,8778.725573254871,8621.561688311689,8644.013671875,63176500,0.0,0.0
2024-01-22 00:00:00+07:00,8621.561688311689,8666.465655438313,8554.205737621754,8644.013671875,52868300,0.0,0.0
2024-01-23 00:00:00+07:00,8486.8505859375,8621.5625,8486.8505859375,8621.5625,92348600,0.0,0.0
2024-01-24 00:00:00+07:00,8621.561023622047,8621.561023622047,8509.301114460302,8554.205078125,84906000,0.0,0.0
2024-01-25 00:00:00+07:00,8486.848966899672,8599.108873869243,8486.848966899672,8531.7529296875,63212700,0.0,0.0
2024-01-26 00:00:00+07:00,8441.94596006016,8486.84992793282,8352.13802431484,8397.0419921875,78977300,0.0,0.0
2024-01-29 00:00:00+07:00,8441.946294175392,8576.658203125,8419.494309350457,8576.658203125,73452800,0.0,0.0
2024-01-30 00:00:00+07:00,8531.75487775259,8666.466796875,8509.30289123219,8666.466796875,73136400,0.0,0.0
2024-01-31 00:00:00+07:00,8711.370112074606,8711.370112074606,8576.658203125,8576.658203125,102581200,0.0,0.0
2024-02-01 00:00:00+07:00,8666.466147511275,8733.822102025611,8599.110192996939,8711.3701171875,104208700,0.0,0.0
2024-02-02 00:00:00+07:00,8778.726071701836,8801.178056539948,8644.014162673164,8711.3701171875,99324000,0.0,0.0
2024-02-05 00:00:00+07:00,8688.919279332571,8688.919279332571,8554.207352521214,8599.111328125,57983300,0.0,0.0
2024-02-06 00:00:00+07:00,8756.273589691558,8756.273589691558,8644.013671875,8644.013671875,87651000,0.0,0.0
2024-02-07 00:00:00+07:00,8711.3701171875,8733.822102025611,8666.466147511275,8711.3701171875,92953500,0.0,0.0
2024-02-12 00:00:00+07:00,8756.273766342474,8801.177734375,8711.369798309948,8801.177734375,87949400,0.0,0.0
2024-02-13 00:00:00+07:00,8756.273271810733,8801.177237307198,8711.369306314267,8733.8212890625,66072400,0.0,0.0
2024-02-15 00:00:00+07:00,8935.890957130394,8958.342944459866,8846.0830078125,8846.0830078125,164748900,0.0,0.0
2024-02-16 00:00:00+07:00,8958.341632478801,8980.7936165201,8868.5336963136,8935.8896484375,142277200,0.0,0.0
2024-02-19 00:00:00+07:00,8890.986164952532,8958.342120747628,8823.630209157436,8868.5341796875,53341300,0.0,0.0
2024-02-20 00:00:00+07:00,8846.081237336346,9003.2451171875,8846.081237336346,9003.2451171875,63997700,0.0,0.0
2024-02-21 00:00:00+07:00,8935.88981242168,8980.79378132832,8846.081874608397,8958.341796875,75371600,0.0,0.0
2024-02-22 00:00:00+07:00,8958.342120747628,8958.342120747628,8868.5341796875,8868.5341796875,66913000,0.0,0.0
2024-02-23 00:00:00+07:00,8890.985836116412,8913.43782055105,8801.177898377862,8823.6298828125,55192300,0.0,0.0
2024-02-26 00:00:00+07:00,8756.273766342474,8868.533686423789,8733.821782326211,8801.177734375,41356000,0.0,0.0
2024-02-27 00:00:00+07:00,8756.274253362342,8890.986164952532,8756.274253362342,8868.5341796875,43735800,0.0,0.0
2024-02-28 00:00:00+07:00,8958.34196044922,8980.7939453125,8890.986005859375,8980.7939453125,54043100,0.0,0.0
2024-02-29 00:00:00+07:00,8980.794106012658,8980.794106012658,8846.082194422468,8868.5341796875,126671200,0.0,0.0
2024-03-01 00:00:00+07:00,8890.985836116412,8913.43782055105,8801.177898377862,8823.6298828125,51520600,0.0,0.0
2024-03-04 00:00:00+07:00,8801.177403846154,8823.629387019231,8756.2734375,8756.2734375,43822900,0.0,0.0
2024-03-05 00:00:00+07:00,8890.985670440052,8890.985670440052,8778.725750358737,8801.177734375,61952900,0.0,0.0
2024-03-06 00:00:00+07:00,8890.9856803549,8980.7936165201,8778.725760148398,8935.8896484375,70242200,0.0,0.0
2024-03-07 00:00:00+07:00,9025.696788194444,9137.95669849537,8980.792824074075,9093.052734375,118369300,0.0,0.0
2024-03-08 00:00:00+07:00,9205.312812692426,9250.21677763239,9093.052900342518,9115.5048828125,100947200,0.0,0.0
2024-03-13 00:00:00+07:00,9340.025703125,9340.025703125,8980.7939453125,8980.7939453125,141622600,0.0,0.0
2024-03-14 00:00:00+07:00,9025.698083762107,9272.669921875,9003.246098479116,9272.669921875,110681100,0.0,0.0
2024-03-15 00:00:00+07:00,9160.408847752464,9250.21677763239,9025.696952932574,9115.5048828125,154176800,0.0,0.0
2024-03-18 00:00:00+07:00,9137.956865282482,9227.764795162408,9115.5048828125,9115.5048828125,62444100,0.0,0.0
2024-03-19 00:00:00+07:00,9115.506996698403,9205.314947404791,9115.506996698403,9137.958984375,55004800,0.0,0.0
2024-03-20 00:00:00+07:00,9070.600752314815,9115.504716435185,9048.14877025463,9093.052734375,66269700,0.0,0.0
2024-03-21 00:00:00+07:00,9137.95669849537,9182.860662615742,9025.696788194444,9093.052734375,90279400,0.0,0.0
2024-03-22 00:00:00+07:00,8980.794593131188,9093.054525545329,8935.890620165532,9070.6025390625,91968200,0.0,0.0
2024-03-25 00:00:00+07:00,9256.6533203125,9256.6533203125,9118.83714184631,9256.6533203125,66971000,227.5,0.0
2024-03-26 00:00:00+07:00,9233.6845703125,9233.6845703125,9141.807111901431,9233.6845703125,65742700,0.0,0.0
2024-03-27 00:00:00+07:00,9210.714594157103,9256.6533203125,9187.745231079405,9256.6533203125,39514100,0.0,0.0
2024-03-28 00:00:00+07:00,9210.714594157103,9279.622683390198,9164.775868001707,9256.6533203125,79229700,0.0,0.0
2024-04-01 00:00:00+07:00,9256.654968571542,9279.624335739214,9026.96129689483,9049.9306640625,79248700,0.0,0.0
2024-04-02 00:00:00+07:00,9118.837528113163,9141.806892163826,9003.990707859848,9095.8681640625,76763100,0.0,0.0
2024-04-03 00:00:00+07:00,8958.051411786417,9003.990136975066,8751.3271484375,8751.3271484375,177418400,0.0,0.0
2024-04-04 00:00:00+07:00,8797.267625218115,9049.9306640625,8797.267625218115,9049.9306640625,75993500,0.0,0.0
2024-04-05 00:00:00+07:00,9141.806779778944,9141.806779778944,9026.9599609375,9026.9599609375,70428600,0.0,0.0
2024-04-16 00:00:00+07:00,8590.54281930244,8797.267111745547,8498.665355994393,8705.3896484375,283265900,0.0,0.0
2024-04-17 00:00:00+07:00,8774.296511031824,8889.143324003446,8751.3271484375,8751.3271484375,95620700,0.0,0.0
2024-04-18 00:00:00+07:00,8751.328380091523,8797.267111745547,8682.420282610488,8705.3896484375,127134000,0.0,0.0
2024-04-19 00:00:00+07:00,8590.54281930244,8728.359014264512,8544.604087648417,8705.3896484375,147784300,0.0,0.0
2024-04-22 00:00:00+07:00,8636.48071941845,8659.450083033924,8590.5419921875,8590.5419921875,128908000,0.0,0.0
2024-04-23 00:00:00+07:00,8636.480318123393,8981.020756346401,8636.480318123393,8935.08203125,178833000,0.0,0.0
2024-04-24 00:00:00+07:00,9026.95982353172,9141.806640625,8958.051733275754,9141.806640625,132832700,0.0,0.0
2024-04-25 00:00:00+07:00,9187.745764066496,9187.745764066496,8912.113391144501,8981.021484375,104874100,0.0,0.0
2024-04-26 00:00:00+07:00,8912.113169642857,9026.959988839286,8843.205078125,8843.205078125,100932900,0.0,0.0
2024-04-29 00:00:00+07:00,8751.327243104273,9049.928960060586,8751.327243104273,9003.990234375,90063500,0.0,0.0
2024-04-30 00:00:00+07:00,9233.683862802933,9233.683862802933,9003.990234375,9003.990234375,109623000,0.0,0.0
2024-05-02 00:00:00+07:00,9095.867964659687,9095.867964659687,8728.35814790576,8774.296875,97079400,0.0,0.0
2024-05-03 00:00:00+07:00,8958.053195391814,9049.9306640625,8889.145093888801,9049.9306640625,81200400,0.0,0.0
2024-05-06 00:00:00+07:00,9049.928960060586,9072.89832290338,8981.020871532206,9003.990234375,53076200,0.0,0.0
2024-05-07 00:00:00+07:00,8912.11328125,8958.052009503866,8843.2051888692,8912.11328125,66746800,0.0,0.0
2024-05-08 00:00:00+07:00,8820.235999999999,8912.113458333333,8613.51171875,8613.51171875,112808900,0.0,0.0
2024-05-13 00:00:00+07:00,8452.725434711287,8751.3271484375,8452.725434711287,8751.3271484375,145469900,0.0,0.0
2024-05-14 00:00:00+07:00,8843.204965641362,8889.143692735603,8751.32751145288,8774.296875,95363500,0.0,0.0
2024-05-15 00:00:00+07:00,8728.357421875,8820.234868421052,8659.449336965461,8728.357421875,54741900,0.0,0.0
2024-05-16 00:00:00+07:00,8797.266962687174,8889.144424438477,8751.328231811523,8820.236328125,61126000,0.0,0.0
2024-05-17 00:00:00+07:00,8820.235576923076,9049.929211738781,8797.266213441506,8958.0517578125,99848500,0.0,0.0
2024-05-20 00:00:00+07:00,8912.113940880607,9003.991404188655,8705.3896484375,8705.3896484375,87890100,0.0,0.0
2024-05-21 00:00:00+07:00,8682.4198125,8797.266635416667,8613.51171875,8613.51171875,75311400,0.0,0.0
2024-05-22 00:00:00+07:00,8705.388923139091,8797.266378792276,8567.572739659317,8659.4501953125,121712700,0.0,0.0
2024-05-27 00:00:00+07:00,8544.603515625,8613.511608492943,8521.634151335686,8544.603515625,128578500,0.0,0.0
2024-05-28 00:00:00+07:00,8544.603515625,8636.480972782258,8544.603515625,8544.603515625,73945700,0.0,0.0
2024-05-29 00:00:00+07:00,8521.633927809085,8567.57265518272,8406.787109375,8406.787109375,117351600,0.0,0.0
2024-05-30 00:00:00+07:00,8268.9716796875,8498.665337456598,8062.247387695313,8268.9716796875,207115100,0.0,0.0
2024-05-31 00:00:00+07:00,8360.849809966216,8498.666015625,8291.941707136824,8498.666015625,756431600,0.0,0.0
2024-06-03 00:00:00+07:00,8590.542863460243,8590.542863460243,8475.69603373484,8521.634765625,72197700,0.0,0.0
2024-06-04 00:00:00+07:00,8751.327537495823,8751.327537495823,8590.5419921875,8590.5419921875,75353100,0.0,0.0
2024-06-05 00:00:00+07:00,8728.35865162037,8728.35865162037,8544.603732638889,8682.419921875,82087300,0.0,0.0
2024-06-06 00:00:00+07:00,8751.328380091523,8751.328380091523,8682.420282610488,8705.3896484375,44991300,0.0,0.0
2024-06-07 00:00:00+07:00,8728.358799011394,8728.358799011394,8567.5732421875,8567.5732421875,51599800,0.0,0.0
2024-06-10 00:00:00+07:00,8728.357785843176,8751.3271484375,8682.419060654527,8751.3271484375,45584700,0.0,0.0
2024-06-11 00:00:00+07:00,8774.297158518146,8774.297158518146,8544.603515625,8544.603515625,68690900,0.0,0.0
2024-06-12 00:00:00+07:00,8544.604750844595,8567.574118454391,8498.666015625,8498.666015625,49785700,0.0,0.0
2024-06-13 00:00:00+07:00,8705.388578995415,8705.388578995415,8452.7255859375,8452.7255859375,84652200,0.0,0.0
2024-06-14 00:00:00+07:00,8452.7255859375,8498.66431194803,8360.84813391644,8452.7255859375,52986300,0.0,0.0
2024-06-19 00:00:00+07:00,8498.666074974102,8498.666074974102,8314.9111328125,8314.9111328125,100051000,0.0,0.0
2024-06-20 00:00:00+07:00,8406.787192266247,8659.4501953125,8360.848464439656,8659.4501953125,81474800,0.0,0.0
2024-06-21 00:00:00+07:00,8705.389500935873,8889.144424438477,8636.481404622396,8820.236328125,166841200,0.0,0.0
2024-06-24 00:00:00+07:00,8820.236328125,8958.052520751953,8797.266962687174,8820.236328125,79592300,0.0,0.0
2024-06-25 00:00:00+07:00,8820.236328125,8820.236328125,8682.420135498047,8820.236328125,80029000,0.0,0.0
2024-06-26 00:00:00+07:00,8751.326783511513,8866.17359169408,8682.418698601974,8728.357421875,77913200,0.0,0.0
2024-06-27 00:00:00+07:00,8797.266213441506,8958.0517578125,8774.296849959936,8958.0517578125,89150700,0.0,0.0
2024-06-28 00:00:00+07:00,9003.991065806045,9164.776620552582,8981.021700842253,9118.837890625,166172300,0.0,0.0
2024-07-01 00:00:00+07:00,9049.93004845728,9095.868779667722,9026.960682852057,9072.8994140625,68634600,0.0,0.0
2024-07-02 00:00:00+07:00,9187.745620265152,9187.745620265152,9049.929435961174,9095.8681640625,78848500,0.0,0.0
2024-07-03 00:00:00+07:00,9164.776728515624,9187.74609375,9118.837998046874,9187.74609375,55860200,0.0,0.0
2024-07-04 00:00:00+07:00,9164.776143547233,9187.745507315522,9026.9599609375,9026.9599609375,67054000,0.0,0.0
2024-07-05 00:00:00+07:00,9118.837277206343,9164.776004043655,9072.898550369033,9141.806640625,36946900,0.0,0.0
2024-07-08 00:00:00+07:00,9187.745841106966,9233.6845703125,9141.807111901431,9233.6845703125,72903600,0.0,0.0
2024-07-09 00:00:00+07:00,9279.622683390198,9325.561409545597,9256.6533203125,9256.6533203125,61853200,0.0,0.0
2024-07-10 00:00:00+07:00,9348.532122621442,9394.470855410736,9233.685290648205,9279.6240234375,62325900,0.0,0.0
2024-07-11 00:00:00+07:00,9187.745231079405,9302.592046467898,9187.745231079405,9256.6533203125,55908400,0.0,0.0
2024-07-12 00:00:00+07:00,9233.683957234802,9279.622683390198,9210.714594157103,9256.6533203125,62646500,0.0,0.0
2024-07-15 00:00:00+07:00,9233.6845703125,9256.653934915268,9141.807111901431,9233.6845703125,36682600,0.0,0.0
2024-07-16 00:00:00+07:00,9164.776004043655,9210.714730880967,9141.806640625,9141.806640625,37192700,0.0,0.0
2024-07-17 00:00:00+07:00,9095.867685746174,9141.80641143176,9003.990234375,9003.990234375,90666000,0.0,0.0
2024-07-18 00:00:00+07:00,9003.991626701732,9279.6240234375,9003.991626701732,9279.6240234375,65383200,0.0,0.0
2024-07-19 00:00:00+07:00,9233.68370949074,9302.591796875,9164.775622106481,9302.591796875,53880300,0.0,0.0
2024-07-22 00:00:00+07:00,9302.593389832147,9325.562756226795,9279.6240234375,9279.6240234375,31285300,0.0,0.0
2024-07-23 00:00:00+07:00,9371.50159321253,9371.50159321253,9302.593493262439,9348.5322265625,39321100,0.0,0.0
2024-07-24 00:00:00+07:00,9302.592046467898,9348.530772623295,9256.6533203125,9256.6533203125,24658000,0.0,0.0
2024-07-25 00:00:00+07:00,9394.470807418082,9463.37890625,9371.501441140777,9463.37890625,98088100,0.0,0.0
2024-07-26 00:00:00+07:00,9532.286385820218,9555.255750605327,9463.378291464891,9486.34765625,75565800,0.0,0.0
2024-07-29 00:00:00+07:00,9555.255640243902,9578.225004763719,9348.531359565548,9417.439453125,69092500,0.0,0.0
2024-07-30 00:00:00+07:00,9463.379059812652,9463.379059812652,9348.5322265625,9348.5322265625,32122900,0.0,0.0
2024-07-31 00:00:00+07:00,9509.317275889598,9509.317275889598,9394.4704488861,9440.4091796875,82519900,0.0,0.0
2024-08-01 00:00:00+07:00,9371.500583584337,9532.2861328125,9371.500583584337,9532.2861328125,61176200,0.0,0.0
2024-08-02 00:00:00+07:00,9440.409071978402,9509.317167394302,9371.5009765625,9371.5009765625,55699900,0.0,0.0
2024-08-05 00:00:00+07:00,9187.746242088608,9325.562435719938,9072.8994140625,9072.8994140625,126328300,0.0,0.0
2024-08-06 00:00:00+07:00,9256.654189453126,9256.654189453126,9141.80736328125,9187.74609375,78473900,0.0,0.0
2024-08-07 00:00:00+07:00,9187.74655785891,9279.6240234375,9187.74655785891,9279.6240234375,52327400,0.0,0.0
2024-08-08 00:00:00+07:00,9325.56163565862,9394.4697265625,9256.653544754738,9394.4697265625,54162100,0.0,0.0
2024-08-09 00:00:00+07:00,9394.468629733683,9417.437990686576,9279.621824969212,9325.560546875,47062400,0.0,0.0
2024-08-12 00:00:00+07:00,9279.623516007967,9371.5009765625,9256.654150869332,9371.5009765625,40364100,0.0,0.0
2024-08-13 00:00:00+07:00,9417.440173695388,9463.37890625,9348.532074863471,9463.37890625,55207100,0.0,0.0
2024-08-14 00:00:00+07:00,9463.378437117035,9463.378437117035,9371.5009765625,9371.5009765625,47999100,0.0,0.0
2024-08-15 00:00:00+07:00,9371.500362927873,9463.377817466382,9348.530999293247,9394.4697265625,33396600,0.0,0.0
2024-08-16 00:00:00+07:00,9463.378291464891,9486.34765625,9417.439561894673,9486.34765625,40731400,0.0,0.0
2024-08-19 00:00:00+07:00,9486.347404461596,9578.224861163404,9440.408676110692,9532.2861328125,51054400,0.0,0.0
2024-08-20 00:00:00+07:00,9486.34715508843,9601.193972946643,9463.377791516787,9578.224609375,60304400,0.0,0.0
2024-08-21 00:00:00+07:00,9647.13270008993,9647.13270008993,9578.224609375,9578.224609375,84848800,0.0,0.0
2024-08-22 00:00:00+07:00,9509.317021035109,9555.255750605327,9394.470197109564,9486.34765625,56611600,0.0,0.0
2024-08-23 00:00:00+07:00,9486.34765625,9532.286385820218,9463.378291464891,9486.34765625,46651600,0.0,0.0
2024-08-26 00:00:00+07:00,9440.408926679782,9532.286385820218,9417.439561894673,9486.34765625,35145600,0.0,0.0
2024-08-27 00:00:00+07:00,9440.409071978402,9463.378437117035,9348.531611423867,9371.5009765625,60448400,0.0,0.0
2024-08-28 00:00:00+07:00,9463.377679649759,9509.31640625,9417.438953049517,9509.31640625,38489900,0.0,0.0
2024-08-29 00:00:00+07:00,9647.1327265434,9647.1327265434,9394.4697265625,9394.4697265625,53004700,0.0,0.0
2024-08-30 00:00:00+07:00,9486.34765625,9486.34765625,9371.500832324455,9486.34765625,158403700,0.0,0.0
2024-09-02 00:00:00+07:00,9532.286641290297,9532.286641290297,9371.5010834854,9440.4091796875,72008600,0.0,0.0
2024-09-03 00:00:00+07:00,9486.348426462684,9486.348426462684,9325.562859912468,9348.5322265625,50950200,0.0,0.0
2024-09-04 00:00:00+07:00,9325.562708586165,9463.37890625,9302.593342308859,9463.37890625,44817000,0.0,0.0
2024-09-05 00:00:00+07:00,9509.316911204269,9509.316911204269,9417.439453125,9417.439453125,39332900,0.0,0.0
2024-09-06 00:00:00+07:00,9394.470807418082,9463.37890625,9394.470807418082,9463.37890625,31541800,0.0,0.0
2024-09-09 00:00:00+07:00,9463.378545088199,9509.317275889598,9371.5010834854,9440.4091796875,36185100,0.0,0.0
2024-09-10 00:00:00+07:00,9509.31640625,9509.31640625,9440.408316349638,9509.31640625,55093100,0.0,0.0
2024-09-11 00:00:00+07:00,9578.224609375,9578.224609375,9509.316518660073,9578.224609375,64621300,0.0,0.0
2024-09-12 00:00:00+07:00,9601.194697195704,9647.133427804296,9532.286601282816,9624.1640625,70759100,0.0,0.0
2024-09-13 00:00:00+07:00,9555.255245803357,9578.224609375,9486.34715508843,9578.224609375,70057100,0.0,0.0
2024-09-17 00:00:00+07:00,9601.195056733632,9647.1337890625,9509.317592075893,9647.1337890625,89745000,0.0,0.0
2024-09-18 00:00:00+07:00,9647.133639705882,9761.98046875,9601.194908088235,9761.98046875,65420200,0.0,0.0
2024-09-19 00:00:00+07:00,9830.888627078555,10014.6435546875,9784.94989517632,10014.6435546875,140886600,0.0,0.0
2024-09-20 00:00:00+07:00,10014.642718604988,10014.642718604988,9899.7958984375,9899.7958984375,142194600,0.0,0.0
2024-09-23 00:00:00+07:00,9853.857742936643,10060.58203125,9853.857742936643,10060.58203125,72553800,0.0,0.0
2024-09-24 00:00:00+07:00,9899.796260127316,10060.581814236111,9899.796260127316,9922.765625,105191100,0.0,0.0
2024-09-25 00:00:00+07:00,9807.9185515373,9968.7041015625,9670.102365801411,9968.7041015625,158369100,0.0,0.0
2024-09-26 00:00:00+07:00,9991.67423426548,9991.67423426548,9807.919305819218,9830.888671875,84960100,0.0,0.0
2024-09-27 00:00:00+07:00,9647.133032570422,9876.826676203053,9555.255575117371,9784.94921875,93027400,0.0,0.0
2024-09-30 00:00:00+07:00,9624.163844960654,9693.07193931598,9486.34765625,9486.34765625,144692100,0.0,0.0
2024-10-01 00:00:00+07:00,9555.255109597156,9693.0712890625,9532.285746352933,9693.0712890625,59797700,0.0,0.0
2024-10-02 00:00:00+07:00,9486.348225911459,9693.072521391368,9486.348225911459,9647.1337890625,86746200,0.0,0.0
2024-10-03 00:00:00+07:00,9601.1943359375,9670.102429257626,9555.255607057417,9601.1943359375,60887000,0.0,0.0
2024-10-04 00:00:00+07:00,9555.255966587112,9624.1640625,9509.31723597852,9624.1640625,58500400,0.0,0.0
2024-10-07 00:00:00+07:00,9509.317638804612,9532.287005081917,9417.440173695388,9463.37890625,91867900,0.0,0.0
2024-10-08 00:00:00+07:00,9371.499981219953,9647.132333608773,9325.561255821814,9555.2548828125,99622900,0.0,0.0
2024-10-09 00:00:00+07:00,9555.255245803357,9670.10206366157,9555.255245803357,9578.224609375,56835200,0.0,0.0
2024-10-10 00:00:00+07:00,9578.225690569196,9647.1337890625,9555.256324404761,9647.1337890625,51080000,0.0,0.0
2024-10-11 00:00:00+07:00,9716.041046216114,9716.041046216114,9532.2861328125,9532.2861328125,44632100,0.0,0.0
2024-10-14 00:00:00+07:00,9532.286958240327,9647.1337890625,9532.286958240327,9647.1337890625,31738600,0.0,0.0
2024-10-15 00:00:00+07:00,9693.07237132353,9761.98046875,9601.194908088235,9761.98046875,66635200,0.0,0.0
2024-10-16 00:00:00+07:00,9830.888350238663,9853.85771554296,9624.1640625,9624.1640625,63255900,0.0,0.0
2024-10-17 00:00:00+07:00,9693.071869536714,9922.765515734265,9647.133140297203,9853.857421875,66993300,0.0,0.0
2024-10-18 00:00:00+07:00,9991.671999909157,9991.671999909157,9853.855834393167,9876.8251953125,56299600,0.0,0.0
2024-10-21 00:00:00+07:00,9968.703509221312,9968.703509221312,9807.91796875,9807.91796875,36472500,0.0,0.0
2024-10-22 00:00:00+07:00,9624.164422898066,9739.011253720239,9624.164422898066,9647.1337890625,94799500,0.0,0.0
2024-10-23 00:00:00+07:00,9624.16366820716,9784.94921875,9624.16366820716,9784.94921875,48903000,0.0,0.0
2024-10-24 00:00:00+07:00,9853.858037930782,9968.704868209697,9830.888671875,9830.888671875,85341200,0.0,0.0
2024-10-25 00:00:00+07:00,9784.947751635174,9876.8251953125,9761.978390715842,9876.8251953125,34847500,0.0,0.0
2024-10-28 00:00:00+07:00,9945.735026809403,9945.735026809403,9739.0107421875,9739.0107421875,39061500,0.0,0.0
2024-10-29 00:00:00+07:00,9670.103155226934,9716.041887555804,9647.1337890625,9647.1337890625,49680100,0.0,0.0
2024-10-30 00:00:00+07:00,9440.408316349638,9555.255132850241,9440.408316349638,9509.31640625,114484100,0.0,0.0
2024-10-31 00:00:00+07:00,9486.347546684452,9624.163733803354,9417.439453125,9417.439453125,97553400,0.0,0.0
2024-11-01 00:00:00+07:00,9440.408427945144,9578.224609375,9440.408427945144,9578.224609375,47710000,0.0,0.0
2024-11-04 00:00:00+07:00,9578.224861163404,9647.13295368976,9463.378040286145,9532.2861328125,49275700,0.0,0.0
2024-11-05 00:00:00+07:00,9463.378859747023,9716.041887555804,9463.378859747023,9647.1337890625,50296500,0.0,0.0
2024-11-06 00:00:00+07:00,9624.163700377543,9647.133064817584,9532.286242617374,9601.1943359375,50324900,0.0,0.0
2024-11-07 00:00:00+07:00,9486.348426462684,9601.195259712838,9348.5322265625,9348.5322265625,131579100,0.0,0.0
2024-11-08 00:00:00+07:00,9371.500135700993,9394.469498778692,9233.683957234802,9256.6533203125,92166100,0.0,0.0
2024-11-11 00:00:00+07:00,9003.990924284826,9233.6845703125,9003.990924284826,9233.6845703125,128707600,0.0,0.0
2024-11-12 00:00:00+07:00,9279.621824969212,9394.468629733683,9187.744381157636,9325.560546875,80378500,0.0,0.0
2024-11-13 00:00:00+07:00,9394.468629733683,9417.437990686576,9325.560546875,9325.560546875,62933100,0.0,0.0
2024-11-14 00:00:00+07:00,9302.593389832147,9348.532122621442,9233.685290648205,9279.6240234375,56381400,0.0,0.0
2024-11-15 00:00:00+07:00,9233.685393312346,9440.409693162623,9233.685393312346,9348.5322265625,63598200,0.0,0.0
2024-11-18 00:00:00+07:00,9256.654189453126,9302.592919921875,9187.74609375,9187.74609375,65716200,0.0,0.0
2024-11-19 00:00:00+07:00,9095.868525661208,9210.715350480163,9095.868525661208,9118.837890625,85295300,0.0,0.0
2024-11-20 00:00:00+07:00,9210.714594157103,9325.561409545597,9187.745231079405,9256.6533203125,58584400,0.0,0.0
2024-11-21 00:00:00+07:00,9233.570947017766,9233.570947017766,9095.0673828125,9095.0673828125,93181200,50.0,0.0
2024-11-22 00:00:00+07:00,9164.319164915132,9187.403092282677,9095.0673828125,9095.0673828125,58396100,0.0,0.0
2024-11-25 00:00:00+07:00,9187.402862023955,9418.242129914004,9141.235008445945,9395.158203125,165369400,0.0,0.0
2024-11-26 00:00:00+07:00,9464.4095703125,9464.4095703125,9233.5703125,9233.5703125,62310100,0.0,0.0
2024-11-28 00:00:00+07:00,9210.48638671875,9302.82208984375,9164.31853515625,9233.5703125,57443500,0.0,0.0
2024-11-29 00:00:00+07:00,9233.5703125,9325.906015625,9187.402460937501,9233.5703125,76886000,0.0,0.0
2024-12-02 00:00:00+07:00,9233.569711538461,9279.737560096155,9002.73046875,9002.73046875,87879600,0.0,0.0
2024-12-03 00:00:00+07:00,9256.65373918122,9441.325135474111,9141.23411649816,9418.2412109375,126087100,0.0,0.0
2024-12-04 00:00:00+07:00,9395.157286400889,9464.409060010723,9279.737663717831,9418.2412109375,97876300,0.0,0.0
2024-12-05 00:00:00+07:00,9464.41015625,9556.745865091463,9441.326229039634,9464.41015625,96904400,0.0,0.0
2024-12-06 00:00:00+07:00,9325.90619184243,9395.157970494727,9279.738339407568,9302.822265625,68247200,0.0,0.0
2024-12-09 00:00:00+07:00,9256.653141040157,9556.744140625,9233.56921799517,9556.744140625,64458400,0.0,0.0
2024-12-10 00:00:00+07:00,9533.660217580013,9556.744140625,9487.492371490036,9556.744140625,61230400,0.0,0.0
2024-12-11 00:00:00+07:00,9441.324705860312,9625.99609375,9441.324705860312,9625.99609375,37934300,0.0,0.0
2024-12-12 00:00:00+07:00,9510.577837070025,9579.829617437039,9395.158203125,9395.158203125,44780100,0.0,0.0
2024-12-13 00:00:00+07:00,9348.990059468284,9441.325763759329,9256.65435517724,9279.73828125,75126400,0.0,0.0
2024-12-16 00:00:00+07:00,9233.570544554455,9348.990176361387,9233.570544554455,9325.90625,57746100,0.0,0.0
2024-12-17 00:00:00+07:00,9187.402225378788,9279.737926136364,9141.234375,9141.234375,99845900,0.0,0.0
2024-12-18 00:00:00+07:00,9141.234135841836,9256.653758769133,9048.8984375,9048.8984375,84868500,0.0,0.0
2024-12-19 00:00:00+07:00,8956.563418523901,9025.815197533107,8818.059860505491,8933.4794921875,104254100,0.0,0.0
2024-12-20 00:00:00+07:00,8910.3955078125,9002.731212556671,8887.311581626458,8910.3955078125,91576900,0.0,0.0
2024-12-23 00:00:00+07:00,8956.56364889706,9095.06721047794,8956.56364889706,9025.8154296875,43292100,0.0,0.0
2024-12-24 00:00:00+07:00,9095.066165865384,9141.234014423077,9002.73046875,9002.73046875,32415700,0.0,0.0
2024-12-27 00:00:00+07:00,9048.8984375,9071.982362085459,8979.646663743622,9048.8984375,24016700,0.0,0.0
2024-12-30 00:00:00+07:00,9048.899123869509,9071.98305020591,8933.4794921875,8933.4794921875,56350100,0.0,0.0
2025-01-02 00:00:00+07:00,8910.39512310606,9141.234375,8910.39512310606,9141.234375,38124800,0.0,0.0
2025-01-03 00:00:00+07:00,9095.0673828125,9164.319164915132,9071.983455444955,9095.0673828125,41916000,0.0,0.0
2025-01-06 00:00:00+07:00,9095.066976542312,9118.150902878715,8910.395565851099,8933.4794921875,41593900,0.0,0.0
2025-01-07 00:00:00+07:00,8933.479138471948,8979.646989316765,8794.9755859375,8794.9755859375,71318600,0.0,0.0
2025-01-08 00:00:00+07:00,8933.4794921875,9025.815197533107,8841.143786841893,8933.4794921875,55943100,0.0,0.0
2025-01-09 00:00:00+07:00,9002.731673342321,9118.151310180045,8979.647745974778,9095.0673828125,42733800,0.0,0.0
2025-01-10 00:00:00+07:00,9048.898256748073,9164.317877369858,8979.646484375,8979.646484375,72531300,0.0,0.0
2025-01-13 00:00:00+07:00,8887.311639514695,8979.647344860303,8887.311639514695,8933.4794921875,88270100,0.0,0.0
2025-01-14 00:00:00+07:00,8864.227362204725,8979.646989316765,8794.9755859375,8794.9755859375,70942600,0.0,0.0
2025-01-15 00:00:00+07:00,8841.143116230867,9048.8984375,8818.059191645409,9048.8984375,77098000,0.0,0.0
2025-01-16 00:00:00+07:00,9095.066165865384,9164.317938701923,9002.73046875,9002.73046875,76979000,0.0,0.0
2025-01-17 00:00:00+07:00,9002.730823863636,9141.234375,8910.39512310606,9141.234375,71033100,0.0,0.0
2025-01-20 00:00:00+07:00,9095.066857751623,9118.150783786527,8887.3115234375,8887.3115234375,112111200,0.0,0.0
2025-01-21 00:00:00+07:00,8864.227480417754,8933.479257608518,8818.059628957246,8841.1435546875,124547900,0.0,0.0
2025-01-22 00:00:00+07:00,8910.39539082845,8933.479316711426,8841.143613179524,8864.2275390625,90154800,0.0,0.0
2025-01-23 00:00:00+07:00,8864.2275390625,9002.731094360352,8864.2275390625,8864.2275390625,120515400,0.0,0.0
2025-01-24 00:00:00+07:00,8887.31086282169,8910.394787140709,8633.3876953125,8633.3876953125,152057000,0.0,0.0
2025-01-30 00:00:00+07:00,8448.716796875,8564.136425247609,8448.716796875,8448.716796875,154645800,0.0,0.0
2025-01-31 00:00:00+07:00,8541.053189070768,8771.892464451059,8517.969261532739,8725.724609375,112982800,0.0,0.0
2025-02-03 00:00:00+07:00,8679.555543950535,8679.555543950535,8517.968073717413,8633.3876953125,90439900,0.0,0.0
2025-02-04 00:00:00+07:00,8633.387266902248,8679.555113249318,8471.7998046875,8471.7998046875,94607700,0.0,0.0
2025-02-05 00:00:00+07:00,8402.548886986302,8471.800663527398,8402.548886986302,8425.6328125,98229900,0.0,0.0
2025-02-06 00:00:00+07:00,8379.464543688897,8402.548468051677,8171.709224423882,8264.044921875,171477800,0.0,0.0
2025-02-07 00:00:00+07:00,8264.044906208223,8633.3876953125,8148.625284613135,8633.3876953125,131162200,0.0,0.0
2025-02-10 00:00:00+07:00,8333.297168502391,8541.052499573087,8333.297168502391,8448.716796875,76209100,0.0,0.0
2025-02-11 00:00:00+07:00,8333.297964553203,8402.549748192148,8310.214036673553,8379.4658203125,71188300,0.0,0.0
2025-02-12 00:00:00+07:00,8264.045391478825,8448.716796875,8264.045391478825,8448.716796875,121172600,0.0,0.0
2025-02-13 00:00:00+07:00,8402.549576822916,8448.717431640625,8310.2138671875,8310.2138671875,90439700,0.0,0.0
2025-02-14 00:00:00+07:00,8310.212830779943,8379.464604369778,8264.044981720055,8287.12890625,116274500,0.0,0.0
2025-02-17 00:00:00+07:00,8287.12877272537,8610.3037109375,8287.12877272537,8610.3037109375,89096400,0.0,0.0
2025-02-18 00:00:00+07:00,8610.303650558635,8841.142890519994,8541.051878570228,8587.2197265625,107318300,0.0,0.0
2025-02-19 00:00:00+07:00,8517.968089865572,8541.052014228351,8264.044921875,8264.044921875,154438200,0.0,0.0
2025-02-20 00:00:00+07:00,8287.129939778646,8333.297794596354,8264.046012369792,8310.2138671875,119260800,0.0,0.0
2025-02-21 00:00:00+07:00,8264.046012369792,8310.2138671875,8240.962084960936,8310.2138671875,106054700,0.0,0.0
2025-02-24 00:00:00+07:00,8240.9619140625,8287.129767922794,8194.794060202206,8240.9619140625,108530300,0.0,0.0
2025-02-25 00:00:00+07:00,8217.877755400143,8310.213460516998,8148.6259765625,8148.6259765625,101592700,0.0,0.0
2025-02-26 00:00:00+07:00,8125.541444088319,8217.877142316596,8056.289670417112,8102.45751953125,117843500,0.0,0.0
2025-02-27 00:00:00+07:00,8125.541330645161,8125.541330645161,7848.534239827713,7871.6181640625,199991600,0.0,0.0
2025-02-28 00:00:00+07:00,7871.618908800075,8010.122467312685,7779.283203125,7779.283203125,293095000,0.0,0.0
2025-03-03 00:00:00+07:00,7940.870583274148,8217.877696644176,7894.70273104581,8125.5419921875,192944300,0.0,0.0
2025-03-04 00:00:00+07:00,8217.878304864054,8240.962232686707,8010.122954460187,8171.71044921875,125418500,0.0,0.0
2025-03-05 00:00:00+07:00,8148.626375325521,8471.80135904948,8148.626375325521,8310.2138671875,155207900,0.0,0.0
2025-03-06 00:00:00+07:00,8494.884227019498,8494.884227019498,8287.12890625,8287.12890625,96270100,0.0,0.0
2025-03-07 00:00:00+07:00,8310.21369485294,8310.21369485294,8240.9619140625,8240.9619140625,82295300,0.0,0.0
2025-03-10 00:00:00+07:00,8079.37442555147,8287.129767922794,8056.290498621323,8240.9619140625,97652100,0.0,0.0
2025-03-11 00:00:00+07:00,8264.045840992647,8356.381548713236,8194.794060202206,8240.9619140625,109295600,0.0,0.0
2025-03-12 00:00:00+07:00,8333.297110445206,8425.6328125,8287.129259417808,8425.6328125,87968900,0.0,0.0
2025-03-13 00:00:00+07:00,8448.71637795961,8471.800302489553,8287.12890625,8287.12890625,83030700,0.0,0.0
2025-03-14 00:00:00+07:00,8125.541875,8240.96150390625,8079.3740234375,8079.3740234375,111397800,0.0,0.0
2025-03-17 00:00:00+07:00,8079.373665743096,8102.457590502362,7894.7022676689685,7940.8701171875,151365700,0.0,0.0
2025-03-18 00:00:00+07:00,7848.534185570407,7894.702033720821,7456.107476291887,7663.86279296875,417305700,0.0,0.0
2025-03-19 00:00:00+07:00,7663.862853087463,7756.198550112613,7594.6110803186,7686.94677734375,214108200,0.0,0.0
2025-03-20 00:00:00+07:00,7802.367012593283,7825.450938666045,7710.031308302238,7733.115234375,152917300,0.0,0.0
2025-03-21 00:00:00+07:00,7875.879777739319,7875.879777739319,7518.966796875,7518.966796875,377916400,250.0,0.0
2025-03-24 00:00:00+07:00,7447.584663055228,7709.3208652712265,7257.231061443593,7566.5556640625,331836800,0.0,0.0
2025-03-25 00:00:00+07:00,7685.526621942934,7756.909222146739,7614.14402173913,7661.732421875,136341700,0.0,0.0
2025-03-26 00:00:00+07:00,7899.6739884989,8232.792771146444,7875.879789738362,8113.82177734375,283104600,0.0,0.0
2025-03-27 00:00:00+07:00,8018.644749540441,8161.409937959558,7971.056353400735,8090.02734375,122943900,0.0,0.0
2025-04-08 00:00:00+07:00,7043.0826341438915,7614.143388263666,6924.111643702271,7399.99560546875,533073600,0.0,0.0
2025-04-09 00:00:00+07:00,7328.61343528194,7566.555429933951,7304.819235816739,7542.76123046875,136753900,0.0,0.0
2025-04-10 00:00:00+07:00,8090.02769400646,8232.792888606573,7780.703105706212,7828.29150390625,144148600,0.0,0.0
2025-04-11 00:00:00+07:00,7804.497285687311,7923.46828089596,7661.732091436934,7875.8798828125,82603000,0.0,0.0
2025-04-14 00:00:00+07:00,7852.085876464844,7994.85107421875,7852.085876464844,7994.85107421875,83319300,0.0,0.0
2025-04-15 00:00:00+07:00,8161.41064453125,8185.204844661078,8042.439643882106,8161.41064453125,83431800,0.0,0.0
2025-04-16 00:00:00+07:00,8090.02759725295,8137.615994883849,8018.6450008066,8066.2333984375,76874900,0.0,0.0
2025-04-17 00:00:00+07:00,8042.438947610293,8090.027343749999,7947.262155330882,8090.02734375,83540600,0.0,0.0
2025-04-21 00:00:00+07:00,8090.02741434488,8090.02741434488,7899.673828125,7899.673828125,40683800,0.0,0.0
2025-04-22 00:00:00+07:00,7923.467957261029,8090.027343749999,7923.467957261029,8090.02734375,56537100,0.0,0.0
2025-04-23 00:00:00+07:00,8137.616381626074,8304.17578125,8137.616381626074,8304.17578125,92329600,0.0,0.0
2025-04-24 00:00:00+07:00,8423.146380669248,8423.146380669248,8066.2333984375,8066.2333984375,143675300,0.0,0.0
2025-04-25 00:00:00+07:00,8232.792988621912,8232.792988621912,8161.41039045467,8185.20458984375,58297000,0.0,0.0
2025-04-28 00:00:00+07:00,8327.96947337963,8351.763671875,8232.792679398148,8351.763671875,73235400,0.0,0.0
2025-04-29 00:00:00+07:00,8375.558381088826,8399.3525810351,8280.381581303725,8304.17578125,60315700,0.0,0.0
2025-04-30 00:00:00+07:00,8375.558339235127,8494.52933837199,8256.587340098265,8399.3525390625,164597500,0.0,0.0
2025-05-02 00:00:00+07:00,8565.911385793872,8565.911385793872,8423.14619603064,8542.1171875,92219000,0.0,0.0
2025-05-05 00:00:00+07:00,8565.911385793872,8613.499782381616,8542.1171875,8542.1171875,86385600,0.0,0.0
2025-05-06 00:00:00+07:00,8613.500254284972,8613.500254284972,8542.117655492555,8589.7060546875,48860500,0.0,0.0
2025-05-07 00:00:00+07:00,8637.294921875,8661.089122761708,8565.912319214876,8637.294921875,77382000,0.0,0.0
2025-05-08 00:00:00+07:00,8637.293980675488,8756.264972144847,8494.528790912256,8542.1171875,99614500,0.0,0.0
2025-05-09 00:00:00+07:00,8613.500509982638,8613.500509982638,8542.11790907118,8565.912109375,47167500,0.0,0.0
2025-05-14 00:00:00+07:00,8803.85423685984,8851.44263814016,8708.677434299192,8827.6484375,149002900,0.0,0.0
2025-05-15 00:00:00+07:00,8827.6484375,8946.619440700808,8803.85423685984,8827.6484375,101401300,0.0,0.0
2025-05-16 00:00:00+07:00,8851.44140625,8875.235603578629,8780.058814264114,8851.44140625,63007500,0.0,0.0
2025-05-19 00:00:00+07:00,8827.64714740954,9041.794921875,8803.85295024671,9041.794921875,111597200,0.0,0.0
2025-05-20 00:00:00+07:00,9041.796153529023,9208.35555635719,9018.001953125,9018.001953125,160614800,0.0,0.0
2025-05-21 00:00:00+07:00,9232.1494140625,9255.943613583278,9089.384216937822,9232.1494140625,169739200,0.0,0.0
2025-05-22 00:00:00+07:00,9327.326728465026,9327.326728465026,9184.5615234375,9184.5615234375,103113000,0.0,0.0
2025-05-23 00:00:00+07:00,9208.35546875,9232.149668927648,9160.767068394702,9208.35546875,48521800,0.0,0.0
2025-05-26 00:00:00+07:00,9136.972402597403,9184.560800527597,9041.795606737012,9160.7666015625,56625300,0.0,0.0
2025-05-27 00:00:00+07:00,9089.384812127977,9136.973214285714,8994.2080078125,8994.2080078125,93212000,0.0,0.0
2025-05-28 00:00:00+07:00,8994.207540309175,9089.384339677526,8946.619140625,8946.619140625,236950800,0.0,0.0
2025-06-02 00:00:00+07:00,8589.705298119849,8732.470483130151,8589.705298119849,8661.087890625,264428700,0.0,0.0
2025-06-03 00:00:00+07:00,8613.5009765625,8684.883581340642,8518.324170191643,8613.5009765625,128318100,0.0,0.0
2025-06-04 00:00:00+07:00,8661.08817896936,8684.882377263231,8518.322989206128,8542.1171875,93357200,0.0,0.0
2025-06-05 00:00:00+07:00,8565.911896008403,8613.500295430673,8470.735097163866,8494.529296875,95529000,0.0,0.0
2025-06-10 00:00:00+07:00,8542.116903116415,8661.087890625,8518.322705614697,8661.087890625,80406400,0.0,0.0
2025-06-11 00:00:00+07:00,8661.089379747928,8684.883581340642,8613.5009765625,8613.5009765625,56632600,0.0,0.0
2025-06-12 00:00:00+07:00,8565.911815068494,8684.8828125,8565.911815068494,8684.8828125,41337300,0.0,0.0
2025-06-13 00:00:00+07:00,8661.088653479917,8684.88285307739,8542.117655492555,8589.7060546875,83318000,0.0,0.0
2025-06-16 00:00:00+07:00,8494.529296875,8565.911896008403,8470.735097163866,8494.529296875,57825000,0.0,0.0
2025-06-17 00:00:00+07:00,8542.118118328168,8661.089122761708,8542.118118328168,8637.294921875,54927900,0.0,0.0
2025-06-18 00:00:00+07:00,8518.322770365168,8589.70536341292,8470.734375,8470.734375,86270200,0.0,0.0
2025-06-19 00:00:00+07:00,8470.734664351852,8494.528862847223,8327.96947337963,8351.763671875,78879500,0.0,0.0
2025-06-20 00:00:00+07:00,8280.380859375,8446.940244477371,8208.9982657597,8280.380859375,445915100,0.0,0.0
2025-06-23 00:00:00+07:00,8161.41062330163,8280.381623641304,8090.028023097826,8208.9990234375,87324500,0.0,0.0
2025-06-24 00:00:00+07:00,8304.17527488426,8423.146267361111,8280.381076388889,8351.763671875,110158900,0.0,0.0
2025-06-25 00:00:00+07:00,8304.175586789153,8351.763985567315,8066.233592898347,8185.20458984375,117561000,0.0,0.0
2025-06-26 00:00:00+07:00,8113.821972091762,8232.79296875,8113.821972091762,8232.79296875,117281700,0.0,0.0
2025-06-30 00:00:00+07:00,8161.410119664085,8399.352105660122,8137.615921064482,8256.5869140625,185441800,0.0,0.0
2025-07-01 00:00:00+07:00,8327.969255118534,8351.763452990303,8185.204067887931,8280.380859375,82364500,0.0,0.0
2025-07-02 00:00:00+07:00,8161.410119664085,8256.5869140625,8161.410119664085,8256.5869140625,68545100,0.0,0.0
2025-07-03 00:00:00+07:00,8280.381387400073,8327.969786178235,8185.20458984375,8185.20458984375,50370800,0.0,0.0
2025-07-04 00:00:00+07:00,8232.79296875,8280.381367413294,8137.61617142341,8232.79296875,43593300,0.0,0.0
2025-07-07 00:00:00+07:00,8208.9990234375,8232.793223505434,8137.616423233695,8208.9990234375,49936900,0.0,0.0
2025-07-08 00:00:00+07:00,8137.615739889706,8185.2041360294115,8018.644749540441,8090.02734375,215611000,0.0,0.0
2025-07-09 00:00:00+07:00,8090.027343749999,8137.615739889706,8042.438947610293,8090.02734375,94459300,0.0,0.0
2025-07-10 00:00:00+07:00,8113.821991676508,8232.792988621912,8090.0277922874275,8185.20458984375,111769400,0.0,0.0
2025-07-11 00:00:00+07:00,8161.41062330163,8256.58742357337,8161.41062330163,8208.9990234375,135986500,0.0,0.0
2025-07-14 00:00:00+07:00,8232.792771146444,8256.586969906983,8042.439181062134,8113.82177734375,125196000,0.0,0.0
2025-07-15 00:00:00+07:00,8185.2046098318715,8185.2046098318715,8066.233612595944,8137.6162109375,77219300,0.0,0.0
2025-07-16 00:00:00+07:00,8137.615976104289,8185.204373625366,8090.027578583211,8113.82177734375,97475300,0.0,0.0
2025-07-17 00:00:00+07:00,8090.027578583211,8137.615976104289,8090.027578583211,8113.82177734375,86016400,0.0,0.0
2025-07-18 00:00:00+07:00,8137.6165094120925,8161.410709732011,8018.6455078125,8018.6455078125,80432200,0.0,0.0
2025-07-21 00:00:00+07:00,8042.43994140625,8090.028343426405,7971.057338376017,8042.43994140625,95383500,0.0,0.0
2025-07-22 00:00:00+07:00,8042.439473470052,8066.233673095703,7994.85107421875,7994.85107421875,77981700,0.0,0.0
2025-07-23 00:00:00+07:00,8042.439708132419,8090.028108772256,7994.851307492582,8018.6455078125,70969500,0.0,0.0
2025-07-24 00:00:00+07:00,8066.233145680147,8137.615739889706,8042.438947610293,8090.02734375,138256800,0.0,0.0
2025-07-25 00:00:00+07:00,8090.028343426405,8113.8225444364825,8042.43994140625,8042.43994140625,58682800,0.0,0.0
2025-07-28 00:00:00+07:00,8208.998334099264,8208.998334099264,8066.233145680147,8090.02734375,99484300,0.0,0.0
2025-07-29 00:00:00+07:00,8090.0278727213545,8090.0278727213545,7971.056874593099,7994.85107421875,104240300,0.0,0.0
2025-07-30 00:00:00+07:00,8066.233930445429,8066.233930445429,7923.4687281366605,7971.05712890625,98098100,0.0,0.0
2025-07-31 00:00:00+07:00,7947.262479937689,7971.056678979418,7852.085683770771,7875.8798828125,206006300,0.0,0.0
2025-08-01 00:00:00+07:00,7994.85062123494,8018.644819512425,7899.673828125,7899.673828125,86196100,0.0,0.0
2025-08-04 00:00:00+07:00,7923.46828089596,7947.262479937689,7875.8798828125,7875.8798828125,49054500,0.0,0.0
2025-08-05 00:00:00+07:00,7947.262906852745,8042.439708132419,7923.468706532827,8018.6455078125,69475900,0.0,0.0
2025-08-06 00:00:00+07:00,8018.644819512425,8018.644819512425,7899.673828125,7899.673828125,56325400,0.0,0.0
2025-08-07 00:00:00+07:00,7923.4680264024855,7947.26222467997,7899.673828125,7899.673828125,43621300,0.0,0.0
2025-08-08 00:00:00+07:00,7923.4680264024855,7994.85062123494,7899.673828125,7899.673828125,68378700,0.0,0.0
2025-08-11 00:00:00+07:00,8090.027812043129,8137.6162109375,8018.645213701572,8137.6162109375,128561300,0.0,0.0
2025-08-12 00:00:00+07:00,8208.999644134004,8446.941662804555,8161.411240399894,8423.1474609375,171015700,0.0,0.0
2025-08-13 00:00:00+07:00,8542.11769629727,8542.11769629727,8304.175699185924,8494.529296875,129083900,0.0,0.0
2025-08-14 00:00:00+07:00,8494.528862847223,8518.323061342593,8327.96947337963,8351.763671875,122930900,0.0,0.0
2025-08-15 00:00:00+07:00,8399.351848733837,8423.146046605603,8280.380859375,8280.380859375,68754200,0.0,0.0
2025-08-19 00:00:00+07:00,8185.2041360294115,8185.2041360294115,8042.438947610293,8090.02734375,128591700,0.0,0.0
2025-08-20 00:00:00+07:00,7971.056584780517,8185.204373625366,7947.262386019978,8113.82177734375,202260200,0.0,0.0
2025-08-21 00:00:00+07:00,8137.6162109375,8161.410410384686,8090.027812043129,8137.6162109375,69470200,0.0,0.0
2025-08-22 00:00:00+07:00,8161.410946456638,8161.410946456638,8042.43994140625,8042.43994140625,66394100,0.0,0.0
2025-08-25 00:00:00+07:00,8113.8217960684,8137.615994883849,8066.2333984375,8066.2333984375,64052700,0.0,0.0
2025-08-26 00:00:00+07:00,8042.439035866478,8066.233234197443,7852.08544921875,7852.08544921875,326794200,0.0,0.0
2025-08-27 00:00:00+07:00,7852.08543157003,7947.26222467997,7804.497035015061,7899.673828125,111915700,0.0,0.0
2025-08-28 00:00:00+07:00,7947.262460702891,7971.056659687031,7875.87986375047,7923.46826171875,81281400,0.0,0.0
2025-08-29 00:00:00+07:00,7852.085762142028,7875.879961421247,7685.5263671875,7685.5263671875,236499300,0.0,0.0
2025-09-01 00:00:00+07:00,7281.024774169921,7661.731951904297,7233.436376953125,7614.1435546875,421127500,0.0,0.0
2025-09-02 00:00:00+07:00,7614.1435546875,7780.702944946289,7614.1435546875,7614.1435546875,155531500,0.0,0.0
2025-09-03 00:00:00+07:00,7518.9670111677115,7614.1438087774295,7518.9670111677115,7590.349609375,212372700,0.0,0.0
2025-09-04 00:00:00+07:00,7590.349356079101,7614.1435546875,7542.7609588623045,7614.1435546875,103534800,0.0,0.0
2025-09-08 00:00:00+07:00,7637.937867796266,7637.937867796266,7328.61328125,7328.61328125,321191900,0.0,0.0
2025-09-09 00:00:00+07:00,7257.230999208368,7352.407799197987,7114.465799223942,7162.05419921875,595368700,0.0,0.0
2025-09-10 00:00:00+07:00,7185.84805063101,7423.7900390625,7185.84805063101,7423.7900390625,246849600,0.0,0.0
2025-09-11 00:00:00+07:00,7518.967306926751,7590.349907941879,7471.37890625,7471.37890625,235173400,0.0,0.0
2025-09-12 00:00:00+07:00,7590.349629399152,7590.349629399152,7471.378632073147,7542.76123046875,156084700,0.0,0.0
2025-09-15 00:00:00+07:00,7614.14378894081,7709.32058630257,7590.34958960037,7637.93798828125,142567700,0.0,0.0
2025-09-16 00:00:00+07:00,7661.732227794756,7685.526427259957,7518.967031003549,7542.76123046875,129312900,0.0,0.0
2025-09-17 00:00:00+07:00,7471.37890625,7518.967306926751,7423.790505573248,7471.37890625,183725900,0.0,0.0
2025-09-18 00:00:00+07:00,7471.378475040584,7518.966872970779,7281.024883319805,7328.61328125,275378700,0.0,0.0
2025-09-19 00:00:00+07:00,7281.024846003606,7447.584237905649,7281.024846003606,7423.7900390625,149025300,0.0,0.0
2025-09-22 00:00:00+07:00,7423.79031401699,7447.584513741404,7352.40771484375,7352.40771484375,92588800,0.0,0.0
2025-09-23 00:00:00+07:00,7376.201853918651,7518.96705109127,7376.201853918651,7495.1728515625,102606200,0.0,0.0
2025-09-24 00:00:00+07:00,7566.554992087018,7566.554992087018,7352.407209292102,7399.99560546875,150428400,0.0,0.0
2025-09-25 00:00:00+07:00,7352.407480215097,7399.9958781452915,7328.61328125,7328.61328125,147986600,0.0,0.0
2025-09-26 00:00:00+07:00,7209.642557313013,7328.613556608607,7209.642557313013,7257.23095703125,121657700,0.0,0.0
2025-09-29 00:00:00+07:00,7376.201407380427,7423.789803557074,7328.613011203778,7399.99560546875,116454700,0.0,0.0
2025-09-30 00:00:00+07:00,7328.613556608607,7399.996156185964,7257.23095703125,7257.23095703125,170666700,0.0,0.0
2025-10-01 00:00:00+07:00,7233.4365625,7304.81916015625,7138.259765625,7138.259765625,202433400,0.0,0.0
2025-10-02 00:00:00+07:00,7138.259765625,7233.4365625,7138.259765625,7138.259765625,126952400,0.0,0.0
2025-10-03 00:00:00+07:00,7162.05419921875,7185.848399216155,7138.259999221345,7162.05419921875,76787500,0.0,0.0
2025-10-06 00:00:00+07:00,7138.259765625,7185.8481640625005,7090.6713671875,7138.259765625,104032400,0.0,0.0
2025-10-07 00:00:00+07:00,7185.847891527434,7233.436288160066,7138.259494894802,7209.64208984375,74282600,0.0,0.0
2025-10-08 00:00:00+07:00,7138.259567002118,7162.053765558792,7019.28857421875,7019.28857421875,168080800,0.0,0.0
2025-10-09 00:00:00+07:00,7019.289227416184,7328.613837437914,6947.906625103477,7185.8486328125,293567400,0.0,0.0
2025-10-10 00:00:00+07:00,7090.671406513936,7090.671406513936,6995.494609111064,7043.0830078125,107426000,0.0,0.0
2025-10-13 00:00:00+07:00,6947.906483308448,7019.289084164356,6947.906483308448,6971.70068359375,101847900,0.0,0.0
2025-10-14 00:00:00+07:00,6924.112070649246,6995.494669315733,6900.31787109375,6900.31787109375,151862300,0.0,0.0
2025-10-15 00:00:00+07:00,6900.31787109375,6995.494669315733,6876.523671538254,6900.31787109375,133206400,0.0,0.0
2025-10-16 00:00:00+07:00,6900.317851027397,6971.700449486301,6876.523651541096,6947.90625,120611200,0.0,0.0
2025-10-17 00:00:00+07:00,6947.906171875,7162.05396484375,6924.11197265625,7138.259765625,157334400,0.0,0.0
2025-10-20 00:00:00+07:00,7328.613454861111,7614.143849206349,7257.230856274801,7495.1728515625,393421800,0.0,0.0
2025-10-21 00:00:00+07:00,7709.320416205752,8066.2333984375,7709.320416205752,8066.2333984375,529802600,0.0,0.0
2025-10-22 00:00:00+07:00,8280.381038014482,8280.381038014482,7804.4970703125,7804.4970703125,392957200,0.0,0.0
2025-10-23 00:00:00+07:00,7804.497266798048,7947.262460702891,7756.908868829768,7923.46826171875,187003900,0.0,0.0
2025-10-24 00:00:00+07:00,7899.674081854229,7971.056678979418,7875.8798828125,7875.8798828125,133355100,0.0,0.0
2025-10-27 00:00:00+07:00,7923.468495625935,8018.645294372193,7804.497497193114,7947.2626953125,182275600,0.0,0.0
2025-10-28 00:00:00+07:00,7947.262479937689,7994.850878021149,7852.085683770771,7875.8798828125,180270000,0.0,0.0
2025-10-29 00:00:00+07:00,7899.674197174782,8185.20458984375,7875.879997785702,8185.20458984375,239156800,0.0,0.0
2025-10-30 00:00:00+07:00,8161.410174864828,8327.9695661886,8066.233379822673,8113.82177734375,259009800,0.0,0.0
2025-10-31 00:00:00+07:00,8137.615976104289,8232.792771146444,8113.82177734375,8113.82177734375,177088000,0.0,0.0
2025-11-03 00:00:00+07:00,8232.79296875,8232.79296875,8113.821972091762,8232.79296875,115007100,0.0,0.0
2025-11-04 00:00:00+07:00,8232.79296875,8280.381367413294,8208.998769418353,8232.79296875,155231500,0.0,0.0
2025-11-05 00:00:00+07:00,8208.9982657597,8280.380859375,8185.204067887931,8280.380859375,125731500,0.0,0.0
2025-11-06 00:00:00+07:00,8208.998809279057,8256.587208173429,8137.6162109375,8137.6162109375,89756900,0.0,0.0
2025-11-07 00:00:00+07:00,8137.615921064482,8256.5869140625,8137.615921064482,8256.5869140625,75241900,0.0,0.0
2025-11-10 00:00:00+07:00,8256.587445050565,8256.587445050565,8161.41064453125,8161.41064453125,79897700,0.0,0.0
2025-11-11 00:00:00+07:00,8161.410471598308,8185.204671223958,7994.85107421875,7994.85107421875,130897600,0.0,0.0
2025-11-12 00:00:00+07:00,8018.644749540441,8137.615739889706,7994.850551470588,8090.02734375,85415600,0.0,0.0
2025-11-13 00:00:00+07:00,7994.851329291045,8066.233930445429,7971.05712890625,7971.05712890625,104113800,0.0,0.0
2025-11-14 00:00:00+07:00,7971.057107172664,8090.028108772256,7971.057107172664,8018.6455078125,89815300,0.0,0.0
2025-11-17 00:00:00+07:00,8090.0280441417635,8161.41064453125,8066.233844011935,8161.41064453125,129411100,0.0,0.0
2025-11-18 00:00:00+07:00,8137.616271972656,8161.410471598308,7994.85107421875,7994.85107421875,119377900,0.0,0.0
2025-11-19 00:00:00+07:00,7947.262404360251,8090.02759725295,7923.468205544801,8066.2333984375,114209700,0.0,0.0
2025-11-20 00:00:00+07:00,8066.233908452337,8185.204910051929,7994.851307492582,8018.6455078125,124087400,0.0,0.0
2025-11-21 00:00:00+07:00,7971.056874593099,8018.645273844401,7947.262674967448,7994.85107421875,103917100,0.0,0.0
2025-11-24 00:00:00+07:00,7994.850801991151,8066.2333984375,7947.262404360251,8066.2333984375,279590600,0.0,0.0
2025-11-25 00:00:00+07:00,8066.233145680147,8090.027343749999,7971.056353400735,8090.02734375,98807700,0.0,0.0
2025-11-26 00:00:00+07:00,7994.851307492582,8042.439708132419,7971.057107172664,8018.6455078125,77094400,0.0,0.0
2025-11-27 00:00:00+07:00,8018.645057655312,8042.439256639453,7923.46826171875,7923.46826171875,71051300,0.0,0.0
2025-11-28 00:00:00+07:00,7923.46828089596,7947.262479937689,7875.8798828125,7875.8798828125,67559300,0.0,0.0
2025-12-01 00:00:00+07:00,8042.439473470052,8042.439473470052,7947.262674967448,7994.85107421875,76359200,0.0,0.0
2025-12-02 00:00:00+07:00,7947.262928521455,8018.6455296758395,7947.262928521455,7971.05712890625,97044000,0.0,0.0
2025-12-03 00:00:00+07:00,7999.798492799322,8047.701477786145,7951.8955078125,7951.8955078125,103550900,55.0,0.0
2025-12-04 00:00:00+07:00,7975.847479637633,7999.798973570479,7880.04150390625,7880.04150390625,71410400,0.0,0.0
2025-12-05 00:00:00+07:00,7856.089537838855,7951.8955078125,7856.089537838855,7951.8955078125,71162300,0.0,0.0
2025-12-08 00:00:00+07:00,7999.798492799322,7999.798492799322,7903.992522825678,7951.8955078125,61745200,0.0,0.0
2025-12-09 00:00:00+07:00,7951.895634403935,7951.895634403935,7760.28369140625,7760.28369140625,113057200,0.0,0.0
2025-12-10 00:00:00+07:00,7760.284013399768,7832.138495005321,7688.429531794214,7736.33251953125,143418300,0.0,0.0
2025-12-11 00:00:00+07:00,7832.138484191895,7856.089978027344,7568.6720520019535,7664.47802734375,140766000,0.0,0.0
2025-12-12 00:00:00+07:00,7568.6720520019535,7664.47802734375,7520.769064331055,7664.47802734375,100006800,0.0,0.0
2025-12-15 00:00:00+07:00,7592.623120411333,7951.8955078125,7592.623120411333,7951.8955078125,143105700,0.0,0.0
2025-12-16 00:00:00+07:00,8023.750445953463,8023.750445953463,7688.429531794214,7736.33251953125,122332000,0.0,0.0
2025-12-17 00:00:00+07:00,7664.477706386293,7784.235170548579,7640.526213553836,7688.42919921875,89802700,0.0,0.0
2025-12-18 00:00:00+07:00,7688.429226096617,7903.992662342316,7688.429226096617,7832.13818359375,88497200,0.0,0.0
2025-12-19 00:00:00+07:00,7856.089819487577,7880.041312839674,7712.380859375,7712.380859375,131069800,0.0,0.0
2025-12-22 00:00:00+07:00,7712.3807190128055,7832.13818359375,7688.429226096617,7832.13818359375,72424200,0.0,0.0
2025-12-23 00:00:00+07:00,7760.283677716122,7784.235170548579,7640.526213553836,7688.42919921875,85044100,0.0,0.0
2025-12-24 00:00:00+07:00,7688.42919921875,7736.332184883665,7664.477706386293,7688.42919921875,71260500,0.0,0.0
2025-12-29 00:00:00+07:00,7688.42919921875,7688.42919921875,7616.574720721379,7688.42919921875,78399400,0.0,0.0
2025-12-30 00:00:00+07:00,7616.5750501886605,7832.138495005321,7616.5750501886605,7736.33251953125,101995600,0.0,0.0
2026-01-02 00:00:00+07:00,7736.332184883665,7736.332184883665,7664.477706386293,7688.42919921875,68612400,0.0,0.0
2026-01-05 00:00:00+07:00,7664.478037925696,7760.284013399768,7664.478037925696,7736.33251953125,73408800,0.0,0.0
2026-01-06 00:00:00+07:00,7832.13818359375,7832.13818359375,7736.332211928995,7832.13818359375,97624300,0.0,0.0
2026-01-07 00:00:00+07:00,7784.235517817772,7832.138505619728,7688.429542213861,7808.18701171875,93152500,0.0,0.0
2026-01-08 00:00:00+07:00,7760.283846079193,7808.186832783385,7712.380859375,7712.380859375,79823700,0.0,0.0
2026-01-09 00:00:00+07:00,7784.2353515625,7832.138338341346,7712.380871394231,7784.2353515625,79484700,0.0,0.0
2026-01-12 00:00:00+07:00,7736.332184883665,7760.283677716122,7664.477706386293,7688.42919921875,82935700,0.0,0.0
2026-01-13 00:00:00+07:00,7688.429531794214,7736.33251953125,7664.478037925696,7736.33251953125,80536300,0.0,0.0
2026-01-14 00:00:00+07:00,7688.4295211792,7712.381015014649,7616.575039672852,7664.47802734375,105724300,0.0,0.0
2026-01-15 00:00:00+07:00,7664.478037925696,7832.138495005321,7640.526544057178,7736.33251953125,151753100,0.0,0.0
2026-01-19 00:00:00+07:00,7736.332364783653,7784.2353515625,7640.526391225962,7784.2353515625,172100000,0.0,0.0
2026-01-20 00:00:00+07:00,7712.381015014649,7784.235496520996,7664.47802734375,7664.47802734375,82672500,0.0,0.0
2026-01-21 00:00:00+07:00,7592.6235018643465,7616.574995561079,7377.06005859375,7377.06005859375,301825600,0.0,0.0
2026-01-22 00:00:00+07:00,7377.0597234987745,7448.914201325061,7281.2537530637255,7329.15673828125,268025900,0.0,0.0
2026-01-23 00:00:00+07:00,7281.2537530637255,7353.108230890012,7233.350767846201,7329.15673828125,202878600,0.0,0.0
2026-01-26 00:00:00+07:00,7233.350767846201,7353.108230890012,7209.399275237439,7329.15673828125,213044100,0.0,0.0
2026-01-27 00:00:00+07:00,7257.302231445313,7305.205216471354,7185.44775390625,7185.44775390625,259830900,0.0,0.0
2026-01-28 00:00:00+07:00,6754.321122247554,7089.642029025801,6634.5636555410365,6730.36962890625,1027287500,0.0,0.0
2026-01-29 00:00:00+07:00,6395.048899332683,6969.884755452474,6107.630971272786,6898.0302734375,1432993400,0.0,0.0
2026-01-30 00:00:00+07:00,6898.030141469595,7281.254038217905,6898.030141469595,7089.64208984375,528434900,0.0,0.0
2026-02-02 00:00:00+07:00,7281.25390625,7281.25390625,7017.787482010691,7281.25390625,326948700,0.0,0.0
2026-02-03 00:00:00+07:00,7281.2537530637255,7329.15673828125,7065.6903195848645,7329.15673828125,206015400,0.0,0.0
2026-02-04 00:00:00+07:00,7329.156766451322,7496.817215357071,7281.25378104968,7472.86572265625,193370800,0.0,0.0
2026-02-05 00:00:00+07:00,7472.86572265625,7592.623186160356,7472.86572265625,7472.86572265625,142332400,0.0,0.0
2026-02-06 00:00:00+07:00,7377.059891592019,7448.914371055578,7281.253918973941,7353.1083984375,176352600,0.0,0.0
2026-02-09 00:00:00+07:00,7353.108201497396,7401.011186523438,7137.544768880209,7185.44775390625,174758300,0.0,0.0
2026-02-10 00:00:00+07:00,7185.4480756166395,7233.351062787417,7137.545088445861,7161.49658203125,127704200,0.0,0.0
2026-02-11 00:00:00+07:00,7161.496414901426,7209.3994009542785,7089.641935822147,7137.544921875,213505000,0.0,0.0
2026-02-12 00:00:00+07:00,7137.545065193046,7161.496558700405,6993.836104148891,7017.78759765625,237465300,0.0,0.0
2026-02-13 00:00:00+07:00,7017.787743462457,7017.787743462457,6898.0302734375,6898.0302734375,356015300,0.0,0.0
2026-02-18 00:00:00+07:00,6921.981777545103,7065.690741784794,6921.981777545103,6969.884765625,125301200,0.0,0.0
2026-02-19 00:00:00+07:00,7017.787573837652,7017.787573837652,6874.07861328125,6874.07861328125,133463400,0.0,0.0
2026-02-20 00:00:00+07:00,6874.078459531791,6945.932938202855,6850.126966641436,6921.9814453125,122959500,0.0,0.0
2026-02-23 00:00:00+07:00,6993.8359375,7041.738923373288,6969.884444563357,6993.8359375,100443800,0.0,0.0
2026-02-24 00:00:00+07:00,6969.88443109321,7017.787416873919,6921.9814453125,6921.9814453125,159225400,0.0,0.0
2026-02-25 00:00:00+07:00,6969.884610641531,7065.690584670968,6945.933117134172,7017.78759765625,133278000,0.0,0.0
2026-02-26 00:00:00+07:00,7041.738923373288,7065.690416309932,6898.029965753425,6993.8359375,127811900,0.0,0.0
2026-02-27 00:00:00+07:00,6898.030106707317,6969.884586985518,6874.07861328125,6874.07861328125,193104700,0.0,0.0
2026-03-02 00:00:00+07:00,6778.272615588857,6850.127095612767,6682.466642223643,6730.36962890625,156182700,0.0,0.0
2026-03-03 00:00:00+07:00,6778.2724609375,6826.175446527164,6730.369475347836,6778.2724609375,103031100,0.0,0.0
2026-03-04 00:00:00+07:00,6778.272590553977,6778.272590553977,6538.757658025568,6586.66064453125,216518700,0.0,0.0
2026-03-05 00:00:00+07:00,6682.466654173085,6826.175614477883,6658.515160788952,6802.22412109375,110256300,0.0,0.0
2026-03-06 00:00:00+07:00,6778.272446986607,6802.223939732143,6706.41796875,6706.41796875,102725700,0.0,0.0
2026-03-09 00:00:00+07:00,6610.612137784091,6658.515124289773,6538.757658025568,6586.66064453125,150426400,0.0,0.0
2026-03-10 00:00:00+07:00,6658.515302979391,6754.321278561828,6634.563809083781,6682.466796875,129977900,0.0,0.0
2026-03-11 00:00:00+07:00,6682.466775412088,6706.4182692307695,6538.7578125,6538.7578125,91723400,0.0,0.0
2026-03-12 00:00:00+07:00,6538.75782311481,6730.369773975317,6538.75782311481,6610.6123046875,98787400,0.0,0.0
2026-03-13 00:00:00+07:00,6562.709151278409,6730.3696040482955,6562.709151278409,6586.66064453125,107940600,0.0,0.0
2026-03-16 00:00:00+07:00,6562.709295428241,6586.660789207176,6419.000332754629,6466.9033203125,127757500,0.0,0.0
2026-03-17 00:00:00+07:00,6466.902999596402,6538.757477369696,6466.902999596402,6490.8544921875,160903900,0.0,0.0
2026-03-25 00:00:00+07:00,6395.048859969429,6634.563798545063,6395.048859969429,6610.6123046875,314281100,0.0,0.0
2026-03-26 00:00:00+07:00,6610.612137784091,6682.466617542614,6562.709151278409,6586.66064453125,145934900,0.0,0.0
2026-03-27 00:00:00+07:00,6490.85447761194,6562.70895522388,6419.0,6419.0,283556500,0.0,0.0
2026-03-30 00:00:00+07:00,6400.0,6500.0,6350.0,6450.0,242278100,281.0,0.0
2026-03-31 00:00:00+07:00,6450.0,6550.0,6450.0,6450.0,150657800,0.0,0.0
2026-04-01 00:00:00+07:00,6550.0,6650.0,6500.0,6500.0,132798100,0.0,0.0
2026-04-02 00:00:00+07:00,6550.0,6600.0,6500.0,6575.0,72725400,0.0,0.0
2026-04-06 00:00:00+07:00,6600.0,6625.0,6450.0,6500.0,57914600,0.0,0.0
2026-04-07 00:00:00+07:00,6500.0,6525.0,6450.0,6500.0,65168700,0.0,0.0
2026-04-08 00:00:00+07:00,6650.0,6850.0,6625.0,6750.0,163594000,0.0,0.0
2026-04-09 00:00:00+07:00,6775.0,6800.0,6450.0,6475.0,182409800,0.0,0.0
2026-04-10 00:00:00+07:00,6525.0,6700.0,6475.0,6700.0,167336100,0.0,0.0
2026-04-13 00:00:00+07:00,6650.0,6700.0,6575.0,6575.0,81955300,0.0,0.0
2026-04-14 00:00:00+07:00,6675.0,6800.0,6675.0,6750.0,105010900,0.0,0.0
2026-04-15 00:00:00+07:00,6775.0,6800.0,6550.0,6550.0,104880600,0.0,0.0
2026-04-16 00:00:00+07:00,6575.0,6650.0,6500.0,6525.0,122416100,0.0,0.0
2026-04-17 00:00:00+07:00,6500.0,6550.0,6425.0,6425.0,156827000,0.0,0.0
2026-04-20 00:00:00+07:00,6450.0,6575.0,6425.0,6475.0,137435700,0.0,0.0
2026-04-21 00:00:00+07:00,6475.0,6525.0,6425.0,6500.0,112151900,0.0,0.0
2026-04-22 00:00:00+07:00,6475.0,6525.0,6450.0,6450.0,95673700,0.0,0.0
2026-04-23 00:00:00+07:00,6450.0,6550.0,6425.0,6425.0,95913400,0.0,0.0
2026-04-24 00:00:00+07:00,6400.0,6425.0,6050.0,6050.0,435004800,0.0,0.0
2026-04-27 00:00:00+07:00,6025.0,6050.0,5950.0,5975.0,273263100,0.0,0.0
2026-04-28 00:00:00+07:00,6025.0,6075.0,5950.0,6000.0,174091200,0.0,0.0
2026-04-29 00:00:00+07:00,6000.0,6050.0,5950.0,5975.0,176050900,0.0,0.0
2026-04-30 00:00:00+07:00,5950.0,5975.0,5800.0,5850.0,303405400,0.0,0.0
2026-05-04 00:00:00+07:00,5800.0,5950.0,5800.0,5900.0,207566700,0.0,0.0
2026-05-05 00:00:00+07:00,5900.0,6075.0,5875.0,5950.0,179928300,0.0,0.0
2026-05-06 00:00:00+07:00,5950.0,6000.0,5900.0,5950.0,90843100,0.0,0.0
2026-05-07 00:00:00+07:00,6000.0,6325.0,6000.0,6225.0,238690900,0.0,0.0
2026-05-08 00:00:00+07:00,6225.0,6425.0,6175.0,6175.0,201784700,0.0,0.0
2026-05-11 00:00:00+07:00,6225.0,6275.0,6100.0,6150.0,126301300,0.0,0.0
2026-05-12 00:00:00+07:00,6125.0,6150.0,6050.0,6125.0,107394400,0.0,0.0
2026-05-13 00:00:00+07:00,6125.0,6200.0,6025.0,6100.0,147339600,0.0,0.0
2026-05-14 00:00:00+07:00,6100.0,6100.0,6100.0,6100.0,0,0.0,0.0
2026-05-15 00:00:00+07:00,6100.0,6100.0,6100.0,6100.0,0,0.0,0.0
2026-05-18 00:00:00+07:00,5950.0,6125.0,5900.0,6125.0,208748400,0.0,0.0
2026-05-19 00:00:00+07:00,6050.0,6200.0,5950.0,5950.0,184830100,0.0,0.0
2026-05-20 00:00:00+07:00,5975.0,6100.0,5875.0,5975.0,195107100,0.0,0.0
2026-05-21 00:00:00+07:00,6000.0,6150.0,5925.0,5950.0,210976100,0.0,0.0
2026-05-22 00:00:00+07:00,5900.0,5975.0,5825.0,5900.0,288919700,0.0,0.0
2026-05-25 00:00:00+07:00,5950.0,6175.0,5925.0,6100.0,263179200,0.0,0.0
2026-05-26 00:00:00+07:00,6050.0,6100.0,5950.0,5975.0,225158700,0.0,0.0
2026-05-27 00:00:00+07:00,5975.0,5975.0,5975.0,5975.0,0,0.0,0.0
2026-05-28 00:00:00+07:00,5975.0,5975.0,5975.0,5975.0,0,0.0,0.0
2026-05-29 00:00:00+07:00,5750.0,5875.0,5700.0,5700.0,1014028000,0.0,0.0
2026-06-02 00:00:00+07:00,5750.0,5875.0,5700.0,5825.0,346305200,0.0,0.0
2026-06-03 00:00:00+07:00,5775.0,5825.0,5525.0,5525.0,353332300,0.0,0.0
2026-06-04 00:00:00+07:00,5475.0,5600.0,5300.0,5425.0,550059500,0.0,0.0
2026-06-05 00:00:00+07:00,5325.0,5375.0,5075.0,5075.0,572612000,0.0,0.0
2026-06-08 00:00:00+07:00,4950.0,5050.0,4850.0,4850.0,705093300,0.0,0.0
2026-06-09 00:00:00+07:00,4850.0,5150.0,4820.0,5150.0,772898000,0.0,0.0
2026-06-10 00:00:00+07:00,5175.0,5700.0,5175.0,5650.0,747366000,0.0,0.0
2026-06-11 00:00:00+07:00,5650.0,5875.0,5550.0,5825.0,543032300,0.0,0.0
2026-06-12 00:00:00+07:00,6000.0,6100.0,5900.0,5925.0,415872300,0.0,0.0
2026-06-15 00:00:00+07:00,6100.0,6425.0,6100.0,6275.0,480395000,0.0,0.0
2026-06-17 00:00:00+07:00,6400.0,6550.0,6275.0,6275.0,467494300,20.0,0.0
2026-06-18 00:00:00+07:00,6250.0,6275.0,6075.0,6075.0,232489300,0.0,0.0
2026-06-19 00:00:00+07:00,6050.0,6300.0,6050.0,6300.0,366595500,0.0,0.0
2026-06-22 00:00:00+07:00,6400.0,6400.0,6125.0,6225.0,193401600,0.0,0.0
2026-06-23 00:00:00+07:00,6150.0,6200.0,6075.0,6125.0,144561900,0.0,0.0
2026-06-24 00:00:00+07:00,6125.0,6200.0,5925.0,5925.0,144928800,0.0,0.0
2026-06-25 00:00:00+07:00,5900.0,6175.0,5900.0,6025.0,197935000,0.0,0.0
2026-06-26 00:00:00+07:00,6050.0,6175.0,6025.0,6175.0,163378700,0.0,0.0
2026-06-29 00:00:00+07:00,6175.0,6200.0,5925.0,5925.0,189886600,0.0,0.0
2026-06-30 00:00:00+07:00,5775.0,5825.0,5550.0,5550.0,440738300,0.0,0.0
2026-07-01 00:00:00+07:00,5550.0,5750.0,5550.0,5600.0,124123800,0.0,0.0
2026-07-02 00:00:00+07:00,5650.0,5875.0,5625.0,5800.0,145119400,0.0,0.0
2026-07-03 00:00:00+07:00,5925.0,6150.0,5900.0,6050.0,200465200,0.0,0.0
2026-07-06 00:00:00+07:00,6050.0,6175.0,5975.0,6125.0,148684900,0.0,0.0
2026-07-07 00:00:00+07:00,6200.0,6300.0,6150.0,6300.0,183472100,0.0,0.0
2026-07-08 00:00:00+07:00,6300.0,6325.0,6175.0,6175.0,181123400,0.0,0.0
2026-07-09 00:00:00+07:00,6100.0,6200.0,6050.0,6200.0,181155800,0.0,0.0
2026-07-10 00:00:00+07:00,6300.0,6300.0,6125.0,6175.0,138050500,0.0,0.0
2026-07-13 00:00:00+07:00,6150.0,6250.0,6075.0,6225.0,180061600,0.0,0.0
2026-07-14 00:00:00+07:00,6225.0,6250.0,6075.0,6125.0,159868800,0.0,0.0
2026-07-15 00:00:00+07:00,6125.0,6200.0,6075.0,6125.0,140824900,0.0,0.0
2026-07-16 00:00:00+07:00,6125.0,6225.0,6100.0,6225.0,94235100,0.0,0.0
2026-07-17 00:00:00+07:00,6225.0,6500.0,6200.0,6475.0,314564200,0.0,0.0
