Date,Open,High,Low,Close,Volume,Dividends,Stock Splits
2015-01-02 00:00:00+07:00,1947.8630180984248,1972.0100803062564,1947.8630180984248,1963.9610595703125,23401400,0.0,0.0
2015-01-05 00:00:00+07:00,1955.9123752958053,1955.9123752958053,1931.7653089341288,1939.8143310546875,27649600,0.0,0.0
2015-01-06 00:00:00+07:00,1931.7653089341288,1947.8633531752466,1915.667264693011,1939.8143310546875,47602800,0.0,0.0
2015-01-07 00:00:00+07:00,1931.7652874228393,1963.9613755465534,1923.7162653919108,1955.912353515625,38775600,0.0,0.0
2015-01-08 00:00:00+07:00,1963.9613755465534,1972.0103975774819,1939.814309453768,1955.912353515625,33511200,0.0,0.0
2015-01-09 00:00:00+07:00,1955.9123818002097,2012.2555368314913,1955.9123818002097,1980.0594482421875,59709000,0.0,0.0
2015-01-12 00:00:00+07:00,1963.9613755465534,2004.2064857011958,1955.9123535156248,1955.912353515625,39099600,0.0,0.0
2015-01-13 00:00:00+07:00,1955.9123818002097,1988.1084703895135,1955.9123818002097,1980.0594482421875,32302800,0.0,0.0
2015-01-14 00:00:00+07:00,1980.0591010422004,1996.1571425140883,1963.9610595703127,1963.9610595703125,34135800,0.0,0.0
2015-01-15 00:00:00+07:00,1980.0594482421875,1996.1574925368395,1955.9123818002097,1980.0594482421875,40961600,0.0,0.0
2015-01-16 00:00:00+07:00,1955.9123974405072,1972.010441863886,1915.6672863820606,1923.71630859375,56018800,0.0,0.0
2015-01-19 00:00:00+07:00,1939.8143530171285,1947.8633752288179,1915.6672863820606,1923.71630859375,27434800,0.0,0.0
2015-01-20 00:00:00+07:00,1923.7164037672142,1923.7164037672142,1843.2261776681676,1899.5693359375,83038800,0.0,0.0
2015-01-21 00:00:00+07:00,1907.6182641703713,1931.7653308054391,1891.5202197469926,1923.71630859375,44688400,0.0,0.0
2015-01-22 00:00:00+07:00,1931.765157234769,1947.8632002117254,1915.6671142578127,1915.6671142578125,84164000,0.0,0.0
2015-01-23 00:00:00+07:00,1939.813997362481,1988.1081217781443,1939.813997362481,1963.9610595703125,80012600,0.0,0.0
2015-01-26 00:00:00+07:00,1923.715955890593,1980.0591010422004,1923.715955890593,1963.9610595703125,52595800,0.0,0.0
2015-01-27 00:00:00+07:00,1972.0104045252647,2020.3045368809856,1963.961382465978,1996.157470703125,77835000,0.0,0.0
2015-01-28 00:00:00+07:00,2012.2555875585147,2028.3536322589828,1988.1085205078125,1988.1085205078125,45513200,0.0,0.0
2015-01-29 00:00:00+07:00,1988.1084703895135,2004.2065146841653,1980.0594482421875,1980.0594482421875,28126800,0.0,0.0
2015-01-30 00:00:00+07:00,2004.2067143554686,2020.3047602539061,1988.1086684570312,2012.2557373046875,76591400,0.0,0.0
2015-02-02 00:00:00+07:00,1996.1576914062498,2020.3047602539061,1988.1086684570312,2012.2557373046875,30717600,0.0,0.0
2015-02-03 00:00:00+07:00,2028.3532838339008,2076.64740963947,2020.3042628663059,2068.598388671875,65318400,0.0,0.0
2015-02-04 00:00:00+07:00,2092.74560546875,2197.3828857421877,2076.6475623497595,2092.74560546875,86321600,0.0,0.0
2015-02-05 00:00:00+07:00,2124.9415879360463,2149.0886514353197,2052.5003974382266,2076.6474609375,52550200,0.0,0.0
2015-02-06 00:00:00+07:00,2116.8922983233847,2181.284459489115,2108.8432781776683,2149.08837890625,65447800,0.0,0.0
2015-02-09 00:00:00+07:00,2181.2851109730113,2277.8733815696023,2165.1870658735797,2213.481201171875,64859600,0.0,0.0
2015-02-10 00:00:00+07:00,2229.5790943818934,2253.7261603860293,2189.333984375,2189.333984375,40042800,0.0,0.0
2015-02-11 00:00:00+07:00,2173.235789018936,2197.3828533413684,2165.186767578125,2165.186767578125,34928000,0.0,0.0
2015-02-12 00:00:00+07:00,2181.2848104597465,2181.2848104597465,2141.039703255692,2165.186767578125,21447000,0.0,0.0
2015-02-13 00:00:00+07:00,2181.284459489115,2189.3334796348313,2141.0393587605336,2149.08837890625,29701000,0.0,0.0
2015-02-16 00:00:00+07:00,2165.1864191976824,2173.235439343399,2141.0393587605336,2149.08837890625,23542000,0.0,0.0
2015-02-17 00:00:00+07:00,2141.03955078125,2157.1375925164475,2141.03955078125,2141.03955078125,12337600,0.0,0.0
2015-02-18 00:00:00+07:00,2189.333941915761,2229.5790511421537,2173.235898225204,2221.530029296875,84983600,0.0,0.0
2015-02-20 00:00:00+07:00,2245.6770948327107,2277.8731822138247,2221.530029296875,2221.530029296875,32341600,0.0,0.0
2015-02-23 00:00:00+07:00,2253.7261676444045,2253.7261676444045,2197.3830134532946,2229.5791015625,27499400,0.0,0.0
2015-02-24 00:00:00+07:00,2245.67724609375,2253.7262684811826,2221.5301789314517,2245.67724609375,34350000,0.0,0.0
2015-02-25 00:00:00+07:00,2253.7262684811826,2253.7262684811826,2229.5792013188843,2245.67724609375,29545200,0.0,0.0
2015-02-26 00:00:00+07:00,2229.5791015625,2245.677145617103,2205.432035480596,2229.5791015625,28528200,0.0,0.0
2015-02-27 00:00:00+07:00,2245.6772913707387,2245.6772913707387,2213.481201171875,2213.481201171875,37951000,0.0,0.0
2015-03-02 00:00:00+07:00,2229.578702383668,2237.6277229698903,2197.382620038777,2205.431640625,49290400,0.0,0.0
2015-03-03 00:00:00+07:00,2197.3824997805477,2213.48054007198,2141.0393587605336,2149.08837890625,69853800,0.0,0.0
2015-03-04 00:00:00+07:00,2149.0885716488488,2173.2356342516446,2108.8434673108554,2141.03955078125,58756000,0.0,0.0
2015-03-05 00:00:00+07:00,2149.08837890625,2165.1864191976824,2141.0393587605336,2149.08837890625,50280000,0.0,0.0
2015-03-06 00:00:00+07:00,2165.1868684775714,2189.3339339252766,2157.1378466616698,2181.284912109375,76903800,0.0,0.0
2015-03-09 00:00:00+07:00,2173.235983777402,2181.2850059395405,2149.0889172909865,2157.137939453125,60375200,0.0,0.0
2015-03-10 00:00:00+07:00,2157.138038917824,2205.4321741174767,2149.0890163845484,2173.236083984375,79518600,0.0,0.0
2015-03-11 00:00:00+07:00,2173.235983777402,2181.2850059395405,2149.0889172909865,2157.137939453125,72916800,0.0,0.0
2015-03-12 00:00:00+07:00,2165.186767578125,2197.3828533413684,2149.088724696503,2165.186767578125,51661400,0.0,0.0
2015-03-13 00:00:00+07:00,2181.2851065176505,2181.2851065176505,2157.138038917824,2173.236083984375,40006000,0.0,0.0
2015-03-16 00:00:00+07:00,2165.1869253440886,2229.5791015625,2149.0888812894855,2229.5791015625,61621800,0.0,0.0
2015-03-17 00:00:00+07:00,2229.5790511421537,2245.6770948327107,2205.431985606318,2221.530029296875,41834400,0.0,0.0
2015-03-18 00:00:00+07:00,2229.5789083576888,2245.6769510173112,2205.4318443682555,2237.6279296875,38261000,0.0,0.0
2015-03-19 00:00:00+07:00,2245.6772957938056,2285.922408621652,2237.6282732282366,2253.726318359375,76247600,0.0,0.0
2015-03-20 00:00:00+07:00,2253.7259723471225,2253.7259723471225,2229.5789083576888,2237.6279296875,38954800,0.0,0.0
2015-03-23 00:00:00+07:00,2253.726318359375,2261.775340924944,2229.579250662667,2253.726318359375,28081600,0.0,0.0
2015-03-24 00:00:00+07:00,2237.628228845731,2285.92236328125,2237.628228845731,2285.92236328125,45707600,0.0,0.0
2015-03-25 00:00:00+07:00,2308.779795545213,2349.861286569149,2292.347199135638,2316.99609375,41488400,72.27485,0.0
2015-03-26 00:00:00+07:00,2316.996356802927,2349.861553353323,2300.5637585277286,2333.428955078125,45867600,0.0,0.0
2015-03-27 00:00:00+07:00,2325.212655940526,2341.645254215724,2308.7800576653276,2333.428955078125,25620000,0.0,0.0
2015-03-30 00:00:00+07:00,2349.861514718192,2366.2941127232143,2300.563720703125,2300.563720703125,44751800,0.0,0.0
2015-03-31 00:00:00+07:00,2349.8616001432742,2374.510498046875,2341.645300842074,2374.510498046875,59752400,0.0,0.0
2015-04-01 00:00:00+07:00,2382.726318359375,2382.726318359375,2333.4285324622847,2382.726318359375,54129600,0.0,0.0
2015-04-02 00:00:00+07:00,2366.29345703125,2382.726050482856,2341.6445668538413,2366.29345703125,34532000,0.0,0.0
2015-04-06 00:00:00+07:00,2382.726285183471,2382.726285183471,2349.8610950430093,2358.077392578125,29098600,0.0,0.0
2015-04-07 00:00:00+07:00,2382.726329266001,2390.942626953125,2366.2937338917527,2390.942626953125,40029200,0.0,0.0
2015-04-08 00:00:00+07:00,2374.510498046875,2390.9430966492755,2358.0778994444745,2374.510498046875,28646800,0.0,0.0
2015-04-09 00:00:00+07:00,2382.726285183471,2382.726285183471,2349.8610950430093,2358.077392578125,18791200,0.0,0.0
2015-04-10 00:00:00+07:00,2349.8613178453948,2366.2939144736843,2333.4287212171052,2341.64501953125,27541400,0.0,0.0
2015-04-13 00:00:00+07:00,2366.29345703125,2366.29345703125,2308.7793799506294,2366.29345703125,31733600,0.0,0.0
2015-04-14 00:00:00+07:00,2358.077852490922,2358.077852490922,2325.212655940526,2333.428955078125,21955400,0.0,0.0
2015-04-15 00:00:00+07:00,2325.212655940526,2333.428955078125,2300.5637585277286,2333.428955078125,30898400,0.0,0.0
2015-04-16 00:00:00+07:00,2333.4287314248254,2358.0776264750875,2325.212433074738,2349.861328125,36702200,0.0,0.0
2015-04-17 00:00:00+07:00,2333.4286901595747,2349.861286569149,2316.99609375,2316.99609375,24982200,0.0,0.0
2015-04-20 00:00:00+07:00,2325.212202437663,2358.077392578125,2316.995904902548,2358.077392578125,18803600,0.0,0.0
2015-04-21 00:00:00+07:00,2333.4284999727784,2366.2936901132402,2333.4284999727784,2358.077392578125,50267000,0.0,0.0
2015-04-22 00:00:00+07:00,2374.51045076612,2374.51045076612,2333.428955078125,2333.428955078125,27232600,0.0,0.0
2015-04-23 00:00:00+07:00,2349.8613178453948,2358.0776161595395,2333.4287212171052,2341.64501953125,36581400,0.0,0.0
2015-04-24 00:00:00+07:00,2341.64494576214,2341.64494576214,2284.130859375,2284.130859375,70098400,0.0,0.0
2015-04-27 00:00:00+07:00,2267.698321063702,2267.698321063702,2128.0212505634017,2136.237548828125,144743400,0.0,0.0
2015-04-28 00:00:00+07:00,2169.1028033952066,2185.535400390625,2111.588713911243,2185.535400390625,58757400,0.0,0.0
2015-04-29 00:00:00+07:00,2201.9679455519636,2201.9679455519636,2054.074576074593,2144.453857421875,112771600,0.0,0.0
2015-04-30 00:00:00+07:00,2136.2372704888135,2160.8861620713765,2095.1557845178745,2111.58837890625,129670400,0.0,0.0
2015-05-04 00:00:00+07:00,2103.372586872587,2160.8866810448844,2078.723689370174,2128.021484375,54178000,0.0,0.0
2015-05-05 00:00:00+07:00,2144.4538470928487,2160.8864436222957,2111.5886540339543,2136.237548828125,67320000,0.0,0.0
2015-05-06 00:00:00+07:00,2136.237569328483,2169.102762702767,2111.5886742977696,2152.670166015625,41407800,0.0,0.0
2015-05-07 00:00:00+07:00,2169.102582789179,2226.6166664237408,2152.669987465019,2201.9677734375,71871800,0.0,0.0
2015-05-08 00:00:00+07:00,2210.1842958837524,2226.616892879171,2185.535400390625,2185.535400390625,33562400,0.0,0.0
2015-05-11 00:00:00+07:00,2218.4005943814614,2226.616892879171,2185.535400390625,2185.535400390625,35371600,0.0,0.0
2015-05-12 00:00:00+07:00,2201.968037471065,2226.6169334129054,2185.535440176505,2218.400634765625,18999000,0.0,0.0
2015-05-13 00:00:00+07:00,2234.833261790293,2251.2658593034566,2218.400664277129,2243.049560546875,24540000,0.0,0.0
2015-05-15 00:00:00+07:00,2259.482117833701,2259.482117833701,2201.9680275615706,2210.184326171875,22217000,0.0,0.0
2015-05-18 00:00:00+07:00,2185.5349239963716,2218.4001108233847,2185.5349239963716,2193.751220703125,28726000,0.0,0.0
2015-05-19 00:00:00+07:00,2185.535440176505,2234.8332320601853,2185.535440176505,2218.400634765625,44776600,0.0,0.0
2015-05-20 00:00:00+07:00,2234.832997001845,2234.832997001845,2210.1841036525598,2226.61669921875,23198400,0.0,0.0
2015-05-21 00:00:00+07:00,2218.4007306780136,2316.9963187081476,2218.4007306780136,2300.563720703125,58901600,0.0,0.0
2015-05-22 00:00:00+07:00,2275.9148518592647,2341.645244692745,2259.4822536508946,2325.212646484375,37526800,0.0,0.0
2015-05-25 00:00:00+07:00,2333.4286901595747,2333.4286901595747,2308.779795545213,2316.99609375,26294600,0.0,0.0
2015-05-26 00:00:00+07:00,2300.5634554856115,2316.996051596223,2284.130859375,2284.130859375,33367200,0.0,0.0
2015-05-27 00:00:00+07:00,2284.1305689011174,2292.3468659115533,2218.400192817632,2251.265380859375,36999600,0.0,0.0
2015-05-28 00:00:00+07:00,2267.6982421875,2284.1308381453805,2259.48194420856,2267.6982421875,36734000,0.0,0.0
2015-05-29 00:00:00+07:00,2275.9150213068183,2284.131321022727,2218.4009232954545,2259.482421875,46097000,0.0,0.0
2015-06-01 00:00:00+07:00,2226.616892879171,2243.0494898745887,2169.1028033952066,2185.535400390625,55978400,0.0,0.0
2015-06-03 00:00:00+07:00,2185.5350298713233,2185.5350298713233,2054.074276194853,2095.15576171875,77022600,0.0,0.0
2015-06-04 00:00:00+07:00,2103.372353830645,2111.588652087796,2037.6419677734373,2037.6419677734375,106657800,0.0,0.0
2015-06-05 00:00:00+07:00,2004.7767848738704,2054.074574665851,2004.7767848738704,2045.8582763671875,51232600,0.0,0.0
2015-06-08 00:00:00+07:00,2029.4257204681019,2045.858317394969,1980.1279296875002,1980.1279296875,54985400,0.0,0.0
2015-06-09 00:00:00+07:00,1955.47881553913,1955.47881553913,1856.8832450077452,1906.1810302734375,136822000,0.0,0.0
2015-06-10 00:00:00+07:00,1930.829775602921,1971.9112601902173,1873.3156971807064,1889.748291015625,92982000,0.0,0.0
2015-06-11 00:00:00+07:00,1914.397351457399,1922.613649103139,1807.5854820627803,1832.234375,121075800,0.0,0.0
2015-06-12 00:00:00+07:00,1848.667236328125,1856.88353515625,1815.802041015625,1848.667236328125,71934800,0.0,0.0
2015-06-15 00:00:00+07:00,1824.0178608739097,1832.234157544513,1766.5037841796875,1766.5037841796875,57799800,0.0,0.0
2015-06-16 00:00:00+07:00,1750.0714849298652,1815.8018693403765,1708.9899946732955,1807.5855712890625,112535600,0.0,0.0
2015-06-17 00:00:00+07:00,1824.018229526756,1865.099721182764,1791.1530362019496,1856.8834228515625,76399600,0.0,0.0
2015-06-18 00:00:00+07:00,1865.0997938613546,1873.3160925127263,1799.3694046503817,1815.802001953125,61767600,0.0,0.0
2015-06-19 00:00:00+07:00,1824.0180773542602,1856.8832679372197,1824.0180773542602,1832.234375,68060600,0.0,0.0
2015-06-22 00:00:00+07:00,1840.4508056640625,1865.0997003827777,1824.0182091849192,1840.4508056640625,49494600,0.0,0.0
2015-06-23 00:00:00+07:00,1856.8832679372197,1856.8832679372197,1807.5854820627803,1832.234375,39508200,0.0,0.0
2015-06-24 00:00:00+07:00,1832.2344654430044,1856.883359596946,1791.1529751864348,1807.5855712890625,54783800,0.0,0.0
2015-06-25 00:00:00+07:00,1791.1530351014896,1799.3693334276431,1750.0715434707215,1758.287841796875,62040000,0.0,0.0
2015-06-26 00:00:00+07:00,1725.4226178354563,1774.7204069164693,1725.4226178354563,1733.638916015625,55679200,0.0,0.0
2015-06-29 00:00:00+07:00,1708.9900111607144,1733.6389055524553,1676.124818638393,1725.422607421875,38102400,0.0,0.0
2015-06-30 00:00:00+07:00,1733.6390478745946,1758.2879442898732,1708.9901514593162,1741.8553466796875,76619600,0.0,0.0
2015-07-01 00:00:00+07:00,1741.8553466796875,1766.5042430949661,1733.6390478745946,1741.8553466796875,50350000,0.0,0.0
2015-07-02 00:00:00+07:00,1750.071398542601,1840.4506726457398,1741.855100896861,1832.234375,120236000,0.0,0.0
2015-07-03 00:00:00+07:00,1840.4509375,1865.099833984375,1799.369443359375,1848.667236328125,57287000,0.0,0.0
2015-07-06 00:00:00+07:00,1815.8017242151664,1848.6669137937215,1774.7202372419727,1791.15283203125,51381600,0.0,0.0
2015-07-07 00:00:00+07:00,1791.1531157622464,1824.018310546875,1791.1531157622464,1824.018310546875,46486800,0.0,0.0
2015-07-08 00:00:00+07:00,1807.5854040075233,1815.8017012984665,1766.5039175528068,1774.72021484375,69074400,0.0,0.0
2015-07-09 00:00:00+07:00,1766.5041401230287,1791.1530351014896,1725.4226484922606,1758.287841796875,51438800,0.0,0.0
2015-07-10 00:00:00+07:00,1774.7202372419727,1799.369129425889,1758.287642452695,1791.15283203125,38366200,0.0,0.0
2015-07-13 00:00:00+07:00,1807.5856833261987,1815.8019818867722,1782.9367876444778,1799.369384765625,38223400,0.0,0.0
2015-07-14 00:00:00+07:00,1815.8020359255233,1832.234633535709,1725.4227490695018,1741.8553466796875,108126600,0.0,0.0
2015-07-15 00:00:00+07:00,1741.8552546759545,1750.0715530470675,1667.9085693359375,1667.9085693359375,108003400,0.0,0.0
2015-07-22 00:00:00+07:00,1684.3410856827447,1733.638873556386,1684.3410856827447,1700.773681640625,116952400,0.0,0.0
2015-07-23 00:00:00+07:00,1700.7737731933594,1717.2063700358071,1667.9085795084636,1676.1248779296875,121323800,0.0,0.0
2015-07-24 00:00:00+07:00,1667.9084143066407,1676.1247119140626,1638.329742919922,1643.259521484375,91603600,0.0,0.0
2015-07-27 00:00:00+07:00,1643.2597052190722,1659.692302271263,1577.5293170103093,1593.9619140625,83027000,0.0,0.0
2015-07-28 00:00:00+07:00,1577.5291013566912,1587.3886582401706,1556.1667281091527,1559.4532470703125,60441000,0.0,0.0
2015-07-29 00:00:00+07:00,1577.528875942888,1587.388431417531,1518.3715430950297,1524.944580078125,79417600,0.0,0.0
2015-07-30 00:00:00+07:00,1543.0207582201278,1547.9505370003837,1462.5010381426132,1472.360595703125,173561000,0.0,0.0
2015-07-31 00:00:00+07:00,1465.7874858439468,1574.2426137202926,1462.500966817391,1564.383056640625,103975200,0.0,0.0
2015-08-03 00:00:00+07:00,1564.3832495700285,1592.3186647409218,1547.9506524106794,1582.4591064453125,60638000,0.0,0.0
2015-08-04 00:00:00+07:00,1582.4591474324245,1589.0321864664118,1572.5995888814439,1575.8861083984375,51947800,0.0,0.0
2015-08-05 00:00:00+07:00,1577.529296875,1684.3411763509114,1575.8860371907551,1676.1248779296875,80326600,0.0,0.0
2015-08-06 00:00:00+07:00,1692.557383661685,1725.4225755774457,1692.557383661685,1700.773681640625,110051600,0.0,0.0
2015-08-07 00:00:00+07:00,1676.1247119140626,1684.3410095214845,1639.9730024414064,1643.259521484375,53685600,0.0,0.0
2015-08-10 00:00:00+07:00,1625.1836425531617,1626.826902050182,1595.6049716067948,1607.1077880859375,58271400,0.0,0.0
2015-08-11 00:00:00+07:00,1612.0377181565264,1623.5405357172763,1511.7988794128485,1533.1612548828125,86303600,0.0,0.0
2015-08-12 00:00:00+07:00,1505.2257261424265,1506.868985668783,1464.1442379835175,1482.2200927734375,83453000,0.0,0.0
2015-08-13 00:00:00+07:00,1492.079773344695,1554.523640511103,1492.079773344695,1521.658447265625,86573000,0.0,0.0
2015-08-14 00:00:00+07:00,1528.2314132940573,1529.8746728782444,1478.9336257684424,1503.58251953125,77138800,0.0,0.0
2015-08-18 00:00:00+07:00,1495.3663979807209,1500.296177314723,1426.3494873046875,1426.3494873046875,116453000,0.0,0.0
2015-08-19 00:00:00+07:00,1426.3493260172156,1469.0740754140447,1416.4897684641012,1452.6414794921875,52802400,0.0,0.0
2015-08-20 00:00:00+07:00,1452.6414794921875,1465.7875562296733,1424.70606642503,1452.6414794921875,62606600,0.0,0.0
2015-08-21 00:00:00+07:00,1421.4194222383721,1431.2789789244187,1398.4137899709303,1413.203125,80687400,0.0,0.0
2015-08-24 00:00:00+07:00,1363.9055072206438,1373.7650651041665,1337.6133528645832,1355.689208984375,81907800,0.0,0.0
2015-08-25 00:00:00+07:00,1413.203268116918,1454.284758469154,1404.9869700464708,1429.6358642578125,109487000,0.0,0.0
2015-08-26 00:00:00+07:00,1480.5767822265625,1483.8633011660222,1409.9166250281805,1480.5767822265625,108067400,0.0,0.0
2015-08-27 00:00:00+07:00,1528.2314968012897,1643.2596739798814,1528.2314968012897,1628.4703369140625,144030400,0.0,0.0
2015-08-28 00:00:00+07:00,1676.1247119140626,1725.422497558594,1643.259521484375,1643.259521484375,108243000,0.0,0.0
2015-08-31 00:00:00+07:00,1618.6108497080177,1659.692343355429,1613.6810704703282,1626.8271484375,61187200,0.0,0.0
2015-09-01 00:00:00+07:00,1602.1780254460182,1607.1078039858521,1564.383056640625,1564.383056640625,52639600,0.0,0.0
2015-09-02 00:00:00+07:00,1541.377543218085,1580.8157746010638,1528.2314660904256,1544.6640625,80544800,0.0,0.0
2015-09-03 00:00:00+07:00,1549.5936877272045,1559.453244595034,1528.2313145135738,1539.734130859375,52341600,0.0,0.0
2015-09-04 00:00:00+07:00,1538.0912300441576,1538.0912300441576,1503.5827729598334,1511.799072265625,38093400,0.0,0.0
2015-09-07 00:00:00+07:00,1508.5122861458624,1508.5122861458624,1475.6470947265625,1475.6470947265625,27150000,0.0,0.0
2015-09-08 00:00:00+07:00,1442.7817659833147,1552.8801467588066,1442.7817659833147,1549.5936279296875,42235000,0.0,0.0
2015-09-09 00:00:00+07:00,1569.312967216598,1577.5292654742766,1533.1612548828125,1533.1612548828125,86963000,0.0,0.0
2015-09-10 00:00:00+07:00,1501.9394446875872,1501.9394446875872,1449.3551315256586,1474.0040283203125,70726800,0.0,0.0
2015-09-11 00:00:00+07:00,1462.5008826196263,1482.219995643711,1446.068288432889,1447.7115478515625,66903800,0.0,0.0
2015-09-14 00:00:00+07:00,1436.2089440506497,1462.5010986328125,1436.2089440506497,1462.5010986328125,29104600,0.0,0.0
2015-09-15 00:00:00+07:00,1429.6358440994122,1446.0684400086009,1419.7762865538991,1432.92236328125,78337400,0.0,0.0
2015-09-16 00:00:00+07:00,1437.8520483766204,1444.4250863120565,1416.4896750864534,1418.1329345703125,76575600,0.0,0.0
2015-09-17 00:00:00+07:00,1409.9167488887392,1442.781941170528,1368.835258536503,1429.6358642578125,234600000,0.0,0.0
2015-09-18 00:00:00+07:00,1446.068532580951,1469.074168326557,1408.2735595703125,1408.2735595703125,165978000,0.0,0.0
2015-09-21 00:00:00+07:00,1386.911034705182,1423.062744140625,1380.3379966260104,1423.062744140625,34705200,0.0,0.0
2015-09-22 00:00:00+07:00,1424.705941133721,1442.7817950581396,1404.9868277616279,1413.203125,50095200,0.0,0.0
2015-09-23 00:00:00+07:00,1409.9167682968568,1409.9167682968568,1377.0515755626643,1406.6302490234375,44732200,0.0,0.0
2015-09-25 00:00:00+07:00,1386.9112361713046,1386.9112361713046,1342.5432226918908,1350.759521484375,98708200,0.0,0.0
2015-09-28 00:00:00+07:00,1344.1863372338,1345.8295968147704,1293.2452902237171,1294.8885498046875,50019000,0.0,0.0
2015-09-29 00:00:00+07:00,1257.0935628455159,1340.8998003685504,1248.87726504914,1337.61328125,49600200,0.0,0.0
2015-09-30 00:00:00+07:00,1355.6894323125284,1365.5489918202559,1337.613573215028,1358.9759521484375,63485400,0.0,0.0
2015-10-01 00:00:00+07:00,1370.4784047578032,1381.981221104691,1354.0458099765344,1378.6947021484375,54260000,0.0,0.0
2015-10-02 00:00:00+07:00,1365.5487262279478,1373.7650242196924,1339.256572654365,1362.26220703125,46670800,0.0,0.0
2015-10-05 00:00:00+07:00,1370.4784224076705,1455.9279163707388,1370.4784224076705,1446.068359375,116012400,0.0,0.0
2015-10-06 00:00:00+07:00,1469.074027367437,1544.663966135784,1462.500989213668,1490.4364013671875,125224800,0.0,0.0
2015-10-07 00:00:00+07:00,1518.3719082446808,1544.6640625,1487.1499750664893,1544.6640625,64698000,0.0,0.0
2015-10-08 00:00:00+07:00,1544.6641625824923,1607.1080329847632,1543.0209028350641,1587.388916015625,130224200,0.0,0.0
2015-10-09 00:00:00+07:00,1626.827057340252,1667.908548687228,1625.1837976863728,1651.4759521484375,85114800,0.0,0.0
2015-10-12 00:00:00+07:00,1667.908548687228,1684.3411452260184,1643.2596538790422,1651.4759521484375,58860800,0.0,0.0
2015-10-13 00:00:00+07:00,1659.6922704623673,1659.6922704623673,1580.8158061235617,1589.0321044921875,72273000,0.0,0.0
2015-10-15 00:00:00+07:00,1621.8972783786148,1676.124846956623,1621.8972783786148,1651.4759521484375,60694000,0.0,0.0
2015-10-16 00:00:00+07:00,1684.3411763509114,1692.5574747721353,1659.6922810872395,1676.1248779296875,43362400,0.0,0.0
2015-10-19 00:00:00+07:00,1692.5571169969514,1708.9897103658539,1667.9082269435976,1684.3408203125,36446200,0.0,0.0
2015-10-20 00:00:00+07:00,1667.9087383563701,1725.422832782452,1667.9087383563701,1708.990234375,40518600,0.0,0.0
2015-10-21 00:00:00+07:00,1725.4224742542615,1741.8550692471592,1700.773581764915,1717.2061767578125,35203400,0.0,0.0
2015-10-22 00:00:00+07:00,1725.4224742542615,1733.6387717507102,1700.773581764915,1717.2061767578125,33884400,0.0,0.0
2015-10-23 00:00:00+07:00,1750.0715123759628,1766.5041087363004,1708.9900214751185,1733.638916015625,54087000,0.0,0.0
2015-10-26 00:00:00+07:00,1750.0716454847804,1758.2879442898732,1725.4227490695018,1741.8553466796875,36701800,0.0,0.0
2015-10-27 00:00:00+07:00,1708.9899796195652,1717.2062775985055,1676.1247877038045,1700.773681640625,29625600,0.0,0.0
2015-10-28 00:00:00+07:00,1676.124846956623,1684.3411452260184,1643.2596538790422,1651.4759521484375,75105800,0.0,0.0
2015-10-29 00:00:00+07:00,1643.2597159349039,1643.2597159349039,1575.8860675815727,1582.4591064453125,84111000,0.0,0.0
2015-10-30 00:00:00+07:00,1570.955920679712,1589.0317733235163,1544.6637713796333,1562.7396240234375,75455800,0.0,0.0
2015-11-02 00:00:00+07:00,1557.810210706289,1582.4591064453125,1528.2315358194605,1582.4591064453125,30277400,0.0,0.0
2015-11-03 00:00:00+07:00,1610.3945509785353,1659.692343355429,1605.464771740846,1626.8271484375,69526200,0.0,0.0
2015-11-04 00:00:00+07:00,1651.475819091797,1676.1247119140626,1641.6162619628908,1643.259521484375,38504600,0.0,0.0
2015-11-05 00:00:00+07:00,1639.9730519602342,1651.4758689579514,1615.3241583936976,1625.1837158203125,27261400,0.0,0.0
2015-11-06 00:00:00+07:00,1636.6866770711642,1651.4760145145783,1582.4591064453125,1582.4591064453125,23876600,0.0,0.0
2015-11-09 00:00:00+07:00,1598.8918250450722,1615.3244234525241,1572.599667593149,1602.1783447265625,34860800,0.0,0.0
2015-11-10 00:00:00+07:00,1570.956318541343,1616.9675914693323,1564.3832795516305,1587.388916015625,30658200,0.0,0.0
2015-11-11 00:00:00+07:00,1593.9616470336914,1593.9616470336914,1577.529052734375,1577.529052734375,24243600,0.0,0.0
2015-11-12 00:00:00+07:00,1580.8157373243762,1638.3298234016663,1579.172477722168,1630.113525390625,38280800,0.0,0.0
2015-11-13 00:00:00+07:00,1625.183869290943,1631.7569081960633,1579.1725969551023,1590.6754150390625,48826000,0.0,0.0
2015-11-16 00:00:00+07:00,1570.9559756710323,1598.8913852802452,1564.3829381159233,1584.10205078125,24019400,0.0,0.0
2015-11-17 00:00:00+07:00,1598.891514404297,1651.475819091797,1597.2482548828125,1643.259521484375,33574600,0.0,0.0
2015-11-18 00:00:00+07:00,1651.4759521484375,1667.908548687228,1620.2540187247357,1651.4759521484375,38168600,0.0,0.0
2015-11-19 00:00:00+07:00,1676.1250375600962,1717.206533578726,1667.9087383563701,1708.990234375,55153800,0.0,0.0
2015-11-20 00:00:00+07:00,1659.6924391526443,1725.422832782452,1659.6924391526443,1708.990234375,33211600,0.0,0.0
2015-11-23 00:00:00+07:00,1725.422832782452,1725.422832782452,1692.557635967548,1708.990234375,24330600,0.0,0.0
2015-11-24 00:00:00+07:00,1676.124656306887,1708.9898456462377,1676.124656306887,1692.5572509765625,26272000,0.0,0.0
2015-11-25 00:00:00+07:00,1684.3410856827447,1708.9899796195652,1684.3410856827447,1700.773681640625,63070600,0.0,0.0
2015-11-26 00:00:00+07:00,1708.9897103658539,1717.206007050305,1676.1245236280488,1684.3408203125,31597600,0.0,0.0
2015-11-27 00:00:00+07:00,1700.773392642837,1700.773392642837,1636.6862792968752,1636.686279296875,25980800,0.0,0.0
2015-11-30 00:00:00+07:00,1643.2597482229428,1651.4760469640576,1567.6697998046873,1567.6697998046875,125797600,0.0,0.0
2015-12-01 00:00:00+07:00,1595.6048155387402,1639.9728176186022,1595.6048155387402,1633.3997802734375,84802600,0.0,0.0
2015-12-02 00:00:00+07:00,1643.2596128228436,1643.2596128228436,1628.4702763074379,1638.329833984375,50505400,0.0,0.0
2015-12-03 00:00:00+07:00,1628.4703268842372,1643.259663858968,1623.5405478926605,1639.97314453125,42190200,0.0,0.0
2015-12-04 00:00:00+07:00,1620.254038544163,1636.6866352839618,1613.6809998482433,1628.4703369140625,61042600,0.0,0.0
2015-12-07 00:00:00+07:00,1643.259521484375,1651.475819091797,1638.329742919922,1643.259521484375,29830600,0.0,0.0
2015-12-08 00:00:00+07:00,1638.329935648539,1659.692311940847,1630.1136370745746,1641.616455078125,35239200,0.0,0.0
2015-12-09 00:00:00+07:00,1641.616455078125,1641.616455078125,1641.616455078125,1641.616455078125,0,0.0,0.0
2015-12-10 00:00:00+07:00,1618.6106286621095,1643.259521484375,1616.9673691406251,1643.259521484375,57791200,0.0,0.0
2015-12-11 00:00:00+07:00,1643.2596636108647,1651.4759619289189,1620.2540283203125,1620.2540283203125,41328400,0.0,0.0
2015-12-14 00:00:00+07:00,1593.9616470336914,1600.5346847534179,1570.9560150146483,1577.529052734375,49749200,0.0,0.0
2015-12-15 00:00:00+07:00,1577.5291949373695,1580.815714093489,1570.9561566251307,1574.24267578125,49558200,0.0,0.0
2015-12-16 00:00:00+07:00,1602.1780334472658,1643.259521484375,1584.1021787109376,1643.259521484375,56514600,0.0,0.0
2015-12-17 00:00:00+07:00,1676.12473410427,1692.5573295366646,1659.6921386718752,1659.692138671875,65132800,0.0,0.0
2015-12-18 00:00:00+07:00,1651.4759002193327,1651.4759002193327,1628.4702657884166,1630.113525390625,41810800,0.0,0.0
2015-12-21 00:00:00+07:00,1620.2537491049013,1641.6161210505036,1585.7453021158517,1595.6048583984375,50881400,0.0,0.0
2015-12-22 00:00:00+07:00,1600.5349021546094,1620.2540179922432,1598.8916425014734,1612.0377197265625,24393000,0.0,0.0
2015-12-23 00:00:00+07:00,1626.8270461285701,1626.8270461285701,1598.8916322051502,1603.8214111328125,20384200,0.0,0.0
2015-12-28 00:00:00+07:00,1621.8971477050782,1651.475819091797,1603.8212929687502,1643.259521484375,25746800,0.0,0.0
2015-12-29 00:00:00+07:00,1643.259663858968,1651.475962178263,1635.0433655396732,1639.97314453125,11798200,0.0,0.0
2015-12-30 00:00:00+07:00,1643.259663858968,1659.6922604975578,1638.3298848673912,1639.97314453125,39911600,0.0,0.0
2016-01-04 00:00:00+07:00,1639.9729780263451,1651.4757945054878,1605.4645285889171,1607.1077880859375,27328000,0.0,0.0
2016-01-05 00:00:00+07:00,1607.1080314867424,1635.0434471669823,1607.1080314867424,1626.8271484375,52928800,0.0,0.0
2016-01-06 00:00:00+07:00,1630.1134668935645,1708.9899249690595,1621.897169177367,1659.692138671875,72766400,0.0,0.0
2016-01-07 00:00:00+07:00,1643.2596128228436,1667.9085070151862,1638.329833984375,1638.329833984375,37299800,0.0,0.0
2016-01-08 00:00:00+07:00,1643.259521484375,1659.6921166992188,1635.0432238769533,1643.259521484375,48698400,0.0,0.0
2016-01-11 00:00:00+07:00,1635.0432935287645,1635.0432935287645,1618.6106976139026,1621.897216796875,43049000,0.0,0.0
2016-01-12 00:00:00+07:00,1635.0433858235676,1643.2596842447917,1616.967529296875,1616.967529296875,43517000,0.0,0.0
2016-01-13 00:00:00+07:00,1639.973093597198,1651.4759108869578,1625.1837570817922,1638.329833984375,50832000,0.0,0.0
2016-01-14 00:00:00+07:00,1620.2540187247357,1659.6922504178326,1605.4646818398244,1651.4759521484375,93305600,0.0,0.0
2016-01-15 00:00:00+07:00,1659.6919816366992,1667.9082785754947,1635.0430908203125,1635.0430908203125,36907400,0.0,0.0
2016-01-18 00:00:00+07:00,1620.2540486653645,1633.400126139323,1615.3242696126301,1616.967529296875,47922600,0.0,0.0
2016-01-19 00:00:00+07:00,1616.9674485729586,1630.113525390625,1613.680929368542,1630.113525390625,19682000,0.0,0.0
2016-01-20 00:00:00+07:00,1623.5405887564434,1625.1838484616626,1593.9619140625,1593.9619140625,66809400,0.0,0.0
2016-01-21 00:00:00+07:00,1602.1781717727317,1618.6107684062981,1598.8916524460185,1600.534912109375,34203800,0.0,0.0
2016-01-22 00:00:00+07:00,1618.6106286621095,1651.475819091797,1616.9673691406251,1643.259521484375,71165400,0.0,0.0
2016-01-25 00:00:00+07:00,1659.6922504178326,1692.5574434954135,1643.2596538790422,1651.4759521484375,84795200,0.0,0.0
2016-01-26 00:00:00+07:00,1636.6866249564212,1651.4759619289189,1612.037730002258,1620.2540283203125,52780200,0.0,0.0
2016-01-27 00:00:00+07:00,1630.113667929293,1638.3299666587752,1615.3243302162246,1626.8271484375,35753600,0.0,0.0
2016-01-28 00:00:00+07:00,1626.8270061862083,1631.7567849928332,1612.0376697663337,1630.113525390625,44420400,0.0,0.0
2016-01-29 00:00:00+07:00,1630.1135040096742,1636.6865423322938,1602.1780911385408,1613.680908203125,100133600,0.0,0.0
2016-02-01 00:00:00+07:00,1626.8270461285701,1628.4703057711242,1589.0320743498255,1603.8214111328125,77142800,0.0,0.0
2016-02-02 00:00:00+07:00,1603.8212690918967,1618.6106045650802,1602.1780095948764,1607.1077880859375,33135800,0.0,0.0
2016-02-03 00:00:00+07:00,1592.3186137925918,1603.8214314360885,1590.675354129235,1600.534912109375,66343000,0.0,0.0
2016-02-04 00:00:00+07:00,1612.0378107244317,1628.4704081833963,1607.1080314867424,1626.8271484375,66704400,0.0,0.0
2016-02-05 00:00:00+07:00,1630.1135589454977,1750.0715123759628,1628.4702993094638,1733.638916015625,226610200,0.0,0.0
2016-02-09 00:00:00+07:00,1717.2064502644089,1782.9368407051518,1708.9901514593162,1741.8553466796875,112177400,0.0,0.0
2016-02-10 00:00:00+07:00,1725.422518018266,1766.5040065425103,1725.422518018266,1750.0714111328125,34526000,0.0,0.0
2016-02-11 00:00:00+07:00,1741.855025679977,1807.5854040075233,1741.855025679977,1774.72021484375,110657800,0.0,0.0
2016-02-12 00:00:00+07:00,1758.2878105561315,1807.5855996371447,1733.638916015625,1733.638916015625,51978000,0.0,0.0
2016-02-15 00:00:00+07:00,1766.5039175528068,1782.9365121346934,1758.2876202618636,1774.72021484375,49239600,0.0,0.0
2016-02-16 00:00:00+07:00,1766.5039175528068,1799.36910671658,1750.0713229709204,1774.72021484375,29412400,0.0,0.0
2016-02-17 00:00:00+07:00,1782.9367876444778,1824.018280447346,1774.720489083904,1799.369384765625,63419200,0.0,0.0
2016-02-18 00:00:00+07:00,1824.0180216098051,1865.099508582999,1791.1528320312502,1791.15283203125,105241000,0.0,0.0
2016-02-19 00:00:00+07:00,1692.5574747721353,1725.4226684570312,1676.1248779296875,1676.1248779296875,239103800,0.0,0.0
2016-02-22 00:00:00+07:00,1684.3410095214845,1692.5573071289064,1638.329742919922,1643.259521484375,109851400,0.0,0.0
2016-02-23 00:00:00+07:00,1651.4759723497807,1659.6922707196802,1603.8214418043642,1628.4703369140625,96649800,0.0,0.0
2016-02-24 00:00:00+07:00,1633.3997808689026,1684.3408203125,1631.7565215320124,1684.3408203125,65158400,0.0,0.0
2016-02-25 00:00:00+07:00,1676.1247119140626,1684.3410095214845,1636.6864833984375,1643.259521484375,38040400,0.0,0.0
2016-02-26 00:00:00+07:00,1659.6922504178326,1667.908548687228,1643.2596538790422,1651.4759521484375,54203800,0.0,0.0
2016-02-29 00:00:00+07:00,1659.6922709648245,1667.9085693359375,1643.2596742225985,1667.9085693359375,50513600,0.0,0.0
2016-03-01 00:00:00+07:00,1667.9085588168525,1676.1248571361475,1631.7568462119552,1639.97314453125,69160800,0.0,0.0
2016-03-02 00:00:00+07:00,1651.475819091797,1667.9084143066407,1639.9730024414064,1643.259521484375,76279000,0.0,0.0
2016-03-03 00:00:00+07:00,1659.6920616372117,1708.9898456462377,1659.6920616372117,1692.5572509765625,95803800,0.0,0.0
2016-03-04 00:00:00+07:00,1700.7737232949498,1741.855214195794,1700.7737232949498,1733.638916015625,72841000,0.0,0.0
2016-03-07 00:00:00+07:00,1741.8553466796875,1766.5042430949661,1733.6390478745946,1741.8553466796875,69531400,0.0,0.0
2016-03-08 00:00:00+07:00,1750.0715123759628,1758.2878105561315,1700.7737232949498,1733.638916015625,52440400,0.0,0.0
2016-03-10 00:00:00+07:00,1725.422607421875,1733.6389055524553,1700.7737130301339,1725.422607421875,47143400,0.0,0.0
2016-03-11 00:00:00+07:00,1725.422607421875,1725.422607421875,1725.422607421875,1725.422607421875,0,0.0,0.0
2016-03-14 00:00:00+07:00,1725.422607421875,1725.422607421875,1725.422607421875,1725.422607421875,0,0.0,0.0
2016-03-15 00:00:00+07:00,1766.5041401230287,1766.5041401230287,1741.8552451445678,1758.287841796875,32259000,0.0,0.0
2016-03-16 00:00:00+07:00,1774.7204384491822,1774.7204384491822,1750.0715434707215,1758.287841796875,58000400,0.0,0.0
2016-03-17 00:00:00+07:00,1774.7200808502905,1782.9363775208938,1766.5037841796875,1766.5037841796875,92556200,0.0,0.0
2016-03-18 00:00:00+07:00,1782.4903138626453,1816.1222065770348,1774.082340684048,1807.7142333984375,69313200,61.2669,0.0
2016-03-21 00:00:00+07:00,1816.1222065770348,1832.9381529342295,1799.30626021984,1807.7142333984375,43601600,0.0,0.0
2016-03-22 00:00:00+07:00,1816.1222065770348,1824.5301797556322,1799.30626021984,1807.7142333984375,61065800,0.0,0.0
2016-03-23 00:00:00+07:00,1824.5305981905954,1824.5305981905954,1765.6747724425118,1782.49072265625,45154000,0.0,0.0
2016-03-24 00:00:00+07:00,1782.4904453314625,1782.4904453314625,1723.6346287403292,1732.0426025390625,41795200,0.0,0.0
2016-03-28 00:00:00+07:00,1715.2269287109375,1732.0428789924174,1706.8189535701977,1715.2269287109375,17483000,0.0,0.0
2016-03-29 00:00:00+07:00,1706.8187406936495,1723.6346888778235,1681.5948184173888,1698.4107666015625,27933200,0.0,0.0
2016-03-30 00:00:00+07:00,1715.226760643116,1740.45068359375,1706.818786326238,1740.45068359375,49834800,0.0,0.0
2016-03-31 00:00:00+07:00,1748.8590087890625,1757.2669847928562,1732.0430567814753,1748.8590087890625,55576000,0.0,0.0
2016-04-01 00:00:00+07:00,1715.2269287109375,1732.0428789924174,1698.4109784294578,1715.2269287109375,38793400,0.0,0.0
2016-04-04 00:00:00+07:00,1723.634521484375,1732.0424947599085,1706.818574933308,1723.634521484375,29010400,0.0,0.0
2016-04-05 00:00:00+07:00,1723.6350807776819,1774.0829368004433,1715.2271047738882,1748.8590087890625,65103200,0.0,0.0
2016-04-06 00:00:00+07:00,1757.2669847928562,1774.0829368004433,1748.8590087890625,1748.8590087890625,32665400,0.0,0.0
2016-04-07 00:00:00+07:00,1774.0826416015625,1782.4906162063091,1765.6746669968156,1774.0826416015625,71517200,0.0,0.0
2016-04-08 00:00:00+07:00,1774.0829368004433,1774.0829368004433,1732.0430567814753,1748.8590087890625,47637200,0.0,0.0
2016-04-11 00:00:00+07:00,1748.8590087890625,1748.8590087890625,1748.8590087890625,1748.8590087890625,0,0.0,0.0
2016-04-12 00:00:00+07:00,1715.2269287109375,1740.4508541331572,1698.4109784294578,1715.2269287109375,46098400,0.0,0.0
2016-04-13 00:00:00+07:00,1715.2269287109375,1715.2269287109375,1715.2269287109375,1715.2269287109375,0,0.0,0.0
2016-04-14 00:00:00+07:00,1715.2269287109375,1715.2269287109375,1715.2269287109375,1715.2269287109375,0,0.0,0.0
2016-04-15 00:00:00+07:00,1715.2269287109375,1715.2269287109375,1715.2269287109375,1715.2269287109375,0,0.0,0.0
2016-04-18 00:00:00+07:00,1715.2269287109375,1715.2269287109375,1715.2269287109375,1715.2269287109375,0,0.0,0.0
2016-04-19 00:00:00+07:00,1715.2269287109375,1715.2269287109375,1715.2269287109375,1715.2269287109375,0,0.0,0.0
2016-04-20 00:00:00+07:00,1653.0077667547098,1661.4157411532588,1644.5997923561608,1651.326171875,114842000,0.0,0.0
2016-04-21 00:00:00+07:00,1651.3262325387454,1669.8237768950858,1649.64463759726,1658.0526123046875,80977600,0.0,0.0
2016-04-22 00:00:00+07:00,1658.0526590629788,1659.7342540518864,1641.236709173902,1646.281494140625,78393800,0.0,0.0
2016-04-25 00:00:00+07:00,1646.2815593126793,1653.0079395345902,1604.2416829257365,1612.649658203125,117869600,0.0,0.0
2016-04-26 00:00:00+07:00,1609.2863643523185,1609.2863643523185,1548.7489462575604,1563.88330078125,176440200,0.0,0.0
2016-04-27 00:00:00+07:00,1563.883178446143,1579.0175317859444,1550.430419921875,1550.430419921875,102538200,0.0,0.0
2016-04-28 00:00:00+07:00,1572.2913687569753,1573.9729638037743,1550.4306331485895,1553.7938232421875,80002800,0.0,0.0
2016-04-29 00:00:00+07:00,1555.4753427287096,1557.1569376938216,1536.9777981124762,1542.0225830078125,48197600,0.0,0.0
2016-05-02 00:00:00+07:00,1540.3408502183672,1540.3408502183672,1503.3457642960918,1510.0721435546875,66135200,0.0,0.0
2016-05-03 00:00:00+07:00,1513.4355120730968,1570.6097425291914,1513.4355120730968,1557.156982421875,143596200,0.0,0.0
2016-05-04 00:00:00+07:00,1557.1570133357852,1563.883393522981,1520.1619223062094,1553.7938232421875,85179600,0.0,0.0
2016-05-09 00:00:00+07:00,1563.8831776234513,1563.8831776234513,1503.3457642960918,1510.0721435546875,79900800,0.0,0.0
2016-05-10 00:00:00+07:00,1513.4356046977796,1536.9779363264117,1496.619653534471,1533.61474609375,66174200,0.0,0.0
2016-05-11 00:00:00+07:00,1573.9730224609375,1573.9730224609375,1533.614739833734,1573.9730224609375,87665600,0.0,0.0
2016-05-12 00:00:00+07:00,1563.883487477022,1580.6994389552694,1533.6147748161764,1543.704345703125,40197400,0.0,0.0
2016-05-13 00:00:00+07:00,1553.7936401367188,1553.7936401367188,1493.2562255859375,1506.708984375,47935400,0.0,0.0
2016-05-16 00:00:00+07:00,1513.4354571906888,1513.4354571906888,1479.8035581420068,1483.166748046875,34449000,0.0,0.0
2016-05-17 00:00:00+07:00,1496.6194467920714,1503.3458263282157,1439.4452207348463,1449.5347900390625,57105400,0.0,0.0
2016-05-18 00:00:00+07:00,1449.5347595214844,1486.5298461914062,1436.0820007324219,1479.803466796875,83008400,0.0,0.0
2016-05-19 00:00:00+07:00,1479.803466796875,1486.5298461914062,1442.8083801269531,1466.3507080078125,66842800,0.0,0.0
2016-05-20 00:00:00+07:00,1456.2613199312393,1479.8036507384418,1449.53493970061,1473.0772705078125,38334000,0.0,0.0
2016-05-23 00:00:00+07:00,1473.0771175754796,1493.2562561724042,1466.3507380431715,1489.89306640625,45252000,0.0,0.0
2016-05-24 00:00:00+07:00,1489.8931576840512,1499.9827276006474,1483.1667777396538,1493.25634765625,60892400,0.0,0.0
2016-05-25 00:00:00+07:00,1506.7090146895787,1520.161773749307,1503.3458249246466,1516.798583984375,52952600,0.0,0.0
2016-05-26 00:00:00+07:00,1526.8881530091003,1536.977722302112,1506.709014423077,1530.2513427734375,58018000,0.0,0.0
2016-05-27 00:00:00+07:00,1530.2514622072422,1573.9729325560206,1523.525082153584,1557.156982421875,72232000,0.0,0.0
2016-05-30 00:00:00+07:00,1573.9727783203125,1600.8782958984375,1563.8832092285156,1587.425537109375,70281600,0.0,0.0
2016-05-31 00:00:00+07:00,1597.514985402425,1614.3309326171875,1570.6094698588054,1614.3309326171875,107822000,0.0,0.0
2016-06-01 00:00:00+07:00,1587.4257484931866,1610.9680795089753,1587.4257484931866,1604.24169921875,39239400,0.0,0.0
2016-06-02 00:00:00+07:00,1590.7889422516325,1597.5153225571364,1563.8834210296177,1577.336181640625,45170800,0.0,0.0
2016-06-03 00:00:00+07:00,1584.0624085771276,1590.788788231383,1570.609649268617,1580.69921875,30887600,0.0,0.0
2016-06-06 00:00:00+07:00,1590.7889386382992,1604.24169921875,1587.4257484931866,1604.24169921875,40213200,0.0,0.0
2016-06-07 00:00:00+07:00,1607.6044937070474,1631.1468189286986,1604.2413043896686,1621.0572509765625,77013200,0.0,0.0
2016-06-08 00:00:00+07:00,1621.0572509765625,1627.78362961132,1610.9676830244262,1621.0572509765625,45401000,0.0,0.0
2016-06-09 00:00:00+07:00,1621.0576499443134,1624.420840089426,1604.24169921875,1604.24169921875,34223400,0.0,0.0
2016-06-10 00:00:00+07:00,1600.8782958984375,1621.0574340820312,1597.5151062011719,1600.8782958984375,21907800,0.0,0.0
2016-06-13 00:00:00+07:00,1600.8785127098881,1600.8785127098881,1570.6098013351213,1577.336181640625,22057600,0.0,0.0
2016-06-14 00:00:00+07:00,1577.3362751580103,1587.425846214458,1563.8835137494132,1567.2467041015625,32158600,0.0,0.0
2016-06-15 00:00:00+07:00,1570.609437970732,1590.78857421875,1567.2462485960623,1590.78857421875,31730400,0.0,0.0
2016-06-16 00:00:00+07:00,1594.1520713789814,1600.8784514269942,1563.883361162925,1570.6097412109375,25365200,0.0,0.0
2016-06-17 00:00:00+07:00,1580.6994655101596,1587.425846214458,1547.0675619886667,1567.2467041015625,33567000,0.0,0.0
2016-06-20 00:00:00+07:00,1573.9727783203125,1597.5151062011719,1567.2463989257812,1587.425537109375,27096400,0.0,0.0
2016-06-21 00:00:00+07:00,1590.7888160941527,1631.1470947265625,1590.7888160941527,1631.1470947265625,60063400,0.0,0.0
2016-06-22 00:00:00+07:00,1631.1471235073677,1654.689453125,1624.4207436166157,1654.689453125,54990800,0.0,0.0
2016-06-23 00:00:00+07:00,1654.689300349885,1654.689300349885,1634.5101625407399,1644.5997314453125,26242000,0.0,0.0
2016-06-24 00:00:00+07:00,1644.5997314453125,1647.96292108017,1577.3359387481626,1644.5997314453125,42348400,0.0,0.0
2016-06-27 00:00:00+07:00,1627.783935546875,1637.873505395306,1610.96798579949,1627.783935546875,34305600,0.0,0.0
2016-06-28 00:00:00+07:00,1627.783962673611,1664.779052734375,1627.783962673611,1664.779052734375,89369600,0.0,0.0
2016-06-29 00:00:00+07:00,1674.868819955679,1748.8590087890625,1674.868819955679,1748.8590087890625,193299400,0.0,0.0
2016-06-30 00:00:00+07:00,1765.6749607966497,1774.0829368004433,1723.6350807776819,1748.8590087890625,89815600,0.0,0.0
2016-07-01 00:00:00+07:00,1757.2665239352625,1757.2665239352625,1715.2266549415958,1732.0426025390625,18938800,0.0,0.0
2016-07-11 00:00:00+07:00,1765.6747724425118,1799.306672869988,1765.6747724425118,1782.49072265625,82032600,0.0,0.0
2016-07-12 00:00:00+07:00,1790.8987384567613,1832.9386149463564,1782.4907631588421,1824.5306396484375,89284400,0.0,0.0
2016-07-13 00:00:00+07:00,1816.122314453125,1841.346235487196,1799.3063670970776,1816.122314453125,32359400,0.0,0.0
2016-07-14 00:00:00+07:00,1832.9385732974645,1832.9385732974645,1782.49072265625,1782.49072265625,38639000,0.0,0.0
2016-07-15 00:00:00+07:00,1807.714432182662,1832.9383544921877,1799.306458079487,1832.9383544921875,49068800,0.0,0.0
2016-07-18 00:00:00+07:00,1816.1226321703766,1841.3465576171875,1799.3066818725028,1841.3465576171875,23133600,0.0,0.0
2016-07-19 00:00:00+07:00,1849.7544533865791,1908.6102769034248,1832.9385038103376,1883.3863525390625,67542000,0.0,0.0
2016-07-20 00:00:00+07:00,1883.3863212112833,1917.018219804342,1874.9783465630185,1900.2022705078125,47380800,0.0,0.0
2016-07-21 00:00:00+07:00,1908.6101687307314,1908.6101687307314,1858.1623228611968,1874.978271484375,33854200,0.0,0.0
2016-07-22 00:00:00+07:00,1849.7545235112027,1849.7545235112027,1782.49072265625,1782.49072265625,82960400,0.0,0.0
2016-07-25 00:00:00+07:00,1799.3065038118962,1807.7144781287743,1723.634734959994,1740.45068359375,99805800,0.0,0.0
2016-07-26 00:00:00+07:00,1740.450653222189,1790.898498243122,1732.0426790520335,1757.2666015625,93338200,0.0,0.0
2016-07-27 00:00:00+07:00,1782.4903138626453,1832.9381529342295,1774.082340684048,1807.7142333984375,142380000,0.0,0.0
2016-07-28 00:00:00+07:00,1824.5302881311486,1832.9382618091724,1782.49041974103,1816.122314453125,50094000,0.0,0.0
2016-07-29 00:00:00+07:00,1824.5305654935746,1832.9385404497664,1774.0827157564252,1799.306640625,59318600,0.0,0.0
2016-08-01 00:00:00+07:00,1816.122600572681,1874.97842559124,1816.122600572681,1858.1624755859375,97916000,0.0,0.0
2016-08-02 00:00:00+07:00,1858.1625079150613,1866.5704830639982,1841.3465576171875,1841.3465576171875,45848000,0.0,0.0
2016-08-03 00:00:00+07:00,1832.9386149463564,1849.7545655421948,1816.1226643505183,1824.5306396484375,34281200,0.0,0.0
2016-08-04 00:00:00+07:00,1832.9383544921877,1849.754302698538,1824.5303803890124,1832.9383544921875,34422400,0.0,0.0
2016-08-05 00:00:00+07:00,1849.7544226182247,1925.4261944526065,1849.7544226182247,1900.2022705078125,171376800,0.0,0.0
2016-08-08 00:00:00+07:00,1925.4261912810496,1975.87403908754,1925.4261912810496,1967.466064453125,123426000,0.0,0.0
2016-08-09 00:00:00+07:00,1967.4659729003906,1984.2819213867188,1933.8340759277344,1950.6500244140625,65053600,0.0,0.0
2016-08-10 00:00:00+07:00,1959.058185778166,2009.5060360557154,1908.6103355006167,1917.018310546875,53035800,0.0,0.0
2016-08-11 00:00:00+07:00,1933.8343098958335,1942.24228515625,1891.79443359375,1891.79443359375,43047200,0.0,0.0
2016-08-12 00:00:00+07:00,1900.2024088541666,1917.018359375,1883.3864583333334,1891.79443359375,64775000,0.0,0.0
2016-08-15 00:00:00+07:00,1891.794295859548,1908.610245156077,1841.3464479699599,1900.2022705078125,65522200,0.0,0.0
2016-08-16 00:00:00+07:00,1900.2021789550781,1950.6500244140625,1900.2021789550781,1950.6500244140625,58990600,0.0,0.0
2016-08-18 00:00:00+07:00,1959.0580743018616,2001.0979471409573,1950.6500997340424,1975.8740234375,101171000,0.0,0.0
2016-08-19 00:00:00+07:00,1975.87403908754,2009.5059376252002,1959.0580898187097,1967.466064453125,41857800,0.0,0.0
2016-08-22 00:00:00+07:00,1933.8343342042072,1950.6502849364176,1900.2024327397862,1942.2423095703125,49093000,0.0,0.0
2016-08-23 00:00:00+07:00,1908.6101531982422,1959.0579986572266,1891.794204711914,1950.6500244140625,50082000,0.0,0.0
2016-08-24 00:00:00+07:00,1942.2421560655848,1967.4660801703328,1933.8341813640022,1959.05810546875,17418400,0.0,0.0
2016-08-25 00:00:00+07:00,1959.0580898187097,1967.4660644531248,1933.8341659154646,1967.466064453125,36384200,0.0,0.0
2016-08-26 00:00:00+07:00,1967.4660801703328,1967.4660801703328,1942.2421560655848,1959.05810546875,19038800,0.0,0.0
2016-08-29 00:00:00+07:00,1959.0579986572266,1959.0579986572266,1925.4261016845703,1950.6500244140625,34195000,0.0,0.0
2016-08-30 00:00:00+07:00,1933.8341813640022,1959.05810546875,1933.8341813640022,1959.05810546875,44307200,0.0,0.0
2016-08-31 00:00:00+07:00,1942.2421251662233,1975.8740234375,1933.8341505984042,1975.8740234375,32995200,0.0,0.0
2016-09-01 00:00:00+07:00,1975.87403908754,1975.87403908754,1950.6501151842947,1967.466064453125,20124400,0.0,0.0
2016-09-02 00:00:00+07:00,1967.4660801703328,1975.8740548719154,1942.2421560655848,1959.05810546875,38595200,0.0,0.0
2016-09-05 00:00:00+07:00,1959.05810546875,1975.8740548719154,1959.05810546875,1959.05810546875,24090000,0.0,0.0
2016-09-06 00:00:00+07:00,1933.8341659154646,1967.4660644531248,1933.8341659154646,1967.466064453125,33815000,0.0,0.0
2016-09-07 00:00:00+07:00,1959.05810546875,1975.8740548719154,1950.6501307671674,1959.05810546875,35455600,0.0,0.0
2016-09-08 00:00:00+07:00,1950.6500244140625,1967.4659729003906,1925.4261016845703,1950.6500244140625,25361000,0.0,0.0
2016-09-09 00:00:00+07:00,1933.8342769135463,1933.8342769135463,1874.9784510944385,1908.6103515625,75302200,0.0,0.0
2016-09-13 00:00:00+07:00,1883.3864583333334,1933.8343098958335,1858.1625325520833,1891.79443359375,59164400,0.0,0.0
2016-09-14 00:00:00+07:00,1891.794267134233,1891.794267134233,1799.3065474076705,1849.75439453125,88428800,0.0,0.0
2016-09-15 00:00:00+07:00,1832.9385505779835,1866.5704505885888,1799.3066505673785,1858.1624755859375,142632000,0.0,0.0
2016-09-16 00:00:00+07:00,1874.9784582129353,1891.794408510809,1824.5306073193135,1841.3465576171875,115130000,0.0,0.0
2016-09-19 00:00:00+07:00,1858.1624986180718,1858.1624986180718,1782.49072265625,1782.49072265625,86004800,0.0,0.0
2016-09-20 00:00:00+07:00,1790.8984839763118,1832.9383544921877,1790.8984839763118,1832.9383544921875,66974200,0.0,0.0
2016-09-21 00:00:00+07:00,1816.1226321703766,1849.7545327661244,1807.7146570214397,1841.3465576171875,43238400,0.0,0.0
2016-09-22 00:00:00+07:00,1866.5702971727858,1883.386245795964,1832.9383999264294,1874.978271484375,56785600,0.0,0.0
2016-09-23 00:00:00+07:00,1858.1624755859375,1874.97842559124,1832.9385505779835,1858.1624755859375,56021000,0.0,0.0
2016-09-26 00:00:00+07:00,1874.97842559124,1874.97842559124,1849.7545005832862,1858.1624755859375,22779400,0.0,0.0
2016-09-27 00:00:00+07:00,1841.3464785984584,1891.7943273271833,1824.5305290222168,1883.3863525390625,75715400,0.0,0.0
2016-09-28 00:00:00+07:00,1883.3864583333334,1900.2024088541666,1866.5705078125,1891.79443359375,46971200,0.0,0.0
2016-09-29 00:00:00+07:00,1908.6102769034248,1908.6102769034248,1874.9783777509417,1883.3863525390625,22490200,0.0,0.0
2016-09-30 00:00:00+07:00,1883.3865076013512,1891.7944830817144,1849.7546056798985,1866.570556640625,46017000,0.0,0.0
2016-10-03 00:00:00+07:00,1883.3864583333334,1891.79443359375,1866.5705078125,1891.79443359375,23626600,0.0,0.0
2016-10-04 00:00:00+07:00,1874.978271484375,1891.7942201075532,1849.7543485496076,1874.978271484375,37721200,0.0,0.0
2016-10-05 00:00:00+07:00,1866.5704505885888,1874.97842559124,1832.9385505779835,1858.1624755859375,46409400,0.0,0.0
2016-10-06 00:00:00+07:00,1858.1621828432435,1866.5701565212673,1799.3063670970776,1816.122314453125,57628200,0.0,0.0
2016-10-07 00:00:00+07:00,1816.1226230837262,1816.1226230837262,1765.6747724425118,1782.49072265625,52964200,0.0,0.0
2016-10-10 00:00:00+07:00,1790.8986977631191,1799.306672869988,1774.0827475493809,1782.49072265625,21297000,0.0,0.0
2016-10-11 00:00:00+07:00,1782.4909128042368,1799.306864811824,1732.0430567814753,1748.8590087890625,50950600,0.0,0.0
2016-10-12 00:00:00+07:00,1740.45068359375,1748.8586579106282,1732.042709276872,1740.45068359375,40623800,0.0,0.0
2016-10-13 00:00:00+07:00,1748.8584211482557,1824.5301797556322,1732.0424747910608,1807.7142333984375,151527200,0.0,0.0
2016-10-14 00:00:00+07:00,1824.5306073193135,1849.7545327661244,1799.3066818725028,1841.3465576171875,71206000,0.0,0.0
2016-10-17 00:00:00+07:00,1832.938445490057,1866.570343572443,1824.53047096946,1849.75439453125,48777400,0.0,0.0
2016-10-18 00:00:00+07:00,1841.346235487196,1858.1621828432435,1807.7143407751012,1816.122314453125,64476400,0.0,0.0
2016-10-19 00:00:00+07:00,1824.5302881311486,1832.9382618091724,1807.7143407751012,1816.122314453125,38732400,0.0,0.0
2016-10-20 00:00:00+07:00,1832.9383544921877,1849.754302698538,1824.5303803890124,1832.9383544921875,28023800,0.0,0.0
2016-10-21 00:00:00+07:00,1824.5306396484375,1841.3465902442756,1824.5306396484375,1824.5306396484375,16972400,0.0,0.0
2016-10-24 00:00:00+07:00,1824.5303803890124,1849.754302698538,1824.5303803890124,1832.9383544921875,12904000,0.0,0.0
2016-10-25 00:00:00+07:00,1832.9385824682506,1849.7545327661244,1816.1226321703766,1841.3465576171875,26919200,0.0,0.0
2016-10-26 00:00:00+07:00,1841.3463285953628,1849.754302698538,1824.5303803890124,1832.9383544921875,39708800,0.0,0.0
2016-10-27 00:00:00+07:00,1841.346525580635,1858.1624755859375,1816.122600572681,1858.1624755859375,36726800,0.0,0.0
2016-10-28 00:00:00+07:00,1858.1624755859375,1866.5704505885888,1849.7545005832862,1858.1624755859375,25195200,0.0,0.0
2016-10-31 00:00:00+07:00,1866.5702971727858,1883.386245795964,1858.1623228611968,1874.978271484375,27359600,0.0,0.0
2016-11-01 00:00:00+07:00,1883.3864005938915,1883.3864005938915,1849.7545005832862,1858.1624755859375,16872600,0.0,0.0
2016-11-02 00:00:00+07:00,1858.1624755859375,1858.1624755859375,1824.5305755753323,1858.1624755859375,20852000,0.0,0.0
2016-11-03 00:00:00+07:00,1841.3465576171875,1858.1625079150613,1832.9385824682506,1841.3465576171875,28545600,0.0,0.0
2016-11-04 00:00:00+07:00,1816.122554234096,1891.7943273271833,1816.122554234096,1883.3863525390625,40066000,0.0,0.0
2016-11-07 00:00:00+07:00,1866.5702971727858,1900.2021944191424,1849.7543485496076,1874.978271484375,42251400,0.0,0.0
2016-11-08 00:00:00+07:00,1891.794369626774,1925.42626953125,1874.9784196745359,1925.42626953125,50772000,0.0,0.0
2016-11-09 00:00:00+07:00,1917.0181430423206,1917.0181430423206,1816.1224513032512,1874.978271484375,80248800,0.0,0.0
2016-11-10 00:00:00+07:00,1891.7942201075532,1900.2021944191424,1866.5702971727858,1874.978271484375,39344400,0.0,0.0
2016-11-11 00:00:00+07:00,1832.9382881238623,1832.9382881238623,1690.002733545396,1732.0426025390625,147343200,0.0,0.0
2016-11-14 00:00:00+07:00,1698.4106016577744,1765.6743878620427,1617.6940582126524,1723.634521484375,77205800,0.0,0.0
2016-11-15 00:00:00+07:00,1723.6347198486328,1765.6745910644531,1681.5948486328125,1681.5948486328125,94661400,0.0,0.0
2016-11-16 00:00:00+07:00,1706.818756541567,1790.898498243122,1706.818756541567,1757.2666015625,85505200,0.0,0.0
2016-11-17 00:00:00+07:00,1757.2666015625,1790.898498243122,1748.8586273923445,1757.2666015625,47763000,0.0,0.0
2016-11-18 00:00:00+07:00,1782.4905240729665,1782.4905240729665,1748.8586273923445,1757.2666015625,27620400,0.0,0.0
2016-11-21 00:00:00+07:00,1782.4909128042368,1782.4909128042368,1748.8590087890625,1748.8590087890625,46062400,0.0,0.0
2016-11-22 00:00:00+07:00,1748.8587332589284,1765.6746826171875,1732.0427839006695,1765.6746826171875,29017600,0.0,0.0
2016-11-23 00:00:00+07:00,1748.8584413109756,1757.2664145865092,1715.2265482088415,1723.634521484375,67469000,0.0,0.0
2016-11-24 00:00:00+07:00,1715.2267456054688,1740.450668334961,1681.5948486328125,1681.5948486328125,57387600,0.0,0.0
2016-11-25 00:00:00+07:00,1681.5949549129352,1732.0428035603234,1681.5949549129352,1690.0029296875,20519800,0.0,0.0
2016-11-28 00:00:00+07:00,1690.0028984182575,1715.2268222752464,1690.0028984182575,1706.81884765625,15719400,0.0,0.0
2016-11-29 00:00:00+07:00,1706.8189535701977,1748.858829273897,1706.8189535701977,1715.2269287109375,21526000,0.0,0.0
2016-11-30 00:00:00+07:00,1732.042709276872,1774.0825808612622,1723.634734959994,1740.45068359375,52320200,0.0,0.0
2016-12-01 00:00:00+07:00,1748.8587177873223,1782.4906162063091,1748.8587177873223,1774.0826416015625,40543400,0.0,0.0
2016-12-02 00:00:00+07:00,1782.49072265625,1799.306672869988,1765.6747724425118,1782.49072265625,20305200,0.0,0.0
2016-12-05 00:00:00+07:00,1774.0826106541595,1807.7145084864658,1774.0826106541595,1790.8985595703125,27042200,0.0,0.0
2016-12-06 00:00:00+07:00,1816.1222065770348,1816.1222065770348,1790.8982870412426,1807.7142333984375,30842800,0.0,0.0
2016-12-07 00:00:00+07:00,1799.306640625,1824.5305654935746,1790.8986656688082,1799.306640625,19935600,0.0,0.0
2016-12-08 00:00:00+07:00,1807.7146890525994,1824.5306396484375,1799.3067137546802,1824.5306396484375,24786400,0.0,0.0
2016-12-09 00:00:00+07:00,1849.7545327661244,1858.1625079150613,1816.1226321703766,1841.3465576171875,10871000,0.0,0.0
2016-12-13 00:00:00+07:00,1816.1226321703766,1858.1625079150613,1816.1226321703766,1841.3465576171875,42354800,0.0,0.0
2016-12-14 00:00:00+07:00,1866.5704830639982,1866.5704830639982,1832.9385824682506,1841.3465576171875,21261800,0.0,0.0
2016-12-15 00:00:00+07:00,1816.122314453125,1841.346235487196,1799.3063670970776,1816.122314453125,24828000,0.0,0.0
2016-12-16 00:00:00+07:00,1849.7544903621495,1849.7544903621495,1799.306640625,1799.306640625,41465400,0.0,0.0
2016-12-19 00:00:00+07:00,1824.5306396484375,1849.7545655421948,1807.7146890525994,1824.5306396484375,32474200,0.0,0.0
2016-12-20 00:00:00+07:00,1849.75420916522,1849.75420916522,1799.3063670970776,1816.122314453125,17226400,0.0,0.0
2016-12-21 00:00:00+07:00,1832.9385404497664,1841.346515405958,1799.306640625,1799.306640625,32095000,0.0,0.0
2016-12-22 00:00:00+07:00,1824.5305981905954,1832.9385732974645,1774.0827475493809,1782.49072265625,16088400,0.0,0.0
2016-12-23 00:00:00+07:00,1774.082657296317,1816.1225306919641,1757.2667079380578,1765.6746826171875,18293400,0.0,0.0
2016-12-27 00:00:00+07:00,1748.8587332589284,1782.4906319754464,1748.8587332589284,1765.6746826171875,7868400,0.0,0.0
2016-12-28 00:00:00+07:00,1765.6743675054504,1832.9381529342295,1765.6743675054504,1807.7142333984375,27567000,0.0,0.0
2016-12-29 00:00:00+07:00,1807.7146570214397,1858.1625079150613,1807.7146570214397,1841.3465576171875,38823600,0.0,0.0
2016-12-30 00:00:00+07:00,1849.7545005832862,1900.202350599194,1832.9385505779835,1858.1624755859375,56855600,0.0,0.0
2017-01-02 00:00:00+07:00,1858.1624755859375,1858.1624755859375,1858.1624755859375,1858.1624755859375,0,0.0,0.0
2017-01-03 00:00:00+07:00,1858.1625079150613,1858.1625079150613,1832.9385824682506,1841.3465576171875,13421000,0.0,0.0
2017-01-04 00:00:00+07:00,1849.7544533865791,1883.3863525390625,1841.3464785984584,1883.3863525390625,42813200,0.0,0.0
2017-01-05 00:00:00+07:00,1900.2024088541666,1900.2024088541666,1866.5705078125,1891.79443359375,21081800,0.0,0.0
2017-01-06 00:00:00+07:00,1883.3863525390625,1908.6102769034248,1874.9783777509417,1883.3863525390625,23327000,0.0,0.0
2017-01-09 00:00:00+07:00,1900.2024585620775,1908.6104340424408,1866.5705566406248,1866.570556640625,11181400,0.0,0.0
2017-01-10 00:00:00+07:00,1891.7943273271833,1891.7943273271833,1866.5704029628207,1883.3863525390625,18516800,0.0,0.0
2017-01-11 00:00:00+07:00,1891.7943273271833,1891.7943273271833,1874.9783777509417,1883.3863525390625,24233200,0.0,0.0
2017-01-12 00:00:00+07:00,1891.7944830817144,1891.7944830817144,1866.5705566406248,1866.570556640625,10459600,0.0,0.0
2017-01-13 00:00:00+07:00,1866.5704830639982,1883.3864333618722,1816.1226321703766,1841.3465576171875,21799800,0.0,0.0
2017-01-16 00:00:00+07:00,1858.1625079150613,1891.794408510809,1841.3465576171875,1841.3465576171875,34845200,0.0,0.0
2017-01-17 00:00:00+07:00,1841.346525580635,1866.5704505885888,1841.346525580635,1858.1624755859375,36704400,0.0,0.0
2017-01-18 00:00:00+07:00,1874.978271484375,1874.978271484375,1858.1623228611968,1874.978271484375,41365400,0.0,0.0
2017-01-19 00:00:00+07:00,1874.9782250080634,1883.3861991112387,1832.9383544921877,1832.9383544921875,24863600,0.0,0.0
2017-01-20 00:00:00+07:00,1841.3463285953628,1858.1622768017132,1832.9383544921877,1832.9383544921875,22994600,0.0,0.0
2017-01-23 00:00:00+07:00,1849.7545005832862,1874.97842559124,1832.9385505779835,1858.1624755859375,35973800,0.0,0.0
2017-01-24 00:00:00+07:00,1866.5705566406248,1874.9785321209881,1849.7546056798985,1866.570556640625,20096600,0.0,0.0
2017-01-25 00:00:00+07:00,1883.3862926136364,1883.3862926136364,1849.75439453125,1849.75439453125,51693400,0.0,0.0
2017-01-26 00:00:00+07:00,1866.5704029628207,1891.7943273271833,1858.1624281747,1883.3863525390625,65486200,0.0,0.0
2017-01-27 00:00:00+07:00,1883.3860224184784,1950.649808933424,1874.9780491041101,1933.8338623046875,121405400,0.0,0.0
2017-01-30 00:00:00+07:00,1942.2422194834878,1950.6501944596068,1917.018294555131,1925.42626953125,56967600,0.0,0.0
2017-01-31 00:00:00+07:00,1917.0183105468748,1925.4262855931331,1891.7943854081002,1917.018310546875,39560600,0.0,0.0
2017-02-01 00:00:00+07:00,1917.0181566767333,2001.097900390625,1908.6101823053439,2001.097900390625,139906000,0.0,0.0
2017-02-02 00:00:00+07:00,2009.5060710986127,2043.1379718701376,2001.0980959057315,2026.322021484375,86636200,0.0,0.0
2017-02-03 00:00:00+07:00,2017.9140788441425,2026.3220541726596,2001.098128187108,2009.506103515625,36413600,0.0,0.0
2017-02-06 00:00:00+07:00,2034.7299966772564,2068.3618974487813,2017.9140462914938,2026.322021484375,49930600,0.0,0.0
2017-02-07 00:00:00+07:00,2026.321732317815,2051.545654296875,2026.321732317815,2051.545654296875,50780200,0.0,0.0
2017-02-08 00:00:00+07:00,2059.95361328125,2076.7695611447703,2043.1376654177295,2059.95361328125,104383600,0.0,0.0
2017-02-09 00:00:00+07:00,2076.769759639617,2101.993683845766,2068.361784904234,2085.177734375,130720800,0.0,0.0
2017-02-10 00:00:00+07:00,2101.993896484375,2110.4018720703125,2085.1779453125,2101.993896484375,88864600,0.0,0.0
2017-02-13 00:00:00+07:00,2118.8095703125,2118.8095703125,2101.993621341766,2118.8095703125,57634200,0.0,0.0
2017-02-14 00:00:00+07:00,2118.8095703125,2127.217544797867,2076.7696978856648,2118.8095703125,46191600,0.0,0.0
2017-02-15 00:00:00+07:00,2118.8095703125,2118.8095703125,2118.8095703125,2118.8095703125,0,0.0,0.0
2017-02-16 00:00:00+07:00,2101.993683845766,2110.401658581149,2059.953810168851,2085.177734375,88349000,0.0,0.0
2017-02-17 00:00:00+07:00,2118.8095703125,2118.8095703125,2085.177672371032,2118.8095703125,34119000,0.0,0.0
2017-02-20 00:00:00+07:00,2101.993636781001,2118.809585875249,2085.177687686753,2110.401611328125,32296800,0.0,0.0
2017-02-21 00:00:00+07:00,2118.809585875249,2118.809585875249,2085.177687686753,2110.401611328125,39851600,0.0,0.0
2017-02-22 00:00:00+07:00,2110.401611328125,2118.809585875249,2085.177687686753,2110.401611328125,41170800,0.0,0.0
2017-02-23 00:00:00+07:00,2101.99360602458,2127.217529296875,2093.585631600482,2127.217529296875,26113000,0.0,0.0
2017-02-24 00:00:00+07:00,2135.62548828125,2144.033462644562,2110.401565191314,2135.62548828125,37439800,0.0,0.0
2017-02-27 00:00:00+07:00,2135.6258500442814,2135.6258500442814,2059.9540679560982,2076.77001953125,62320000,0.0,0.0
2017-02-28 00:00:00+07:00,2085.1779453125,2110.4018720703125,2076.7699697265625,2101.993896484375,37481000,0.0,0.0
2017-03-01 00:00:00+07:00,2068.361769342997,2101.993668031501,2068.361769342997,2093.585693359375,43642400,0.0,0.0
2017-03-02 00:00:00+07:00,2110.4016427036267,2135.625566720005,2093.585693359375,2093.585693359375,40377000,0.0,0.0
2017-03-03 00:00:00+07:00,2118.809539554626,2135.62548828125,2101.993590828002,2135.62548828125,50498600,0.0,0.0
2017-03-06 00:00:00+07:00,2135.625519283234,2135.625519283234,2110.401595827133,2118.8095703125,28593800,0.0,0.0
2017-03-07 00:00:00+07:00,2135.625519283234,2135.625519283234,2101.993621341766,2118.8095703125,36690400,0.0,0.0
2017-03-08 00:00:00+07:00,2118.809585875249,2118.809585875249,2101.993636781001,2110.401611328125,26250000,0.0,0.0
2017-03-09 00:00:00+07:00,2152.441650390625,2152.441650390625,2110.401774406433,2152.441650390625,22003000,0.0,0.0
2017-03-10 00:00:00+07:00,2152.441468253968,2160.8494427393352,2118.8095703125,2118.8095703125,25122600,0.0,0.0
2017-03-13 00:00:00+07:00,2169.2573857344983,2169.2573857344983,2118.809539554626,2135.62548828125,40875000,0.0,0.0
2017-03-14 00:00:00+07:00,2152.4411764705883,2160.8491498161766,2127.2172564338234,2144.033203125,16369200,0.0,0.0
2017-03-15 00:00:00+07:00,2118.8097496032715,2160.8496255874634,2118.8097496032715,2152.441650390625,41721200,0.0,0.0
2017-03-16 00:00:00+07:00,2169.2574740323153,2219.705322265625,2152.441524621212,2219.705322265625,87940800,0.0,0.0
2017-03-17 00:00:00+07:00,2236.5212092613106,2253.337158203125,2211.297285848589,2253.337158203125,77644200,0.0,0.0
2017-03-20 00:00:00+07:00,2219.705322265625,2278.5611452044864,2202.8893728545218,2219.705322265625,43940200,0.0,0.0
2017-03-21 00:00:00+07:00,2219.705338046578,2228.113312811906,2169.25748945461,2211.29736328125,58168800,0.0,0.0
2017-03-22 00:00:00+07:00,2202.8893728545218,2219.705322265625,2160.8494993267636,2219.705322265625,94426200,0.0,0.0
2017-03-23 00:00:00+07:00,2244.929300059443,2337.4170240319295,2236.5213251528535,2320.60107421875,109918400,0.0,0.0
2017-03-24 00:00:00+07:00,2342.396231258617,2368.422856050379,2325.045148064108,2359.747314453125,40437600,106.40343,0.0
2017-03-27 00:00:00+07:00,2264.31689453125,2351.0723311033285,2246.965807216834,2264.31689453125,69825000,0.0,0.0
2017-03-29 00:00:00+07:00,2264.3166337446733,2342.3965176669035,2264.3166337446733,2290.34326171875,70928600,0.0,0.0
2017-03-30 00:00:00+07:00,2212.26318359375,2299.018602558211,2203.587641697304,2212.26318359375,95210600,0.0,0.0
2017-03-31 00:00:00+07:00,2220.9387065637065,2246.96533203125,2212.263164741192,2246.96533203125,98190600,0.0,0.0
2017-04-03 00:00:00+07:00,2220.938953488372,2255.641124636628,2220.938953488372,2238.2900390625,37513400,0.0,0.0
2017-04-04 00:00:00+07:00,2255.6408598222806,2290.3430268964694,2238.2897762851862,2272.991943359375,28773800,0.0,0.0
2017-04-05 00:00:00+07:00,2281.66748046875,2290.3430222195816,2264.3163969670863,2281.66748046875,34305400,0.0,0.0
2017-04-06 00:00:00+07:00,2281.6674576944383,2325.045166015625,2264.3163743659634,2325.045166015625,42290200,0.0,0.0
2017-04-07 00:00:00+07:00,2290.3430411438226,2299.018582966337,2238.2897902087357,2246.96533203125,69664000,0.0,0.0
2017-04-10 00:00:00+07:00,2246.965581849564,2281.6677529978197,2229.614496275436,2238.2900390625,55668000,0.0,0.0
2017-04-11 00:00:00+07:00,2238.2898092830883,2238.2898092830883,2194.912099800858,2212.26318359375,43714200,0.0,0.0
2017-04-12 00:00:00+07:00,2220.9387254901962,2229.6142673866425,2186.2365579044117,2212.26318359375,49709200,0.0,0.0
2017-04-13 00:00:00+07:00,2220.93874501992,2229.6142869926543,2168.885493183516,2177.56103515625,107989600,0.0,0.0
2017-04-17 00:00:00+07:00,2177.5610400390624,2186.23658203125,2142.8588720703124,2168.885498046875,35810200,0.0,0.0
2017-04-18 00:00:00+07:00,2186.2368048720473,2212.2634335014764,2177.561261995571,2203.587890625,44421200,0.0,0.0
2017-04-19 00:00:00+07:00,2203.587890625,2203.587890625,2203.587890625,2203.587890625,0,0.0,0.0
2017-04-20 00:00:00+07:00,2168.885498046875,2168.885498046875,2125.507788085937,2168.885498046875,99001000,0.0,0.0
2017-04-21 00:00:00+07:00,2168.8855178957065,2177.561059967289,2108.1567233946266,2134.183349609375,108255200,0.0,0.0
2017-04-25 00:00:00+07:00,2134.183339764995,2168.885507891255,2125.50779773343,2151.534423828125,114931600,0.0,0.0
2017-04-26 00:00:00+07:00,2168.8854694366455,2238.289804458618,2168.8854694366455,2220.938720703125,88643800,0.0,0.0
2017-04-27 00:00:00+07:00,2212.26318359375,2229.6142673866425,2203.587641697304,2212.26318359375,30487600,0.0,0.0
2017-04-28 00:00:00+07:00,2194.912099800858,2220.9387254901962,2194.912099800858,2212.26318359375,29885600,0.0,0.0
2017-05-02 00:00:00+07:00,2229.614013671875,2238.2895545811043,2212.262931853417,2229.614013671875,25304000,0.0,0.0
2017-05-03 00:00:00+07:00,2238.289804458618,2238.289804458618,2212.2631788253784,2220.938720703125,22819000,0.0,0.0
2017-05-04 00:00:00+07:00,2220.9391509433963,2299.01904296875,2220.9391509433963,2299.01904296875,53207000,0.0,0.0
2017-05-05 00:00:00+07:00,2281.66748046875,2299.018563970413,2272.991938717918,2281.66748046875,33947600,0.0,0.0
2017-05-08 00:00:00+07:00,2299.0187770460616,2359.747574930297,2290.3432344911707,2333.720947265625,52663600,0.0,0.0
2017-05-09 00:00:00+07:00,2359.7470923402257,2359.7470923402257,2299.0183068755873,2307.69384765625,66973800,0.0,0.0
2017-05-10 00:00:00+07:00,2316.369647472077,2342.396272724572,2272.991938717918,2281.66748046875,62057000,0.0,0.0
2017-05-12 00:00:00+07:00,2333.7207122688437,2333.7207122688437,2281.667462181063,2316.36962890625,25568400,0.0,0.0
2017-05-15 00:00:00+07:00,2325.045700131705,2325.045700131705,2255.641350874042,2264.31689453125,16491800,0.0,0.0
2017-05-16 00:00:00+07:00,2290.3430268964694,2290.3430268964694,2238.2897762851862,2272.991943359375,38206000,0.0,0.0
2017-05-17 00:00:00+07:00,2272.991952749399,2290.343036358173,2220.9387019230767,2255.640869140625,49303400,0.0,0.0
2017-05-18 00:00:00+07:00,2220.9391762452105,2290.3435255028735,2212.263632588003,2264.31689453125,70218600,0.0,0.0
2017-05-19 00:00:00+07:00,2255.6408327017257,2498.5559993003735,2255.6408327017257,2325.045166015625,78460600,0.0,0.0
2017-05-22 00:00:00+07:00,2385.7741806533313,2411.8008080786403,2333.720925802713,2368.423095703125,86980000,0.0,0.0
2017-05-23 00:00:00+07:00,2325.0451892229084,2359.7473562262358,2272.991938717918,2281.66748046875,73723600,0.0,0.0
2017-05-24 00:00:00+07:00,2246.965807216834,2307.6946128172895,2238.2902635596265,2264.31689453125,39729400,0.0,0.0
2017-05-26 00:00:00+07:00,2290.3430411438226,2290.3430411438226,2238.2897902087357,2246.96533203125,60636600,0.0,0.0
2017-05-29 00:00:00+07:00,2246.965807216834,2264.31689453125,2246.965807216834,2264.31689453125,22523800,0.0,0.0
2017-05-30 00:00:00+07:00,2281.6679818456655,2281.6679818456655,2246.965807216834,2264.31689453125,22183400,0.0,0.0
2017-05-31 00:00:00+07:00,2246.9653180537334,2272.991943359375,2246.9653180537334,2272.991943359375,64066000,0.0,0.0
2017-06-01 00:00:00+07:00,2272.991943359375,2272.991943359375,2272.991943359375,2272.991943359375,0,0.0,0.0
2017-06-02 00:00:00+07:00,2281.6677529978197,2290.3432957848836,2220.938953488372,2238.2900390625,66151400,0.0,0.0
2017-06-05 00:00:00+07:00,2220.9387065637065,2264.316415676279,2220.9387065637065,2246.96533203125,26167200,0.0,0.0
2017-06-06 00:00:00+07:00,2238.2897855318506,2264.3164109450117,2238.2897855318506,2255.640869140625,15752200,0.0,0.0
2017-06-07 00:00:00+07:00,2229.6142483862213,2255.640873853765,2229.6142483862213,2246.96533203125,16201200,0.0,0.0
2017-06-08 00:00:00+07:00,2229.614496275436,2246.965581849564,2220.938953488372,2238.2900390625,41492000,0.0,0.0
2017-06-09 00:00:00+07:00,2220.938720703125,2238.289804458618,2203.587636947632,2220.938720703125,64262400,0.0,0.0
2017-06-12 00:00:00+07:00,2212.263410701308,2238.2900390625,2212.263410701308,2238.2900390625,17724600,0.0,0.0
2017-06-13 00:00:00+07:00,2220.938953488372,2255.641124636628,2220.938953488372,2238.2900390625,36639000,0.0,0.0
2017-06-14 00:00:00+07:00,2238.2897855318506,2255.640869140625,2229.614243727464,2255.640869140625,29828400,0.0,0.0
2017-06-15 00:00:00+07:00,2246.9653134654227,2290.3430222195816,2246.9653134654227,2281.66748046875,27510600,0.0,0.0
2017-06-16 00:00:00+07:00,2264.3164109450117,2307.694119966947,2255.640869140625,2255.640869140625,54740000,0.0,0.0
2017-06-19 00:00:00+07:00,2255.6408598222806,2281.667485127922,2255.6408598222806,2272.991943359375,23813000,0.0,0.0
2017-06-20 00:00:00+07:00,2281.6674576944383,2351.071791008337,2272.9919160302006,2325.045166015625,43861400,0.0,0.0
2017-06-21 00:00:00+07:00,2307.6945865271227,2307.6945865271227,2281.667955852005,2299.01904296875,50395400,0.0,0.0
2017-06-22 00:00:00+07:00,2316.3698896928267,2316.3698896928267,2264.3166337446733,2290.34326171875,67970200,0.0,0.0
2017-06-23 00:00:00+07:00,2290.34326171875,2290.34326171875,2290.34326171875,2290.34326171875,0,0.0,0.0
2017-06-26 00:00:00+07:00,2290.34326171875,2290.34326171875,2290.34326171875,2290.34326171875,0,0.0,0.0
2017-06-27 00:00:00+07:00,2290.34326171875,2290.34326171875,2290.34326171875,2290.34326171875,0,0.0,0.0
2017-06-28 00:00:00+07:00,2290.34326171875,2290.34326171875,2290.34326171875,2290.34326171875,0,0.0,0.0
2017-06-29 00:00:00+07:00,2290.34326171875,2290.34326171875,2290.34326171875,2290.34326171875,0,0.0,0.0
2017-06-30 00:00:00+07:00,2290.34326171875,2290.34326171875,2290.34326171875,2290.34326171875,0,0.0,0.0
2017-07-03 00:00:00+07:00,2290.34326171875,2325.0454323508525,2272.992176402699,2290.34326171875,78688000,0.0,0.0
2017-07-04 00:00:00+07:00,2299.018563970413,2316.369647472077,2272.991938717918,2281.66748046875,40810000,0.0,0.0
2017-07-05 00:00:00+07:00,2290.3427660949246,2307.69384765625,2281.6672253142624,2307.69384765625,32820000,0.0,0.0
2017-07-06 00:00:00+07:00,2299.01876639616,2351.072021484375,2299.01876639616,2351.072021484375,36769400,0.0,0.0
2017-07-07 00:00:00+07:00,2325.045404710734,2368.423117485188,2325.045404710734,2333.720947265625,46046200,0.0,0.0
2017-07-10 00:00:00+07:00,2325.0453780793796,2385.77417526802,2299.0187507128194,2377.0986328125,33435800,0.0,0.0
2017-07-11 00:00:00+07:00,2377.0983798262,2420.4760874872622,2368.4228382939878,2394.449462890625,56502800,0.0,0.0
2017-07-12 00:00:00+07:00,2394.4496861049106,2446.5029401506695,2385.774143763951,2429.15185546875,46648600,0.0,0.0
2017-07-13 00:00:00+07:00,2446.502934900467,2463.8540195451515,2403.125223288757,2437.827392578125,41157200,0.0,0.0
2017-07-14 00:00:00+07:00,2437.8273771044232,2463.85400390625,2429.151834837148,2463.85400390625,29511000,0.0,0.0
2017-07-17 00:00:00+07:00,2455.1784772228093,2463.8540195451515,2420.476307933441,2437.827392578125,27866400,0.0,0.0
2017-07-18 00:00:00+07:00,2420.47631312779,2446.5029401506695,2403.1252284458706,2429.15185546875,42780000,0.0,0.0
2017-07-19 00:00:00+07:00,2411.8007707868305,2446.5029401506695,2411.8007707868305,2429.15185546875,9804400,0.0,0.0
2017-07-20 00:00:00+07:00,2429.152111904227,2429.152111904227,2403.1254821338243,2411.801025390625,34954600,0.0,0.0
2017-07-21 00:00:00+07:00,2394.449938877023,2420.4765686474257,2385.7743956202225,2411.801025390625,14910000,0.0,0.0
2017-07-24 00:00:00+07:00,2429.151360261525,2455.1779819786125,2411.8002791167996,2446.50244140625,32003200,0.0,0.0
2017-07-25 00:00:00+07:00,2455.1784616389746,2463.85400390625,2437.8273771044232,2463.85400390625,18762400,0.0,0.0
2017-07-26 00:00:00+07:00,2437.827127096536,2481.204833984375,2437.827127096536,2481.204833984375,17456600,0.0,0.0
2017-07-27 00:00:00+07:00,2489.8808301115687,2533.258544921875,2463.854201225385,2533.258544921875,43950400,0.0,0.0
2017-07-28 00:00:00+07:00,2524.5829903738836,2550.609619140625,2515.907447451637,2550.609619140625,31100000,0.0,0.0
2017-07-31 00:00:00+07:00,2550.6095962012378,2585.311767578125,2524.582967668572,2585.311767578125,39497000,0.0,0.0
2017-08-01 00:00:00+07:00,2576.6360216864223,2576.6360216864223,2515.9072265625,2515.9072265625,34837800,0.0,0.0
2017-08-02 00:00:00+07:00,2524.58251953125,2533.258060835481,2481.2048130100943,2524.58251953125,21540400,0.0,0.0
2017-08-03 00:00:00+07:00,2515.907241874456,2533.258326301176,2489.880615234375,2489.880615234375,12995800,0.0,0.0
2017-08-04 00:00:00+07:00,2515.906978227019,2533.258060835481,2507.2314369227875,2524.58251953125,22174200,0.0,0.0
2017-08-07 00:00:00+07:00,2481.205073021015,2533.258326301176,2481.205073021015,2489.880615234375,19663600,0.0,0.0
2017-08-08 00:00:00+07:00,2489.880605097048,2524.582773809202,2472.5295207409713,2507.231689453125,27112600,0.0,0.0
2017-08-09 00:00:00+07:00,2533.258060835481,2533.258060835481,2498.5558956185564,2524.58251953125,30474600,0.0,0.0
2017-08-10 00:00:00+07:00,2533.258060835481,2550.609143443943,2515.906978227019,2524.58251953125,51320800,0.0,0.0
2017-08-11 00:00:00+07:00,2541.933602139712,2541.933602139712,2507.2314369227875,2524.58251953125,32354600,0.0,0.0
2017-08-14 00:00:00+07:00,2541.934087883936,2550.6096308459973,2524.583001959814,2533.258544921875,37100400,0.0,0.0
2017-08-15 00:00:00+07:00,2550.609365102407,2585.311533335093,2541.9338230442354,2567.96044921875,41808200,0.0,0.0
2017-08-16 00:00:00+07:00,2585.311533335093,2585.311533335093,2541.9338230442354,2567.96044921875,34834000,0.0,0.0
2017-08-17 00:00:00+07:00,2567.96044921875,2567.96044921875,2567.96044921875,2567.96044921875,0,0.0,0.0
2017-08-18 00:00:00+07:00,2550.609365102407,2585.311533335093,2541.9338230442354,2567.96044921875,50459600,0.0,0.0
2017-08-21 00:00:00+07:00,2576.6359912769212,2585.311533335093,2550.609365102407,2567.96044921875,35679000,0.0,0.0
2017-08-22 00:00:00+07:00,2541.9338230442354,2567.96044921875,2541.9338230442354,2567.96044921875,31880800,0.0,0.0
2017-08-23 00:00:00+07:00,2576.6359912769212,2585.311533335093,2541.9338230442354,2567.96044921875,20972400,0.0,0.0
2017-08-24 00:00:00+07:00,2585.311528369634,2585.311528369634,2559.2849022451073,2576.635986328125,29051400,0.0,0.0
2017-08-25 00:00:00+07:00,2585.311528369634,2585.311528369634,2550.6093602035985,2576.635986328125,15856800,0.0,0.0
2017-08-28 00:00:00+07:00,2559.28466796875,2576.6357504634534,2550.6091267213983,2559.28466796875,14060200,0.0,0.0
2017-08-29 00:00:00+07:00,2567.960704985119,2567.960704985119,2533.2585332961307,2550.609619140625,28986000,0.0,0.0
2017-08-30 00:00:00+07:00,2533.2585332961307,2559.2851620628717,2515.907447451637,2550.609619140625,34258200,0.0,0.0
2017-08-31 00:00:00+07:00,2533.2585332961307,2559.2851620628717,2533.2585332961307,2550.609619140625,19382600,0.0,0.0
2017-09-01 00:00:00+07:00,2550.609619140625,2550.609619140625,2550.609619140625,2550.609619140625,0,0.0,0.0
2017-09-04 00:00:00+07:00,2533.2583211263022,2541.93386332194,2472.529525756836,2498.55615234375,21464800,0.0,0.0
2017-09-05 00:00:00+07:00,2498.5561472750865,2507.231689453125,2455.178436384894,2507.231689453125,21064200,0.0,0.0
2017-09-06 00:00:00+07:00,2481.205067952474,2515.907236735026,2455.17844136556,2498.55615234375,35728200,0.0,0.0
2017-09-07 00:00:00+07:00,2481.2052871495075,2533.258544921875,2472.5297441874463,2533.258544921875,28816600,0.0,0.0
2017-09-08 00:00:00+07:00,2481.2050629190094,2524.582773809202,2481.2050629190094,2507.231689453125,34090800,0.0,0.0
2017-09-11 00:00:00+07:00,2498.5561472750865,2515.9072316311635,2498.5561472750865,2507.231689453125,10727800,0.0,0.0
2017-09-12 00:00:00+07:00,2524.5827687230603,2524.5827687230603,2498.556142241379,2515.9072265625,55121600,0.0,0.0
2017-09-13 00:00:00+07:00,2498.556142241379,2524.5827687230603,2498.556142241379,2515.9072265625,15760000,0.0,0.0
2017-09-14 00:00:00+07:00,2515.9072265625,2515.9072265625,2489.8806000808186,2515.9072265625,22083200,0.0,0.0
2017-09-15 00:00:00+07:00,2489.8803543143254,2533.258060835481,2489.8803543143254,2524.58251953125,58041000,0.0,0.0
2017-09-18 00:00:00+07:00,2533.2583108836207,2533.2583108836207,2507.2316844019397,2515.9072265625,36413200,0.0,0.0
2017-09-19 00:00:00+07:00,2524.5829903738836,2550.609619140625,2515.907447451637,2550.609619140625,22051400,0.0,0.0
2017-09-20 00:00:00+07:00,2550.6091267213983,2559.28466796875,2533.258044226695,2559.28466796875,24931800,0.0,0.0
2017-09-21 00:00:00+07:00,2559.28466796875,2559.28466796875,2559.28466796875,2559.28466796875,0,0.0,0.0
2017-09-22 00:00:00+07:00,2559.2848925128033,2602.662602555393,2541.933808495767,2593.987060546875,55570800,0.0,0.0
2017-09-25 00:00:00+07:00,2602.662841796875,2628.689470214844,2593.9872989908854,2602.662841796875,19905000,0.0,0.0
2017-09-26 00:00:00+07:00,2628.68924362595,2628.68924362595,2567.96044921875,2567.96044921875,26820400,0.0,0.0
2017-09-27 00:00:00+07:00,2576.6357673566363,2576.6357673566363,2515.906978227019,2524.58251953125,45995600,0.0,0.0
2017-09-28 00:00:00+07:00,2515.9074589977527,2550.6096308459973,2507.231916035691,2533.258544921875,30117200,0.0,0.0
2017-09-29 00:00:00+07:00,2550.609365102407,2585.311533335093,2541.9338230442354,2567.96044921875,36827000,0.0,0.0
2017-10-02 00:00:00+07:00,2602.662602555393,2628.6892285809467,2567.960434521321,2593.987060546875,16754200,0.0,0.0
2017-10-03 00:00:00+07:00,2611.3381108302697,2689.4179878982845,2602.662568933824,2654.7158203125,44025600,0.0,0.0
2017-10-04 00:00:00+07:00,2672.066908939549,2672.066908939549,2628.689199378842,2646.040283203125,24178600,0.0,0.0
2017-10-05 00:00:00+07:00,2672.067184244792,2672.067184244792,2593.9872989908854,2602.662841796875,36479800,0.0,0.0
2017-10-06 00:00:00+07:00,2620.013696535669,2620.013696535669,2576.635986328125,2576.635986328125,22916600,0.0,0.0
2017-10-09 00:00:00+07:00,2611.33791545286,2611.33791545286,2550.6091267213983,2559.28466796875,16586600,0.0,0.0
2017-10-10 00:00:00+07:00,2559.2851738080585,2585.311802694242,2533.258544921875,2533.258544921875,33340000,0.0,0.0
2017-10-11 00:00:00+07:00,2533.258544921875,2559.2851738080585,2524.583001959814,2533.258544921875,38843400,0.0,0.0
2017-10-12 00:00:00+07:00,2550.6095849609374,2620.013927408854,2533.258499348958,2602.662841796875,84402000,0.0,0.0
2017-10-13 00:00:00+07:00,2628.689199378842,2654.7158251152664,2620.013657466701,2646.040283203125,32849600,0.0,0.0
2017-10-16 00:00:00+07:00,2646.040302669487,2646.040302669487,2602.6625927896594,2611.338134765625,30412000,0.0,0.0
2017-10-17 00:00:00+07:00,2628.689213834851,2637.364755794702,2602.662587955298,2620.013671875,24675600,0.0,0.0
2017-10-18 00:00:00+07:00,2646.040278416054,2672.0669041053925,2628.6891946231617,2654.7158203125,37451200,0.0,0.0
2017-10-19 00:00:00+07:00,2672.066899302728,2672.066899302728,2637.364731779316,2663.391357421875,26468400,0.0,0.0
2017-10-20 00:00:00+07:00,2654.7158203125,2663.3913622089462,2628.6891946231617,2654.7158203125,35181800,0.0,0.0
2017-10-23 00:00:00+07:00,2654.715839714404,2672.066923634106,2620.013671875,2620.013671875,19664800,0.0,0.0
2017-10-24 00:00:00+07:00,2646.040297754553,2646.040297754553,2611.3381299151492,2620.013671875,28144400,0.0,0.0
2017-10-25 00:00:00+07:00,2637.364990234375,2654.716075696443,2611.3383620412724,2637.364990234375,31484200,0.0,0.0
2017-10-26 00:00:00+07:00,2654.716075696443,2680.7427038895453,2637.364990234375,2637.364990234375,43112200,0.0,0.0
2017-10-27 00:00:00+07:00,2672.06689453125,2689.417978261972,2663.391352665889,2672.06689453125,51126400,0.0,0.0
2017-10-30 00:00:00+07:00,2689.41824662058,2689.41824662058,2637.364990234375,2637.364990234375,15308000,0.0,0.0
2017-10-31 00:00:00+07:00,2672.067161158511,2672.067161158511,2628.6894475033405,2637.364990234375,28586200,0.0,0.0
2017-11-01 00:00:00+07:00,2654.716005150828,2750.14697265625,2654.716005150828,2750.14697265625,66702600,0.0,0.0
2017-11-02 00:00:00+07:00,2750.146994496306,2776.173622204473,2715.44482421875,2715.44482421875,22962000,0.0,0.0
2017-11-03 00:00:00+07:00,2724.119888797883,2724.119888797883,2689.417724609375,2689.417724609375,23064200,0.0,0.0
2017-11-06 00:00:00+07:00,2706.769061992695,2724.1201457234174,2672.06689453125,2672.06689453125,32297000,0.0,0.0
2017-11-07 00:00:00+07:00,2698.093712380847,2758.822509765625,2698.093712380847,2758.822509765625,30663000,0.0,0.0
2017-11-08 00:00:00+07:00,2767.498068576389,2776.173611111111,2724.1203559027776,2732.7958984375,24461600,0.0,0.0
2017-11-09 00:00:00+07:00,2732.796118087529,2767.498291015625,2724.1205748555053,2767.498291015625,24000400,0.0,0.0
2017-11-10 00:00:00+07:00,2776.1738342476488,2784.8493774796725,2750.147204551577,2767.498291015625,18561000,0.0,0.0
2017-11-13 00:00:00+07:00,2767.498074088127,2767.498074088127,2715.4448187761245,2724.120361328125,40349400,0.0,0.0
2017-11-14 00:00:00+07:00,2724.1203559027776,2741.4714409722224,2724.1203559027776,2732.7958984375,29833400,0.0,0.0
2017-11-15 00:00:00+07:00,2724.120150587846,2724.120150587846,2654.715815541022,2663.391357421875,42070400,0.0,0.0
2017-11-16 00:00:00+07:00,2689.4181857638887,2767.498068576389,2663.391558159722,2732.7958984375,33774000,0.0,0.0
2017-11-17 00:00:00+07:00,2732.795835722477,2862.9289707568805,2732.795835722477,2836.90234375,32994200,0.0,0.0
2017-11-20 00:00:00+07:00,2836.902636871816,2862.9292665678877,2767.498291015625,2767.498291015625,22218200,0.0,0.0
2017-11-21 00:00:00+07:00,2793.524685158715,2793.524685158715,2741.4714301557574,2750.14697265625,20395800,0.0,0.0
2017-11-22 00:00:00+07:00,2767.4977539062497,2862.9287109375,2767.4977539062497,2862.9287109375,56956400,0.0,0.0
2017-11-23 00:00:00+07:00,2845.577875664894,2871.604502576463,2845.577875664894,2854.25341796875,15367600,0.0,0.0
2017-11-24 00:00:00+07:00,2888.955587184176,2888.955587184176,2836.902333361037,2854.25341796875,16894600,0.0,0.0
2017-11-27 00:00:00+07:00,2871.604270513804,2871.604270513804,2810.8754792944787,2828.2265625,19265800,0.0,0.0
2017-11-28 00:00:00+07:00,2810.8754359654017,2914.98193359375,2793.5243530273438,2914.98193359375,39602200,0.0,0.0
2017-11-29 00:00:00+07:00,2906.306392124721,2914.98193359375,2862.9286847795756,2914.98193359375,27398000,0.0,0.0
2017-11-30 00:00:00+07:00,2888.955362955729,2914.981987847222,2810.87548828125,2810.87548828125,46617800,0.0,0.0
2017-12-01 00:00:00+07:00,2810.87548828125,2810.87548828125,2810.87548828125,2810.87548828125,0,0.0,0.0
2017-12-04 00:00:00+07:00,2871.604502576463,2880.280044880319,2845.577875664894,2854.25341796875,39724000,0.0,0.0
2017-12-05 00:00:00+07:00,2880.2799989598743,2932.333251953125,2871.6044567943327,2932.333251953125,29186000,0.0,0.0
2017-12-06 00:00:00+07:00,2941.0087790391312,2993.0620317654875,2914.9821526759533,2958.35986328125,31801600,0.0,0.0
2017-12-07 00:00:00+07:00,2932.333236918072,2984.3864896444284,2923.6576947970125,2958.35986328125,19778000,0.0,0.0
2017-12-08 00:00:00+07:00,2975.710884395966,3071.141845703125,2967.035342458951,3071.141845703125,57970000,0.0,0.0
2017-12-11 00:00:00+07:00,3071.141593333041,3088.49267578125,3062.4660521089363,3088.49267578125,37139000,0.0,0.0
2017-12-12 00:00:00+07:00,3053.791015625,3114.519814231179,3053.791015625,3053.791015625,23971400,0.0,0.0
2017-12-13 00:00:00+07:00,3036.4398662860576,3183.924088362809,3036.4398662860576,3157.8974609375,35945600,0.0,0.0
2017-12-14 00:00:00+07:00,3157.8971936399053,3209.950444084519,3157.8971936399053,3201.27490234375,34487600,0.0,0.0
2017-12-15 00:00:00+07:00,3175.24848828125,3253.328369140625,3166.5729459635418,3253.328369140625,45623800,0.0,0.0
2017-12-18 00:00:00+07:00,3227.3017578125,3244.652842531922,3157.897418934812,3227.3017578125,34211200,0.0,0.0
2017-12-19 00:00:00+07:00,3227.3019500492123,3348.759550319882,3218.626407172736,3305.3818359375,24860400,0.0,0.0
2017-12-20 00:00:00+07:00,3262.0041215551178,3331.408464566929,3244.653035802165,3305.3818359375,33156400,0.0,0.0
2017-12-21 00:00:00+07:00,3348.758998502935,3444.1899544188213,3314.0568327153396,3418.163330078125,59538000,0.0,0.0
2017-12-22 00:00:00+07:00,3418.163330078125,3461.541037312619,3331.407915609137,3418.163330078125,135247200,0.0,0.0
2017-12-25 00:00:00+07:00,3418.163330078125,3418.163330078125,3418.163330078125,3418.163330078125,0,0.0,0.0
2017-12-26 00:00:00+07:00,3418.163330078125,3418.163330078125,3418.163330078125,3418.163330078125,0,0.0,0.0
2017-12-27 00:00:00+07:00,3418.1640501696656,3452.866223267835,3383.461877071496,3435.51513671875,30633200,0.0,0.0
2017-12-28 00:00:00+07:00,3452.866217087138,3461.5417603461506,3418.1640440510864,3444.190673828125,211920600,0.0,0.0
2017-12-29 00:00:00+07:00,3435.51513671875,3470.217309816919,3400.812963620581,3435.51513671875,88298600,0.0,0.0
2018-01-01 00:00:00+07:00,3435.51513671875,3435.51513671875,3435.51513671875,3435.51513671875,0,0.0,0.0
2018-01-02 00:00:00+07:00,3435.514673413523,3470.2168418318415,3357.4347944723063,3392.136962890625,24868000,0.0,0.0
2018-01-03 00:00:00+07:00,3392.136782213611,3400.812323856101,3253.32811593377,3270.67919921875,53786400,0.0,0.0
2018-01-04 00:00:00+07:00,3244.652821642287,3270.679448553856,3175.248483211436,3262.00390625,50780200,0.0,0.0
2018-01-05 00:00:00+07:00,3262.003927251344,3279.3550119707666,3209.950673093078,3227.3017578125,46092600,0.0,0.0
2018-01-08 00:00:00+07:00,3227.3017578125,3253.328384891633,3218.626215452789,3227.3017578125,41349400,0.0,0.0
2018-01-09 00:00:00+07:00,3227.3017578125,3235.977300172211,3209.950673093078,3227.3017578125,28577200,0.0,0.0
2018-01-10 00:00:00+07:00,3227.301763076988,3235.977305450851,3201.2751359553995,3218.626220703125,49823600,0.0,0.0
2018-01-11 00:00:00+07:00,3218.626220703125,3244.6528478247137,3192.5995935815367,3218.626220703125,53450000,0.0,0.0
2018-01-12 00:00:00+07:00,3218.626220703125,3244.6528478247137,3218.626220703125,3218.626220703125,47965600,0.0,0.0
2018-01-15 00:00:00+07:00,3227.301716694079,3340.083765933388,3227.301716694079,3296.7060546875,58879800,0.0,0.0
2018-01-16 00:00:00+07:00,3314.057361602783,3348.759532928467,3305.3818187713623,3331.408447265625,40633200,0.0,0.0
2018-01-17 00:00:00+07:00,3331.408447265625,3348.759532928467,3305.3818187713623,3331.408447265625,51065400,0.0,0.0
2018-01-18 00:00:00+07:00,3348.7593081825657,3357.434850431743,3262.0038856907895,3296.7060546875,41036600,0.0,0.0
2018-01-19 00:00:00+07:00,3314.0569074312,3314.0569074312,3227.3014910063,3270.67919921875,48248000,0.0,0.0
2018-01-22 00:00:00+07:00,3262.00390625,3279.354990857713,3235.977279338431,3262.00390625,48618200,0.0,0.0
2018-01-23 00:00:00+07:00,3279.3554181509066,3348.759765625,3270.679874716645,3348.759765625,33345800,0.0,0.0
2018-01-24 00:00:00+07:00,3331.408419023136,3383.461675570373,3322.7328762652637,3374.7861328125,31866000,0.0,0.0
2018-01-25 00:00:00+07:00,3383.4617042541504,3383.4617042541504,3314.057361602783,3331.408447265625,31179800,0.0,0.0
2018-01-26 00:00:00+07:00,3331.408447265625,3374.7861614227295,3331.408447265625,3331.408447265625,18113800,0.0,0.0
2018-01-29 00:00:00+07:00,3331.4082236842105,3340.083765933388,3227.301716694079,3296.7060546875,43650600,0.0,0.0
2018-01-30 00:00:00+07:00,3270.6792362699016,3279.3547780106705,3201.27490234375,3201.27490234375,52189600,0.0,0.0
2018-01-31 00:00:00+07:00,3192.599567819149,3262.00390625,3166.57294090758,3262.00390625,48221400,0.0,0.0
2018-02-01 00:00:00+07:00,3244.65283726751,3279.35500665005,3227.3017525762402,3235.977294921875,38814200,0.0,0.0
2018-02-02 00:00:00+07:00,3262.003927251344,3262.003927251344,3218.626215452789,3227.3017578125,28083000,0.0,0.0
2018-02-05 00:00:00+07:00,3157.8974240860853,3227.301763076988,3140.5463393383593,3218.626220703125,42141600,0.0,0.0
2018-02-06 00:00:00+07:00,3114.5197538685866,3183.924093787664,3097.1686688888176,3149.221923828125,66860400,0.0,0.0
2018-02-07 00:00:00+07:00,3166.572911127699,3314.0571289062495,3166.572911127699,3314.05712890625,67478600,0.0,0.0
2018-02-08 00:00:00+07:00,3314.0571391858552,3314.0571391858552,3270.679427939967,3296.7060546875,50903000,0.0,0.0
2018-02-09 00:00:00+07:00,3244.65257429128,3296.70582414622,3209.9504077213196,3270.67919921875,38761800,0.0,0.0
2018-02-12 00:00:00+07:00,3262.0041215551178,3305.3818359375,3262.0041215551178,3305.3818359375,20123800,0.0,0.0
2018-02-13 00:00:00+07:00,3322.7326408464883,3400.812520135309,3322.7326408464883,3366.1103515625,56807200,0.0,0.0
2018-02-14 00:00:00+07:00,3357.434809419298,3374.785893705702,3357.434809419298,3366.1103515625,27068800,0.0,0.0
2018-02-15 00:00:00+07:00,3366.109874695617,3374.7854156097806,3314.056629210633,3340.083251953125,22594000,0.0,0.0
2018-02-16 00:00:00+07:00,3340.083251953125,3340.083251953125,3340.083251953125,3340.083251953125,0,0.0,0.0
2018-02-19 00:00:00+07:00,3340.083690788172,3426.839111328125,3340.083690788172,3426.839111328125,31345000,0.0,0.0
2018-02-20 00:00:00+07:00,3426.839587310099,3452.866217087138,3418.1640440510864,3444.190673828125,36932000,0.0,0.0
2018-02-21 00:00:00+07:00,3444.19037570063,3530.94580078125,3435.5148331925675,3530.94580078125,50223200,0.0,0.0
2018-02-22 00:00:00+07:00,3530.9456365638985,3530.9456365638985,3383.4614207860454,3392.136962890625,33322000,0.0,0.0
2018-02-23 00:00:00+07:00,3426.838871525024,3444.1899544188213,3400.8122471843276,3418.163330078125,30031800,0.0,0.0
2018-02-26 00:00:00+07:00,3418.163579188534,3426.8391212676925,3383.4614108718993,3409.488037109375,15133000,0.0,0.0
2018-02-27 00:00:00+07:00,3409.4880371093755,3452.8657475051687,3409.4880371093755,3409.488037109375,23121200,0.0,0.0
2018-02-28 00:00:00+07:00,3383.461675570373,3392.1372183282456,3322.7328762652637,3374.7861328125,37228800,0.0,0.0
2018-03-01 00:00:00+07:00,3348.758792867289,3426.8386610947646,3340.083251953125,3340.083251953125,29107800,0.0,0.0
2018-03-02 00:00:00+07:00,3340.0840074434054,3340.0840074434054,3296.7062930610236,3305.3818359375,33001400,0.0,0.0
2018-03-05 00:00:00+07:00,3270.6794177949114,3322.7326711285173,3270.6794177949114,3314.05712890625,30119000,0.0,0.0
2018-03-06 00:00:00+07:00,3314.0572087342475,3322.732751165489,3175.2485298343836,3183.924072265625,38385800,0.0,0.0
2018-03-07 00:00:00+07:00,3209.9507212573176,3209.9507212573176,3062.4664989292787,3149.221923828125,46561200,0.0,0.0
2018-03-08 00:00:00+07:00,3201.2746386196527,3244.65234375,3175.248015541444,3244.65234375,44365200,0.0,0.0
2018-03-09 00:00:00+07:00,3253.328363946144,3262.00390625,3183.9240255152927,3262.00390625,18643400,0.0,0.0
2018-03-12 00:00:00+07:00,3279.3545078542784,3296.705589906417,3235.9768027239306,3244.65234375,22744600,0.0,0.0
2018-03-13 00:00:00+07:00,3253.328395534206,3279.35502269848,3209.95068359375,3209.95068359375,34127400,0.0,0.0
2018-03-14 00:00:00+07:00,3175.2487095424103,3279.3552246093745,3166.5731666201636,3279.355224609375,28243800,0.0,0.0
2018-03-15 00:00:00+07:00,3279.354990857713,3279.354990857713,3218.626194730718,3262.00390625,23676600,0.0,0.0
2018-03-16 00:00:00+07:00,3262.0041215551178,3305.3818359375,3131.8709784079724,3305.3818359375,56727000,0.0,0.0
2018-03-19 00:00:00+07:00,3314.057361602783,3331.408447265625,3270.6796474456787,3331.408447265625,16168000,0.0,0.0
2018-03-20 00:00:00+07:00,3331.408277027027,3331.408277027027,3192.5995988175673,3209.95068359375,31426800,0.0,0.0
2018-03-21 00:00:00+07:00,3192.5995935815367,3235.977305450851,3192.5995935815367,3218.626220703125,53244600,0.0,0.0
2018-03-22 00:00:00+07:00,3235.976876591029,3244.6524178151335,3079.8171345571454,3088.49267578125,65698800,0.0,0.0
2018-03-23 00:00:00+07:00,3019.08837470899,3045.114998628895,2993.061750789085,3027.763916015625,53481400,0.0,0.0
2018-03-26 00:00:00+07:00,3027.7640807771945,3192.5993745730875,3027.7640807771945,3175.248291015625,32974600,0.0,0.0
2018-03-27 00:00:00+07:00,3192.599609375,3244.6528638756795,3149.2218972911005,3192.599609375,44409200,0.0,0.0
2018-03-28 00:00:00+07:00,3212.4292697796245,3212.4292697796245,3051.8078062906434,3087.50146484375,49024600,127.77774,0.0
2018-03-29 00:00:00+07:00,3132.1187093333483,3132.1187093333483,3007.1908975650663,3096.425048828125,38270000,0.0,0.0
2018-03-30 00:00:00+07:00,3096.4250488281245,3096.4250488281245,3096.4250488281245,3096.425048828125,0,0.0,0.0
2018-04-02 00:00:00+07:00,3114.271728515625,3114.271728515625,3078.578069736076,3114.271728515625,13011400,0.0,0.0
2018-04-03 00:00:00+07:00,3096.424709154212,3114.2715374490485,3069.6544667119565,3078.577880859375,29600400,0.0,0.0
2018-04-04 00:00:00+07:00,3087.5013615818543,3105.348190261518,2944.7267321445433,2953.650146484375,45351800,0.0,0.0
2018-04-05 00:00:00+07:00,2998.267197027439,3016.114025581174,2909.0330542587653,2926.8798828125,43163200,0.0,0.0
2018-04-06 00:00:00+07:00,2926.8800710655123,2998.267389871988,2909.0332413638935,2962.57373046875,29745000,0.0,0.0
2018-04-09 00:00:00+07:00,2962.573859719669,3042.8845968807445,2962.573859719669,3033.961181640625,22361400,0.0,0.0
2018-04-10 00:00:00+07:00,3051.8078256514145,3149.9653872951735,3042.8844109565275,3114.271728515625,39371400,0.0,0.0
2018-04-11 00:00:00+07:00,3158.889013529519,3167.8124288219756,3060.7314453125,3060.7314453125,27757600,0.0,0.0
2018-04-12 00:00:00+07:00,3087.50146484375,3114.27170875858,3042.8843916523665,3087.50146484375,16139400,0.0,0.0
2018-04-13 00:00:00+07:00,3105.348740704674,3158.8892362340653,3096.4253247831093,3149.9658203125,17638400,0.0,0.0
2018-04-16 00:00:00+07:00,3149.9658203125,3149.9658203125,3149.9658203125,3149.9658203125,0,0.0,0.0
2018-04-17 00:00:00+07:00,3149.9658203125,3149.9658203125,3149.9658203125,3149.9658203125,0,0.0,0.0
2018-04-18 00:00:00+07:00,3194.582557091346,3212.429387019231,3105.3484074519233,3132.11865234375,42338600,0.0,0.0
2018-04-19 00:00:00+07:00,3132.11865234375,3132.11865234375,3132.11865234375,3132.11865234375,0,0.0,0.0
2018-04-20 00:00:00+07:00,3132.11865234375,3132.11865234375,3132.11865234375,3132.11865234375,0,0.0,0.0
2018-04-23 00:00:00+07:00,3114.271728515625,3149.9653872951735,3078.578069736076,3114.271728515625,44285800,0.0,0.0
2018-04-24 00:00:00+07:00,3114.2720571944965,3132.118888467817,2980.4208226445894,2989.34423828125,47569000,0.0,0.0
2018-04-25 00:00:00+07:00,2989.34423828125,2989.34423828125,2989.34423828125,2989.34423828125,0,0.0,0.0
2018-04-26 00:00:00+07:00,2989.34423828125,2989.34423828125,2989.34423828125,2989.34423828125,0,0.0,0.0
2018-04-27 00:00:00+07:00,2989.34423828125,2989.34423828125,2989.34423828125,2989.34423828125,0,0.0,0.0
2018-04-30 00:00:00+07:00,2909.033259231852,2935.8035039487095,2873.339599609375,2873.339599609375,46437600,0.0,0.0
2018-05-01 00:00:00+07:00,2873.339599609375,2873.339599609375,2873.339599609375,2873.339599609375,0,0.0,0.0
2018-05-02 00:00:00+07:00,2873.339505004883,2909.0331634521485,2828.722431945801,2855.49267578125,26325800,0.0,0.0
2018-05-03 00:00:00+07:00,2846.569606151396,2846.569606151396,2748.4120335254856,2757.33544921875,32683400,0.0,0.0
2018-05-04 00:00:00+07:00,2694.871319110577,2739.4883939302886,2605.637169471154,2668.10107421875,47915000,0.0,0.0
2018-05-07 00:00:00+07:00,2668.101035889505,2694.871280396758,2614.560546875,2614.560546875,45072800,0.0,0.0
2018-05-08 00:00:00+07:00,2614.560546875,2632.407376546502,2569.943472696246,2614.560546875,34080000,0.0,0.0
2018-05-09 00:00:00+07:00,2632.407397157657,2882.263014514994,2623.483982252038,2873.339599609375,84378800,0.0,0.0
2018-05-10 00:00:00+07:00,2873.339599609375,2873.339599609375,2873.339599609375,2873.339599609375,0,0.0,0.0
2018-05-11 00:00:00+07:00,2909.0330747852154,3051.8077042225264,2909.0330747852154,2953.650146484375,59191400,0.0,0.0
2018-05-14 00:00:00+07:00,2873.3393971512955,2971.4969541968367,2873.3393971512955,2926.8798828125,25569800,0.0,0.0
2018-05-15 00:00:00+07:00,2926.880260739164,2953.6505070264125,2873.3397681646675,2882.26318359375,25320200,0.0,0.0
2018-05-16 00:00:00+07:00,2846.5692611694335,2900.109748840332,2712.7180419921874,2855.49267578125,58816400,0.0,0.0
2018-05-17 00:00:00+07:00,2855.4927884615386,2891.186448317308,2784.10546875,2784.10546875,40817200,0.0,0.0
2018-05-18 00:00:00+07:00,2793.0290777124587,2828.7227400474426,2703.794921875,2703.794921875,42973600,0.0,0.0
2018-05-21 00:00:00+07:00,2677.024276942423,2677.024276942423,2605.636962890625,2605.636962890625,43757400,0.0,0.0
2018-05-22 00:00:00+07:00,2605.636996299342,2677.0243112664475,2543.173095703125,2543.173095703125,55586800,0.0,0.0
2018-05-23 00:00:00+07:00,2561.0199449327256,2703.7945760091143,2561.0199449327256,2569.943359375,94261400,0.0,0.0
2018-05-24 00:00:00+07:00,2605.637526720277,2757.3356019060466,2605.637526720277,2739.48876953125,53658400,0.0,0.0
2018-05-25 00:00:00+07:00,2748.4117726293102,2846.5693359375,2721.641528090713,2846.5693359375,40285400,0.0,0.0
2018-05-28 00:00:00+07:00,2846.5694782935498,3096.425106482325,2828.7226477086374,3060.7314453125,86863600,0.0,0.0
2018-05-29 00:00:00+07:00,3060.7314453125,3060.7314453125,3060.7314453125,3060.7314453125,0,0.0,0.0
2018-05-30 00:00:00+07:00,3007.1907330992594,3141.0419526734104,2962.573659907876,3087.50146484375,95135200,0.0,0.0
2018-05-31 00:00:00+07:00,3123.195159822087,3123.195159822087,2989.343938686855,3025.03759765625,95773400,0.0,0.0
2018-06-01 00:00:00+07:00,3025.03759765625,3025.03759765625,3025.03759765625,3025.03759765625,0,0.0,0.0
2018-06-04 00:00:00+07:00,2944.726864975111,3051.8078418832965,2944.726864975111,3025.03759765625,69138600,0.0,0.0
2018-06-05 00:00:00+07:00,2998.267218183535,3007.1906325233667,2944.7267321445433,2953.650146484375,48378400,0.0,0.0
2018-06-06 00:00:00+07:00,2926.880220170455,2980.420712002841,2909.033389559659,2944.72705078125,40252000,0.0,0.0
2018-06-07 00:00:00+07:00,2944.7266997388133,3025.037427913508,2944.7266997388133,3016.114013671875,28292200,0.0,0.0
2018-06-08 00:00:00+07:00,2980.420578476805,2998.2674082880435,2873.339599609375,2873.339599609375,69727800,0.0,0.0
2018-06-11 00:00:00+07:00,2873.339599609375,2873.339599609375,2873.339599609375,2873.339599609375,0,0.0,0.0
2018-06-12 00:00:00+07:00,2873.339599609375,2873.339599609375,2873.339599609375,2873.339599609375,0,0.0,0.0
2018-06-13 00:00:00+07:00,2873.339599609375,2873.339599609375,2873.339599609375,2873.339599609375,0,0.0,0.0
2018-06-14 00:00:00+07:00,2873.339599609375,2873.339599609375,2873.339599609375,2873.339599609375,0,0.0,0.0
2018-06-15 00:00:00+07:00,2873.339599609375,2873.339599609375,2873.339599609375,2873.339599609375,0,0.0,0.0
2018-06-18 00:00:00+07:00,2873.339599609375,2873.339599609375,2873.339599609375,2873.339599609375,0,0.0,0.0
2018-06-19 00:00:00+07:00,2873.339599609375,2873.339599609375,2873.339599609375,2873.339599609375,0,0.0,0.0
2018-06-20 00:00:00+07:00,2784.1055660818106,2801.952396633617,2685.947998046875,2685.947998046875,124367800,0.0,0.0
2018-06-21 00:00:00+07:00,2677.0247175886825,2730.5652119404563,2641.3310546875,2641.3310546875,38436200,0.0,0.0
2018-06-22 00:00:00+07:00,2632.4076389622046,2677.0247175886825,2596.713976061022,2641.3310546875,56812000,0.0,0.0
2018-06-25 00:00:00+07:00,2677.024276942423,2677.024276942423,2578.8667201212006,2605.636962890625,47743200,0.0,0.0
2018-06-26 00:00:00+07:00,2569.9435096153848,2596.713754507212,2552.0966796875,2552.0966796875,45583800,0.0,0.0
2018-06-27 00:00:00+07:00,2552.096736826795,2587.7903974817154,2498.5562458444147,2516.403076171875,45340600,0.0,0.0
2018-06-28 00:00:00+07:00,2498.556267233456,2543.173343434053,2427.1689453125,2427.1689453125,59204200,0.0,0.0
2018-06-29 00:00:00+07:00,2445.0157548620346,2525.326491335605,2436.0923396983044,2516.403076171875,63937600,0.0,0.0
2018-07-02 00:00:00+07:00,2543.173321663065,2578.8669823179853,2498.5562458444147,2516.403076171875,36233600,0.0,0.0
2018-07-03 00:00:00+07:00,2516.403381786758,2534.2502142816998,2409.322386817109,2480.709716796875,43162800,0.0,0.0
2018-07-04 00:00:00+07:00,2507.4794582790796,2596.7136027018228,2427.168728298611,2569.943359375,56031800,0.0,0.0
2018-07-05 00:00:00+07:00,2596.7139084507044,2596.7139084507044,2480.709507042254,2534.25,36731000,0.0,0.0
2018-07-06 00:00:00+07:00,2552.0970467766415,2552.0970467766415,2462.8628843019337,2480.709716796875,34994000,0.0,0.0
2018-07-09 00:00:00+07:00,2498.556043836805,2605.637017144097,2471.7858005099824,2569.943359375,51496800,0.0,0.0
2018-07-10 00:00:00+07:00,2605.636962890625,2632.4072056600494,2534.249648838827,2605.636962890625,54029400,0.0,0.0
2018-07-11 00:00:00+07:00,2552.09660482905,2569.9434342334494,2516.4029460202523,2561.02001953125,36394400,0.0,0.0
2018-07-12 00:00:00+07:00,2534.249982623443,2578.8670597823066,2507.479736328125,2507.479736328125,53100400,0.0,0.0
2018-07-13 00:00:00+07:00,2534.2502727640085,2605.6376043911637,2525.326856310614,2587.790771484375,50913800,0.0,0.0
2018-07-16 00:00:00+07:00,2605.6373000372023,2632.4075462704614,2578.8670538039432,2623.484130859375,47717000,0.0,0.0
2018-07-17 00:00:00+07:00,2605.6370771517254,2659.1775650384047,2596.7136625039457,2650.254150390625,48973600,0.0,0.0
2018-07-18 00:00:00+07:00,2641.330885858051,2650.2543010129766,2587.7903949284955,2632.407470703125,37139200,0.0,0.0
2018-07-19 00:00:00+07:00,2659.1777161679024,2694.8713767876056,2632.407470703125,2632.407470703125,87599600,0.0,0.0
2018-07-20 00:00:00+07:00,2614.5610208445582,2641.3312702047415,2569.9439385775863,2587.790771484375,52653000,0.0,0.0
2018-07-23 00:00:00+07:00,2605.636962890625,2668.1008626859484,2596.7135486341504,2605.636962890625,38023200,0.0,0.0
2018-07-24 00:00:00+07:00,2605.6373000372023,2668.1012079148063,2605.6373000372023,2623.484130859375,39779600,0.0,0.0
2018-07-25 00:00:00+07:00,2623.4837914035743,2641.330619916524,2596.7135486341504,2605.636962890625,34586400,0.0,0.0
2018-07-26 00:00:00+07:00,2623.4841816212875,2703.794921875,2623.4841816212875,2703.794921875,57461200,0.0,0.0
2018-07-27 00:00:00+07:00,2712.717976614933,2712.717976614933,2659.177490234375,2659.177490234375,26280400,0.0,0.0
2018-07-30 00:00:00+07:00,2659.1778271484377,2685.948073730469,2641.33099609375,2677.024658203125,26875200,0.0,0.0
2018-07-31 00:00:00+07:00,2685.948133313978,2685.948133313978,2614.5608075116133,2641.3310546875,51961200,0.0,0.0
2018-08-01 00:00:00+07:00,2641.330758286741,2819.799052765575,2632.4073435627993,2793.02880859375,70371600,0.0,0.0
2018-08-02 00:00:00+07:00,2775.182053786058,2828.722543569712,2748.411808894231,2784.10546875,45352400,0.0,0.0
2018-08-03 00:00:00+07:00,2784.105413123022,2819.799072265625,2748.4117539804192,2819.799072265625,40284200,0.0,0.0
2018-08-06 00:00:00+07:00,2828.722325766959,2944.7267113662347,2819.7989114900915,2926.8798828125,56627400,0.0,0.0
2018-08-07 00:00:00+07:00,2926.879937065972,2935.8033515082466,2855.492621527778,2891.186279296875,54457200,0.0,0.0
2018-08-08 00:00:00+07:00,2953.650180392795,2962.5735948350693,2873.339450412326,2891.186279296875,38430800,0.0,0.0
2018-08-09 00:00:00+07:00,2855.4925805817606,2891.186237839033,2801.952094695853,2837.645751953125,63746200,0.0,0.0
2018-08-10 00:00:00+07:00,2819.799091398903,2909.0332398608934,2819.799091398903,2846.5693359375,44564400,0.0,0.0
2018-08-13 00:00:00+07:00,2801.952537742821,2810.8759534681167,2632.4076389622046,2641.3310546875,76200600,0.0,0.0
2018-08-14 00:00:00+07:00,2623.4837914035743,2650.2540341729987,2569.943305864726,2605.636962890625,59987200,0.0,0.0
2018-08-15 00:00:00+07:00,2623.484055548199,2650.2543010129766,2471.7859979144596,2632.407470703125,91331800,0.0,0.0
2018-08-16 00:00:00+07:00,2596.713735196279,2623.483979889024,2516.403001118043,2525.326416015625,62182200,0.0,0.0
2018-08-17 00:00:00+07:00,2525.326416015625,2525.326416015625,2525.326416015625,2525.326416015625,0,0.0,0.0
2018-08-20 00:00:00+07:00,2596.713623046875,2632.407281095629,2552.0965504859323,2596.713623046875,45915000,0.0,0.0
2018-08-21 00:00:00+07:00,2605.637225238347,2641.330885858051,2569.943564618644,2632.407470703125,32475600,0.0,0.0
2018-08-22 00:00:00+07:00,2632.407470703125,2632.407470703125,2632.407470703125,2632.407470703125,0,0.0,0.0
2018-08-23 00:00:00+07:00,2632.4074327077296,2694.871337890625,2578.866942550962,2694.871337890625,53901400,0.0,0.0
2018-08-24 00:00:00+07:00,2659.1775650384047,2677.0243943339647,2614.560491799505,2650.254150390625,33672800,0.0,0.0
2018-08-27 00:00:00+07:00,2677.0248562194624,2739.48876953125,2659.1780238446663,2739.48876953125,30290000,0.0,0.0
2018-08-28 00:00:00+07:00,2766.2584170386904,2819.798902529762,2757.3350027901784,2810.87548828125,54147200,0.0,0.0
2018-08-29 00:00:00+07:00,2810.87556292297,2810.87556292297,2739.4882470392117,2801.9521484375,25725200,0.0,0.0
2018-08-30 00:00:00+07:00,2828.722328861424,2828.722328861424,2712.717943135246,2721.641357421875,35013400,0.0,0.0
2018-08-31 00:00:00+07:00,2677.0244891826924,2784.10546875,2650.2542442908657,2784.10546875,59789400,0.0,0.0
2018-09-03 00:00:00+07:00,2784.1053194665606,2801.9521484375,2739.4882470392117,2801.9521484375,29308200,0.0,0.0
2018-09-04 00:00:00+07:00,2766.2588134765624,2775.1822290039063,2677.024658203125,2677.024658203125,27216800,0.0,0.0
2018-09-05 00:00:00+07:00,2641.330809684187,2641.330809684187,2498.55617132288,2525.326416015625,64997600,0.0,0.0
2018-09-06 00:00:00+07:00,2498.5560634128005,2605.6370375590636,2480.7092343884237,2596.713623046875,83033200,0.0,0.0
2018-09-07 00:00:00+07:00,2578.8670538039432,2641.3309616815477,2552.0968075706846,2623.484130859375,35350000,0.0,0.0
2018-09-10 00:00:00+07:00,2569.943379510309,2605.6370375590636,2543.1731359737437,2596.713623046875,35205400,0.0,0.0
2018-09-11 00:00:00+07:00,2596.713623046875,2596.713623046875,2596.713623046875,2596.713623046875,0,0.0,0.0
2018-09-12 00:00:00+07:00,2614.5604106702303,2632.4072394120067,2534.249681332237,2543.173095703125,35547000,0.0,0.0
2018-09-13 00:00:00+07:00,2569.943638392857,2623.484130859375,2569.943638392857,2623.484130859375,44958800,0.0,0.0
2018-09-14 00:00:00+07:00,2641.330921667359,2685.947998046875,2623.4840911155525,2685.947998046875,24322200,0.0,0.0
2018-09-17 00:00:00+07:00,2685.947669428525,2685.947669428525,2569.943285034602,2578.86669921875,22685200,0.0,0.0
2018-09-18 00:00:00+07:00,2605.6369417711935,2605.6369417711935,2552.096456666306,2578.86669921875,47723200,0.0,0.0
2018-09-19 00:00:00+07:00,2578.8668489356487,2614.5605077444466,2561.02001953125,2561.02001953125,34212400,0.0,0.0
2018-09-20 00:00:00+07:00,2569.943305864726,2650.2540341729987,2569.943305864726,2605.636962890625,30649200,0.0,0.0
2018-09-21 00:00:00+07:00,2650.254207835478,2739.488356247447,2641.330792994281,2730.56494140625,84890600,0.0,0.0
2018-09-24 00:00:00+07:00,2712.7182070974573,2721.6416222523835,2614.5606403932734,2632.407470703125,29753800,0.0,0.0
2018-09-25 00:00:00+07:00,2587.7904692150296,2641.3309616815477,2587.7904692150296,2623.484130859375,12861400,0.0,0.0
2018-09-26 00:00:00+07:00,2605.637132039249,2641.3307913822528,2605.637132039249,2614.560546875,21784800,0.0,0.0
2018-09-27 00:00:00+07:00,2632.4075462704614,2685.948038736979,2623.484130859375,2623.484130859375,45618800,0.0,0.0
2018-09-28 00:00:00+07:00,2632.4076389622046,2685.948133313978,2623.4842232369087,2641.3310546875,27470800,0.0,0.0
2018-10-01 00:00:00+07:00,2650.254411621094,2694.8714892578128,2641.33099609375,2677.024658203125,26562800,0.0,0.0
2018-10-02 00:00:00+07:00,2668.1009391443836,2677.024353656572,2587.7902085346864,2596.713623046875,34934600,0.0,0.0
2018-10-03 00:00:00+07:00,2605.6376043911637,2632.407853751347,2587.790771484375,2587.790771484375,24585200,0.0,0.0
2018-10-04 00:00:00+07:00,2569.9435292119565,2569.9435292119565,2445.015718764153,2462.862548828125,123736000,0.0,0.0
2018-10-05 00:00:00+07:00,2462.8623792613635,2489.6326225142043,2427.1687215909087,2453.93896484375,75743200,0.0,0.0
2018-10-08 00:00:00+07:00,2436.092529296875,2471.7861927297963,2418.2456975804143,2436.092529296875,48992200,0.0,0.0
2018-10-09 00:00:00+07:00,2436.092529296875,2480.7096085880266,2436.092529296875,2436.092529296875,44143600,0.0,0.0
2018-10-10 00:00:00+07:00,2453.939468054463,2489.633133044346,2445.016051806992,2480.709716796875,41122000,0.0,0.0
2018-10-11 00:00:00+07:00,2409.3218517657992,2436.092094563197,2382.5516089684015,2400.3984375,60893800,0.0,0.0
2018-10-12 00:00:00+07:00,2418.2456389609656,2534.250042305957,2418.2456389609656,2471.7861328125,69904800,0.0,0.0
2018-10-15 00:00:00+07:00,2480.709415516955,2543.173321663065,2462.8625851894944,2516.403076171875,55786800,0.0,0.0
2018-10-16 00:00:00+07:00,2525.326856310614,2587.790771484375,2516.40343985722,2587.790771484375,54997800,0.0,0.0
2018-10-17 00:00:00+07:00,2623.483961710751,2632.407376546502,2596.7137172034986,2614.560546875,34304800,0.0,0.0
2018-10-18 00:00:00+07:00,2614.5604315863716,2614.5604315863716,2552.096530490451,2569.943359375,19334000,0.0,0.0
2018-10-19 00:00:00+07:00,2525.3263607224517,2587.790263637848,2525.3263607224517,2561.02001953125,31419600,0.0,0.0
2018-10-22 00:00:00+07:00,2569.9434342334494,2587.790263637848,2552.09660482905,2561.02001953125,11799000,0.0,0.0
2018-10-23 00:00:00+07:00,2552.096510074013,2578.8667531866777,2534.249681332237,2543.173095703125,17643000,0.0,0.0
2018-10-24 00:00:00+07:00,2534.249906499335,2561.0201519905254,2489.632830680685,2516.403076171875,24047400,0.0,0.0
2018-10-25 00:00:00+07:00,2480.7093415277163,2543.1732458107886,2471.785926630135,2525.326416015625,34361200,0.0,0.0
2018-10-26 00:00:00+07:00,2525.3265845070423,2552.0968309859154,2516.4031690140846,2534.25,11779000,0.0,0.0
2018-10-29 00:00:00+07:00,2552.09666070837,2561.0200756059517,2489.632756425298,2525.326416015625,9894000,0.0,0.0
2018-10-30 00:00:00+07:00,2525.3263607224517,2578.8668489356487,2507.479531318053,2561.02001953125,32280200,0.0,0.0
2018-10-31 00:00:00+07:00,2578.866887531997,2632.407376546502,2561.020057860495,2614.560546875,56326400,0.0,0.0
2018-11-01 00:00:00+07:00,2641.330735742845,2668.1009796861845,2614.560491799505,2650.254150390625,64499800,0.0,0.0
2018-11-02 00:00:00+07:00,2677.0243261404744,2775.181884765625,2668.100911720006,2775.181884765625,117606000,0.0,0.0
2018-11-05 00:00:00+07:00,2730.565092387952,2748.4119230571546,2685.9480157149465,2712.71826171875,39611800,0.0,0.0
2018-11-06 00:00:00+07:00,2739.48830093876,2828.722447549143,2739.48830093876,2766.258544921875,54707200,0.0,0.0
2018-11-07 00:00:00+07:00,2784.10546875,2784.10546875,2748.411808894231,2784.10546875,44942000,0.0,0.0
2018-11-08 00:00:00+07:00,2819.799072265625,2882.26297576518,2810.875657479974,2819.799072265625,86107000,0.0,0.0
2018-11-09 00:00:00+07:00,2846.5692611694335,2855.49267578125,2801.9521881103515,2855.49267578125,58920600,0.0,0.0
2018-11-12 00:00:00+07:00,2793.02899973016,2801.952415064761,2712.71826171875,2712.71826171875,62775800,0.0,0.0
2018-11-13 00:00:00+07:00,2677.0244356952135,2837.6459018369264,2668.1010209095625,2819.799072265625,61796000,0.0,0.0
2018-11-14 00:00:00+07:00,2819.7989437305296,2909.03308751947,2819.7989437305296,2864.416015625,77461200,0.0,0.0
2018-11-15 00:00:00+07:00,2828.7226518110797,2962.5738813920457,2828.7226518110797,2944.72705078125,73903400,0.0,0.0
2018-11-16 00:00:00+07:00,2953.6503156179406,3051.807878976845,2917.956656214703,2962.57373046875,56912600,0.0,0.0
2018-11-19 00:00:00+07:00,2953.6502605619885,2998.267333984375,2944.7268458775116,2998.267333984375,31995600,0.0,0.0
2018-11-20 00:00:00+07:00,2998.267333984375,2998.267333984375,2998.267333984375,2998.267333984375,0,0.0,0.0
2018-11-21 00:00:00+07:00,2909.033389559659,2962.5738813920457,2909.033389559659,2944.72705078125,65909400,0.0,0.0
2018-11-22 00:00:00+07:00,2926.8800165085568,3016.11416335333,2917.9566018240794,2998.267333984375,46871200,0.0,0.0
2018-11-23 00:00:00+07:00,3007.19091796875,3033.9611635293027,2980.4206724081973,3007.19091796875,16390400,0.0,0.0
2018-11-26 00:00:00+07:00,3007.19091796875,3033.9611635293027,2980.4206724081973,3007.19091796875,29419800,0.0,0.0
2018-11-27 00:00:00+07:00,2971.497074546153,3096.424879482027,2971.497074546153,3087.50146484375,81898400,0.0,0.0
2018-11-28 00:00:00+07:00,3123.1949298702484,3123.1949298702484,3033.9607890168127,3051.8076171875,54515400,0.0,0.0
2018-11-29 00:00:00+07:00,3087.5015775240386,3230.2762169471157,3087.5015775240386,3132.11865234375,90010200,0.0,0.0
2018-11-30 00:00:00+07:00,3087.501673081342,3132.1187492819395,3016.114351160386,3033.961181640625,122445000,0.0,0.0
2018-12-03 00:00:00+07:00,3105.3479966517857,3158.8884793526786,3105.3479966517857,3123.19482421875,72859800,0.0,0.0
2018-12-04 00:00:00+07:00,3051.8078446821737,3149.965406938033,3051.8078446821737,3141.0419921875,37438200,0.0,0.0
2018-12-05 00:00:00+07:00,3069.654341517857,3132.118238002232,3051.807513950893,3123.19482421875,36191200,0.0,0.0
2018-12-06 00:00:00+07:00,3087.50146484375,3096.424879482027,3042.8843916523665,3087.50146484375,57573800,0.0,0.0
2018-12-07 00:00:00+07:00,3051.808030020044,3078.578275897413,3016.114368850219,3060.7314453125,39306200,0.0,0.0
2018-12-10 00:00:00+07:00,3016.114368850219,3069.6548606049564,3007.1909535577624,3060.7314453125,22645600,0.0,0.0
2018-12-11 00:00:00+07:00,3060.731084880039,3069.654499121672,3016.114013671875,3016.114013671875,36969600,0.0,0.0
2018-12-12 00:00:00+07:00,3033.9608421551407,3051.8076706384063,3007.1905994302424,3016.114013671875,45196000,0.0,0.0
2018-12-13 00:00:00+07:00,3016.113960846126,3114.271515784905,3007.190546760782,3051.8076171875,68130200,0.0,0.0
2018-12-14 00:00:00+07:00,3033.960883561955,3087.50136974246,3025.0374691985376,3069.654541015625,40382000,0.0,0.0
2018-12-17 00:00:00+07:00,3069.6548606049564,3069.6548606049564,3016.114368850219,3060.7314453125,42779800,0.0,0.0
2018-12-18 00:00:00+07:00,3051.8076384171195,3087.5012950067935,3025.037395974864,3078.577880859375,31801800,0.0,0.0
2018-12-19 00:00:00+07:00,3096.4252172009697,3114.27204842403,3078.5783859779094,3105.3486328125,48642800,0.0,0.0
2018-12-20 00:00:00+07:00,3087.5016337018187,3123.1952942070425,3078.578218575513,3096.425048828125,29529600,0.0,0.0
2018-12-21 00:00:00+07:00,3069.654803449207,3105.3484639544304,3069.654803449207,3096.425048828125,32951600,0.0,0.0
2018-12-24 00:00:00+07:00,3096.4250488281245,3096.4250488281245,3096.4250488281245,3096.425048828125,0,0.0,0.0
2018-12-25 00:00:00+07:00,3096.4250488281245,3096.4250488281245,3096.4250488281245,3096.425048828125,0,0.0,0.0
2018-12-26 00:00:00+07:00,3069.654970366379,3132.1188796470906,3060.731554754849,3105.3486328125,25778200,0.0,0.0
2018-12-27 00:00:00+07:00,3141.0419921875,3141.0419921875,3105.3483331853695,3141.0419921875,31929800,0.0,0.0
2018-12-28 00:00:00+07:00,3149.965406938033,3149.965406938033,3123.1951626864347,3141.0419921875,32431600,0.0,0.0
2018-12-31 00:00:00+07:00,3141.0419921875,3141.0419921875,3141.0419921875,3141.0419921875,0,0.0,0.0
2019-01-01 00:00:00+07:00,3141.0419921875,3141.0419921875,3141.0419921875,3141.0419921875,0,0.0,0.0
2019-01-02 00:00:00+07:00,3141.0419726002865,3141.0419726002865,3096.4248991258505,3114.271728515625,15681200,0.0,0.0
2019-01-03 00:00:00+07:00,3096.4248991258505,3132.118557905399,3087.5014844309635,3114.271728515625,21416600,0.0,0.0
2019-01-04 00:00:00+07:00,3114.271728515625,3141.0419726002865,3096.4248991258505,3114.271728515625,41078600,0.0,0.0
2019-01-07 00:00:00+07:00,3149.965183483715,3185.6588399537854,3149.965183483715,3167.81201171875,48108200,0.0,0.0
2019-01-08 00:00:00+07:00,3167.81242456329,3194.58267040467,3141.04217872191,3176.73583984375,45945800,0.0,0.0
2019-01-09 00:00:00+07:00,3194.5825760835983,3194.5825760835983,3149.965500998632,3158.888916015625,50484000,0.0,0.0
2019-01-10 00:00:00+07:00,3185.659161066605,3185.659161066605,3141.0420859816386,3158.888916015625,44421400,0.0,0.0
2019-01-11 00:00:00+07:00,3194.5828395811445,3203.5062553341645,3176.736008075105,3185.659423828125,47217000,0.0,0.0
2019-01-14 00:00:00+07:00,3203.5056681888204,3203.5056681888204,3158.8885976012325,3167.81201171875,26702800,0.0,0.0
2019-01-15 00:00:00+07:00,3167.8118862575957,3248.1226101345487,3158.8884724934896,3212.428955078125,49947400,0.0,0.0
2019-01-16 00:00:00+07:00,3230.27649255701,3301.663818359375,3212.4296611064187,3301.663818359375,58089800,0.0,0.0
2019-01-17 00:00:00+07:00,3292.7404026340796,3328.4340655352617,3265.9701554581925,3301.663818359375,47773600,0.0,0.0
2019-01-18 00:00:00+07:00,3319.5101993641956,3355.203857421875,3283.8165413065162,3355.203857421875,39366000,0.0,0.0
2019-01-21 00:00:00+07:00,3283.816575626694,3346.2804778804625,3283.816575626694,3292.739990234375,33397400,0.0,0.0
2019-01-22 00:00:00+07:00,3292.7404026340796,3301.663818359375,3274.8935711834883,3301.663818359375,42127800,0.0,0.0
2019-01-23 00:00:00+07:00,3274.8929490568885,3292.739777117144,3221.352464876122,3230.27587890625,51746000,0.0,0.0
2019-01-24 00:00:00+07:00,3230.275782606337,3239.1991963704427,3203.5055413140194,3212.428955078125,88315800,0.0,0.0
2019-01-25 00:00:00+07:00,3221.3528019831733,3257.0464618389424,3212.429387019231,3248.123046875,51100800,0.0,0.0
2019-01-28 00:00:00+07:00,3248.123046875,3257.0464618389424,3230.2762169471157,3248.123046875,42198000,0.0,0.0
2019-01-29 00:00:00+07:00,3230.2766877488743,3248.123520277874,3185.6596064263763,3221.353271484375,38083600,0.0,0.0
2019-01-30 00:00:00+07:00,3176.7353000217013,3212.428955078125,3176.7353000217013,3212.428955078125,40402400,0.0,0.0
2019-01-31 00:00:00+07:00,3212.4297036415287,3274.8936145456696,3212.4297036415287,3239.199951171875,72412200,0.0,0.0
2019-02-01 00:00:00+07:00,3248.1233240076012,3328.4340655352617,3239.199908282306,3301.663818359375,83559800,0.0,0.0
2019-02-04 00:00:00+07:00,3301.6637079944353,3310.587123421447,3248.123215432363,3257.046630859375,45077600,0.0,0.0
2019-02-05 00:00:00+07:00,3257.046630859375,3257.046630859375,3257.046630859375,3257.046630859375,0,0.0,0.0
2019-02-06 00:00:00+07:00,3257.0464618389424,3292.740121694712,3248.123046875,3248.123046875,39366200,0.0,0.0
2019-02-07 00:00:00+07:00,3248.1233670153238,3248.1233670153238,3221.3531194849775,3239.199951171875,11857200,0.0,0.0
2019-02-08 00:00:00+07:00,3194.58244472493,3230.2761033252086,3185.6590300748603,3203.505859375,25850600,0.0,0.0
2019-02-11 00:00:00+07:00,3194.582222785739,3230.2758789062495,3176.7353947254833,3230.27587890625,29542600,0.0,0.0
2019-02-12 00:00:00+07:00,3230.2763315265097,3239.19974680697,3176.73583984375,3176.73583984375,25694400,0.0,0.0
2019-02-13 00:00:00+07:00,3158.888781949964,3176.7356112265174,3087.50146484375,3087.50146484375,57993000,0.0,0.0
2019-02-14 00:00:00+07:00,3087.5015775240386,3167.8123121995195,3087.5015775240386,3132.11865234375,34647200,0.0,0.0
2019-02-15 00:00:00+07:00,3132.11865234375,3132.11865234375,3105.3484074519233,3132.11865234375,25669400,0.0,0.0
2019-02-18 00:00:00+07:00,3141.0419568245125,3230.2761033252086,3141.0419568245125,3203.505859375,32794600,0.0,0.0
2019-02-19 00:00:00+07:00,3203.5056681888204,3221.352496423856,3149.965183483715,3167.81201171875,17644000,0.0,0.0
2019-02-20 00:00:00+07:00,3176.7360680771953,3176.7360680771953,3105.348740704674,3149.9658203125,30538000,0.0,0.0
2019-02-21 00:00:00+07:00,3176.736008075105,3194.5828395811445,3132.118929310005,3185.659423828125,26466400,0.0,0.0
2019-02-22 00:00:00+07:00,3176.735631379835,3176.735631379835,3087.5014844309635,3114.271728515625,59643400,0.0,0.0
2019-02-25 00:00:00+07:00,3132.1185774369674,3158.8888216885657,3114.271747935902,3141.0419921875,31297800,0.0,0.0
2019-02-26 00:00:00+07:00,3141.0420859816386,3167.812331032618,3105.3484259136653,3158.888916015625,32625400,0.0,0.0
2019-02-27 00:00:00+07:00,3123.195255947652,3185.659161066605,3114.2718409306585,3158.888916015625,19073600,0.0,0.0
2019-02-28 00:00:00+07:00,3185.6590659401636,3185.6590659401636,3114.271747935902,3141.0419921875,33411200,0.0,0.0
2019-03-01 00:00:00+07:00,3149.965371474582,3203.505859375,3141.0419568245125,3203.505859375,26656800,0.0,0.0
2019-03-04 00:00:00+07:00,3176.735932589909,3212.429594753841,3167.8125170489266,3194.582763671875,28548200,0.0,0.0
2019-03-05 00:00:00+07:00,3185.6590659401636,3185.6590659401636,3114.271747935902,3141.0419921875,28743600,0.0,0.0
2019-03-06 00:00:00+07:00,3123.1951626864347,3167.8122364390983,3123.1951626864347,3141.0419921875,23339600,0.0,0.0
2019-03-07 00:00:00+07:00,3141.0419921875,3141.0419921875,3141.0419921875,3141.0419921875,0,0.0,0.0
2019-03-08 00:00:00+07:00,3123.1952942070425,3132.1187093333483,3096.4250488281245,3096.425048828125,37957000,0.0,0.0
2019-03-11 00:00:00+07:00,3141.042124459654,3141.042124459654,3096.4250488281245,3096.425048828125,14711800,0.0,0.0
2019-03-12 00:00:00+07:00,3087.5016337018187,3114.2718790807367,3069.654803449207,3096.425048828125,20181600,0.0,0.0
2019-03-13 00:00:00+07:00,3060.7311266522074,3096.4247841058777,3042.8842979253723,3069.654541015625,32738800,0.0,0.0
2019-03-14 00:00:00+07:00,3114.2721566262394,3149.9658203125,3096.4253247831093,3149.9658203125,13382000,0.0,0.0
2019-03-15 00:00:00+07:00,3185.659456111183,3257.0467828587725,3176.736040267734,3239.199951171875,34814400,0.0,0.0
2019-03-18 00:00:00+07:00,3248.1230285970923,3337.357177734375,3239.199613683364,3337.357177734375,38275600,0.0,0.0
2019-03-19 00:00:00+07:00,3328.4337628206467,3373.050837389288,3319.5103479069185,3337.357177734375,39436000,0.0,0.0
2019-03-20 00:00:00+07:00,3346.2800056703627,3346.2800056703627,3301.6629389280915,3319.509765625,23188800,0.0,0.0
2019-03-21 00:00:00+07:00,3373.051042691929,3408.7447045193567,3364.127627235072,3399.8212890625,38604000,0.0,0.0
2019-03-22 00:00:00+07:00,3408.7444788614907,3444.4381383260093,3399.8210639953613,3426.59130859375,33572000,0.0,0.0
2019-03-25 00:00:00+07:00,3319.5103096340013,3373.050798499066,3265.9698207689366,3283.816650390625,26670200,0.0,0.0
2019-03-26 00:00:00+07:00,3346.281005859375,3355.204421875,3328.434173828125,3346.281005859375,6754600,0.0,0.0
2019-03-27 00:00:00+07:00,3265.969858424549,3346.2805926481033,3265.969858424549,3337.357177734375,7113800,0.0,0.0
2019-03-28 00:00:00+07:00,3364.127197265625,3373.0506115819794,3337.3569543165618,3364.127197265625,22824600,0.0,0.0
2019-03-29 00:00:00+07:00,3346.2804429074554,3373.0506864507147,3346.2804429074554,3355.203857421875,19813600,0.0,0.0
2019-04-01 00:00:00+07:00,3364.1276099795386,3390.8978562127977,3364.1276099795386,3373.051025390625,9954200,0.0,0.0
2019-04-02 00:00:00+07:00,3390.897780446075,3399.821195657775,3355.2041195992742,3381.974365234375,22445400,0.0,0.0
2019-04-03 00:00:00+07:00,3381.974365234375,3381.974365234375,3381.974365234375,3381.974365234375,0,0.0,0.0
2019-04-04 00:00:00+07:00,3399.8214885279076,3471.208816371013,3399.8214885279076,3462.285400390625,48871200,0.0,0.0
2019-04-05 00:00:00+07:00,3480.1319112508036,3515.825571879017,3444.43825062259,3471.20849609375,11966400,0.0,0.0
2019-04-08 00:00:00+07:00,3426.591441292876,3444.438271716276,3364.1275348109743,3381.974365234375,17860200,0.0,0.0
2019-04-09 00:00:00+07:00,3444.4386443697513,3462.2854767239987,3408.7449796612564,3453.362060546875,14496600,0.0,0.0
2019-04-10 00:00:00+07:00,3453.361984410237,3480.132232351402,3426.591736469072,3462.285400390625,17295200,0.0,0.0
2019-04-11 00:00:00+07:00,3497.9790482954545,3497.9790482954545,3390.898057021104,3435.51513671875,31259200,0.0,0.0
2019-04-12 00:00:00+07:00,3408.7449796612564,3453.362060546875,3390.898147307009,3453.362060546875,19171400,0.0,0.0
2019-04-15 00:00:00+07:00,3444.4379882812505,3462.2848172360755,3435.5145738038377,3444.43798828125,22821200,0.0,0.0
2019-04-16 00:00:00+07:00,3444.4385684298486,3480.132232351402,3444.4385684298486,3462.285400390625,43281000,0.0,0.0
2019-04-17 00:00:00+07:00,3462.285400390625,3462.285400390625,3462.285400390625,3462.285400390625,0,0.0,0.0
2019-04-18 00:00:00+07:00,3542.5954379164023,3658.599822533312,3480.1315385072967,3515.8251953125,90501000,0.0,0.0
2019-04-19 00:00:00+07:00,3515.8251953125,3515.8251953125,3515.8251953125,3515.8251953125,0,0.0,0.0
2019-04-22 00:00:00+07:00,3506.9025576096174,3506.9025576096174,3435.5152281926275,3453.362060546875,38719000,0.0,0.0
2019-04-23 00:00:00+07:00,3426.5914381377547,3506.9021749691083,3426.5914381377547,3497.978759765625,25165200,0.0,0.0
2019-04-24 00:00:00+07:00,3533.67242057956,3542.5958357830436,3489.055344562141,3497.978759765625,22612800,0.0,0.0
2019-04-25 00:00:00+07:00,3462.284968058268,3471.208382924398,3408.7444788614907,3426.59130859375,61278200,0.0,0.0
2019-04-26 00:00:00+07:00,3435.5145738038377,3444.4379882812505,3390.897501416775,3444.43798828125,62720800,0.0,0.0
2019-04-29 00:00:00+07:00,3471.208800476867,3471.208800476867,3408.7448889001626,3435.51513671875,26364400,0.0,0.0
2019-04-30 00:00:00+07:00,3435.5147234598794,3462.284968058268,3399.8210639953613,3426.59130859375,46762800,0.0,0.0
2019-05-01 00:00:00+07:00,3426.59130859375,3426.59130859375,3426.59130859375,3426.59130859375,0,0.0,0.0
2019-05-02 00:00:00+07:00,3399.8208545310426,3417.6676831637515,3319.510125683853,3364.127197265625,60074200,0.0,0.0
2019-05-03 00:00:00+07:00,3355.2043127111488,3355.2043127111488,3274.8935711834883,3301.663818359375,59192200,0.0,0.0
2019-05-06 00:00:00+07:00,3248.1227387764084,3257.046152893926,3123.194941131162,3167.81201171875,55552200,0.0,0.0
2019-05-07 00:00:00+07:00,3167.8125170489266,3230.2764258358065,3123.195439344012,3194.582763671875,61910000,0.0,0.0
2019-05-08 00:00:00+07:00,3132.118238002232,3158.8884793526786,3105.3479966517857,3123.19482421875,41682400,0.0,0.0
2019-05-09 00:00:00+07:00,3069.6548606049564,3096.425106482325,3051.808030020044,3060.7314453125,69829800,0.0,0.0
2019-05-10 00:00:00+07:00,3087.50136974246,3149.9652702863827,3060.7311266522074,3069.654541015625,45151200,0.0,0.0
2019-05-13 00:00:00+07:00,3069.6548426011027,3096.4250883214613,3033.961181640625,3033.961181640625,20710000,0.0,0.0
2019-05-14 00:00:00+07:00,3016.114013671875,3051.8076706384063,2944.7266997388133,3016.114013671875,68445400,0.0,0.0
2019-05-15 00:00:00+07:00,3025.0378662851444,3025.0378662851444,2900.110048798442,2935.8037109375,90706000,0.0,0.0
2019-05-16 00:00:00+07:00,2926.8802023604744,2980.420693867068,2882.263126104979,2917.956787109375,36448400,0.0,0.0
2019-05-17 00:00:00+07:00,3025.0374959309893,3025.0374959309893,2873.339450412326,2891.186279296875,61447200,0.0,0.0
2019-05-20 00:00:00+07:00,2891.1865205396884,3016.114333155601,2793.0289534843287,3007.19091796875,43655000,0.0,0.0
2019-05-21 00:00:00+07:00,3016.11405483512,3069.654541015625,2989.3438117448673,3069.654541015625,78310800,0.0,0.0
2019-05-22 00:00:00+07:00,3033.576904296875,3097.537863122411,3024.4396244646555,3033.576904296875,40857000,100.644775,0.0
2019-05-23 00:00:00+07:00,3024.4400081858917,3143.2246610753677,3024.4400081858917,3106.675537109375,43215600,0.0,0.0
2019-05-24 00:00:00+07:00,3097.5380605355854,3216.3227059248557,3097.5380605355854,3161.4990234375,48374800,0.0,0.0
2019-05-27 00:00:00+07:00,3161.499120251886,3225.4600851124733,3161.499120251886,3179.773681640625,32246800,0.0,0.0
2019-05-28 00:00:00+07:00,3161.4990264330904,3161.4990264330904,2960.4788571223157,2978.75341796875,222512000,0.0,0.0
2019-05-29 00:00:00+07:00,2978.75341796875,3006.165259238401,2933.067015852665,2978.75341796875,78292800,0.0,0.0
2019-05-30 00:00:00+07:00,2978.75341796875,2978.75341796875,2978.75341796875,2978.75341796875,0,0.0,0.0
2019-05-31 00:00:00+07:00,2997.027977353051,3079.2635011218845,2997.027977353051,3070.126220703125,89160800,0.0,0.0
2019-06-03 00:00:00+07:00,3070.126220703125,3070.126220703125,3070.126220703125,3070.126220703125,0,0.0,0.0
2019-06-04 00:00:00+07:00,3070.126220703125,3070.126220703125,3070.126220703125,3070.126220703125,0,0.0,0.0
2019-06-05 00:00:00+07:00,3070.126220703125,3070.126220703125,3070.126220703125,3070.126220703125,0,0.0,0.0
2019-06-06 00:00:00+07:00,3070.126220703125,3070.126220703125,3070.126220703125,3070.126220703125,0,0.0,0.0
2019-06-07 00:00:00+07:00,3070.126220703125,3070.126220703125,3070.126220703125,3070.126220703125,0,0.0,0.0
2019-06-10 00:00:00+07:00,3134.08710965643,3188.91079087491,3124.94982945335,3170.63623046875,101675200,0.0,0.0
2019-06-11 00:00:00+07:00,3143.2246834001458,3170.636526569333,3097.538278118167,3134.08740234375,44879800,0.0,0.0
2019-06-12 00:00:00+07:00,3124.9500476925873,3161.4991710574127,3115.8127668513807,3143.224609375,39229000,0.0,0.0
2019-06-13 00:00:00+07:00,3143.2244626083816,3170.6363038520594,3115.812621364704,3161.4990234375,54401400,0.0,0.0
2019-06-14 00:00:00+07:00,3143.2246610753677,3161.499223058364,3088.400975126379,3106.675537109375,40394600,0.0,0.0
2019-06-17 00:00:00+07:00,3106.6751947346525,3115.8124747191664,3079.2633547811115,3088.400634765625,21955800,0.0,0.0
2019-06-18 00:00:00+07:00,3106.6753643221705,3198.0481691551754,3088.4008033555697,3188.910888671875,62706200,0.0,0.0
2019-06-19 00:00:00+07:00,3225.4599849400893,3298.5582282248506,3225.4599849400893,3252.871826171875,79746600,0.0,0.0
2019-06-20 00:00:00+07:00,3289.4207486239347,3289.4207486239347,3188.910670193759,3216.322509765625,54402200,0.0,0.0
2019-06-21 00:00:00+07:00,3243.734448104255,3252.87172823976,3216.3226076977403,3234.59716796875,51525600,0.0,0.0
2019-06-24 00:00:00+07:00,3252.8716549295773,3280.2834947183096,3216.3225352112677,3243.734375,32097800,0.0,0.0
2019-06-25 00:00:00+07:00,3271.1463134081755,3280.2835936132265,3252.871752998074,3262.009033203125,18337600,0.0,0.0
2019-06-26 00:00:00+07:00,3262.009008375265,3271.14628851077,3234.59716796875,3234.59716796875,28871200,0.0,0.0
2019-06-27 00:00:00+07:00,3271.1463869930653,3271.1463869930653,3243.7345457612796,3252.871826171875,18194800,0.0,0.0
2019-06-28 00:00:00+07:00,3262.00896288001,3371.656322976817,3252.871682871943,3362.51904296875,81840600,0.0,0.0
2019-07-01 00:00:00+07:00,3399.068625,3453.8923125,3399.068625,3426.48046875,56506600,0.0,0.0
2019-07-02 00:00:00+07:00,3417.342529296875,3426.4798087869735,3389.930690826579,3417.342529296875,33067800,0.0,0.0
2019-07-03 00:00:00+07:00,3417.342846745141,3417.342846745141,3380.7937253895775,3408.20556640625,34549000,0.0,0.0
2019-07-04 00:00:00+07:00,3408.2059062499998,3435.61775,3399.068625,3426.48046875,24270400,0.0,0.0
2019-07-05 00:00:00+07:00,3389.930882992952,3408.205443009086,3325.969922936481,3362.51904296875,40019800,0.0,0.0
2019-07-08 00:00:00+07:00,3316.832566455214,3353.3816856448034,3271.1461674682278,3280.283447265625,39037200,0.0,0.0
2019-07-09 00:00:00+07:00,3280.2836660583166,3353.381909313098,3280.2836660583166,3344.24462890625,21892000,0.0,0.0
2019-07-10 00:00:00+07:00,3335.1073484994026,3380.793750533641,3335.1073484994026,3344.24462890625,34132000,0.0,0.0
2019-07-11 00:00:00+07:00,3362.519626266892,3389.9314710462418,3344.245063080659,3380.794189453125,27475200,0.0,0.0
2019-07-12 00:00:00+07:00,3362.51904296875,3380.7936029848847,3344.2444829526157,3362.51904296875,27073600,0.0,0.0
2019-07-15 00:00:00+07:00,3380.7936765582426,3408.2055171789852,3353.3818359375,3353.3818359375,39008200,0.0,0.0
2019-07-16 00:00:00+07:00,3353.38213186553,3362.519412878788,3307.6957267992425,3316.8330078125,34469200,0.0,0.0
2019-07-17 00:00:00+07:00,3280.2834728936464,3316.8325923687844,3280.2834728936464,3307.6953125,21264800,0.0,0.0
2019-07-18 00:00:00+07:00,3307.6953345070424,3316.8326144366197,3234.5970950704223,3243.734375,39663600,0.0,0.0
2019-07-19 00:00:00+07:00,3243.7345457612796,3280.2836674036603,3234.5972653506847,3252.871826171875,29465600,0.0,0.0
2019-07-22 00:00:00+07:00,3243.734448104255,3271.14628851077,3207.185327562235,3234.59716796875,29243600,0.0,0.0
2019-07-23 00:00:00+07:00,3252.8716513813406,3262.0089313009507,3152.361572265625,3152.361572265625,82475600,0.0,0.0
2019-07-24 00:00:00+07:00,3124.949828739336,3134.087108940328,3079.263427734375,3079.263427734375,86821600,0.0,0.0
2019-07-25 00:00:00+07:00,3079.2636941348806,3115.8128181008733,3079.2636941348806,3106.675537109375,64678600,0.0,0.0
2019-07-26 00:00:00+07:00,3088.4007079353673,3097.5379881363597,3070.1261475333827,3079.263427734375,39358000,0.0,0.0
2019-07-29 00:00:00+07:00,3070.126122754491,3088.400683008982,3033.577002245509,3051.8515625,40294600,0.0,0.0
2019-07-30 00:00:00+07:00,3033.577002245509,3060.9888426272455,3006.1651618637725,3051.8515625,54556800,0.0,0.0
2019-07-31 00:00:00+07:00,3070.1262444690265,3106.6753664269913,3024.4398420215707,3097.5380859375,43706400,0.0,0.0
2019-08-01 00:00:00+07:00,3088.4007324218746,3088.4007324218746,3015.302490234375,3015.302490234375,64720000,0.0,0.0
2019-08-02 00:00:00+07:00,2987.890600133825,2987.890600133825,2933.0669193974245,2960.478759765625,78779000,0.0,0.0
2019-08-05 00:00:00+07:00,2933.067190272575,2942.204471239156,2887.380785439669,2896.51806640625,61291400,0.0,0.0
2019-08-06 00:00:00+07:00,2850.8314696485622,2905.655151757189,2759.4586661341855,2859.96875,69999200,0.0,0.0
2019-08-07 00:00:00+07:00,2887.3806888640875,2923.929811507937,2859.9688468812005,2878.243408203125,56503000,0.0,0.0
2019-08-08 00:00:00+07:00,2887.380447716346,2978.7532466947114,2878.2431678185094,2969.615966796875,52673200,0.0,0.0
2019-08-09 00:00:00+07:00,2978.753595105481,2987.8908760720624,2896.51806640625,2896.51806640625,41206600,0.0,0.0
2019-08-12 00:00:00+07:00,2905.6553473728313,2923.929909305994,2850.831661573344,2896.51806640625,26290000,0.0,0.0
2019-08-13 00:00:00+07:00,2878.2433348064183,2887.380615234375,2859.9687739505043,2887.380615234375,36218200,0.0,0.0
2019-08-14 00:00:00+07:00,2923.929639274691,2969.616039888358,2905.6550790292245,2960.478759765625,53094000,0.0,0.0
2019-08-15 00:00:00+07:00,2887.3804943049067,2933.06689453125,2869.1059342143694,2933.06689453125,34110000,0.0,0.0
2019-08-16 00:00:00+07:00,2933.067190272575,2960.479033172319,2887.380785439669,2896.51806640625,25707800,0.0,0.0
2019-08-19 00:00:00+07:00,2923.929811507937,2933.067092168899,2859.9688468812005,2878.243408203125,21047400,0.0,0.0
2019-08-20 00:00:00+07:00,2896.5178466796874,2896.5178466796874,2823.4196044921873,2832.556884765625,34351800,0.0,0.0
2019-08-21 00:00:00+07:00,2814.2823490356845,2841.6941900977204,2768.595947265625,2768.595947265625,36213000,0.0,0.0
2019-08-22 00:00:00+07:00,2786.870679353413,2823.419803017064,2732.046993857936,2777.7333984375,62568600,0.0,0.0
2019-08-23 00:00:00+07:00,2777.733081454918,2796.007641201332,2722.9094022156764,2786.870361328125,35492200,0.0,0.0
2019-08-26 00:00:00+07:00,2732.0470450846356,2750.3216072591144,2695.4979207356773,2741.184326171875,30273800,0.0,0.0
2019-08-27 00:00:00+07:00,2722.909545495565,2786.8705079736487,2722.909545495565,2768.595947265625,46766400,0.0,0.0
2019-08-28 00:00:00+07:00,2777.7333984375,2786.870679353413,2750.3215556897617,2777.7333984375,29902600,0.0,0.0
2019-08-29 00:00:00+07:00,2786.870409182932,2786.870409182932,2741.184009032392,2750.3212890625,42715800,0.0,0.0
2019-08-30 00:00:00+07:00,2768.5958267806413,2814.2822265625,2768.5958267806413,2814.2822265625,36471000,0.0,0.0
2019-09-02 00:00:00+07:00,2805.144921074539,2823.419480820953,2786.870361328125,2786.870361328125,20164000,0.0,0.0
2019-09-03 00:00:00+07:00,2796.0076633939807,2805.144943339713,2677.2230240994654,2722.909423828125,34817800,0.0,0.0
2019-09-04 00:00:00+07:00,2741.184057370581,2741.184057370581,2677.223096031934,2713.772216796875,49092600,0.0,0.0
2019-09-05 00:00:00+07:00,2741.184009032392,2768.595849122716,2722.909448972176,2750.3212890625,31491600,0.0,0.0
2019-09-06 00:00:00+07:00,2777.7333984375,2796.007960269326,2759.4588366056746,2777.7333984375,37695400,0.0,0.0
2019-09-09 00:00:00+07:00,2777.7328099130796,2786.8700888930566,2741.1836939931704,2759.458251953125,25346600,0.0,0.0
2019-09-10 00:00:00+07:00,2759.458642578125,2841.694165039062,2759.458642578125,2832.556884765625,39409600,0.0,0.0
2019-09-11 00:00:00+07:00,2832.556884765625,2923.9296875,2832.556884765625,2923.9296875,59184000,0.0,0.0
2019-09-12 00:00:00+07:00,2960.478934151786,2969.6162148127482,2869.106127542163,2878.243408203125,48065600,0.0,0.0
2019-09-13 00:00:00+07:00,2905.655324753682,2914.792605649134,2859.968920276423,2869.106201171875,17730000,0.0,0.0
2019-09-16 00:00:00+07:00,2832.5571066393527,2850.831668617671,2768.596139715238,2805.145263671875,35483200,0.0,0.0
2019-09-17 00:00:00+07:00,2768.595922851562,2841.694165039062,2768.595922851562,2832.556884765625,28974800,0.0,0.0
2019-09-18 00:00:00+07:00,2850.8314935225476,2887.380615234375,2841.6942130945904,2887.380615234375,24518400,0.0,0.0
2019-09-19 00:00:00+07:00,2905.6550520623996,2905.6550520623996,2841.694091796875,2841.694091796875,25170600,0.0,0.0
2019-09-20 00:00:00+07:00,2823.4196537990197,2841.694214665033,2786.8705320669937,2796.0078125,53056600,0.0,0.0
2019-09-23 00:00:00+07:00,2777.7332276196366,2796.007788327661,2750.321386557601,2768.595947265625,34235800,0.0,0.0
2019-09-24 00:00:00+07:00,2768.595823556785,2768.595823556785,2704.634863936661,2722.909423828125,38873600,0.0,0.0
2019-09-25 00:00:00+07:00,2704.635033444816,2750.3214360367892,2686.3604724080265,2732.046875,26900200,0.0,0.0
2019-09-26 00:00:00+07:00,2750.320972973148,2796.007367873034,2741.1836939931704,2759.458251953125,30615000,0.0,0.0
2019-09-27 00:00:00+07:00,2750.321337561816,2759.4586177530514,2713.772216796875,2713.772216796875,30928400,0.0,0.0
2019-09-30 00:00:00+07:00,2695.4976316698553,2704.6349117772106,2613.262110703656,2686.3603515625,80081800,0.0,0.0
2019-10-01 00:00:00+07:00,2677.2230463716173,2704.6348864368556,2649.811206306379,2658.948486328125,32188800,0.0,0.0
2019-10-02 00:00:00+07:00,2640.6742282688406,2668.086071468863,2521.889574402076,2531.02685546875,73132000,0.0,0.0
2019-10-03 00:00:00+07:00,2503.614601024683,2558.438278419384,2485.340041893116,2521.88916015625,42558800,0.0,0.0
2019-10-04 00:00:00+07:00,2521.889232954545,2558.438352272727,2503.6146732954544,2512.751953125,26569200,0.0,0.0
2019-10-07 00:00:00+07:00,2531.0266104137404,2540.1638905957398,2430.516528411751,2439.65380859375,43606000,0.0,0.0
2019-10-08 00:00:00+07:00,2467.065939431662,2494.477783203125,2448.791376917354,2494.477783203125,41912800,0.0,0.0
2019-10-09 00:00:00+07:00,2485.340234375,2485.340234375,2457.9283935546873,2467.065673828125,25237400,0.0,0.0
2019-10-10 00:00:00+07:00,2467.065673828125,2503.614794921875,2457.9283935546873,2467.065673828125,23288400,0.0,0.0
2019-10-11 00:00:00+07:00,2485.34030577957,2558.4385500672042,2485.34030577957,2549.30126953125,33226000,0.0,0.0
2019-10-14 00:00:00+07:00,2585.850541868795,2585.850541868795,2521.889574402076,2531.02685546875,51132400,0.0,0.0
2019-10-15 00:00:00+07:00,2540.1637261664114,2631.536522071678,2494.4773282137785,2613.261962890625,68801400,0.0,0.0
2019-10-16 00:00:00+07:00,2631.536961206896,2649.8115234375,2576.713274515086,2649.8115234375,65482600,0.0,0.0
2019-10-17 00:00:00+07:00,2649.811159295551,2704.63483845339,2640.673879435911,2695.49755859375,61564000,0.0,0.0
2019-10-18 00:00:00+07:00,2686.3604724080265,2741.1841555183946,2686.3604724080265,2732.046875,38171800,0.0,0.0
2019-10-21 00:00:00+07:00,2732.0466780323095,2741.1839578919494,2677.2229988744707,2695.49755859375,37392000,0.0,0.0
2019-10-22 00:00:00+07:00,2713.7725134319007,2732.0470758119136,2631.536982721843,2677.223388671875,44307200,0.0,0.0
2019-10-23 00:00:00+07:00,2668.0854621533526,2759.458251953125,2640.673625213421,2759.458251953125,65670400,0.0,0.0
2019-10-24 00:00:00+07:00,2777.7332500988923,2951.341578230073,2777.7332500988923,2887.380615234375,149978000,0.0,0.0
2019-10-25 00:00:00+07:00,2896.517871405751,2914.792432108626,2823.4196285942494,2859.96875,58625000,0.0,0.0
2019-10-28 00:00:00+07:00,2869.105931910671,2878.2432119486034,2823.419531721011,2841.694091796875,21229200,0.0,0.0
2019-10-29 00:00:00+07:00,2841.693747313663,2859.9683051742013,2796.007352662318,2823.419189453125,48916600,0.0,0.0
2019-10-30 00:00:00+07:00,2832.556884765625,2869.106005859375,2786.8704833984375,2832.556884765625,46691200,0.0,0.0
2019-10-31 00:00:00+07:00,2814.282544661034,2841.694387628512,2777.7334207043973,2805.145263671875,28738000,0.0,0.0
2019-11-01 00:00:00+07:00,2823.4198256501936,2823.4198256501936,2786.870701693557,2805.145263671875,19296200,0.0,0.0
2019-11-04 00:00:00+07:00,2805.144921074539,2832.55676069416,2786.870361328125,2786.870361328125,33528400,0.0,0.0
2019-11-05 00:00:00+07:00,2777.73279480178,2850.8310262439322,2768.595515871511,2823.419189453125,101298400,0.0,0.0
2019-11-06 00:00:00+07:00,2841.6944181315102,2841.6944181315102,2722.9097639973957,2741.184326171875,73559600,0.0,0.0
2019-11-07 00:00:00+07:00,2741.1842747738488,2777.7333984375,2658.9487465306333,2777.7333984375,47956400,0.0,0.0
2019-11-08 00:00:00+07:00,2796.007982682716,2814.282544661034,2741.1842967477605,2805.145263671875,34375400,0.0,0.0
2019-11-11 00:00:00+07:00,2777.7328099130796,2796.007367873034,2741.1836939931704,2759.458251953125,29695800,0.0,0.0
2019-11-12 00:00:00+07:00,2741.1842747738488,2777.7333984375,2722.9097129420234,2777.7333984375,43277200,0.0,0.0
2019-11-13 00:00:00+07:00,2777.7331526360545,2777.7331526360545,2686.3603515625,2686.3603515625,47613000,0.0,0.0
2019-11-14 00:00:00+07:00,2695.49777932363,2713.7723405393835,2622.3995344606165,2668.0859375,59175600,0.0,0.0
2019-11-15 00:00:00+07:00,2686.360304045197,2759.458543611053,2668.0857441537332,2722.909423828125,34211400,0.0,0.0
2019-11-18 00:00:00+07:00,2732.0467771793456,2750.321337561816,2686.360376223169,2713.772216796875,41639200,0.0,0.0
2019-11-19 00:00:00+07:00,2732.046993857936,2777.7333984375,2695.4978701942846,2777.7333984375,42106200,0.0,0.0
2019-11-20 00:00:00+07:00,2777.733251633987,2805.1450929330067,2741.184129901961,2796.0078125,48311000,0.0,0.0
2019-11-21 00:00:00+07:00,2786.8703866933847,2823.419506518872,2750.321266867898,2814.2822265625,42079800,0.0,0.0
2019-11-22 00:00:00+07:00,2814.2823733660134,2814.2823733660134,2786.8705320669937,2796.0078125,21247000,0.0,0.0
2019-11-25 00:00:00+07:00,2786.870731608073,2796.0080126953126,2732.0470450846356,2741.184326171875,25178600,0.0,0.0
2019-11-26 00:00:00+07:00,2750.3216072591144,2768.596169433594,2713.772482910156,2741.184326171875,73842800,0.0,0.0
2019-11-27 00:00:00+07:00,2722.9095944816054,2768.5959970735785,2713.7723139632108,2732.046875,24769800,0.0,0.0
2019-11-28 00:00:00+07:00,2732.046851080817,2768.5959728344064,2686.36044888883,2704.635009765625,21981000,0.0,0.0
2019-11-29 00:00:00+07:00,2704.6352018229168,2750.3216072591144,2677.223358561198,2741.184326171875,20343400,0.0,0.0
2019-12-02 00:00:00+07:00,2722.9091360332163,2814.2819258329887,2722.9091360332163,2759.458251953125,64660200,0.0,0.0
2019-12-03 00:00:00+07:00,2750.320972973148,2796.007367873034,2732.0464150131934,2759.458251953125,41645000,0.0,0.0
2019-12-04 00:00:00+07:00,2741.184057370581,2759.4586177530514,2713.772216796875,2713.772216796875,42196800,0.0,0.0
2019-12-05 00:00:00+07:00,2722.909423828125,2750.321263665321,2713.7721438823933,2722.909423828125,53985800,0.0,0.0
2019-12-06 00:00:00+07:00,2741.184106203589,2786.8705079736487,2732.046825849577,2768.595947265625,29544800,0.0,0.0
2019-12-09 00:00:00+07:00,2786.8705079736487,2796.007788327661,2750.321386557601,2768.595947265625,36970600,0.0,0.0
2019-12-10 00:00:00+07:00,2768.596117521587,2796.007960269326,2750.3215556897617,2777.7333984375,38381200,0.0,0.0
2019-12-11 00:00:00+07:00,2796.00768921304,2796.00768921304,2750.3212890625,2750.3212890625,31571800,0.0,0.0
2019-12-12 00:00:00+07:00,2759.458569092608,2805.144969243148,2750.3212890625,2750.3212890625,50870000,0.0,0.0
2019-12-13 00:00:00+07:00,2786.8705320669937,2814.2823733660134,2768.595971200981,2796.0078125,48904000,0.0,0.0
2019-12-16 00:00:00+07:00,2796.0076666497566,2832.556786475244,2777.7331067370133,2814.2822265625,59955600,0.0,0.0
2019-12-17 00:00:00+07:00,2814.2822265625,2823.419506518872,2796.0076666497566,2814.2822265625,45188200,0.0,0.0
2019-12-18 00:00:00+07:00,2814.2823482428116,2869.1060303514378,2796.007787539936,2859.96875,84394000,0.0,0.0
2019-12-19 00:00:00+07:00,2859.96875,2869.1060303514378,2832.556908945687,2859.96875,38600800,0.0,0.0
2019-12-20 00:00:00+07:00,2859.968578632061,2859.968578632061,2832.5567392202524,2850.831298828125,37723600,0.0,0.0
2019-12-23 00:00:00+07:00,2869.1062235065065,2896.51806640625,2850.831661573344,2896.51806640625,45834400,0.0,0.0
2019-12-26 00:00:00+07:00,2905.6552734375,2923.9298349056603,2896.5179927034196,2905.6552734375,35309200,0.0,0.0
2019-12-27 00:00:00+07:00,2905.6553473728313,2914.7926283394127,2869.1062235065065,2896.51806640625,19371400,0.0,0.0
2019-12-30 00:00:00+07:00,2905.655324753682,2914.792605649134,2850.8316393809714,2869.106201171875,35604600,0.0,0.0
2020-01-02 00:00:00+07:00,2878.2432119486034,2878.2432119486034,2841.694091796875,2841.694091796875,18602600,0.0,0.0
2020-01-03 00:00:00+07:00,2850.831298828125,2878.2431382399336,2796.007620004507,2850.831298828125,32251400,0.0,0.0
2020-01-06 00:00:00+07:00,2832.55676069416,2832.55676069416,2777.733081454918,2786.870361328125,26249200,0.0,0.0
2020-01-07 00:00:00+07:00,2805.144646853011,2814.2819258329887,2750.320972973148,2759.458251953125,38049800,0.0,0.0
2020-01-08 00:00:00+07:00,2741.184057370581,2750.321337561816,2704.6349366056397,2713.772216796875,40926800,0.0,0.0
2020-01-09 00:00:00+07:00,2741.183986911526,2814.2822265625,2741.183986911526,2814.2822265625,43770600,0.0,0.0
2020-01-10 00:00:00+07:00,2814.281910522856,2859.9683051742013,2805.1446315925873,2823.419189453125,41985000,0.0,0.0
2020-01-13 00:00:00+07:00,2832.5568117589432,2850.831371834807,2814.282251683079,2841.694091796875,24716600,0.0,0.0
2020-01-14 00:00:00+07:00,2859.968920276423,2869.106201171875,2823.419796694616,2869.106201171875,40286800,0.0,0.0
2020-01-15 00:00:00+07:00,2850.831668617671,2878.2435115851486,2796.007982682716,2805.145263671875,35369800,0.0,0.0
2020-01-16 00:00:00+07:00,2805.1449466061285,2841.6940664316153,2786.8703866933847,2814.2822265625,38027400,0.0,0.0
2020-01-17 00:00:00+07:00,2814.282251683079,2841.694091796875,2805.144971645147,2841.694091796875,33630000,0.0,0.0
2020-01-20 00:00:00+07:00,2823.4192048129657,2850.8310417528974,2750.320972973148,2759.458251953125,35184600,0.0,0.0
2020-01-21 00:00:00+07:00,2768.595947265625,2796.007788327661,2741.184106203589,2768.595947265625,32903600,0.0,0.0
2020-01-22 00:00:00+07:00,2786.870361328125,2814.282200947746,2768.595801581711,2786.870361328125,44490400,0.0,0.0
2020-01-23 00:00:00+07:00,2786.8705320669937,2823.4196537990197,2759.458690767974,2796.0078125,44155400,0.0,0.0
2020-01-24 00:00:00+07:00,2777.7331067370133,2841.6940664316153,2777.7331067370133,2814.2822265625,35702000,0.0,0.0
2020-01-27 00:00:00+07:00,2814.2822232854446,2814.2822232854446,2722.909423828125,2722.909423828125,28379600,0.0,0.0
2020-01-28 00:00:00+07:00,2704.635033444816,2732.046875,2668.085911371237,2732.046875,42985000,0.0,0.0
2020-01-29 00:00:00+07:00,2732.046752099277,2750.321312313988,2686.3603515625,2686.3603515625,33503800,0.0,0.0
2020-01-30 00:00:00+07:00,2686.3606478987067,2713.772491244612,2649.8115234375,2649.8115234375,26904000,0.0,0.0
2020-01-31 00:00:00+07:00,2668.085740831163,2668.085740831163,2594.987501356337,2631.53662109375,54195000,0.0,0.0
2020-02-03 00:00:00+07:00,2594.9877192982453,2668.0859649122804,2585.850438596491,2604.125,40300400,0.0,0.0
2020-02-04 00:00:00+07:00,2640.6739510257225,2695.4976316698553,2622.399390811012,2686.3603515625,39320000,0.0,0.0
2020-02-05 00:00:00+07:00,2686.360376223169,2713.772216796875,2649.811255458228,2713.772216796875,32161400,0.0,0.0
2020-02-06 00:00:00+07:00,2741.1840322066323,2750.321312313988,2686.3603515625,2686.3603515625,33597000,0.0,0.0
2020-02-07 00:00:00+07:00,2704.6349117772106,2704.6349117772106,2686.3603515625,2686.3603515625,39234200,0.0,0.0
2020-02-10 00:00:00+07:00,2677.223388671875,2677.223388671875,2640.6742639118493,2677.223388671875,24158600,0.0,0.0
2020-02-11 00:00:00+07:00,2668.0859375,2695.49777932363,2658.9486568921234,2668.0859375,17313800,0.0,0.0
2020-02-12 00:00:00+07:00,2668.0857663498714,2695.4976064151097,2658.948486328125,2658.948486328125,22518200,0.0,0.0
2020-02-13 00:00:00+07:00,2658.948607573638,2713.7722902040223,2658.948607573638,2704.635009765625,41031400,0.0,0.0
2020-02-14 00:00:00+07:00,2695.497608881852,2777.733129152824,2677.2230488216364,2750.3212890625,51465800,0.0,0.0
2020-02-17 00:00:00+07:00,2777.733081454918,2796.007641201332,2750.3212418352973,2786.870361328125,28980000,0.0,0.0
2020-02-18 00:00:00+07:00,2796.0076666497566,2832.556786475244,2777.7331067370133,2814.2822265625,46645800,0.0,0.0
2020-02-19 00:00:00+07:00,2805.144971645147,2859.9686518727394,2786.8704115692826,2841.694091796875,51704600,0.0,0.0
2020-02-20 00:00:00+07:00,2850.831661573344,2905.6553473728313,2850.831661573344,2896.51806640625,71856200,0.0,0.0
2020-02-21 00:00:00+07:00,2878.2432119486034,2878.2432119486034,2823.419531721011,2841.694091796875,94446000,0.0,0.0
2020-02-24 00:00:00+07:00,2777.7332276196366,2814.2823490356845,2732.046825849577,2768.595947265625,59512800,0.0,0.0
2020-02-25 00:00:00+07:00,2741.184326171875,2786.870731608073,2732.0470450846356,2741.184326171875,33976200,0.0,0.0
2020-02-26 00:00:00+07:00,2704.635059931507,2713.7723405393835,2668.0859375,2668.0859375,72455400,0.0,0.0
2020-02-27 00:00:00+07:00,2649.81105413538,2668.0856131294167,2531.0264206741385,2585.85009765625,59326400,0.0,0.0
2020-02-28 00:00:00+07:00,2485.3399271574735,2567.575439453125,2439.653531437667,2567.575439453125,104295000,0.0,0.0
2020-03-02 00:00:00+07:00,2616.993994140625,2626.407641601563,2466.3756347656254,2541.684814453125,82760000,103.12054,0.0
2020-03-03 00:00:00+07:00,2579.3395026711855,2616.994093951057,2522.857615751379,2560.51220703125,83411600,0.0,0.0
2020-03-04 00:00:00+07:00,2560.5122526978416,2635.8214366007196,2532.2713087342627,2616.994140625,77696400,0.0,0.0
2020-03-05 00:00:00+07:00,2635.821564503205,2654.648861392514,2541.685080056662,2569.926025390625,78261200,0.0,0.0
2020-03-06 00:00:00+07:00,2522.8575706481934,2522.8575706481934,2409.893798828125,2409.893798828125,85722600,0.0,0.0
2020-03-09 00:00:00+07:00,2268.6890901548672,2306.343680862832,2108.657079646018,2127.484375,136122600,0.0,0.0
2020-03-10 00:00:00+07:00,2146.311351356002,2231.034167856897,2108.656766244493,2136.897705078125,164540600,0.0,0.0
2020-03-11 00:00:00+07:00,2136.897898402149,2155.725192661199,1986.2795443297512,2080.416015625,106587600,0.0,0.0
2020-03-12 00:00:00+07:00,1958.038722403607,2023.9342563306516,1882.729540772699,1892.1431884765625,135371800,0.0,0.0
2020-03-13 00:00:00+07:00,1892.1431884765625,1892.1431884765625,1892.1431884765625,1892.1431884765625,0,0.0,0.0
2020-03-16 00:00:00+07:00,1920.384112901924,1976.86599857551,1822.482177734375,1822.482177734375,98330000,0.0,0.0
2020-03-17 00:00:00+07:00,1818.716475053267,1822.48193359375,1698.2218017578125,1698.2218017578125,137142000,0.0,0.0
2020-03-18 00:00:00+07:00,1728.3457005092077,1728.3457005092077,1581.4927978515625,1581.4927978515625,144534400,0.0,0.0
2020-03-19 00:00:00+07:00,1476.059892503197,1487.3562692315377,1472.29443359375,1472.29443359375,21906200,0.0,0.0
2020-03-20 00:00:00+07:00,1430.8744191599417,1430.8744191599417,1370.6270751953125,1370.6270751953125,351439200,0.0,0.0
2020-03-23 00:00:00+07:00,1329.2068994572733,1329.2068994572733,1276.490478515625,1276.490478515625,21148600,0.0,0.0
2020-03-24 00:00:00+07:00,1246.3668931405755,1291.552399840536,1189.885009765625,1189.885009765625,264178600,0.0,0.0
2020-03-26 00:00:00+07:00,1189.8849574012013,1389.4542698767193,1118.341241608091,1351.7996826171875,381513800,0.0,0.0
2020-03-27 00:00:00+07:00,1381.9234068447486,1596.5545626762218,1374.3924890962758,1502.4180908203125,329983600,0.0,0.0
2020-03-30 00:00:00+07:00,1491.1217474168348,1491.1217474168348,1400.750732421875,1400.750732421875,82145200,0.0,0.0
2020-03-31 00:00:00+07:00,1442.1708546583563,1513.7145785186926,1400.7508040023722,1438.4053955078125,199220400,0.0,0.0
2020-04-01 00:00:00+07:00,1442.1709790437117,1506.183790123981,1381.9236274387524,1385.6890869140625,172971000,0.0,0.0
2020-04-02 00:00:00+07:00,1389.454318435471,1449.70166015625,1306.6142235693994,1449.70166015625,117968800,0.0,0.0
2020-04-03 00:00:00+07:00,1460.9980103452306,1521.2453509780237,1445.9361751870324,1509.948974609375,95169200,0.0,0.0
2020-04-06 00:00:00+07:00,1528.7762829618298,1619.147294762529,1509.9489888366843,1615.3818359375,122959600,0.0,0.0
2020-04-07 00:00:00+07:00,1690.6911043313153,1750.9384488063733,1551.3691202327436,1622.912841796875,163256600,0.0,0.0
2020-04-08 00:00:00+07:00,1581.4926916108166,1596.554526769015,1509.948974609375,1509.948974609375,123065400,0.0,0.0
2020-04-09 00:00:00+07:00,1543.8381384369125,1562.6654328080945,1457.232584329476,1502.4180908203125,73319200,0.0,0.0
2020-04-13 00:00:00+07:00,1506.183549694549,1532.5417618142035,1468.5289609521851,1502.4180908203125,41042600,0.0,0.0
2020-04-14 00:00:00+07:00,1506.1835231551204,1577.7272405049887,1506.1835231551204,1562.6654052734375,57683200,0.0,0.0
2020-04-15 00:00:00+07:00,1566.4309616815476,1592.7891749790738,1502.4181579589845,1581.4927978515625,75203600,0.0,0.0
2020-04-16 00:00:00+07:00,1543.838218803981,1543.838218803981,1487.3563327501765,1498.6527099609375,92763800,0.0,0.0
2020-04-17 00:00:00+07:00,1532.5418974069448,1570.1964894808257,1532.5418974069448,1566.4310302734375,89041400,0.0,0.0
2020-04-20 00:00:00+07:00,1570.196346822599,1596.554558879573,1532.5417581697789,1543.838134765625,69765600,0.0,0.0
2020-04-21 00:00:00+07:00,1536.3072755117867,1543.8381935290013,1502.4181444343208,1517.47998046875,41715200,0.0,0.0
2020-04-22 00:00:00+07:00,1494.8871830423082,1532.541772035817,1468.5289707468517,1513.7144775390625,105656400,0.0,0.0
2020-04-23 00:00:00+07:00,1525.0108542371154,1532.541772035817,1502.4181008410098,1513.7144775390625,76382800,0.0,0.0
2020-04-24 00:00:00+07:00,1513.7146150287829,1513.7146150287829,1423.3435932360198,1430.87451171875,100645000,0.0,0.0
2020-04-27 00:00:00+07:00,1457.232726408306,1476.0600226151316,1412.0472155119244,1430.87451171875,68610200,0.0,0.0
2020-04-28 00:00:00+07:00,1438.4053955078125,1442.1708546583563,1412.0471814540044,1438.4053955078125,69997600,0.0,0.0
2020-04-29 00:00:00+07:00,1449.70175398157,1449.70175398157,1412.0471629690617,1415.8126220703125,65257600,0.0,0.0
2020-04-30 00:00:00+07:00,1438.4052865377287,1543.838134765625,1430.8743688071645,1543.838134765625,126389200,0.0,0.0
2020-05-04 00:00:00+07:00,1506.1836086973851,1506.1836086973851,1457.23264141472,1476.0599365234375,66251600,0.0,0.0
2020-05-05 00:00:00+07:00,1491.1217880249023,1517.480001449585,1423.3435249328613,1445.936279296875,108560200,0.0,0.0
2020-05-06 00:00:00+07:00,1449.7016942594444,1464.763530043958,1438.4053174210592,1442.1707763671875,82511800,0.0,0.0
2020-05-08 00:00:00+07:00,1449.7018079255756,1457.232726408306,1427.109052477385,1430.87451171875,91046000,0.0,0.0
2020-05-11 00:00:00+07:00,1453.467267166941,1453.467267166941,1430.87451171875,1430.87451171875,80701600,0.0,0.0
2020-05-12 00:00:00+07:00,1438.4053014536373,1438.4053014536373,1374.3925000800461,1378.157958984375,164776400,0.0,0.0
2020-05-13 00:00:00+07:00,1370.6270607568886,1408.2816503381216,1348.0343070081485,1400.750732421875,78014600,0.0,0.0
2020-05-14 00:00:00+07:00,1381.923502948998,1408.2817169017037,1321.676156771385,1332.9725341796875,94613200,0.0,0.0
2020-05-15 00:00:00+07:00,1344.2688887361996,1351.79980688038,1242.6014937897644,1257.663330078125,173916400,0.0,0.0
2020-05-18 00:00:00+07:00,1272.725121850366,1284.021498671523,1231.3050735061233,1253.8978271484375,83620800,0.0,0.0
2020-05-19 00:00:00+07:00,1280.2559037642045,1348.0341574928977,1272.7249866832385,1325.44140625,154163000,0.0,0.0
2020-05-20 00:00:00+07:00,1344.268809000651,1370.6270209418403,1287.7869262695312,1355.565185546875,148603000,0.0,0.0
2020-05-26 00:00:00+07:00,1378.1579488959194,1378.1579488959194,1348.034277881801,1366.861572265625,88906800,0.0,0.0
2020-05-27 00:00:00+07:00,1370.6270311423898,1393.2197844029788,1348.034277881801,1366.861572265625,128476400,0.0,0.0
2020-05-28 00:00:00+07:00,1370.627041175717,1427.1089247406505,1366.8615822713882,1378.157958984375,233662000,0.0,0.0
2020-05-29 00:00:00+07:00,1378.1579742830043,1453.467153205573,1351.7997616601053,1442.1707763671875,294115600,0.0,0.0
2020-06-02 00:00:00+07:00,1468.5289943128148,1521.245419749685,1449.7016995139325,1494.88720703125,263164400,0.0,0.0
2020-06-03 00:00:00+07:00,1513.7145925157008,1577.7273986668622,1460.9981639206267,1555.1346435546875,277008600,0.0,0.0
2020-06-04 00:00:00+07:00,1581.492778391078,1641.7401223297857,1547.6036474255548,1558.9000244140625,227041600,0.0,0.0
2020-06-05 00:00:00+07:00,1581.4928940716911,1615.3820275160845,1517.4800864545036,1600.3201904296875,145380800,0.0,0.0
2020-06-08 00:00:00+07:00,1637.9746450104328,1860.136723299204,1634.2091860563858,1818.7166748046875,311447600,0.0,0.0
2020-06-09 00:00:00+07:00,1845.0750204957562,1939.2115011332949,1826.2477243682486,1830.01318359375,285710200,0.0,0.0
2020-06-10 00:00:00+07:00,1826.2477017292936,1826.2477017292936,1701.987548828125,1701.987548828125,303568800,0.0,0.0
2020-06-11 00:00:00+07:00,1698.2220751837144,1698.2220751837144,1585.25830078125,1585.25830078125,444085400,0.0,0.0
2020-06-12 00:00:00+07:00,1585.258223224273,1683.16015625,1483.590831236018,1683.16015625,399567400,0.0,0.0
2020-06-15 00:00:00+07:00,1686.9256510416667,1694.4565691266741,1573.961879766555,1581.4927978515625,233304600,0.0,0.0
2020-06-16 00:00:00+07:00,1637.9746535956988,1735.8765869140625,1637.9746535956988,1735.8765869140625,263297600,0.0,0.0
2020-06-17 00:00:00+07:00,1762.2349051339286,1788.5931195269575,1698.2220987508585,1713.283935546875,186268000,0.0,0.0
2020-06-18 00:00:00+07:00,1694.4564208984375,1720.814631890191,1668.0982099066841,1694.4564208984375,104127000,0.0,0.0
2020-06-19 00:00:00+07:00,1713.2839965820312,1720.8149152483259,1675.629403250558,1686.92578125,82478400,0.0,0.0
2020-06-22 00:00:00+07:00,1686.925615212528,1698.221992100112,1671.8637793624162,1683.16015625,51006800,0.0,0.0
2020-06-23 00:00:00+07:00,1683.160126150471,1683.160126150471,1626.6782427226026,1649.27099609375,83534400,0.0,0.0
2020-06-24 00:00:00+07:00,1660.5673712235462,1799.8893502150909,1660.5673712235462,1784.8275146484375,302121200,0.0,0.0
2020-06-25 00:00:00+07:00,1758.4694459349244,1766.0003643329326,1698.2220987508585,1713.283935546875,235644400,0.0,0.0
2020-06-26 00:00:00+07:00,1750.938288926037,1766.000123669487,1713.2837020674128,1724.580078125,133600200,0.0,0.0
2020-06-29 00:00:00+07:00,1713.2839879387086,1732.1112845094635,1690.6912320538024,1728.3458251953125,69967400,0.0,0.0
2020-06-30 00:00:00+07:00,1758.4692062977622,1769.7655823553494,1713.2837020674128,1724.580078125,123530000,0.0,0.0
2020-07-01 00:00:00+07:00,1732.111063549697,1743.407440051108,1698.221934045464,1709.518310546875,74028600,0.0,0.0
2020-07-02 00:00:00+07:00,1709.5185286245576,1732.1112845094635,1709.5185286245576,1728.3458251953125,57236400,0.0,0.0
2020-07-03 00:00:00+07:00,1732.1111525150766,1747.1729886239034,1713.2838573790432,1717.04931640625,47528000,0.0,0.0
2020-07-06 00:00:00+07:00,1728.3456689664959,1747.172963835412,1724.5802099927128,1735.8765869140625,62036400,0.0,0.0
2020-07-07 00:00:00+07:00,1750.9383783755095,1754.7038372537363,1724.5801662279212,1732.111083984375,82084400,0.0,0.0
2020-07-08 00:00:00+07:00,1732.1109924316406,1818.7165420532228,1724.5800750732424,1807.420166015625,230576800,0.0,0.0
2020-07-09 00:00:00+07:00,1814.951265298791,1830.013101525337,1777.296674732426,1781.0621337890625,116501200,0.0,0.0
2020-07-10 00:00:00+07:00,1769.7656145442986,1781.0619908073475,1750.9383207725507,1758.46923828125,75306000,0.0,0.0
2020-07-13 00:00:00+07:00,1769.765601870888,1796.1238129625822,1769.765601870888,1788.5928955078125,71091800,0.0,0.0
2020-07-14 00:00:00+07:00,1788.5931305966133,1799.8895082635393,1769.7658344850702,1777.2967529296875,96113000,0.0,0.0
2020-07-15 00:00:00+07:00,1792.3585456475585,1799.8894639065818,1773.53125,1773.53125,84620000,0.0,0.0
2020-07-16 00:00:00+07:00,1773.5312061066322,1784.8275832155916,1762.2348289976728,1769.7657470703125,86094200,0.0,0.0
2020-07-17 00:00:00+07:00,1762.2346970355995,1777.2965320529977,1758.46923828125,1758.46923828125,37567000,0.0,0.0
2020-07-20 00:00:00+07:00,1766.0001930539304,1766.0001930539304,1698.221934045464,1709.518310546875,135393000,0.0,0.0
2020-07-21 00:00:00+07:00,1720.8145746736445,1769.7655363164395,1717.049116085737,1762.234619140625,121672800,0.0,0.0
2020-07-22 00:00:00+07:00,1769.7656145442986,1788.5929083160465,1754.7037795269002,1758.46923828125,96854200,0.0,0.0
2020-07-23 00:00:00+07:00,1766.0003317409767,1803.6549230360936,1758.4694134819533,1773.53125,152124600,0.0,0.0
2020-07-24 00:00:00+07:00,1773.5311766518946,1773.5311766518946,1728.3456689664959,1735.8765869140625,109205600,0.0,0.0
2020-07-27 00:00:00+07:00,1747.1727738575269,1754.7036909862231,1732.1109396001343,1750.938232421875,54144000,0.0,0.0
2020-07-28 00:00:00+07:00,1754.7037019648103,1773.530994904347,1750.938243376903,1762.234619140625,70478400,0.0,0.0
2020-07-29 00:00:00+07:00,1754.7040403943697,1754.7040403943697,1724.5803658811617,1728.3458251953125,128065400,0.0,0.0
2020-07-30 00:00:00+07:00,1735.8765428626018,1743.4074606190557,1720.8147073496943,1732.111083984375,96801600,0.0,0.0
2020-08-03 00:00:00+07:00,1750.9384072793496,1750.9384072793496,1619.1473443658501,1671.86376953125,146498200,0.0,0.0
2020-08-04 00:00:00+07:00,1683.1601851613898,1717.04931640625,1675.6292671069764,1717.04931640625,66409200,0.0,0.0
2020-08-05 00:00:00+07:00,1720.8149582799,1747.1731742710583,1698.2222017160502,1743.40771484375,82299800,0.0,0.0
2020-08-06 00:00:00+07:00,1750.938310294316,1758.4692277579472,1743.4073928306843,1747.1728515625,64511600,0.0,0.0
2020-08-07 00:00:00+07:00,1747.1730079816018,1762.2348442573052,1732.1111717058984,1739.64208984375,56842400,0.0,0.0
2020-08-10 00:00:00+07:00,1739.64208984375,1747.1730079816018,1735.8766307748242,1739.64208984375,29651200,0.0,0.0
2020-08-11 00:00:00+07:00,1743.407400985143,1814.9511172242744,1743.407400985143,1799.8892822265625,192912200,0.0,0.0
2020-08-12 00:00:00+07:00,1807.4200838414636,1958.0384241615855,1792.3582498094513,1929.7974853515625,362397000,0.0,0.0
2020-08-13 00:00:00+07:00,1958.0385718134237,2014.5204536926572,1892.1430429543182,1910.9703369140625,175205000,0.0,0.0
2020-08-14 00:00:00+07:00,1910.9704345703126,1920.38408203125,1882.7294921875002,1882.7294921875,114290200,0.0,0.0
2020-08-18 00:00:00+07:00,1901.556884765625,1967.4524203763149,1892.1432368212406,1901.556884765625,203541200,0.0,0.0
2020-08-19 00:00:00+07:00,1910.9705327100091,1958.0387724319307,1882.7295888768563,1901.556884765625,159091800,0.0,0.0
2020-08-24 00:00:00+07:00,1910.9702645096124,1939.2112043792126,1901.5566178864124,1920.3839111328125,105466800,0.0,0.0
2020-08-25 00:00:00+07:00,1939.2114246241854,2014.5206061629888,1939.2114246241854,1986.2796630859375,185542800,0.0,0.0
2020-08-26 00:00:00+07:00,1995.693407515405,2014.52070381272,1958.0388149207747,2005.1070556640625,145659800,0.0,0.0
2020-08-27 00:00:00+07:00,2005.1068846504643,2042.7614740335716,1976.865942613134,1995.6932373046875,113335600,0.0,0.0
2020-08-28 00:00:00+07:00,2005.1067853655134,2014.5204322451636,1967.4521978469122,1976.8658447265625,83795800,0.0,0.0
2020-08-31 00:00:00+07:00,1995.693084118413,2005.106730741613,1882.7293246400122,1920.3839111328125,251920000,0.0,0.0
2020-09-01 00:00:00+07:00,1939.2114741376058,1948.6251220703127,1892.1432344740717,1948.6251220703125,108883800,0.0,0.0
2020-09-02 00:00:00+07:00,1976.8659177351228,1986.279564962433,1929.7976815985721,1967.4522705078125,92414800,0.0,0.0
2020-09-03 00:00:00+07:00,1986.2794457551477,2023.9340324045343,1976.865799092801,2014.5203857421875,267877200,0.0,0.0
2020-09-04 00:00:00+07:00,1976.8659177351228,1976.8659177351228,1929.7976815985721,1967.4522705078125,188192000,0.0,0.0
2020-09-07 00:00:00+07:00,1967.4521978469122,1986.2794916062128,1929.797610328311,1976.8658447265625,81856400,0.0,0.0
2020-09-08 00:00:00+07:00,1995.693138485863,1995.693138485863,1967.4521978469122,1976.8658447265625,45193600,0.0,0.0
2020-09-09 00:00:00+07:00,1939.21142699588,1948.6250746997434,1892.1431884765625,1892.1431884765625,146843600,0.0,0.0
2020-09-10 00:00:00+07:00,1799.889205019698,1803.6546636076055,1762.234619140625,1762.234619140625,264205400,0.0,0.0
2020-09-11 00:00:00+07:00,1675.629506825911,1837.5442681596508,1664.3331281282083,1833.77880859375,242923200,0.0,0.0
2020-09-14 00:00:00+07:00,1875.198670521349,1901.556884765625,1848.840456277073,1901.556884765625,155021200,0.0,0.0
2020-09-15 00:00:00+07:00,1901.5568919316959,1920.3841878914156,1848.8404632444806,1860.1368408203125,98187400,0.0,0.0
2020-09-16 00:00:00+07:00,1878.9643233845609,1878.9643233845609,1833.7788085937498,1833.77880859375,60506400,0.0,0.0
2020-09-17 00:00:00+07:00,1830.0131820420086,1841.3095597089346,1769.7658344850702,1777.2967529296875,124173000,0.0,0.0
2020-09-18 00:00:00+07:00,1777.2965968651108,1811.185726890081,1769.765679081784,1784.8275146484375,87300200,0.0,0.0
2020-09-21 00:00:00+07:00,1792.3586335358798,1792.3586335358798,1713.2839879387086,1728.3458251953125,88031200,0.0,0.0
2020-09-22 00:00:00+07:00,1694.4564752116603,1747.1728988849118,1679.3946398764454,1709.518310546875,96480800,0.0,0.0
2020-09-23 00:00:00+07:00,1720.8146447919614,1732.1110210159786,1641.7400112238406,1664.332763671875,111629000,0.0,0.0
2020-09-24 00:00:00+07:00,1641.7401024375722,1656.8019382397517,1622.9128076848478,1630.4437255859375,101549000,0.0,0.0
2020-09-25 00:00:00+07:00,1641.7400709069293,1732.111083984375,1641.7400709069293,1732.111083984375,109984600,0.0,0.0
2020-09-28 00:00:00+07:00,1750.9383577187155,1766.0001930539304,1694.4564752116603,1709.518310546875,62118800,0.0,0.0
2020-09-29 00:00:00+07:00,1732.110928622159,1750.9382213245738,1683.1599675958805,1698.2218017578125,84460000,0.0,0.0
2020-09-30 00:00:00+07:00,1713.2838178754926,1717.0492768158783,1645.50555694855,1671.86376953125,63903400,0.0,0.0
2020-10-01 00:00:00+07:00,1690.6911463497504,1724.580278459211,1683.1602281032037,1720.8148193359375,51766000,0.0,0.0
2020-10-02 00:00:00+07:00,1724.580011541193,1728.345470081676,1649.270840731534,1698.2218017578125,61431000,0.0,0.0
2020-10-05 00:00:00+07:00,1709.5184172923432,1739.64208984375,1694.4565810166398,1739.64208984375,59714200,0.0,0.0
2020-10-06 00:00:00+07:00,1773.5310732986482,1784.827449561697,1750.9383207725507,1758.46923828125,98068200,0.0,0.0
2020-10-07 00:00:00+07:00,1739.641944509502,1766.000155789949,1735.8764857551525,1758.46923828125,48203400,0.0,0.0
2020-10-08 00:00:00+07:00,1777.2965320529977,1777.2965320529977,1750.9383207725507,1758.46923828125,42166800,0.0,0.0
2020-10-09 00:00:00+07:00,1769.7656039533945,1769.7656039533945,1739.6419340988687,1747.1728515625,51010400,0.0,0.0
2020-10-12 00:00:00+07:00,1766.000155789949,1773.5310732986482,1754.7037795269002,1758.46923828125,63289000,0.0,0.0
2020-10-13 00:00:00+07:00,1758.4693888175389,1799.8894386612067,1739.6420934340533,1792.3585205078125,90512400,0.0,0.0
2020-10-14 00:00:00+07:00,1792.358382654672,1863.902099609375,1792.358382654672,1863.902099609375,133840600,0.0,0.0
2020-10-15 00:00:00+07:00,1863.9020809668377,1863.9020809668377,1799.8892822265625,1799.8892822265625,106439400,0.0,0.0
2020-10-16 00:00:00+07:00,1826.2475040300967,1830.0129628012928,1792.358375089332,1811.1856689453125,54115000,0.0,0.0
2020-10-19 00:00:00+07:00,1826.2474911929642,1845.074784916603,1814.9511149587809,1841.309326171875,73015200,0.0,0.0
2020-10-20 00:00:00+07:00,1833.778421572489,1841.3093391148811,1811.1856689453125,1811.1856689453125,57256800,0.0,0.0
2020-10-21 00:00:00+07:00,1826.2475685995132,1856.3712398341445,1826.2475685995132,1837.5439453125,89392600,0.0,0.0
2020-10-22 00:00:00+07:00,1818.7168059172454,1837.5441020447531,1818.7168059172454,1830.01318359375,44578200,0.0,0.0
2020-10-23 00:00:00+07:00,1830.0131397994523,1845.0749763410117,1822.4822215286729,1826.2476806640625,46222200,0.0,0.0
2020-10-26 00:00:00+07:00,1833.7785989348422,1852.6058946117914,1818.716762393283,1826.2476806640625,112967200,0.0,0.0
2020-10-27 00:00:00+07:00,1807.4202679984178,1826.2475624567346,1781.062055756774,1784.8275146484375,176476000,0.0,0.0
2020-11-02 00:00:00+07:00,1769.765816226026,1773.5312754094855,1728.34576520797,1754.7039794921875,145155000,0.0,0.0
2020-11-03 00:00:00+07:00,1769.7656145442986,1784.827449561697,1754.7037795269002,1758.46923828125,89949600,0.0,0.0
2020-11-04 00:00:00+07:00,1769.765762395157,1777.2966805330088,1732.1111717058984,1739.64208984375,70802200,0.0,0.0
2020-11-05 00:00:00+07:00,1777.2966263101707,1826.2475927127814,1762.234790493983,1818.7166748046875,180563400,0.0,0.0
2020-11-06 00:00:00+07:00,1830.0128941689768,1892.1429615636025,1796.1237664991809,1867.66748046875,240710000,0.0,0.0
2020-11-09 00:00:00+07:00,1901.5566178864124,1939.2112043792126,1882.7293246400122,1920.3839111328125,166734000,0.0,0.0
2020-11-10 00:00:00+07:00,1976.8661112180898,2014.52070381272,1958.0388149207747,2005.1070556640625,251065000,0.0,0.0
2020-11-11 00:00:00+07:00,2023.934276005993,2080.4161627782532,2005.1069804152396,2061.5888671875,214751400,0.0,0.0
2020-11-12 00:00:00+07:00,2089.8297363281254,2089.8297363281254,1995.6932617187501,2023.9342041015625,133987600,0.0,0.0
2020-11-13 00:00:00+07:00,2005.1069551991152,2146.311670353982,1986.2796598451328,2127.484375,198407400,0.0,0.0
2020-11-16 00:00:00+07:00,2165.1386439117564,2202.793229023265,2127.4840588002476,2136.897705078125,173760800,0.0,0.0
2020-11-17 00:00:00+07:00,2165.138916015625,2183.9662109375004,2136.897973632813,2165.138916015625,126882200,0.0,0.0
2020-11-18 00:00:00+07:00,2165.1389895776474,2174.55263735842,2127.484398454558,2155.725341796875,97499400,0.0,0.0
2020-11-19 00:00:00+07:00,2136.897973632813,2183.9662109375004,2127.484326171875,2165.138916015625,122667200,0.0,0.0
2020-11-20 00:00:00+07:00,2146.311351356002,2183.965936467511,2127.4840588002476,2136.897705078125,106282800,0.0,0.0
2020-11-23 00:00:00+07:00,2136.8977857686705,2249.8615453687767,2118.0704925019863,2221.62060546875,165072200,0.0,0.0
2020-11-24 00:00:00+07:00,2249.861890263918,2249.861890263918,2221.620946034664,2240.4482421875,123975400,0.0,0.0
2020-11-25 00:00:00+07:00,2259.27524535124,2325.170773340651,2259.27524535124,2278.1025390625,202412800,0.0,0.0
2020-11-26 00:00:00+07:00,2278.102779327877,2391.0665535094245,2268.6891314794148,2372.2392578125,133546200,0.0,0.0
2020-11-27 00:00:00+07:00,2372.2388694943406,2400.4798084168924,2334.584284264272,2391.066162109375,129836400,0.0,0.0
2020-11-30 00:00:00+07:00,2391.0667134602863,2391.0667134602863,2240.4483378092445,2259.275634765625,320814200,0.0,0.0
2020-12-01 00:00:00+07:00,2287.5163330078126,2353.411865234375,2231.034448242188,2353.411865234375,199570600,0.0,0.0
2020-12-02 00:00:00+07:00,2372.2388694943406,2400.4798084168924,2334.584284264272,2391.066162109375,103987400,0.0,0.0
2020-12-03 00:00:00+07:00,2400.4798084168924,2447.5480399544786,2372.2388694943406,2391.066162109375,128300400,0.0,0.0
2020-12-04 00:00:00+07:00,2381.652515801858,2419.307101031927,2334.584284264272,2391.066162109375,87823400,0.0,0.0
2020-12-07 00:00:00+07:00,2447.5486262041823,2513.444166140449,2428.721329079535,2504.030517578125,121274800,0.0,0.0
2020-12-08 00:00:00+07:00,2504.030517578125,2522.857814702773,2466.37592332883,2504.030517578125,70337400,0.0,0.0
2020-12-10 00:00:00+07:00,2504.03017541134,2522.857469963305,2475.7892335833926,2485.202880859375,97416000,0.0,0.0
2020-12-11 00:00:00+07:00,2504.030249301925,2522.857544409458,2466.3756590868584,2475.789306640625,62718600,0.0,0.0
2020-12-14 00:00:00+07:00,2475.789306640625,2494.6166017481582,2428.721068871792,2475.789306640625,118385600,0.0,0.0
2020-12-15 00:00:00+07:00,2456.9619873046877,2466.3756347656254,2428.721044921875,2447.54833984375,83508200,0.0,0.0
2020-12-16 00:00:00+07:00,2466.3756108087546,2513.44384765625,2466.3756108087546,2513.44384765625,98639200,0.0,0.0
2020-12-17 00:00:00+07:00,2522.857495025749,2541.684789764747,2485.202905547753,2513.44384765625,81480800,0.0,0.0
2020-12-18 00:00:00+07:00,2494.6168690158015,2522.857814702773,2485.2032204534776,2504.030517578125,56371400,0.0,0.0
2020-12-21 00:00:00+07:00,2513.4438226873226,2532.2711172392874,2475.7892335833926,2485.202880859375,68494800,0.0,0.0
2020-12-22 00:00:00+07:00,2456.962088448661,2475.7893841455852,2362.8256099640375,2372.2392578125,127411600,0.0,0.0
2020-12-23 00:00:00+07:00,2372.2391601562504,2419.307397460938,2240.448095703125,2353.411865234375,111054800,0.0,0.0
2020-12-28 00:00:00+07:00,2409.8936531007753,2428.720947265625,2315.7571822765262,2428.720947265625,61917400,0.0,0.0
2020-12-29 00:00:00+07:00,2428.721144903274,2438.1347927517363,2353.4119621155755,2372.2392578125,51736600,0.0,0.0
2020-12-30 00:00:00+07:00,2372.2388861652325,2391.0661789125757,2315.757007923203,2325.170654296875,76480000,0.0,0.0
2021-01-04 00:00:00+07:00,2353.411745557598,2409.89362745098,2296.9298636642156,2400.47998046875,81711400,0.0,0.0
2021-01-05 00:00:00+07:00,2409.89375,2447.54833984375,2372.2391601562504,2447.54833984375,68509200,0.0,0.0
2021-01-06 00:00:00+07:00,2456.962037086487,2466.375684738159,2334.584617614746,2409.893798828125,74299600,0.0,0.0
2021-01-07 00:00:00+07:00,2438.134421738205,2447.548068154183,2391.066189658317,2419.30712890625,74138800,0.0,0.0
2021-01-08 00:00:00+07:00,2419.307470137548,2447.548413368726,2400.4801746500966,2438.134765625,72826800,0.0,0.0
2021-01-11 00:00:00+07:00,2438.134377432052,2485.2026086566093,2428.7207311871407,2456.961669921875,149359200,0.0,0.0
2021-01-12 00:00:00+07:00,2485.2029296875003,2513.443872070313,2438.134692382813,2447.54833984375,120481200,0.0,0.0
2021-01-13 00:00:00+07:00,2456.961669921875,2485.2026086566093,2438.134377432052,2456.961669921875,84618200,0.0,0.0
2021-01-14 00:00:00+07:00,2456.9618885129,2485.2028297601746,2419.3073001832,2428.720947265625,68392400,0.0,0.0
2021-01-15 00:00:00+07:00,2428.721069818429,2447.5483649333005,2353.411889358943,2381.65283203125,105609800,0.0,0.0
2021-01-18 00:00:00+07:00,2372.2392578125,2400.480201357887,2334.584666418651,2372.2392578125,80840600,0.0,0.0
2021-01-19 00:00:00+07:00,2372.2392342808735,2400.480177546122,2315.7573477503765,2343.998291015625,88881200,0.0,0.0
2021-01-20 00:00:00+07:00,2334.5843111624513,2438.134421738205,2334.5843111624513,2419.30712890625,109658000,0.0,0.0
2021-01-21 00:00:00+07:00,2447.548068154183,2475.7890074021157,2419.30712890625,2419.30712890625,59591200,0.0,0.0
2021-01-22 00:00:00+07:00,2409.893924302789,2428.7212205864043,2353.4120354519423,2362.82568359375,89496000,0.0,0.0
2021-01-25 00:00:00+07:00,2362.8255865257906,2372.2392342808735,2306.3436999952937,2343.998291015625,62801600,0.0,0.0
2021-01-26 00:00:00+07:00,2343.9982427903165,2362.82553791313,2259.2754147376545,2287.516357421875,94759800,0.0,0.0
2021-01-27 00:00:00+07:00,2287.5166557024713,2296.93030449137,2193.3801678134805,2249.862060546875,121073600,0.0,0.0
2021-01-28 00:00:00+07:00,2183.965892180736,2240.4477687026515,2146.311307832792,2174.55224609375,105682200,0.0,0.0
2021-01-29 00:00:00+07:00,2183.9663129926803,2249.861848298494,2052.175242381053,2089.829833984375,155809200,0.0,0.0
2021-02-01 00:00:00+07:00,2089.8296900040064,2212.2071042835205,1976.8659229767627,2202.79345703125,153317600,0.0,0.0
2021-02-02 00:00:00+07:00,2212.206958835408,2278.102485268803,2202.793312202066,2221.62060546875,113771800,0.0,0.0
2021-02-03 00:00:00+07:00,2278.102779327877,2409.8938492063494,2249.8618357824903,2372.2392578125,239553600,0.0,0.0
2021-02-04 00:00:00+07:00,2381.6529798773654,2391.0666280191735,2325.171091026519,2362.82568359375,100262200,0.0,0.0
2021-02-05 00:00:00+07:00,2391.0665535094245,2400.480201357887,2343.998314267113,2372.2392578125,46060200,0.0,0.0
2021-02-08 00:00:00+07:00,2372.2392578125,2400.480201357887,2362.8256099640375,2372.2392578125,44851400,0.0,0.0
2021-02-09 00:00:00+07:00,2362.8255865257906,2409.8938253012047,2334.584643260542,2343.998291015625,86257400,0.0,0.0
2021-02-10 00:00:00+07:00,2343.9981197234124,2362.8254138577367,2315.757178521925,2334.58447265625,30024200,0.0,0.0
2021-02-11 00:00:00+07:00,2353.4117667905743,2353.4117667905743,2315.757178521925,2334.58447265625,26663000,0.0,0.0
2021-02-15 00:00:00+07:00,2353.411938770708,2381.6528820359563,2325.1709955054594,2343.998291015625,53067000,0.0,0.0
2021-02-16 00:00:00+07:00,2353.4115768793063,2400.4798084168924,2325.1706379567545,2391.066162109375,75821200,0.0,0.0
2021-02-17 00:00:00+07:00,2400.4804062261815,2409.894054878049,2315.757568359375,2315.757568359375,89886200,0.0,0.0
2021-02-18 00:00:00+07:00,2296.929906314834,2334.584494942946,2259.2753176867222,2268.68896484375,64395600,0.0,0.0
2021-02-19 00:00:00+07:00,2259.275634765625,2278.102931722005,2231.034689331055,2259.275634765625,51525600,0.0,0.0
2021-02-22 00:00:00+07:00,2259.2753659018986,2287.516307975672,2231.034423828125,2231.034423828125,69472200,0.0,0.0
2021-02-23 00:00:00+07:00,2231.034594111082,2259.275538340336,2221.620946034664,2240.4482421875,38327600,0.0,0.0
2021-02-24 00:00:00+07:00,2249.8617671762477,2296.930004983282,2249.8617671762477,2287.516357421875,62323600,0.0,0.0
2021-02-25 00:00:00+07:00,2315.7573001060955,2334.5845952289096,2287.516357421875,2287.516357421875,68416400,0.0,0.0
2021-02-26 00:00:00+07:00,2240.4482421875,2296.9301306460084,2231.034594111082,2240.4482421875,135017000,0.0,0.0
2021-03-01 00:00:00+07:00,2259.2754612198796,2343.998291015625,2249.861813464797,2343.998291015625,82388800,0.0,0.0
2021-03-02 00:00:00+07:00,2362.8258116187117,2372.239460270579,2296.9302710556403,2315.757568359375,57119200,0.0,0.0
2021-03-03 00:00:00+07:00,2315.75720062889,2334.584494942946,2268.68896484375,2268.68896484375,64855000,0.0,0.0
2021-03-04 00:00:00+07:00,2268.6892832438148,2287.516580200195,2249.861986287435,2259.275634765625,35366800,0.0,0.0
2021-03-05 00:00:00+07:00,2221.6210408528646,2278.102931722005,2212.2073923746743,2259.275634765625,48207200,0.0,0.0
2021-03-08 00:00:00+07:00,2287.516580200195,2296.9302286783854,2259.275634765625,2259.275634765625,24737800,0.0,0.0
2021-03-09 00:00:00+07:00,2287.5166557024713,2296.93030449137,2231.034762969077,2249.862060546875,43320000,0.0,0.0
2021-03-10 00:00:00+07:00,2268.68889220687,2296.9298327737606,2240.4479516399797,2278.1025390625,30935000,0.0,0.0
2021-03-12 00:00:00+07:00,2306.3439197075077,2334.5848656631097,2278.102973751905,2315.757568359375,74997200,0.0,0.0
2021-03-15 00:00:00+07:00,2334.5845942440715,2391.066479588686,2315.7572991291995,2381.65283203125,133769600,0.0,0.0
2021-03-16 00:00:00+07:00,2381.6528820359563,2400.480177546122,2334.584643260542,2343.998291015625,56139400,0.0,0.0
2021-03-17 00:00:00+07:00,2343.998167944736,2343.998167944736,2296.929931640625,2296.929931640625,44703400,0.0,0.0
2021-03-18 00:00:00+07:00,2334.584739168327,2381.6529798773654,2315.757442884711,2362.82568359375,88289600,0.0,0.0
2021-03-19 00:00:00+07:00,2353.4121629668443,2362.8258116187117,2315.757568359375,2315.757568359375,59625600,0.0,0.0
2021-03-22 00:00:00+07:00,2325.1708734230915,2343.998167944736,2287.5162843798025,2296.929931640625,40516200,0.0,0.0
2021-03-23 00:00:00+07:00,2296.929931640625,2334.584520683914,2287.5162843798025,2296.929931640625,38971000,0.0,0.0
2021-03-24 00:00:00+07:00,2278.1028344931724,2296.9301306460084,2240.4482421875,2240.4482421875,64499200,0.0,0.0
2021-03-25 00:00:00+07:00,2259.2751920021187,2259.2751920021187,2212.206958835408,2221.62060546875,46671400,0.0,0.0
2021-03-26 00:00:00+07:00,2249.8615984956095,2296.9298327737606,2221.620657928719,2278.1025390625,37882400,0.0,0.0
2021-03-29 00:00:00+07:00,2278.1025390625,2315.7571264850208,2259.27524535124,2278.1025390625,34467400,0.0,0.0
2021-03-30 00:00:00+07:00,2259.275491648707,2278.102787412446,2174.5526607118804,2183.96630859375,80632200,0.0,0.0
2021-03-31 00:00:00+07:00,2183.966285139192,2202.793580700737,2089.8298073314686,2155.725341796875,87859400,0.0,0.0
2021-04-01 00:00:00+07:00,2155.7249976338794,2193.3795827453882,2118.0704125223706,2136.897705078125,42609800,0.0,0.0
2021-04-05 00:00:00+07:00,2174.5525634765627,2183.9662109375004,2136.897973632813,2165.138916015625,29858600,0.0,0.0
2021-04-06 00:00:00+07:00,2183.9662352467813,2221.6208255096567,2165.1389401153433,2193.3798828125,36015000,0.0,0.0
2021-04-07 00:00:00+07:00,2221.6204765286793,2221.6204765286793,2155.724953919778,2174.55224609375,35170000,0.0,0.0
2021-04-08 00:00:00+07:00,2181.770514126482,2210.228390397697,2172.28455536941,2200.742431640625,32473000,22.01131,0.0
2021-04-09 00:00:00+07:00,2219.7143737792967,2314.5739624023436,2210.2284149169923,2276.630126953125,99272400,0.0,0.0
2021-04-12 00:00:00+07:00,2286.1158155131543,2295.601773253873,2210.2281535874063,2219.714111328125,43708800,0.0,0.0
2021-04-13 00:00:00+07:00,2219.714349154768,2229.20030791184,2172.28455536941,2200.742431640625,36617000,0.0,0.0
2021-04-14 00:00:00+07:00,2210.228402865135,2257.658196918035,2200.742444054555,2238.686279296875,42649600,0.0,0.0
2021-04-15 00:00:00+07:00,2257.658327749085,2286.1162058299556,2238.6864090285044,2267.144287109375,35951800,0.0,0.0
2021-04-16 00:00:00+07:00,2286.115832416951,2295.60179022781,2229.2000855517986,2257.657958984375,35331800,0.0,0.0
2021-04-19 00:00:00+07:00,2238.686153590426,2267.144028424202,2210.228278756649,2229.2001953125,23835600,0.0,0.0
2021-04-20 00:00:00+07:00,2229.2002025234046,2248.172119140625,2200.742327597574,2248.172119140625,16545000,0.0,0.0
2021-04-21 00:00:00+07:00,2229.2001805160985,2229.2001805160985,2181.770389441288,2191.25634765625,26455400,0.0,0.0
2021-04-22 00:00:00+07:00,2200.742041230727,2210.2279983049975,2143.826298785105,2153.312255859375,57216600,0.0,0.0
2021-04-23 00:00:00+07:00,2153.3125147964015,2200.742305871212,2153.3125147964015,2191.25634765625,37571600,0.0,0.0
2021-04-26 00:00:00+07:00,2219.714214741403,2219.714214741403,2162.7984656454696,2172.284423828125,29762200,0.0,0.0
2021-04-27 00:00:00+07:00,2200.742444054555,2238.686279296875,2181.7705264333954,2238.686279296875,61601400,0.0,0.0
2021-04-28 00:00:00+07:00,2238.686393508584,2238.686393508584,2200.7425563304723,2210.228515625,34861800,0.0,0.0
2021-04-29 00:00:00+07:00,2229.2001953125,2248.1721118683513,2210.228278756649,2229.2001953125,22594200,0.0,0.0
2021-04-30 00:00:00+07:00,2229.200294896176,2229.200294896176,2143.8266665810033,2162.798583984375,51811400,0.0,0.0
2021-05-03 00:00:00+07:00,2162.798692369675,2172.284651546735,2105.882937307315,2115.368896484375,47424400,0.0,0.0
2021-05-04 00:00:00+07:00,2115.368659939236,2134.340576171875,2096.396743706597,2134.340576171875,34481200,0.0,0.0
2021-05-05 00:00:00+07:00,2143.826298785105,2172.2841700079157,2124.854384636564,2153.312255859375,38031800,0.0,0.0
2021-05-06 00:00:00+07:00,2181.7705013877467,2191.2564600894325,2153.312625282689,2162.798583984375,30785200,0.0,0.0
2021-05-07 00:00:00+07:00,2181.770738874163,2181.770738874163,2124.85498046875,2124.85498046875,29105000,0.0,0.0
2021-05-10 00:00:00+07:00,2124.854855661435,2143.8267740155547,2105.882937307315,2115.368896484375,28382000,0.0,0.0
2021-05-11 00:00:00+07:00,2115.368644610789,2115.368644610789,2086.9107704680428,2096.396728515625,25122800,0.0,0.0
2021-05-17 00:00:00+07:00,2115.3687644264915,2143.826640181108,2067.9389715021307,2086.910888671875,53778600,0.0,0.0
2021-05-18 00:00:00+07:00,2086.910881952408,2105.8827990610666,2048.967047735092,2067.93896484375,26061200,0.0,0.0
2021-05-19 00:00:00+07:00,2048.9670200892856,2058.452978515625,1973.0793526785715,1992.05126953125,58396200,0.0,0.0
2021-05-20 00:00:00+07:00,1973.0793526785715,2020.509144810268,1963.5933942522322,1992.05126953125,47329400,0.0,0.0
2021-05-21 00:00:00+07:00,2011.0234397924003,2048.9672782790494,1992.0515205490758,2020.5093994140625,51714600,0.0,0.0
2021-05-24 00:00:00+07:00,2039.4811925348247,2039.4811925348247,2011.0233154296875,2011.0233154296875,29090200,0.0,0.0
2021-05-25 00:00:00+07:00,2011.0234397924003,2086.9111167656984,2011.0234397924003,2020.5093994140625,47884600,0.0,0.0
2021-05-27 00:00:00+07:00,2039.4813019095116,2086.9110996283375,1954.107666015625,1954.107666015625,161699000,0.0,0.0
2021-05-28 00:00:00+07:00,2001.5370970505933,2011.0230548565203,1973.0792236328123,1973.0792236328125,43171200,0.0,0.0
2021-05-31 00:00:00+07:00,1982.5650951244213,2086.910626446759,1973.0791377314813,2048.966796875,69536200,0.0,0.0
2021-06-02 00:00:00+07:00,2086.91089527027,2115.3687711148646,2058.4530194256754,2105.8828125,76636200,0.0,0.0
2021-06-03 00:00:00+07:00,2115.368796705163,2181.7705078125,2077.4249617866844,2181.7705078125,54852600,0.0,0.0
2021-06-04 00:00:00+07:00,2162.7984505208333,2181.770366753472,2124.8546180555554,2134.340576171875,60249000,0.0,0.0
2021-06-07 00:00:00+07:00,2134.340560705953,2143.826518753535,2077.424812420461,2096.396728515625,29282200,0.0,0.0
2021-06-08 00:00:00+07:00,2105.882686563207,2115.368644610789,2077.424812420461,2096.396728515625,39074200,0.0,0.0
2021-06-09 00:00:00+07:00,2115.368659939236,2143.8265342881946,2086.9107855902776,2134.340576171875,31051200,0.0,0.0
2021-06-10 00:00:00+07:00,2143.826298785105,2162.7982129336456,2124.854384636564,2153.312255859375,36977200,0.0,0.0
2021-06-11 00:00:00+07:00,2153.312255859375,2162.7982129336456,2124.854384636564,2153.312255859375,37208800,0.0,0.0
2021-06-14 00:00:00+07:00,2153.312605574324,2153.312605574324,2096.396853885135,2105.8828125,37052800,0.0,0.0
2021-06-15 00:00:00+07:00,2105.882686563207,2115.368644610789,2086.9107704680428,2096.396728515625,28499000,0.0,0.0
2021-06-16 00:00:00+07:00,2086.9107467296512,2096.3967046693315,2020.5090411518895,2039.48095703125,41794200,0.0,0.0
2021-06-17 00:00:00+07:00,2029.9951032366073,2029.9951032366073,1982.5653111049107,1992.05126953125,51324600,0.0,0.0
2021-06-18 00:00:00+07:00,1982.5653428297776,1982.5653428297776,1855.4534978827965,1874.4254150390625,309557000,0.0,0.0
2021-06-21 00:00:00+07:00,1855.453525842555,1893.397360726861,1813.7153074698188,1885.80859375,106378400,0.0,0.0
2021-06-22 00:00:00+07:00,1897.1915196890782,1906.6774772875235,1863.0420723346747,1878.2196044921875,73577200,0.0,0.0
2021-06-23 00:00:00+07:00,1885.8084779719718,1885.8084779719718,1840.27587890625,1840.27587890625,79150800,0.0,0.0
2021-06-24 00:00:00+07:00,1840.2758497815903,1855.453382563294,1817.5095506090345,1828.8927001953125,58488200,0.0,0.0
2021-06-25 00:00:00+07:00,1828.892888429786,1851.6591899455093,1806.1265869140625,1806.1265869140625,55871200,0.0,0.0
2021-06-28 00:00:00+07:00,1802.332155985603,1802.332155985603,1737.82763671875,1737.82763671875,107955600,0.0,0.0
2021-06-29 00:00:00+07:00,1737.82763671875,1768.1827046090339,1730.238869746179,1737.82763671875,51061600,0.0,0.0
2021-06-30 00:00:00+07:00,1737.8276430463688,1775.7714780473814,1737.8276430463688,1756.799560546875,75289400,0.0,0.0
2021-07-01 00:00:00+07:00,1756.7994249709109,1813.7151730801197,1756.7994249709109,1783.360107421875,58895400,0.0,0.0
2021-07-02 00:00:00+07:00,1783.3602696768246,1844.0704065168868,1783.3602696768246,1832.687255859375,70071000,0.0,0.0
2021-07-05 00:00:00+07:00,1832.6873171531547,1836.4817008325608,1783.3603293208753,1790.9490966796875,49599400,0.0,0.0
2021-07-06 00:00:00+07:00,1794.7431850554835,1802.3319511656548,1775.7712697800557,1787.1544189453125,53836400,0.0,0.0
2021-07-07 00:00:00+07:00,1787.1545195952529,1806.1264359391516,1775.7713697889137,1794.7432861328125,40015800,0.0,0.0
2021-07-08 00:00:00+07:00,1802.3322033281086,1832.6872720157398,1790.9490525702467,1806.1265869140625,50402000,0.0,0.0
2021-07-09 00:00:00+07:00,1806.126472210062,1806.126472210062,1753.0051053803543,1760.5938720703125,56642000,0.0,0.0
2021-07-12 00:00:00+07:00,1764.388191385472,1787.1544906291556,1745.416275349069,1783.360107421875,50318200,0.0,0.0
2021-07-13 00:00:00+07:00,1790.948844435894,1802.3319938708678,1760.5937792759635,1771.9769287109375,35251400,0.0,0.0
2021-07-14 00:00:00+07:00,1753.005170663892,1760.593937636463,1730.238869746179,1737.82763671875,47666600,0.0,0.0
2021-07-15 00:00:00+07:00,1737.8277251680017,1809.921015076718,1737.8277251680017,1790.9490966796875,69427000,0.0,0.0
2021-07-16 00:00:00+07:00,1802.3320886052818,1832.6871553607393,1798.5377052608496,1825.098388671875,52095400,0.0,0.0
2021-07-19 00:00:00+07:00,1825.0983169998865,1840.2758497815903,1806.1264010227567,1828.8927001953125,35613800,0.0,0.0
2021-07-21 00:00:00+07:00,1828.8929767219388,1882.014349489796,1828.8929767219388,1859.248046875,72049800,0.0,0.0
2021-07-22 00:00:00+07:00,1906.677868296799,1992.0515041906856,1906.677868296799,1954.107666015625,121692000,0.0,0.0
2021-07-23 00:00:00+07:00,1954.1075349253388,1973.0794527401479,1916.1636992957206,1925.649658203125,40381400,0.0,0.0
2021-07-26 00:00:00+07:00,1935.135614074103,1944.621572966623,1897.1917785040223,1916.1636962890625,37694000,0.0,0.0
2021-07-27 00:00:00+07:00,1935.1354871152053,1935.1354871152053,1897.1916540345148,1906.6776123046875,29688200,0.0,0.0
2021-07-28 00:00:00+07:00,1906.6775285044023,1916.163486357658,1863.042122379426,1882.0140380859375,49192200,0.0,0.0
2021-07-29 00:00:00+07:00,1878.21974810432,1906.6776230755975,1863.0422147863053,1870.6309814453125,29831400,0.0,0.0
2021-07-30 00:00:00+07:00,1859.2476842393437,1870.6308333265233,1809.9207048615651,1813.715087890625,84261600,0.0,0.0
2021-08-02 00:00:00+07:00,1813.7151674136085,1832.6870833907383,1802.3320178273307,1828.8927001953125,27577000,0.0,0.0
2021-08-03 00:00:00+07:00,1828.8926249802714,1885.8083705709437,1821.303858901515,1878.2196044921875,37556000,0.0,0.0
2021-08-04 00:00:00+07:00,1889.6030113900063,1925.6496551815826,1870.631093604966,1916.1636962890625,42847800,0.0,0.0
2021-08-05 00:00:00+07:00,1916.1634767972505,1982.5651814387393,1916.1634767972505,1973.0792236328125,84034200,0.0,0.0
2021-08-06 00:00:00+07:00,1982.565293326029,1992.0512516673018,1916.163584937119,1944.6214599609375,37009400,0.0,0.0
2021-08-09 00:00:00+07:00,1954.1075483574923,1954.1075483574923,1882.0142601656626,1889.60302734375,33795000,0.0,0.0
2021-08-10 00:00:00+07:00,1897.191599996869,1916.1635159968375,1878.2196839969001,1893.397216796875,23582400,0.0,0.0
2021-08-12 00:00:00+07:00,1916.1636992957206,1935.1356171105297,1893.3973979179495,1925.649658203125,20368000,0.0,0.0
2021-08-13 00:00:00+07:00,1944.6214563706342,1954.1074146943934,1916.1635813993566,1935.135498046875,17836000,0.0,0.0
2021-08-16 00:00:00+07:00,1954.107666015625,1963.5936255593901,1906.677868296799,1954.107666015625,27000000,0.0,0.0
2021-08-18 00:00:00+07:00,1963.593533986175,2058.453125,1954.1075748847925,2058.453125,125505200,0.0,0.0
2021-08-19 00:00:00+07:00,2048.9671515698706,2058.453110604916,1963.5935202544592,2011.0233154296875,95932200,0.0,0.0
2021-08-20 00:00:00+07:00,2011.0233294930874,2067.9390841013824,1973.0794930875575,2058.453125,55731800,0.0,0.0
2021-08-23 00:00:00+07:00,2067.9387024496205,2077.4246598003065,2001.537000994816,2029.994873046875,40378000,0.0,0.0
2021-08-24 00:00:00+07:00,2029.9953590357247,2039.481318657387,1992.0515205490758,2020.5093994140625,32190600,0.0,0.0
2021-08-25 00:00:00+07:00,2020.509144810268,2029.9951032366073,1982.5653111049107,1992.05126953125,22969800,0.0,0.0
2021-08-26 00:00:00+07:00,2001.5372244364908,2011.0231828461424,1954.1074323882328,1982.5653076171875,33832400,0.0,0.0
2021-08-27 00:00:00+07:00,2001.5373563946418,2029.995233499779,1982.5654383245505,2011.0233154296875,37452800,0.0,0.0
2021-08-30 00:00:00+07:00,2039.48083948206,2058.45275426794,2011.0229673032406,2048.966796875,47411800,0.0,0.0
2021-08-31 00:00:00+07:00,2048.966796875,2058.45275426794,2011.0229673032406,2048.966796875,42541400,0.0,0.0
2021-09-01 00:00:00+07:00,2048.9672782790494,2058.4532379007114,2011.0234397924003,2020.5093994140625,16831200,0.0,0.0
2021-09-02 00:00:00+07:00,2039.4810616629466,2039.4810616629466,1982.5653111049107,1992.05126953125,32874400,0.0,0.0
2021-09-03 00:00:00+07:00,2001.537254963446,2077.424923398079,1992.051296409117,2067.93896484375,50949800,0.0,0.0
2021-09-06 00:00:00+07:00,2067.93896484375,2086.910881952408,2058.453006289421,2067.93896484375,38296400,0.0,0.0
2021-09-07 00:00:00+07:00,2077.4246690538193,2086.910626446759,2039.48083948206,2048.966796875,48409200,0.0,0.0
2021-09-08 00:00:00+07:00,2048.9672782790494,2048.9672782790494,1992.0515205490758,2020.5093994140625,38505400,0.0,0.0
2021-09-09 00:00:00+07:00,2020.5089246961804,2058.45275426794,2001.5370099103009,2048.966796875,39836600,0.0,0.0
2021-09-10 00:00:00+07:00,2048.967047735092,2077.424923398079,2029.9951306264334,2067.93896484375,34009400,0.0,0.0
2021-09-13 00:00:00+07:00,2048.966796875,2058.45275426794,2029.9948820891202,2048.966796875,17832600,0.0,0.0
2021-09-14 00:00:00+07:00,2048.966796875,2067.9387116608796,2048.966796875,2048.966796875,17803800,0.0,0.0
2021-09-15 00:00:00+07:00,2029.994873046875,2039.4808303975612,2011.0229583455023,2029.994873046875,32731600,0.0,0.0
2021-09-16 00:00:00+07:00,2029.995230579828,2039.4811896012293,1992.051394494224,2001.537353515625,31792000,0.0,0.0
2021-09-17 00:00:00+07:00,1992.0513973595962,2020.5092744647334,1982.5654383245505,2011.0233154296875,36439800,0.0,0.0
2021-09-20 00:00:00+07:00,1992.0515041906856,2001.5374637344507,1944.6217064718599,1954.107666015625,44196800,0.0,0.0
2021-09-21 00:00:00+07:00,1935.1355016196646,1944.6214599609375,1906.677626595846,1944.6214599609375,54314200,0.0,0.0
2021-09-22 00:00:00+07:00,1944.6217064718599,1963.5936255593901,1916.1638278405642,1954.107666015625,41978200,0.0,0.0
2021-09-23 00:00:00+07:00,1963.5933766434832,1973.079334984756,1935.1355016196646,1944.6214599609375,61940400,0.0,0.0
2021-09-24 00:00:00+07:00,1944.6214563706342,1963.5933730181528,1925.6495397231158,1935.135498046875,39455000,0.0,0.0
2021-09-27 00:00:00+07:00,1935.1356171105297,1944.621576017934,1906.677740388316,1925.649658203125,26683200,0.0,0.0
2021-09-28 00:00:00+07:00,1925.6496551815826,1944.621572966623,1916.1636962890625,1916.1636962890625,27900800,0.0,0.0
2021-09-29 00:00:00+07:00,1906.6776403399747,1992.0512660268391,1906.6776403399747,1982.5653076171875,42313400,0.0,0.0
2021-09-30 00:00:00+07:00,1982.5652093931685,2039.48095703125,1973.0792514534885,2039.48095703125,69114400,0.0,0.0
2021-10-01 00:00:00+07:00,2039.4808303975612,2039.4808303975612,2020.5089156961888,2029.994873046875,28026800,0.0,0.0
2021-10-04 00:00:00+07:00,2029.995162160773,2200.7424187911183,2029.995162160773,2162.798583984375,147876600,0.0,0.0
2021-10-05 00:00:00+07:00,2153.312625282689,2181.7705013877467,2134.3407078793175,2162.798583984375,65757000,0.0,0.0
2021-10-06 00:00:00+07:00,2181.770538330078,2352.5177978515626,2162.798620605469,2276.630126953125,222205600,0.0,0.0
2021-10-07 00:00:00+07:00,2276.630246469665,2305.088124550536,2238.6864090285044,2267.144287109375,84459800,0.0,0.0
2021-10-08 00:00:00+07:00,2295.602062690549,2352.517816310976,2286.116103753811,2333.5458984375,96927800,0.0,0.0
2021-10-11 00:00:00+07:00,2333.5459270477295,2437.8914766311646,2333.5459270477295,2428.405517578125,146990800,0.0,0.0
2021-10-12 00:00:00+07:00,2428.405517578125,2466.349353790283,2399.9476404190063,2428.405517578125,144795200,0.0,0.0
2021-10-13 00:00:00+07:00,2466.349027826545,2580.1805214185392,2428.4051966292136,2532.750732421875,297783800,0.0,0.0
2021-10-14 00:00:00+07:00,2532.7507643821023,2608.638427734375,2532.7507643821023,2608.638427734375,156735200,0.0,0.0
2021-10-15 00:00:00+07:00,2637.096657986111,2646.5826171874996,2523.2651475694443,2561.208984375,118737200,0.0,0.0
2021-10-18 00:00:00+07:00,2608.638696030256,2722.470202766122,2589.6667782409454,2684.5263671875,206314600,0.0,0.0
2021-10-19 00:00:00+07:00,2712.9842617998484,2741.442138671875,2665.554467013138,2741.442138671875,128186800,0.0,0.0
2021-10-21 00:00:00+07:00,2788.8717003519623,2826.8155330098125,2750.9278676941126,2779.3857421875,140777400,0.0,0.0
2021-10-22 00:00:00+07:00,2779.3856405987835,2836.3013875052434,2703.4979780568374,2826.8154296875,95312000,0.0,0.0
2021-10-25 00:00:00+07:00,2836.3016191339816,2874.2454535036672,2788.871826171875,2788.871826171875,97000800,0.0,0.0
2021-10-26 00:00:00+07:00,2788.8714461179125,2807.843360717354,2731.9557023195875,2760.41357421875,52453800,0.0,0.0
2021-10-27 00:00:00+07:00,2741.442120555433,2750.9280794500883,2675.0404082928444,2684.5263671875,95347600,0.0,0.0
2021-10-28 00:00:00+07:00,2665.5543247520504,2684.5262416542,2627.610490947751,2675.040283203125,78045400,0.0,0.0
2021-10-29 00:00:00+07:00,2722.4698181152344,2722.4698181152344,2599.152369907924,2656.068115234375,118294800,0.0,0.0
2021-11-01 00:00:00+07:00,2665.5540459625913,2665.5540459625913,2589.6663862910586,2599.15234375,69669000,0.0,0.0
2021-11-02 00:00:00+07:00,2599.1525807100184,2637.096414005055,2551.7227890912227,2580.1806640625,60944600,0.0,0.0
2021-11-03 00:00:00+07:00,2580.1808135008896,2675.04040223254,2551.7229368813946,2665.554443359375,93339800,0.0,0.0
2021-11-04 00:00:00+07:00,2684.5259878976003,2703.4979030064173,2656.068115234375,2656.068115234375,54733000,0.0,0.0
2021-11-05 00:00:00+07:00,2656.0683523493703,2665.5543107506182,2608.6385603431318,2637.096435546875,32817000,0.0,0.0
2021-11-08 00:00:00+07:00,2656.0683663009754,2703.49815855635,2627.610490947751,2675.040283203125,49871600,0.0,0.0
2021-11-09 00:00:00+07:00,2675.040283203125,2684.5262416542,2646.5824078499004,2675.040283203125,24198600,0.0,0.0
2021-11-10 00:00:00+07:00,2656.0684905035337,2684.5263671875,2627.6106138195673,2684.5263671875,25594600,0.0,0.0
2021-11-11 00:00:00+07:00,2656.06848448621,2703.498278852035,2656.06848448621,2665.554443359375,31442200,0.0,0.0
2021-11-12 00:00:00+07:00,2665.5543035977125,2675.0402619735055,2618.12451171875,2618.12451171875,46965800,0.0,0.0
2021-11-15 00:00:00+07:00,2599.1525807100184,2627.610455681296,2580.1806640625,2580.1806640625,49796800,0.0,0.0
2021-11-16 00:00:00+07:00,2580.1805539772727,2637.0963014914773,2561.2086381392046,2608.638427734375,38494800,0.0,0.0
2021-11-17 00:00:00+07:00,2637.096200125558,2656.068115234375,2618.124285016741,2656.068115234375,40673800,0.0,0.0
2021-11-18 00:00:00+07:00,2656.0684721908847,2656.0684721908847,2618.124636873872,2627.610595703125,21636600,0.0,0.0
2021-11-19 00:00:00+07:00,2637.09656673988,2675.04040223254,2627.610607866715,2665.554443359375,47973200,0.0,0.0
2021-11-22 00:00:00+07:00,2665.5542221866835,2731.955928789199,2656.0682641006097,2722.469970703125,105224000,0.0,0.0
2021-11-23 00:00:00+07:00,2722.4698181152344,2731.9557756696427,2656.068115234375,2656.068115234375,64255400,0.0,0.0
2021-11-24 00:00:00+07:00,2684.5263671875,2703.498284976811,2665.5544493981893,2684.5263671875,39856200,0.0,0.0
2021-11-25 00:00:00+07:00,2684.526138358831,2760.4138030474196,2675.040180272757,2722.469970703125,94781000,0.0,0.0
2021-11-26 00:00:00+07:00,2703.498006924716,2703.498006924716,2599.1524698153407,2608.638427734375,136419000,0.0,0.0
2021-11-29 00:00:00+07:00,2608.6385603431318,2665.5543107506182,2561.2087683368927,2637.096435546875,110182000,0.0,0.0
2021-11-30 00:00:00+07:00,2656.0683306525734,2656.0683306525734,2580.1806640625,2580.1806640625,103074800,0.0,0.0
2021-12-01 00:00:00+07:00,2580.180891682331,2618.124728324718,2504.2932183975563,2523.26513671875,102525600,0.0,0.0
2021-12-02 00:00:00+07:00,2523.265036558493,2608.638665614984,2485.3212014222754,2589.666748046875,80505200,0.0,0.0
2021-12-03 00:00:00+07:00,2599.1526940781832,2608.6386528156945,2551.722900390625,2551.722900390625,25241800,0.0,0.0
2021-12-06 00:00:00+07:00,2551.722556455292,2627.610216126825,2551.722556455292,2599.15234375,53587600,0.0,0.0
2021-12-07 00:00:00+07:00,2618.124532496676,2675.040283203125,2599.1526155945257,2675.040283203125,52704600,0.0,0.0
2021-12-08 00:00:00+07:00,2675.0400034215327,2684.5259608804745,2599.15234375,2599.15234375,69263600,0.0,0.0
2021-12-09 00:00:00+07:00,2618.124624399038,2618.124624399038,2580.1807892628203,2589.666748046875,22996000,0.0,0.0
2021-12-10 00:00:00+07:00,2580.1805379381917,2599.1524536583256,2561.2086222180583,2570.694580078125,44792200,0.0,0.0
2021-12-13 00:00:00+07:00,2599.15234375,2637.0961735857663,2580.180428832117,2599.15234375,44218400,0.0,0.0
2021-12-14 00:00:00+07:00,2599.1524698153407,2618.1243856534093,2570.694596058239,2608.638427734375,28209200,0.0,0.0
2021-12-15 00:00:00+07:00,2599.1524698153407,2646.582259410511,2589.666511896307,2608.638427734375,39056400,0.0,0.0
2021-12-16 00:00:00+07:00,2627.610698784722,2637.096657986111,2561.208984375,2561.208984375,44312200,0.0,0.0
2021-12-17 00:00:00+07:00,2561.208984375,2599.1528211805553,2551.723025173611,2561.208984375,46617600,0.0,0.0
2021-12-20 00:00:00+07:00,2561.2088591281367,2570.694817865648,2523.2650241780902,2551.722900390625,42364800,0.0,0.0
2021-12-21 00:00:00+07:00,2551.72301972802,2580.1808972714553,2532.75110136573,2542.237060546875,27763600,0.0,0.0
2021-12-22 00:00:00+07:00,2561.2085974351417,2570.69455520342,2504.2928508254718,2513.77880859375,36773200,0.0,0.0
2021-12-23 00:00:00+07:00,2513.779177558153,2532.751095879347,2513.779177558153,2523.26513671875,20865200,0.0,0.0
2021-12-24 00:00:00+07:00,2523.2650241780902,2551.722900390625,2494.807147965555,2551.722900390625,27466400,0.0,0.0
2021-12-27 00:00:00+07:00,2551.723025173611,2561.208984375,2532.7511067708333,2561.208984375,21300600,0.0,0.0
2021-12-28 00:00:00+07:00,2561.208978909165,2570.69493809031,2542.237060546875,2542.237060546875,29432600,0.0,0.0
2021-12-29 00:00:00+07:00,2542.2369416531133,2561.2088591281367,2532.7509829156015,2551.722900390625,16851800,0.0,0.0
2021-12-30 00:00:00+07:00,2551.723025173611,2570.6949435763886,2532.7511067708333,2561.208984375,23619400,0.0,0.0
2022-01-03 00:00:00+07:00,2561.2088591281367,2580.1807766031598,2542.2369416531133,2551.722900390625,23056600,0.0,0.0
2022-01-04 00:00:00+07:00,2580.1808135008896,2675.04040223254,2570.694854627725,2665.554443359375,103142000,0.0,0.0
2022-01-05 00:00:00+07:00,2665.5543107506182,2675.040269151866,2599.152601941884,2637.096435546875,71824800,0.0,0.0
2022-01-06 00:00:00+07:00,2637.096435546875,2656.0683523493703,2589.666643540636,2637.096435546875,44384800,0.0,0.0
2022-01-07 00:00:00+07:00,2656.0684905035337,2694.0123260821556,2627.6106138195673,2684.5263671875,67311600,0.0,0.0
2022-01-10 00:00:00+07:00,2684.5262416542,2722.4700754584997,2665.5543247520504,2675.040283203125,63924600,0.0,0.0
2022-01-11 00:00:00+07:00,2675.04040223254,2703.498278852035,2646.582525613045,2665.554443359375,38404400,0.0,0.0
2022-01-12 00:00:00+07:00,2675.040283203125,2694.012200105275,2646.5824078499004,2675.040283203125,28322200,0.0,0.0
2022-01-13 00:00:00+07:00,2675.04040223254,2684.5263611057053,2656.06848448621,2665.554443359375,25598400,0.0,0.0
2022-01-14 00:00:00+07:00,2665.5543316048634,2712.984123982174,2646.582414653939,2694.01220703125,39342200,0.0,0.0
2022-01-17 00:00:00+07:00,2703.498420715332,2731.956298828125,2675.040542602539,2731.956298828125,92592800,0.0,0.0
2022-01-18 00:00:00+07:00,2731.9561616607775,2750.9280794500883,2627.6106138195673,2684.5263671875,70206600,0.0,0.0
2022-01-19 00:00:00+07:00,2665.5543316048634,2694.01220703125,2637.0964561784767,2694.01220703125,44159000,0.0,0.0
2022-01-20 00:00:00+07:00,2694.0119714270104,2712.98388671875,2646.582183197662,2712.98388671875,33241200,0.0,0.0
2022-01-21 00:00:00+07:00,2703.4980545309777,2722.469970703125,2675.040180272757,2722.469970703125,21681400,0.0,0.0
2022-01-24 00:00:00+07:00,2703.498165506712,2703.498165506712,2665.5543316048634,2694.01220703125,40845000,0.0,0.0
2022-01-25 00:00:00+07:00,2694.0121639476106,2694.0121639476106,2570.694705738741,2580.1806640625,144670400,0.0,0.0
2022-01-26 00:00:00+07:00,2608.6387018571822,2703.498291015625,2599.1527429413377,2703.498291015625,107417000,0.0,0.0
2022-01-27 00:00:00+07:00,2694.012461344401,2769.900136311849,2675.040542602539,2731.956298828125,97516000,0.0,0.0
2022-01-28 00:00:00+07:00,2731.95609375,2845.78759765625,2731.95609375,2845.78759765625,127578000,0.0,0.0
2022-01-31 00:00:00+07:00,2845.787449338737,2855.2734075032,2779.3857421875,2779.3857421875,60466600,0.0,0.0
2022-02-02 00:00:00+07:00,2779.385749635858,2807.843624205508,2769.8997914459746,2798.357666015625,38728000,0.0,0.0
2022-02-03 00:00:00+07:00,2779.3858609134204,2788.8718194830903,2741.442026634739,2769.89990234375,32303800,0.0,0.0
2022-02-04 00:00:00+07:00,2760.413825858575,2788.8717003519623,2741.4419095296503,2779.3857421875,21974000,0.0,0.0
2022-02-07 00:00:00+07:00,2779.385749635858,2817.3295823953918,2779.385749635858,2798.357666015625,57166000,0.0,0.0
2022-02-08 00:00:00+07:00,2817.3297216796877,2883.731432291667,2807.843763020833,2845.78759765625,131125400,0.0,0.0
2022-02-09 00:00:00+07:00,2855.2736872808377,2893.2175236566627,2817.329850905013,2874.24560546875,110157800,0.0,0.0
2022-02-10 00:00:00+07:00,2902.7037373396784,2940.647577043465,2874.2458575618384,2912.189697265625,142626800,0.0,0.0
2022-02-11 00:00:00+07:00,2902.703132926644,2950.132922680347,2874.245259074422,2921.675048828125,70289600,0.0,0.0
2022-02-14 00:00:00+07:00,2912.1890908773844,2921.675048828125,2883.7312170251626,2921.675048828125,72269600,0.0,0.0
2022-02-15 00:00:00+07:00,2940.647118986593,3016.534786573344,2931.161160538249,3007.048828125,136495000,0.0,0.0
2022-02-16 00:00:00+07:00,3016.534912109375,3026.0208709524863,2997.5629944231523,3016.534912109375,93191200,0.0,0.0
2022-02-17 00:00:00+07:00,3016.5349059286,3016.5349059286,2950.133194162876,2997.56298828125,41691800,0.0,0.0
2022-02-18 00:00:00+07:00,2997.562634698276,3026.0205078125,2969.1047615840516,3026.0205078125,39658800,0.0,0.0
2022-02-21 00:00:00+07:00,2997.56298828125,3035.5068235759495,2978.5910706339005,2997.56298828125,49586600,0.0,0.0
2022-02-22 00:00:00+07:00,2959.618888608871,2978.590804561492,2921.6750567036293,2940.64697265625,62886200,0.0,0.0
2022-02-23 00:00:00+07:00,2950.1330774349367,3007.048828125,2950.1330774349367,3007.048828125,71828400,0.0,0.0
2022-02-24 00:00:00+07:00,2997.5628556809106,3035.5066892971245,2921.6751884484825,2969.10498046875,166483000,0.0,0.0
2022-02-25 00:00:00+07:00,2969.1051239013673,3035.5068359375,2959.6191650390624,3035.5068359375,94301200,0.0,0.0
2022-03-01 00:00:00+07:00,3111.3943710567823,3111.3943710567823,3007.048828125,3007.048828125,74543000,0.0,0.0
2022-03-02 00:00:00+07:00,2978.5909317850683,2997.5628485480306,2940.6470982591436,2950.133056640625,79796000,0.0,0.0
2022-03-04 00:00:00+07:00,2978.5910706339005,3007.048947104925,2959.619152986551,2997.56298828125,60579000,0.0,0.0
2022-03-07 00:00:00+07:00,2959.619007888349,2997.5628413228155,2921.6751744538833,2931.1611328125,76482800,0.0,0.0
2022-03-08 00:00:00+07:00,2921.6752801192433,2969.1050736276725,2855.2735692074425,2883.7314453125,86761000,0.0,0.0
2022-03-09 00:00:00+07:00,2864.759431207295,2997.5628485480306,2864.759431207295,2950.133056640625,78102800,0.0,0.0
2022-03-10 00:00:00+07:00,2978.5909317850683,2997.5628485480306,2931.1611398776627,2950.133056640625,38764200,0.0,0.0
2022-03-11 00:00:00+07:00,2978.59107673693,3026.0208709524863,2950.133200207596,3016.534912109375,61069000,0.0,0.0
2022-03-14 00:00:00+07:00,3026.0206487208234,3111.394272038966,2959.6189416956017,3073.450439453125,107659400,0.0,0.0
2022-03-15 00:00:00+07:00,3073.4505581220974,3111.3943921729874,3044.9926825839298,3063.964599609375,67142400,0.0,0.0
2022-03-16 00:00:00+07:00,3073.4507128321484,3187.2822207148206,3073.4507128321484,3168.310302734375,129432200,0.0,0.0
2022-03-17 00:00:00+07:00,3206.2539982665276,3225.2259154160333,3111.394412518997,3120.88037109375,63973200,0.0,0.0
2022-03-18 00:00:00+07:00,3130.365975621235,3168.309805628765,3073.45023060994,3149.337890625,117918600,0.0,0.0
2022-03-21 00:00:00+07:00,3158.8241847366003,3168.3101432493227,3054.478641096652,3063.964599609375,60900600,0.0,0.0
2022-03-22 00:00:00+07:00,3063.96434710256,3073.4503048335278,3035.506473909657,3044.992431640625,44859000,0.0,0.0
2022-03-23 00:00:00+07:00,3035.5067240712074,3063.964599609375,3026.0207655584845,3063.964599609375,71597200,0.0,0.0
2022-03-24 00:00:00+07:00,3091.516669832827,3188.126565765103,3072.194690646372,3178.465576171875,91401400,73.14845,0.0
2022-03-25 00:00:00+07:00,3178.465576171875,3197.7875553583303,3130.1606282057373,3178.465576171875,58910800,0.0,0.0
2022-03-28 00:00:00+07:00,3207.4486529181986,3294.397562184053,3178.4656831629136,3284.736572265625,95596200,0.0,0.0
2022-03-29 00:00:00+07:00,3284.7360949160447,3304.0580719449626,3236.43115234375,3236.43115234375,37284800,0.0,0.0
2022-03-30 00:00:00+07:00,3265.4142630440847,3313.719207763672,3217.1093183244975,3246.09228515625,52844800,0.0,0.0
2022-03-31 00:00:00+07:00,3255.7531405362215,3265.4141290838065,3188.126220703125,3188.126220703125,53597400,0.0,0.0
2022-04-01 00:00:00+07:00,3188.126421672542,3265.4143349252095,3139.8214758896247,3168.804443359375,68466400,0.0,0.0
2022-04-04 00:00:00+07:00,3168.804513631306,3294.3973754520584,3168.804513631306,3255.75341796875,69486600,0.0,0.0
2022-04-05 00:00:00+07:00,3255.753129372668,3265.414117887127,3207.448186800373,3236.43115234375,29250200,0.0,0.0
2022-04-06 00:00:00+07:00,3197.787366995782,3207.4483560199383,3139.8214328508434,3149.482421875,69207400,0.0,0.0
2022-04-07 00:00:00+07:00,3149.482310099774,3207.4482421875,3120.499344055911,3207.4482421875,53820600,0.0,0.0
2022-04-08 00:00:00+07:00,3217.1094604854416,3265.4144073395773,3188.12649237296,3255.75341796875,83823600,0.0,0.0
2022-04-11 00:00:00+07:00,3284.7362409319194,3284.7362409319194,3226.770307268415,3246.09228515625,71495400,0.0,0.0
2022-04-12 00:00:00+07:00,3246.0924285979227,3275.075396710404,3197.787481743787,3255.75341796875,55549200,0.0,0.0
2022-04-13 00:00:00+07:00,3294.397273859329,3294.397273859329,3236.431339421921,3265.414306640625,57121000,0.0,0.0
2022-04-14 00:00:00+07:00,3265.4142630440847,3284.7362409319194,3226.770307268415,3246.09228515625,35981200,0.0,0.0
2022-04-18 00:00:00+07:00,3246.0924285979227,3255.75341796875,3226.7704498562684,3255.75341796875,42492600,0.0,0.0
2022-04-19 00:00:00+07:00,3246.09228515625,3265.4142630440847,3217.1093183244975,3246.09228515625,44256000,0.0,0.0
2022-04-20 00:00:00+07:00,3284.7361377089137,3487.6168991556406,3265.4141604282727,3468.294921875,138547200,0.0,0.0
2022-04-21 00:00:00+07:00,3477.956484375,3632.532328125,3477.956484375,3622.871337890625,132273800,0.0,0.0
2022-04-22 00:00:00+07:00,3593.887496866644,3651.853424235461,3574.5655210770387,3613.20947265625,85603200,0.0,0.0
2022-04-25 00:00:00+07:00,3603.5490986071136,3825.7518580386513,3545.583161364104,3671.176025390625,155795400,0.0,0.0
2022-04-26 00:00:00+07:00,3671.1758677164717,3748.463780721029,3661.514878590902,3709.81982421875,79762000,0.0,0.0
2022-04-27 00:00:00+07:00,3709.819940476191,3719.480929904514,3632.5320250496034,3651.85400390625,103426600,0.0,0.0
2022-04-28 00:00:00+07:00,3651.8539324504573,3690.497889407605,3535.922061579014,3564.905029296875,140241600,0.0,0.0
2022-05-09 00:00:00+07:00,3477.956273238314,3477.956273238314,3342.7024181679353,3410.329345703125,209052000,0.0,0.0
2022-05-10 00:00:00+07:00,3226.7702581855688,3439.31201171875,3226.7702581855688,3439.31201171875,166343000,0.0,0.0
2022-05-11 00:00:00+07:00,3458.634001903045,3555.243890224359,3381.3460912459936,3391.007080078125,69604200,0.0,0.0
2022-05-12 00:00:00+07:00,3400.6681831173782,3400.6681831173782,3159.1434542027914,3168.804443359375,219025000,0.0,0.0
2022-05-13 00:00:00+07:00,3168.8042436079545,3197.78720925071,3110.838312322443,3188.126220703125,110677200,0.0,0.0
2022-05-17 00:00:00+07:00,3226.77035034902,3342.702219223835,3168.8044159116125,3265.414306640625,87783400,0.0,0.0
2022-05-18 00:00:00+07:00,3304.0580398995535,3429.6508893694195,3284.7360630580356,3381.345947265625,106075600,0.0,0.0
2022-05-19 00:00:00+07:00,3304.0583348342943,3400.668227665706,3265.4143777017293,3352.36328125,64859200,0.0,0.0
2022-05-20 00:00:00+07:00,3362.024113581731,3448.9730130709136,3362.024113581731,3391.007080078125,70372000,0.0,0.0
2022-05-23 00:00:00+07:00,3391.007266287076,3468.2951811882062,3352.363308836511,3419.990234375,60898200,0.0,0.0
2022-05-24 00:00:00+07:00,3487.6172298715132,3545.583167210098,3458.6342612022213,3506.939208984375,58031400,0.0,0.0
2022-05-25 00:00:00+07:00,3468.295122931985,3535.9220473345586,3429.6511661305144,3448.97314453125,73700400,0.0,0.0
2022-05-27 00:00:00+07:00,3477.9559856912365,3622.8708184283714,3468.2949968420944,3555.243896484375,119132800,0.0,0.0
2022-05-30 00:00:00+07:00,3555.2438964843755,3584.226863031802,3487.616974540379,3555.243896484375,66577800,0.0,0.0
2022-05-31 00:00:00+07:00,3584.2267174993613,3613.2096828699764,3506.9388098443887,3545.582763671875,173358200,0.0,0.0
2022-06-02 00:00:00+07:00,3497.2781492761296,3545.583096089336,3410.3292450123586,3419.990234375,69562600,0.0,0.0
2022-06-03 00:00:00+07:00,3458.63427734375,3526.261204554382,3439.3122981407123,3458.63427734375,44234800,0.0,0.0
2022-06-06 00:00:00+07:00,3439.31201171875,3468.2949781096386,3362.0241013430477,3439.31201171875,70969000,0.0,0.0
2022-06-07 00:00:00+07:00,3516.5999220944523,3516.5999220944523,3410.329045327862,3439.31201171875,59999400,0.0,0.0
2022-06-08 00:00:00+07:00,3458.6340766059025,3477.9560546875,3419.9901204427083,3477.9560546875,36033000,0.0,0.0
2022-06-09 00:00:00+07:00,3419.990206231989,3477.956141930836,3352.36328125,3352.36328125,104568600,0.0,0.0
2022-06-10 00:00:00+07:00,3275.075162956514,3284.7361516378014,3188.126264824925,3207.4482421875,148581400,0.0,0.0
2022-06-13 00:00:00+07:00,3110.838312322443,3197.78720925071,3062.533369584517,3188.126220703125,168106400,0.0,0.0
2022-06-14 00:00:00+07:00,3197.787353515625,3246.0922984327794,3149.4824085984706,3197.787353515625,89451800,0.0,0.0
2022-06-15 00:00:00+07:00,3197.787353515625,3207.4483424990563,3139.8214196150398,3197.787353515625,50537200,0.0,0.0
2022-06-16 00:00:00+07:00,3246.092151988636,3275.075117631392,3188.126220703125,3188.126220703125,70161000,0.0,0.0
2022-06-17 00:00:00+07:00,3139.8215757597477,3188.126523079128,3130.1605862958713,3159.1435546875,85689800,0.0,0.0
2022-06-20 00:00:00+07:00,3168.804254807692,3178.465243389423,3110.8383233173076,3139.8212890625,54511600,0.0,0.0
2022-06-21 00:00:00+07:00,3159.143426838711,3265.414306640625,3159.143426838711,3265.414306640625,55051400,0.0,0.0
2022-06-22 00:00:00+07:00,3255.753301140721,3265.414290164877,3139.8214328508434,3149.482421875,62430800,0.0,0.0
2022-06-23 00:00:00+07:00,3159.143410899156,3178.465388947469,3120.4994548025306,3149.482421875,48869800,0.0,0.0
2022-06-24 00:00:00+07:00,3149.482421875,3168.8043999233128,3130.160443826687,3149.482421875,46945000,0.0,0.0
2022-06-27 00:00:00+07:00,3159.1433226780864,3168.8043114324537,3110.83837890625,3110.83837890625,43368800,0.0,0.0
2022-06-28 00:00:00+07:00,3101.1775333180144,3159.1434685202203,3091.516544117647,3120.49951171875,64516600,0.0,0.0
2022-06-29 00:00:00+07:00,3130.160211010514,3139.8211993161017,3043.211316260222,3101.17724609375,80254600,0.0,0.0
2022-06-30 00:00:00+07:00,3101.177709494427,3110.8386992436303,3033.55078125,3033.55078125,51193400,0.0,0.0
2022-07-01 00:00:00+07:00,3033.55078125,3072.1947402468154,2994.9068222531846,3033.55078125,47117800,0.0,0.0
2022-07-04 00:00:00+07:00,2985.2456629136027,2994.9066521139703,2859.6528033088234,2956.2626953125,119435800,0.0,0.0
2022-07-05 00:00:00+07:00,2965.9235280682965,3072.1944036668347,2956.26253937752,2994.906494140625,44476000,0.0,0.0
2022-07-06 00:00:00+07:00,2956.2626953125,2975.584673713235,2898.296760110294,2956.2626953125,61698000,0.0,0.0
2022-07-07 00:00:00+07:00,2936.940673828125,2994.9066081799956,2936.940673828125,2936.940673828125,53792800,0.0,0.0
2022-07-08 00:00:00+07:00,2965.9236410040603,2985.2456191213505,2917.6186957108343,2936.940673828125,66599600,0.0,0.0
2022-07-11 00:00:00+07:00,2936.9408333333336,2956.2628125,2898.296875,2898.296875,38983600,0.0,0.0
2022-07-12 00:00:00+07:00,2898.2965866191275,2946.601529729446,2869.3136207529365,2878.974609375,91270400,0.0,0.0
2022-07-13 00:00:00+07:00,2878.9747817095586,2917.6187385110293,2792.02587890625,2792.02587890625,70323600,0.0,0.0
2022-07-14 00:00:00+07:00,2792.0256792310997,2859.652598797251,2763.042713702749,2811.34765625,53467400,0.0,0.0
2022-07-15 00:00:00+07:00,2840.3306217783506,2849.9916102878005,2801.6866677405496,2811.34765625,91881600,0.0,0.0
2022-07-18 00:00:00+07:00,2811.3477004119563,2869.3136323792132,2811.3477004119563,2830.669677734375,33885200,0.0,0.0
2022-07-19 00:00:00+07:00,2830.6697780661384,2888.6357120879707,2811.347800058861,2821.0087890625,52625000,0.0,0.0
2022-07-20 00:00:00+07:00,2869.313931443404,2985.245807461319,2859.652941775244,2965.923828125,99752400,0.0,0.0
2022-07-21 00:00:00+07:00,3014.228572512136,3023.889561526598,2917.618682367516,2985.24560546875,91623800,0.0,0.0
2022-07-22 00:00:00+07:00,2994.9064497514205,3014.2284268465905,2956.2624955610795,2975.58447265625,39950200,0.0,0.0
2022-07-25 00:00:00+07:00,2975.5846300627054,2985.2456191213505,2936.940673828125,2936.940673828125,22755600,0.0,0.0
2022-07-26 00:00:00+07:00,2956.26283845684,2994.9067971294785,2946.6018487886804,2965.923828125,40742800,0.0,0.0
2022-07-27 00:00:00+07:00,2994.9066377989348,3023.889605261505,2985.245648644745,3004.567626953125,61470200,0.0,0.0
2022-07-28 00:00:00+07:00,3033.5503928090056,3072.194346857528,3023.889404296875,3023.889404296875,90037400,0.0,0.0
2022-07-29 00:00:00+07:00,3043.211770999204,3072.1947402468154,3023.889791500796,3033.55078125,96026000,0.0,0.0
2022-08-01 00:00:00+07:00,3130.160515551297,3130.160515551297,3072.194580078125,3072.194580078125,141365800,0.0,0.0
2022-08-02 00:00:00+07:00,3081.8555549172793,3120.49951171875,3043.2115981158086,3120.49951171875,61474600,0.0,0.0
2022-08-03 00:00:00+07:00,3130.160300480769,3139.8212890625,3091.516346153846,3139.8212890625,39764400,0.0,0.0
2022-08-04 00:00:00+07:00,3130.1605590820313,3139.821548461914,3072.1946228027346,3091.5166015625,71928200,0.0,0.0
2022-08-05 00:00:00+07:00,3101.1773237748575,3197.78720925071,3081.8553466796875,3188.126220703125,50346600,0.0,0.0
2022-08-08 00:00:00+07:00,3188.126220703125,3197.78720925071,3159.143255060369,3188.126220703125,26413800,0.0,0.0
2022-08-09 00:00:00+07:00,3197.7873831303164,3284.7362847864274,3188.126394057415,3265.414306640625,80592200,0.0,0.0
2022-08-10 00:00:00+07:00,3217.1092626521017,3275.0751953125,3207.4482738753686,3275.0751953125,49372400,0.0,0.0
2022-08-11 00:00:00+07:00,3313.719194608,3323.3801835135628,3246.0922722690616,3294.397216796875,54002400,0.0,0.0
2022-08-12 00:00:00+07:00,3255.753261174624,3304.0582057024376,3246.0922722690616,3294.397216796875,34264400,0.0,0.0
2022-08-15 00:00:00+07:00,3313.7190940812316,3313.7190940812316,3265.414151018823,3304.05810546875,43855800,0.0,0.0
2022-08-16 00:00:00+07:00,3294.39726021547,3313.71923828125,3275.07528214969,3313.71923828125,36326200,0.0,0.0
2022-08-18 00:00:00+07:00,3313.7194238563497,3371.6853612999007,3304.0584342824245,3342.702392578125,51415600,0.0,0.0
2022-08-19 00:00:00+07:00,3342.702511776195,3352.363501694623,3284.736572265625,3284.736572265625,33229600,0.0,0.0
2022-08-22 00:00:00+07:00,3236.431208231363,3255.7531855939383,3168.8042874623493,3207.4482421875,80695200,0.0,0.0
2022-08-23 00:00:00+07:00,3207.4482421875,3246.0921969126507,3197.7872535062124,3207.4482421875,43109000,0.0,0.0
2022-08-24 00:00:00+07:00,3207.4482421875,3246.0921969126507,3188.126264824925,3207.4482421875,31310600,0.0,0.0
2022-08-25 00:00:00+07:00,3226.770320465918,3236.4313094493486,3188.126364532194,3197.787353515625,18239400,0.0,0.0
2022-08-26 00:00:00+07:00,3217.1092308687876,3246.0921969126507,3207.4482421875,3207.4482421875,27294200,0.0,0.0
2022-08-29 00:00:00+07:00,3168.804443359375,3207.448399985709,3139.8214758896247,3168.804443359375,50521600,0.0,0.0
2022-08-30 00:00:00+07:00,3188.12649237296,3284.7363860812316,3178.4655030021327,3255.75341796875,64186600,0.0,0.0
2022-08-31 00:00:00+07:00,3246.0922722690616,3294.397216796875,3207.448316646811,3294.397216796875,88222800,0.0,0.0
2022-09-01 00:00:00+07:00,3313.719194608,3323.3801835135628,3265.414250080187,3294.397216796875,24754600,0.0,0.0
2022-09-02 00:00:00+07:00,3304.0582359577047,3381.3461479099315,3294.397246963676,3362.024169921875,76147000,0.0,0.0
2022-09-05 00:00:00+07:00,3362.0242981991523,3429.651223737641,3313.719351385946,3419.990234375,40541000,0.0,0.0
2022-09-06 00:00:00+07:00,3419.9899009486608,3439.3118777901786,3362.023970424107,3381.345947265625,39143800,0.0,0.0
2022-09-07 00:00:00+07:00,3371.6851724785893,3371.6851724785893,3304.05824924836,3313.71923828125,45680600,0.0,0.0
2022-09-08 00:00:00+07:00,3333.0411470853364,3400.6680689102564,3323.380158253205,3391.007080078125,48818600,0.0,0.0
2022-09-09 00:00:00+07:00,3391.0069802024145,3410.328957297585,3381.3459916548295,3400.66796875,66122800,0.0,0.0
2022-09-12 00:00:00+07:00,3439.3119229403405,3439.3119229403405,3391.0069802024145,3400.66796875,33164600,0.0,0.0
2022-09-13 00:00:00+07:00,3419.989978673398,3477.9559105153203,3400.6680013927576,3468.294921875,65135200,0.0,0.0
2022-09-14 00:00:00+07:00,3419.9900341248244,3458.6339893126756,3391.0070677339363,3439.31201171875,46548200,0.0,0.0
2022-09-15 00:00:00+07:00,3477.955844473774,3574.5657290424897,3468.2948560169025,3545.582763671875,154342800,0.0,0.0
2022-09-16 00:00:00+07:00,3516.600214952863,3545.5831837574196,3429.6513085391935,3458.63427734375,90832000,0.0,0.0
2022-09-19 00:00:00+07:00,3497.277887795961,3506.938876436281,3419.989978673398,3468.294921875,63689800,0.0,0.0
2022-09-20 00:00:00+07:00,3468.294921875,3477.9559105153203,3439.3119559540387,3468.294921875,35548200,0.0,0.0
2022-09-21 00:00:00+07:00,3448.972944594359,3468.294921875,3400.6680013927576,3468.294921875,33158800,0.0,0.0
2022-09-22 00:00:00+07:00,3468.2950656467015,3487.6170437282985,3429.651109483507,3477.9560546875,25991400,0.0,0.0
2022-09-23 00:00:00+07:00,3497.278032769097,3497.278032769097,3468.2950656467015,3477.9560546875,47123200,0.0,0.0
2022-09-26 00:00:00+07:00,3429.651109483507,3477.9560546875,3381.3461642795137,3477.9560546875,77318600,0.0,0.0
2022-09-27 00:00:00+07:00,3497.278032769097,3497.278032769097,3410.3291314019098,3477.9560546875,42385400,0.0,0.0
2022-09-28 00:00:00+07:00,3477.9560546875,3516.600010850694,3439.3120985243054,3477.9560546875,74439000,0.0,0.0
2022-09-29 00:00:00+07:00,3477.9559105153203,3497.277887795961,3448.972944594359,3468.294921875,24479200,0.0,0.0
2022-09-30 00:00:00+07:00,3458.6339332346797,3497.277887795961,3400.6680013927576,3468.294921875,45655600,0.0,0.0
2022-10-03 00:00:00+07:00,3468.2949781096386,3477.955966906601,3410.329045327862,3439.31201171875,28349400,0.0,0.0
2022-10-04 00:00:00+07:00,3448.9732024629234,3477.956170550847,3419.990234375,3419.990234375,58380200,0.0,0.0
2022-10-05 00:00:00+07:00,3439.3122131002824,3468.2951811882062,3419.990234375,3419.990234375,64983000,0.0,0.0
2022-10-06 00:00:00+07:00,3439.31201171875,3458.6339893126756,3400.668056530899,3439.31201171875,23969000,0.0,0.0
2022-10-07 00:00:00+07:00,3419.9900465745195,3429.651035406651,3381.3460912459936,3391.007080078125,36556000,0.0,0.0
2022-10-10 00:00:00+07:00,3362.023970424107,3391.006935686384,3342.7019935825892,3381.345947265625,32778000,0.0,0.0
2022-10-11 00:00:00+07:00,3381.3461479099315,3381.3461479099315,3323.380213945761,3362.024169921875,56959000,0.0,0.0
2022-10-12 00:00:00+07:00,3352.3633821520502,3391.007340447751,3323.380413430275,3342.702392578125,46026200,0.0,0.0
2022-10-13 00:00:00+07:00,3362.023970424107,3429.6508893694195,3352.3629820033484,3381.345947265625,60923600,0.0,0.0
2022-10-14 00:00:00+07:00,3410.329247901984,3419.9902372728116,3255.75341796875,3255.75341796875,49869400,0.0,0.0
2022-10-17 00:00:00+07:00,3255.7533040839103,3333.0412163470296,3226.77033698524,3313.71923828125,46023600,0.0,0.0
2022-10-18 00:00:00+07:00,3313.7193241174355,3362.0242705331416,3313.7193241174355,3352.36328125,34089400,0.0,0.0
2022-10-19 00:00:00+07:00,3371.6851024138623,3400.6680689102564,3323.380158253205,3391.007080078125,26287200,0.0,0.0
2022-10-20 00:00:00+07:00,3362.0241861979166,3506.9390218098956,3362.0241861979166,3477.9560546875,74454000,0.0,0.0
2022-10-21 00:00:00+07:00,3477.9560546875,3545.5829779730902,3468.2950656467015,3477.9560546875,67147400,0.0,0.0
2022-10-24 00:00:00+07:00,3487.6166300238133,3642.1924363406583,3487.6166300238133,3613.20947265625,93991000,0.0,0.0
2022-10-25 00:00:00+07:00,3690.497568955156,3738.8025109571868,3642.192626953125,3642.192626953125,79026600,0.0,0.0
2022-10-26 00:00:00+07:00,3671.175910929031,3671.175910929031,3564.905029296875,3564.905029296875,57301400,0.0,0.0
2022-10-27 00:00:00+07:00,3574.5655210770387,3661.5144121302637,3564.904533182236,3613.20947265625,32568200,0.0,0.0
2022-10-28 00:00:00+07:00,3613.210061735506,3622.8710512053867,3526.2611565065768,3603.549072265625,67024200,0.0,0.0
2022-10-31 00:00:00+07:00,3632.53173828125,3661.5147042781746,3613.2097609499665,3632.53173828125,57043600,0.0,0.0
2022-11-01 00:00:00+07:00,3632.53173828125,3671.175692943816,3574.5658062874,3632.53173828125,41443800,0.0,0.0
2022-11-02 00:00:00+07:00,3632.5320998733105,3632.5320998733105,3535.9222036000842,3574.566162109375,49775000,0.0,0.0
2022-11-03 00:00:00+07:00,3574.565718455981,3632.5316490255373,3545.582753171203,3593.8876953125,47748600,0.0,0.0
2022-11-04 00:00:00+07:00,3584.22705078125,3593.8880401364554,3564.9050720708387,3584.22705078125,33068200,0.0,0.0
2022-11-07 00:00:00+07:00,3584.22705078125,3613.210018846866,3564.9050720708387,3584.22705078125,43164600,0.0,0.0
2022-11-08 00:00:00+07:00,3593.88814136402,3613.2101206186653,3555.2441828547294,3574.566162109375,34329200,0.0,0.0
2022-11-09 00:00:00+07:00,3593.8876953125,3613.2096721690186,3574.565718455981,3593.8876953125,44354400,0.0,0.0
2022-11-10 00:00:00+07:00,3584.22705078125,3593.8880401364554,3516.6001252948113,3584.22705078125,35056000,0.0,0.0
2022-11-11 00:00:00+07:00,3642.192637453797,3661.5146143103157,3584.2267068842402,3593.8876953125,76578200,0.0,0.0
2022-11-14 00:00:00+07:00,3593.888011890453,3603.5490011697284,3506.939108376974,3516.60009765625,53046400,0.0,0.0
2022-11-15 00:00:00+07:00,3535.9219753317634,3555.2439533390407,3506.9390083208473,3526.260986328125,32362600,0.0,0.0
2022-11-16 00:00:00+07:00,3526.2610869355253,3526.2610869355253,3429.651194142771,3516.60009765625,84179400,0.0,0.0
2022-11-17 00:00:00+07:00,3516.6001252948113,3593.8880401364554,3487.6171572291946,3584.22705078125,42451400,0.0,0.0
2022-11-18 00:00:00+07:00,3593.8878518809447,3603.548840730087,3545.582907635233,3555.243896484375,34503000,0.0,0.0
2022-11-21 00:00:00+07:00,3535.9217752150034,3584.2267174993613,3526.260786758132,3545.582763671875,24552400,0.0,0.0
2022-11-22 00:00:00+07:00,3564.905172482052,3603.5491309913427,3545.583193227407,3574.566162109375,24036600,0.0,0.0
2022-11-23 00:00:00+07:00,3574.5661621093745,3603.5491309913427,3574.5661621093745,3574.566162109375,26480000,0.0,0.0
2022-11-24 00:00:00+07:00,3574.566061426044,3613.210018846866,3574.566061426044,3584.22705078125,33691200,0.0,0.0
2022-11-25 00:00:00+07:00,3584.2267068842402,3593.8876953125,3564.9047300277216,3593.8876953125,28538800,0.0,0.0
2022-11-28 00:00:00+07:00,3593.8880401364554,3613.210018846866,3574.566061426044,3584.22705078125,46613400,0.0,0.0
2022-11-29 00:00:00+07:00,3584.227376953125,3642.193318359375,3584.227376953125,3622.871337890625,59310800,0.0,0.0
2022-11-30 00:00:00+07:00,3632.531693892045,3825.7514648437495,3622.87070534446,3825.75146484375,228769000,0.0,0.0
2022-12-01 00:00:00+07:00,3825.7515328004188,3845.073510238805,3738.802634327682,3748.463623046875,60043200,0.0,0.0
2022-12-02 00:00:00+07:00,3729.141930839343,3767.785888671875,3690.4979730068108,3767.785888671875,74888600,0.0,0.0
2022-12-05 00:00:00+07:00,3767.785888671875,3796.7688570462738,3729.141930839343,3767.785888671875,46350800,0.0,0.0
2022-12-06 00:00:00+07:00,3748.4634888334426,3748.4634888334426,3671.175581847186,3690.49755859375,80960600,0.0,0.0
2022-12-07 00:00:00+07:00,3690.4980044716285,3709.8199835526316,3622.871077688117,3671.176025390625,74967200,0.0,0.0
2022-12-08 00:00:00+07:00,3671.176025390625,3690.4980044716285,3584.2271195261105,3671.176025390625,60297600,0.0,0.0
2022-12-09 00:00:00+07:00,3700.158546967032,3700.158546967032,3642.19261672734,3690.49755859375,58429600,0.0,0.0
2022-12-12 00:00:00+07:00,3690.4979033382547,3729.141860441273,3642.1929569594818,3680.8369140625,36690000,0.0,0.0
2022-12-13 00:00:00+07:00,3709.820110103627,3729.14208984375,3671.176150623381,3729.14208984375,44457600,0.0,0.0
2022-12-14 00:00:00+07:00,3738.8028497170276,3767.785817544291,3661.5149355109907,3680.8369140625,51313400,0.0,0.0
2022-12-15 00:00:00+07:00,3671.175636955805,3709.819591029024,3622.8706943642815,3661.5146484375,45526000,0.0,0.0
2022-12-16 00:00:00+07:00,3632.5323112643496,3787.108154296875,3613.210330885284,3787.108154296875,106781400,0.0,0.0
2022-12-19 00:00:00+07:00,3748.463499357593,3767.7854761584053,3642.192626953125,3642.192626953125,60549800,0.0,0.0
2022-12-20 00:00:00+07:00,3651.85400390625,3680.8369721912204,3603.549056764633,3651.85400390625,37995800,0.0,0.0
2022-12-21 00:00:00+07:00,3671.1754000250667,3671.1754000250667,3603.548484761447,3613.20947265625,40936600,0.0,0.0
2022-12-22 00:00:00+07:00,3632.531638552719,3651.8536153535315,3613.2096617519064,3642.192626953125,30139000,0.0,0.0
2022-12-23 00:00:00+07:00,3632.532040675268,3651.8540196150298,3603.549072265625,3603.549072265625,30492000,0.0,0.0
2022-12-26 00:00:00+07:00,3613.210061735506,3632.532040675268,3584.227093325863,3603.549072265625,18889400,0.0,0.0
2022-12-27 00:00:00+07:00,3632.5316490255373,3632.5316490255373,3574.565718455981,3593.8876953125,30410200,0.0,0.0
2022-12-28 00:00:00+07:00,3603.5489862540226,3613.2099754933097,3535.922061579014,3564.905029296875,26057600,0.0,0.0
2022-12-29 00:00:00+07:00,3564.905029296875,3574.5660185361617,3535.922061579014,3564.905029296875,22647000,0.0,0.0
2022-12-30 00:00:00+07:00,3564.905029296875,3593.887997014736,3564.905029296875,3564.905029296875,30472400,0.0,0.0
2023-01-02 00:00:00+07:00,3564.905029296875,3564.905029296875,3516.6000831004403,3564.905029296875,13398400,0.0,0.0
2023-01-03 00:00:00+07:00,3555.2440827156333,3593.8880401364554,3535.922104005222,3584.22705078125,26463000,0.0,0.0
2023-01-04 00:00:00+07:00,3584.2267174993613,3593.8877059562333,3535.9217752150034,3545.582763671875,48118400,0.0,0.0
2023-01-05 00:00:00+07:00,3535.9219889322917,3535.9219889322917,3410.3291314019098,3477.9560546875,91135000,0.0,0.0
2023-01-06 00:00:00+07:00,3468.2949781096386,3497.2779445005267,3429.6510229217874,3439.31201171875,47075000,0.0,0.0
2023-01-09 00:00:00+07:00,3458.6340766059025,3497.278032769097,3429.651109483507,3477.9560546875,38714400,0.0,0.0
2023-01-10 00:00:00+07:00,3477.9561862016476,3477.9561862016476,3342.702334516028,3371.685302734375,66338200,0.0,0.0
2023-01-11 00:00:00+07:00,3371.6854815314796,3371.6854815314796,3255.75360251034,3284.736572265625,97985200,0.0,0.0
2023-01-12 00:00:00+07:00,3352.363339446312,3381.3463077988736,3284.736413290334,3323.38037109375,74713600,0.0,0.0
2023-01-13 00:00:00+07:00,3352.36328125,3352.36328125,3313.7193241174355,3352.36328125,31492000,0.0,0.0
2023-01-16 00:00:00+07:00,3362.024113581731,3400.6680689102564,3352.3631247495996,3391.007080078125,27930400,0.0,0.0
2023-01-17 00:00:00+07:00,3391.0072093290437,3468.295122931985,3381.346220128676,3448.97314453125,58844000,0.0,0.0
2023-01-18 00:00:00+07:00,3458.6338440801055,3487.616809253961,3400.667913732394,3429.65087890625,42102800,0.0,0.0
2023-01-19 00:00:00+07:00,3439.3122981407123,3468.295266945269,3410.3293293361558,3458.63427734375,34502200,0.0,0.0
2023-01-20 00:00:00+07:00,3477.956198060942,3516.6001558171747,3439.312240304709,3487.6171875,36841800,0.0,0.0
2023-01-24 00:00:00+07:00,3506.938820517524,3535.921785976347,3468.2948665724275,3497.27783203125,28496000,0.0,0.0
2023-01-25 00:00:00+07:00,3555.244156766529,3574.5661358793905,3497.2782194279444,3506.939208984375,72962200,0.0,0.0
2023-01-26 00:00:00+07:00,3526.260809181234,3680.83662547411,3506.9388321446245,3661.5146484375,77131800,0.0,0.0
2023-01-27 00:00:00+07:00,3709.8195353403144,3709.8195353403144,3661.514593473904,3690.49755859375,89603000,0.0,0.0
2023-01-30 00:00:00+07:00,3690.497579595094,3690.497579595094,3574.565718455981,3593.8876953125,63021600,0.0,0.0
2023-01-31 00:00:00+07:00,3555.244097933743,3593.8880555199794,3506.939150950948,3535.922119140625,139348400,0.0,0.0
2023-02-01 00:00:00+07:00,3555.2439533390407,3574.5659313463184,3506.9390083208473,3526.260986328125,58539000,0.0,0.0
2023-02-02 00:00:00+07:00,3545.583065494076,3555.2440547733513,3497.278119097699,3516.60009765625,47100600,0.0,0.0
2023-02-03 00:00:00+07:00,3555.2437415994623,3603.5486837407593,3535.921764742943,3593.8876953125,42774000,0.0,0.0
2023-02-06 00:00:00+07:00,3593.887496866644,3613.20947265625,3535.9215694978275,3613.20947265625,38504200,0.0,0.0
2023-02-07 00:00:00+07:00,3613.2103476562497,3632.532328125,3574.56638671875,3622.871337890625,38887200,0.0,0.0
2023-02-08 00:00:00+07:00,3622.8706943642815,3671.175636955805,3622.8706943642815,3661.5146484375,34054800,0.0,0.0
2023-02-09 00:00:00+07:00,3651.8536051006217,3690.4975585937505,3642.19261672734,3690.49755859375,56866600,0.0,0.0
2023-02-10 00:00:00+07:00,3680.8369140625,3680.8369140625,3642.1929569594818,3680.8369140625,24979400,0.0,0.0
2023-02-13 00:00:00+07:00,3700.1589940121303,3700.1589940121303,3651.854046309622,3671.176025390625,30348000,0.0,0.0
2023-02-14 00:00:00+07:00,3671.175982762897,3690.4979616195437,3632.5320250496034,3651.85400390625,48802600,0.0,0.0
2023-02-15 00:00:00+07:00,3651.8536153535315,3661.5146037539375,3584.2266965506883,3642.192626953125,38279800,0.0,0.0
2023-02-16 00:00:00+07:00,3651.853424235461,3651.853424235461,3593.887496866644,3613.20947265625,38386000,0.0,0.0
2023-02-17 00:00:00+07:00,3613.210018846866,3622.871008202072,3574.566061426044,3584.22705078125,27312200,0.0,0.0
2023-02-20 00:00:00+07:00,3584.22706612342,3603.5490449165386,3526.261129744066,3535.922119140625,64976600,0.0,0.0
2023-02-21 00:00:00+07:00,3535.921785976347,3555.2437629488954,3497.27783203125,3497.27783203125,72588200,0.0,0.0
2023-02-22 00:00:00+07:00,3477.956170550847,3497.2781492761296,3400.668255649717,3419.990234375,92300400,0.0,0.0
2023-02-23 00:00:00+07:00,3419.9903189376746,3477.9562565467877,3400.668339734637,3458.63427734375,52724200,0.0,0.0
2023-02-24 00:00:00+07:00,3477.955966906601,3526.2609108914153,3439.31201171875,3439.31201171875,53277000,0.0,0.0
2023-02-27 00:00:00+07:00,3439.3122981407123,3477.9562565467877,3419.9903189376746,3458.63427734375,48120000,0.0,0.0
2023-02-28 00:00:00+07:00,3477.9559795673076,3477.9559795673076,3391.007080078125,3391.007080078125,108313400,0.0,0.0
2023-03-01 00:00:00+07:00,3391.007350133118,3468.295266945269,3391.007350133118,3458.63427734375,48204200,0.0,0.0
2023-03-02 00:00:00+07:00,3458.6338440801055,3458.6338440801055,3429.65087890625,3429.65087890625,49577200,0.0,0.0
2023-03-03 00:00:00+07:00,3429.6508893694195,3439.3118777901786,3381.345947265625,3381.345947265625,54989400,0.0,0.0
2023-03-06 00:00:00+07:00,3400.66796875,3429.6509343927555,3381.3459916548295,3400.66796875,42464200,0.0,0.0
2023-03-07 00:00:00+07:00,3400.668056530899,3448.973000515713,3400.668056530899,3439.31201171875,45285800,0.0,0.0
2023-03-08 00:00:00+07:00,3419.9898905149644,3429.65087890625,3400.667913732394,3429.65087890625,33221200,0.0,0.0
2023-03-09 00:00:00+07:00,3477.9561827612706,3564.905087330302,3477.9561827612706,3535.922119140625,112172600,0.0,0.0
2023-03-10 00:00:00+07:00,3516.6001558171747,3526.261145256233,3477.956198060942,3487.6171875,72647400,0.0,0.0
2023-03-13 00:00:00+07:00,3487.6170437282985,3497.278032769097,3429.651109483507,3477.9560546875,87385200,0.0,0.0
2023-03-14 00:00:00+07:00,3439.312024238782,3439.312024238782,3381.3460912459936,3391.007080078125,124869200,0.0,0.0
2023-03-15 00:00:00+07:00,3439.3119229403405,3448.972911487926,3391.0069802024145,3400.66796875,97799600,0.0,0.0
2023-03-16 00:00:00+07:00,3429.6513085391935,3516.600214952863,3410.3293293361558,3458.63427734375,109964600,0.0,0.0
2023-03-17 00:00:00+07:00,3477.956198060942,3535.922134695291,3468.295208621884,3487.6171875,151227200,0.0,0.0
2023-03-20 00:00:00+07:00,3487.6170437282985,3526.2609998914927,3468.2950656467015,3477.9560546875,32195200,0.0,0.0
2023-03-21 00:00:00+07:00,3497.2781046218665,3574.5660185361617,3468.2951369040056,3564.905029296875,49801400,0.0,0.0
2023-03-24 00:00:00+07:00,3584.226868785511,3758.124668349229,3574.5658799208604,3719.480712890625,161637200,0.0,0.0
2023-03-27 00:00:00+07:00,3738.802952174137,3767.7859207956417,3671.176025390625,3671.176025390625,99699200,0.0,0.0
2023-03-28 00:00:00+07:00,3708.5762854916898,3708.5762854916898,3627.9550618940443,3638.03271484375,77714200,196.39006,0.0
2023-03-29 00:00:00+07:00,3648.110256029212,3728.7314771569295,3638.0326033882475,3708.576171875,67383200,0.0,0.0
2023-03-30 00:00:00+07:00,3748.8864445813833,3789.197051512366,3728.731141115892,3769.041748046875,67522400,0.0,0.0
2023-03-31 00:00:00+07:00,3769.0417480468745,3779.1193997796204,3718.6534893831463,3769.041748046875,54065000,0.0,0.0
2023-04-03 00:00:00+07:00,3769.0417480468745,3789.197051512366,3738.808792848638,3769.041748046875,29520600,0.0,0.0
2023-04-04 00:00:00+07:00,3769.0417480468745,3779.1193997796204,3708.575837650401,3769.041748046875,46922000,0.0,0.0
2023-04-05 00:00:00+07:00,3769.042252691438,3809.3528650196886,3738.8092934452498,3758.964599609375,50698800,0.0,0.0
2023-04-06 00:00:00+07:00,3758.9648098958332,3779.1201171875,3758.9648098958332,3779.1201171875,46209000,0.0,0.0
2023-04-10 00:00:00+07:00,3769.042252691438,3779.1199057735007,3728.731640363187,3758.964599609375,37676400,0.0,0.0
2023-04-11 00:00:00+07:00,3748.88715625,3789.1977708333334,3748.88715625,3779.1201171875,29357800,0.0,0.0
2023-04-12 00:00:00+07:00,3789.197051512366,3789.197051512366,3769.0417480468745,3769.041748046875,46097000,0.0,0.0
2023-04-13 00:00:00+07:00,3809.3530781249997,3809.3530781249997,3769.0424635416666,3779.1201171875,39924200,0.0,0.0
2023-04-14 00:00:00+07:00,3799.274917927194,3829.5078748337764,3779.1196133228054,3789.197265625,64999800,0.0,0.0
2023-04-17 00:00:00+07:00,3799.2751303375085,3809.352783203125,3779.119824606275,3809.352783203125,28538400,0.0,0.0
2023-04-18 00:00:00+07:00,3809.352523602408,3859.7407844966197,3789.1972192447233,3819.43017578125,57641400,0.0,0.0
2023-04-26 00:00:00+07:00,3849.663070638871,3859.74072265625,3799.274810551975,3859.74072265625,93228000,0.0,0.0
2023-04-27 00:00:00+07:00,3849.6633622018917,3869.818667763158,3819.430403859992,3829.508056640625,26137000,0.0,0.0
2023-04-28 00:00:00+07:00,3859.7405678827504,3859.7405678827504,3799.274658203125,3799.274658203125,46132800,0.0,0.0
2023-05-02 00:00:00+07:00,3809.352477707788,3849.6630859375,3799.27482565036,3849.6630859375,28908400,0.0,0.0
2023-05-03 00:00:00+07:00,3849.663132317777,3849.663132317777,3789.1972192447233,3819.43017578125,30178200,0.0,0.0
2023-05-04 00:00:00+07:00,3789.197081863239,3799.274733676705,3738.808822795909,3748.886474609375,44453400,0.0,0.0
2023-05-05 00:00:00+07:00,3748.8869958826017,3758.9646490973396,3688.4210765941725,3728.731689453125,54129200,0.0,0.0
2023-05-08 00:00:00+07:00,3738.8091620773566,3748.886814805328,3688.4208984375,3688.4208984375,33599400,0.0,0.0
2023-05-09 00:00:00+07:00,3678.34326171875,3698.4985672624143,3648.1103034032535,3678.34326171875,36728200,0.0,0.0
2023-05-10 00:00:00+07:00,3718.6538245159645,3738.809129797894,3698.4985192340355,3708.576171875,35383600,0.0,0.0
2023-05-11 00:00:00+07:00,3688.4208984375,3688.4208984375,3648.1102875256147,3688.4208984375,38690600,0.0,0.0
2023-05-12 00:00:00+07:00,3678.3430955674917,3688.420747884115,3617.8771816677518,3627.954833984375,50498800,0.0,0.0
2023-05-15 00:00:00+07:00,3627.954897076896,3638.032549568776,3567.4889821256143,3587.644287109375,78164000,0.0,0.0
2023-05-16 00:00:00+07:00,3607.799439174107,3617.877091238839,3507.022918526786,3527.17822265625,101617400,0.0,0.0
2023-05-17 00:00:00+07:00,3517.1005705915177,3557.4111788504465,3486.867614397321,3527.17822265625,101667400,0.0,0.0
2023-05-19 00:00:00+07:00,3547.333967776204,3587.6445810463883,3527.178661141112,3557.41162109375,96444800,0.0,0.0
2023-05-22 00:00:00+07:00,3557.4113610908807,3577.566666252869,3537.2560559288927,3567.489013671875,88480000,0.0,0.0
2023-05-23 00:00:00+07:00,3557.4115392589038,3627.9551108589385,3557.4115392589038,3607.7998046875,107289400,0.0,0.0
2023-05-24 00:00:00+07:00,3587.6445810463883,3607.7998876814804,3547.333967776204,3557.41162109375,133024800,0.0,0.0
2023-05-25 00:00:00+07:00,3557.4112677680123,3638.0324863009987,3547.333615451389,3627.954833984375,74127200,0.0,0.0
2023-05-26 00:00:00+07:00,3627.9551108589385,3658.1880701160962,3607.7998046875,3607.7998046875,43538600,0.0,0.0
2023-05-29 00:00:00+07:00,3627.954802960981,3648.110107421875,3607.7994985000864,3648.110107421875,27492000,0.0,0.0
2023-05-30 00:00:00+07:00,3638.03271484375,3668.265673692867,3617.8774089443386,3638.03271484375,41695200,0.0,0.0
2023-05-31 00:00:00+07:00,3668.2654118827695,3678.3430641132168,3638.032455191428,3648.110107421875,278133800,0.0,0.0
2023-06-05 00:00:00+07:00,3648.110138617622,3678.3430955674917,3627.9548339843755,3627.954833984375,53155600,0.0,0.0
2023-06-06 00:00:00+07:00,3627.9549507472825,3728.7314771569295,3597.7219928243885,3708.576171875,82211400,0.0,0.0
2023-06-07 00:00:00+07:00,3718.653856621414,3728.7315093493853,3658.187940253586,3688.4208984375,62411600,0.0,0.0
2023-06-08 00:00:00+07:00,3688.4208665930705,3708.576171875,3658.1879086701765,3708.576171875,34322400,0.0,0.0
2023-06-09 00:00:00+07:00,3708.5761559959346,3718.6538085937495,3688.420850800305,3718.65380859375,35863800,0.0,0.0
2023-06-12 00:00:00+07:00,3728.7311709824426,3748.8864746093745,3698.4982155420444,3748.886474609375,34347200,0.0,0.0
2023-06-13 00:00:00+07:00,3748.8868311215756,3748.8868311215756,3668.265608946918,3678.34326171875,40190000,0.0,0.0
2023-06-14 00:00:00+07:00,3668.265459065982,3668.265459065982,3607.799544905554,3617.877197265625,91447800,0.0,0.0
2023-06-15 00:00:00+07:00,3617.8773609203295,3668.265625,3607.7997081043954,3668.265625,35271200,0.0,0.0
2023-06-16 00:00:00+07:00,3658.1880207431614,3658.1880207431614,3607.799755994633,3638.03271484375,53221000,0.0,0.0
2023-06-19 00:00:00+07:00,3638.032455191428,3648.110107421875,3607.7994985000864,3648.110107421875,28209000,0.0,0.0
2023-06-20 00:00:00+07:00,3648.110335420971,3658.18798828125,3627.955029700413,3658.18798828125,27112200,0.0,0.0
2023-06-21 00:00:00+07:00,3658.187972184066,3668.265625,3627.9550137362635,3668.265625,21594600,0.0,0.0
2023-06-22 00:00:00+07:00,3668.2654118827695,3718.6536730350053,3648.110107421875,3648.110107421875,41779600,0.0,0.0
2023-06-23 00:00:00+07:00,3658.1880207431614,3668.265673692867,3638.03271484375,3638.03271484375,22346200,0.0,0.0
2023-06-26 00:00:00+07:00,3638.0326506314213,3678.34326171875,3617.877345087757,3678.34326171875,27723200,0.0,0.0
2023-06-27 00:00:00+07:00,3678.3432457095287,3698.4985511654713,3658.187940253586,3688.4208984375,33973200,0.0,0.0
2023-07-03 00:00:00+07:00,3708.5761559959346,3728.731461191565,3688.420850800305,3718.65380859375,63091600,0.0,0.0
2023-07-04 00:00:00+07:00,3718.65388907967,3718.65388907967,3648.110319368132,3668.265625,31937600,0.0,0.0
2023-07-05 00:00:00+07:00,3678.3432457095287,3688.4208984375,3658.187940253586,3688.4208984375,16724200,0.0,0.0
2023-07-06 00:00:00+07:00,3688.420930631868,3708.576236263736,3658.187972184066,3668.265625,48292600,0.0,0.0
2023-07-07 00:00:00+07:00,3668.2656411415287,3688.4209468620866,3658.18798828125,3658.18798828125,24713400,0.0,0.0
2023-07-10 00:00:00+07:00,3658.1877596523223,3678.3430641132168,3648.110107421875,3648.110107421875,19832600,0.0,0.0
2023-07-11 00:00:00+07:00,3638.032501985768,3658.1878067059106,3617.877197265625,3617.877197265625,46162800,0.0,0.0
2023-07-12 00:00:00+07:00,3627.9551108589385,3638.0327639446577,3597.7221516017808,3607.7998046875,83926600,0.0,0.0
2023-07-13 00:00:00+07:00,3617.877244585016,3638.032549568776,3577.5666346174944,3587.644287109375,115995200,0.0,0.0
2023-07-14 00:00:00+07:00,3597.721923828125,3617.877228723521,3587.644271380427,3597.721923828125,43596800,0.0,0.0
2023-07-17 00:00:00+07:00,3607.7998046875,3638.0327639446577,3607.7998046875,3607.7998046875,60019400,0.0,0.0
2023-07-18 00:00:00+07:00,3607.7995920931353,3627.954897076896,3587.644287109375,3587.644287109375,65080800,0.0,0.0
2023-07-20 00:00:00+07:00,3597.721846269639,3648.110107421875,3597.721846269639,3648.110107421875,62532400,0.0,0.0
2023-07-21 00:00:00+07:00,3648.110107421875,3648.110107421875,3627.954802960981,3648.110107421875,19578200,0.0,0.0
2023-07-24 00:00:00+07:00,3627.9550618940443,3658.1880207431614,3627.9550618940443,3638.03271484375,37485400,0.0,0.0
2023-07-25 00:00:00+07:00,3648.1103677934557,3678.3433266425727,3638.03271484375,3638.03271484375,45959000,0.0,0.0
2023-07-26 00:00:00+07:00,3638.0327639446577,3648.110417030377,3597.7221516017808,3607.7998046875,104007400,0.0,0.0
2023-07-27 00:00:00+07:00,3597.721939601255,3607.7995920931353,3587.644287109375,3587.644287109375,85572800,0.0,0.0
2023-07-28 00:00:00+07:00,3587.644058098592,3597.721709947183,3547.3334507042255,3577.56640625,81248000,0.0,0.0
2023-07-31 00:00:00+07:00,3587.644058098592,3607.799361795775,3557.4111025528173,3577.56640625,65017400,0.0,0.0
2023-08-01 00:00:00+07:00,3557.4114740465147,3567.489126947496,3476.7902508386614,3496.945556640625,136286600,0.0,0.0
2023-08-02 00:00:00+07:00,3507.022843309859,3577.56640625,3507.022843309859,3577.56640625,66452600,0.0,0.0
2023-08-03 00:00:00+07:00,3577.5668454303423,3627.9551108589385,3567.489192344623,3607.7998046875,82168800,0.0,0.0
2023-08-04 00:00:00+07:00,3607.7995293511285,3648.110138617622,3597.7218770345053,3627.954833984375,56224800,0.0,0.0
2023-08-07 00:00:00+07:00,3627.9548339843755,3648.110138617622,3627.9548339843755,3627.954833984375,35042800,0.0,0.0
2023-08-08 00:00:00+07:00,3627.954881171219,3638.0325336189167,3587.644271380427,3597.721923828125,28001600,0.0,0.0
2023-08-09 00:00:00+07:00,3597.7220711195764,3668.2656411415287,3597.7220711195764,3658.18798828125,67682000,0.0,0.0
2023-08-10 00:00:00+07:00,3668.265625,3678.343277815934,3648.110319368132,3668.265625,47185600,0.0,0.0
2023-08-11 00:00:00+07:00,3668.265625,3678.343277815934,3648.110319368132,3668.265625,33962600,0.0,0.0
2023-08-14 00:00:00+07:00,3678.343213952106,3728.7314771569295,3668.2655613111415,3708.576171875,90433400,0.0,0.0
2023-08-15 00:00:00+07:00,3708.576236263736,3718.65388907967,3668.265625,3668.265625,48732000,0.0,0.0
2023-08-16 00:00:00+07:00,3668.265625,3678.343277815934,3607.7997081043954,3668.265625,54525000,0.0,0.0
2023-08-18 00:00:00+07:00,3658.1877596523223,3658.1877596523223,3617.8771507305337,3648.110107421875,51664400,0.0,0.0
2023-08-21 00:00:00+07:00,3658.1879561750857,3678.34326171875,3648.1103034032535,3678.34326171875,35954600,0.0,0.0
2023-08-22 00:00:00+07:00,3678.343277815934,3688.420930631868,3658.187972184066,3668.265625,30726000,0.0,0.0
2023-08-23 00:00:00+07:00,3668.2656411415287,3678.343294001808,3658.18798828125,3658.18798828125,27342600,0.0,0.0
2023-08-24 00:00:00+07:00,3658.1879561750857,3688.420914490582,3658.1879561750857,3678.34326171875,28494200,0.0,0.0
2023-08-25 00:00:00+07:00,3668.265625,3678.343277815934,3648.110319368132,3668.265625,27453200,0.0,0.0
2023-08-28 00:00:00+07:00,3668.265625,3688.420930631868,3658.187972184066,3668.265625,21944400,0.0,0.0
2023-08-29 00:00:00+07:00,3668.2655929815573,3708.5762038934427,3668.2655929815573,3688.4208984375,49788000,0.0,0.0
2023-08-30 00:00:00+07:00,3698.4985192340355,3748.8867824388585,3698.4985192340355,3708.576171875,83251800,0.0,0.0
2023-08-31 00:00:00+07:00,3708.575943034741,3728.7312470729735,3698.498291015625,3698.498291015625,64007200,0.0,0.0
2023-09-01 00:00:00+07:00,3708.575943034741,3718.6535950538573,3698.498291015625,3698.498291015625,16703400,0.0,0.0
2023-09-04 00:00:00+07:00,3728.7315602781914,3839.5857417999755,3708.576254546958,3809.352783203125,146903600,0.0,0.0
2023-09-05 00:00:00+07:00,3809.3526722301135,3910.129197950487,3809.3526722301135,3879.896240234375,100659200,0.0,0.0
2023-09-06 00:00:00+07:00,3900.051330725767,3900.051330725767,3859.74072265625,3859.74072265625,60567600,0.0,0.0
2023-09-07 00:00:00+07:00,3859.741014982525,3859.741014982525,3789.197445518092,3829.508056640625,52556600,0.0,0.0
2023-09-08 00:00:00+07:00,3829.5083854166664,3829.5083854166664,3769.0424635416666,3779.1201171875,49974400,0.0,0.0
2023-09-11 00:00:00+07:00,3779.119824606275,3829.5080889343585,3748.886866009425,3809.352783203125,54934600,0.0,0.0
2023-09-12 00:00:00+07:00,3809.352385490171,3809.352385490171,3748.8864746093745,3748.886474609375,53087200,0.0,0.0
2023-09-13 00:00:00+07:00,3758.964096314129,3779.1193997796204,3738.808792848638,3769.041748046875,44955600,0.0,0.0
2023-09-14 00:00:00+07:00,3789.197477471892,3829.5080889343585,3769.0421717406584,3809.352783203125,57207600,0.0,0.0
2023-09-15 00:00:00+07:00,3809.352523602408,3839.585480138935,3799.2748714235654,3819.43017578125,73345200,0.0,0.0
2023-09-18 00:00:00+07:00,3819.430006710603,3829.5076584433486,3769.0417480468745,3769.041748046875,32816000,0.0,0.0
2023-09-19 00:00:00+07:00,3779.119824606275,3839.5857417999755,3769.0421717406584,3809.352783203125,26575600,0.0,0.0
2023-09-20 00:00:00+07:00,3809.352462569354,3900.051330725767,3809.352462569354,3859.74072265625,82221800,0.0,0.0
2023-09-21 00:00:00+07:00,3859.7409509023028,3900.051561355591,3849.663298288981,3869.818603515625,56156800,0.0,0.0
2023-09-22 00:00:00+07:00,3889.974055989583,3980.6729329427085,3869.81875,3930.28466796875,93225000,0.0,0.0
2023-09-25 00:00:00+07:00,3930.2844784864737,4051.2163085937495,3930.2844784864737,4051.21630859375,110954800,0.0,0.0
2023-09-26 00:00:00+07:00,4061.293762360002,4071.3714143757834,4010.9055022810935,4020.983154296875,127165000,0.0,0.0
2023-09-27 00:00:00+07:00,4020.983304398148,4121.759828317901,4010.9056520061727,4081.44921875,92088000,0.0,0.0
2023-09-29 00:00:00+07:00,4101.604399969734,4202.380920853511,4091.5267478813557,4162.0703125,76949400,0.0,0.0
2023-10-02 00:00:00+07:00,4162.070817373331,4232.614390549151,4151.9931640625,4151.9931640625,52562400,0.0,0.0
2023-10-03 00:00:00+07:00,4172.147903552158,4212.458511315947,4162.0702516112115,4202.380859375,49593400,0.0,0.0
2023-10-04 00:00:00+07:00,4212.459033791415,4222.536686982304,4131.837808264307,4182.22607421875,57958800,0.0,0.0
2023-10-05 00:00:00+07:00,4192.303727409639,4192.303727409639,4172.148421027861,4182.22607421875,69727000,0.0,0.0
2023-10-06 00:00:00+07:00,4212.458526611328,4212.458526611328,4172.147918701172,4192.30322265625,41840100,0.0,2.0
2023-10-09 00:00:00+07:00,4192.303347120098,4192.303347120098,4071.3715197993256,4111.68212890625,55808900,0.0,0.0
2023-10-10 00:00:00+07:00,4172.147918701172,4192.30322265625,4151.992614746094,4192.30322265625,27090900,0.0,2.0
2023-10-11 00:00:00+07:00,4192.303253321256,4192.303253321256,4151.992645116244,4172.14794921875,63713600,0.0,0.0
2023-10-12 00:00:00+07:00,4192.304027288732,4373.701797700264,4192.304027288732,4293.08056640625,71485100,0.0,0.0
2023-10-13 00:00:00+07:00,4313.235077936292,4333.390382038799,4172.14794921875,4172.14794921875,49138900,0.0,0.0
2023-10-16 00:00:00+07:00,4192.30322265625,4252.769134521484,4151.992614746094,4192.30322265625,35029400,0.0,0.0
2023-10-17 00:00:00+07:00,4192.30322265625,4212.458526611328,4151.992614746094,4192.30322265625,29834000,0.0,0.0
2023-10-18 00:00:00+07:00,4192.30331554878,4212.458619950457,4111.682097942074,4131.83740234375,46027500,0.0,0.0
2023-10-19 00:00:00+07:00,4111.682183269547,4111.682183269547,3950.4397447099573,3982.688232421875,96750500,0.0,0.0
2023-10-20 00:00:00+07:00,3982.688389123805,4051.2164282079193,3958.502022388235,4006.874755859375,48517500,0.0,0.0
2023-10-23 00:00:00+07:00,4006.8745356924787,4071.3715101100643,3990.7502920880825,4022.998779296875,36582200,0.0,0.0
2023-10-24 00:00:00+07:00,4031.060791015625,4091.5267028808594,4006.8744262695313,4031.060791015625,43655100,0.0,0.0
2023-10-25 00:00:00+07:00,4071.371733820894,4071.371733820894,3998.812633614185,4006.874755859375,49108000,0.0,0.0
2023-10-26 00:00:00+07:00,4014.936896652472,4022.999018934907,3894.0050624159517,3934.315673828125,77078100,0.0,0.0
2023-10-27 00:00:00+07:00,3934.31551626933,3950.4397601884666,3910.129150390625,3910.129150390625,39350600,0.0,0.0
2023-10-30 00:00:00+07:00,3910.129150390625,3918.1912723501932,3877.880662552352,3910.129150390625,34312600,0.0,0.0
2023-10-31 00:00:00+07:00,3910.129325723349,3910.129325723349,3805.321735549321,3861.756591796875,62061200,0.0,0.0
2023-11-01 00:00:00+07:00,3974.625964912636,3974.625964912636,3861.756262055076,3885.942626953125,58008400,0.0,0.0
2023-11-02 00:00:00+07:00,3885.9430495620504,3966.564274656699,3877.880927052586,3926.253662109375,61528700,0.0,0.0
2023-11-03 00:00:00+07:00,3958.501929659541,3982.6882958285405,3934.315563490542,3942.377685546875,37333500,0.0,0.0
2023-11-06 00:00:00+07:00,4014.9368781045646,4031.061122594944,3982.688389123805,4006.874755859375,54278500,0.0,0.0
2023-11-07 00:00:00+07:00,4006.8745982058135,4006.8745982058135,3958.5018666379365,3982.688232421875,38213600,0.0,0.0
2023-11-08 00:00:00+07:00,3982.688407522733,3990.750529805168,3918.191429263256,3934.315673828125,30691100,0.0,0.0
2023-11-09 00:00:00+07:00,3934.3158958654835,3990.750755027488,3918.191650390625,3918.191650390625,32999400,0.0,0.0
2023-11-10 00:00:00+07:00,3918.191650390625,3926.253773128054,3885.943159440908,3918.191650390625,37753900,0.0,0.0
2023-11-13 00:00:00+07:00,3942.377685546875,3958.501929659541,3926.253441434209,3942.377685546875,17199700,0.0,0.0
2023-11-14 00:00:00+07:00,3958.5020406754293,3982.688407522733,3934.315673828125,3934.315673828125,27961100,0.0,0.0
2023-11-15 00:00:00+07:00,4006.8746455548758,4051.2163166827468,3998.8125235316265,4014.936767578125,93350800,0.0,0.0
2023-11-16 00:00:00+07:00,4006.8744875512944,4022.9987309619637,3958.5017573192868,3990.750244140625,38121600,0.0,0.0
2023-11-17 00:00:00+07:00,3982.688279485128,4022.9988896013747,3950.439791392131,4014.936767578125,48489500,0.0,0.0
2023-11-20 00:00:00+07:00,4031.061011624624,4051.2163166827468,4006.8746455548758,4014.936767578125,52108800,0.0,0.0
2023-11-21 00:00:00+07:00,4031.0611818811576,4111.682405518781,4022.9990595173954,4091.527099609375,129449900,0.0,0.0
2023-11-22 00:00:00+07:00,4111.682405518781,4111.682405518781,4051.2164877905634,4091.527099609375,28872800,0.0,0.0
2023-11-23 00:00:00+07:00,4111.682550819175,4172.148470684163,4091.527244197512,4151.9931640625,80157000,0.0,0.0
2023-11-24 00:00:00+07:00,4172.147918701172,4232.613830566406,4172.147918701172,4192.30322265625,61211100,0.0,0.0
2023-11-27 00:00:00+07:00,4212.458919579384,4313.235448755924,4212.458919579384,4252.76953125,79553000,0.0,0.0
2023-11-28 00:00:00+07:00,4313.235077936292,4313.235077936292,4172.14794921875,4172.14794921875,43142000,0.0,0.0
2023-11-29 00:00:00+07:00,4131.837759793661,4212.458984375,4111.6824536483255,4212.458984375,48041400,0.0,0.0
2023-11-30 00:00:00+07:00,4151.99300207346,4252.76953125,4151.99300207346,4252.76953125,127524100,0.0,0.0
2023-12-01 00:00:00+07:00,4272.924376860119,4272.924376860119,4192.303162202381,4232.61376953125,31223300,0.0,0.0
2023-12-04 00:00:00+07:00,4252.769499005012,4313.2354160524765,4232.6141933225235,4272.9248046875,34104500,0.0,0.0
2023-12-05 00:00:00+07:00,4272.9248046875,4293.080110369989,4212.458887640036,4272.9248046875,29788300,0.0,0.0
2023-12-06 00:00:00+07:00,4272.924902811004,4293.080208956339,4212.458984375,4212.458984375,32453700,0.0,0.0
2023-12-07 00:00:00+07:00,4212.458919579384,4272.924837085308,4151.99300207346,4252.76953125,36511000,0.0,0.0
2023-12-08 00:00:00+07:00,4192.303629156404,4212.45893506581,4091.527099609375,4091.527099609375,47842200,0.0,0.0
2023-12-11 00:00:00+07:00,4091.5267328087257,4192.303253321256,4071.37142870622,4172.14794921875,36394800,0.0,0.0
2023-12-12 00:00:00+07:00,4232.614225414692,4272.924837085308,4212.458919579384,4252.76953125,40554100,0.0,0.0
2023-12-13 00:00:00+07:00,4252.769165628774,4252.769165628774,4131.837341013738,4172.14794921875,39240500,0.0,0.0
2023-12-14 00:00:00+07:00,4212.458347784024,4353.54546948014,4212.458347784024,4313.23486328125,85061100,0.0,0.0
2023-12-15 00:00:00+07:00,4373.701366261848,4373.701366261848,4252.76953125,4252.76953125,58451500,0.0,0.0
2023-12-18 00:00:00+07:00,4232.613830566406,4272.9244384765625,4172.147918701172,4192.30322265625,51524600,0.0,0.0
2023-12-19 00:00:00+07:00,4192.30322265625,4232.613830566406,4172.147918701172,4192.30322265625,42678100,0.0,0.0
2023-12-20 00:00:00+07:00,4212.458526611328,4232.613830566406,4172.147918701172,4192.30322265625,54306000,0.0,0.0
2023-12-21 00:00:00+07:00,4212.459083927488,4212.459083927488,4131.837857440837,4151.9931640625,48767200,0.0,0.0
2023-12-22 00:00:00+07:00,4192.303162202381,4232.61376953125,4172.147858537946,4232.61376953125,35234900,0.0,0.0
2023-12-27 00:00:00+07:00,4272.924837085308,4293.080142920616,4232.614225414692,4252.76953125,31289300,0.0,0.0
2023-12-28 00:00:00+07:00,4272.92425708236,4353.54546948014,4232.61365088347,4313.23486328125,37566900,0.0,0.0
2023-12-29 00:00:00+07:00,4333.390625,4353.545930232558,4293.080014534884,4333.390625,38423300,0.0,0.0
2024-01-02 00:00:00+07:00,4333.390625,4333.390625,4272.924709302326,4333.390625,20147500,0.0,0.0
2024-01-03 00:00:00+07:00,4333.390166380695,4353.54546948014,4293.0795601818045,4313.23486328125,27547700,0.0,0.0
2024-01-04 00:00:00+07:00,4313.235512869699,4575.254492623466,4293.080206734794,4514.78857421875,77162400,0.0,0.0
2024-01-05 00:00:00+07:00,4575.254525907371,4635.720444751962,4494.63330078125,4494.63330078125,69463500,0.0,0.0
2024-01-08 00:00:00+07:00,4494.63330078125,4555.099219625841,4474.47799449972,4494.63330078125,60606600,0.0,0.0
2024-01-09 00:00:00+07:00,4514.788509402655,4555.09912109375,4514.788509402655,4555.09912109375,34897000,0.0,0.0
2024-01-10 00:00:00+07:00,4534.943880353655,4575.254492623466,4494.633268083845,4514.78857421875,37988500,0.0,0.0
2024-01-11 00:00:00+07:00,4555.099186488561,4595.409798758371,4494.633268083845,4514.78857421875,22855800,0.0,0.0
2024-01-12 00:00:00+07:00,4514.78857421875,4555.099186488561,4494.633268083845,4514.78857421875,40942900,0.0,0.0
2024-01-15 00:00:00+07:00,4555.098663194444,4575.253967013889,4514.788055555556,4534.943359375,51408800,0.0,0.0
2024-01-16 00:00:00+07:00,4534.943880353655,4534.943880353655,4494.633268083845,4514.78857421875,37795700,0.0,0.0
2024-01-17 00:00:00+07:00,4514.7886402027025,4534.943946632179,4414.012108055321,4474.47802734375,61481200,0.0,0.0
2024-01-18 00:00:00+07:00,4474.47802734375,4514.7886402027025,4414.012108055321,4474.47802734375,33241700,0.0,0.0
2024-01-19 00:00:00+07:00,4494.63340065696,4494.63340065696,4414.0121737393465,4434.16748046875,29776100,0.0,0.0
2024-01-22 00:00:00+07:00,4454.322265625,4514.788178733032,4393.856352516968,4454.322265625,30949600,0.0,0.0
2024-01-23 00:00:00+07:00,4454.322391633064,4454.322391633064,4333.390561995968,4373.701171875,48824300,0.0,0.0
2024-01-24 00:00:00+07:00,4393.856414098173,4434.167023401827,4353.54580479452,4414.01171875,42436800,0.0,0.0
2024-01-25 00:00:00+07:00,4434.167118778935,4454.322423864294,4353.5458984375,4353.5458984375,47955600,0.0,0.0
2024-01-26 00:00:00+07:00,4353.545866935484,4373.701171875,4313.235257056452,4373.701171875,30545600,0.0,0.0
2024-01-29 00:00:00+07:00,4393.856769373599,4494.63330078125,4393.856769373599,4494.63330078125,63056100,0.0,0.0
2024-01-30 00:00:00+07:00,4494.633203557108,4575.254426939297,4474.477897711559,4555.09912109375,55020500,0.0,0.0
2024-01-31 00:00:00+07:00,4595.409604279891,4676.030825407609,4575.254298997962,4635.72021484375,70045600,0.0,0.0
2024-02-01 00:00:00+07:00,4635.720246827238,4635.720246827238,4555.099025143286,4615.56494140625,49179400,0.0,0.0
2024-02-02 00:00:00+07:00,4635.720183137176,4696.186098569399,4635.720183137176,4655.87548828125,44074200,0.0,0.0
2024-02-05 00:00:00+07:00,4655.875520125679,4696.186130689538,4615.564909561821,4635.72021484375,47096400,0.0,0.0
2024-02-06 00:00:00+07:00,4655.87548828125,4696.186098569399,4635.720183137176,4655.87548828125,41834000,0.0,0.0
2024-02-07 00:00:00+07:00,4655.875520125679,4696.186130689538,4635.72021484375,4635.72021484375,39906900,0.0,0.0
2024-02-12 00:00:00+07:00,4655.875272863052,4837.273010766807,4635.719968651523,4796.96240234375,64615800,0.0,0.0
2024-02-13 00:00:00+07:00,4817.118297041224,4817.118297041224,4716.341763630319,4736.4970703125,74976200,0.0,0.0
2024-02-15 00:00:00+07:00,4958.2052734375,5018.67119140625,4837.2734375,4837.2734375,128792500,0.0,0.0
2024-02-16 00:00:00+07:00,4857.428743489583,4938.049967447917,4837.2734375,4837.2734375,62601000,0.0,0.0
2024-02-19 00:00:00+07:00,4857.428910405585,4877.584217087766,4736.4970703125,4736.4970703125,67950100,0.0,0.0
2024-02-20 00:00:00+07:00,4756.651703514004,4857.42822265625,4756.651703514004,4857.42822265625,37554100,0.0,0.0
2024-02-21 00:00:00+07:00,4857.428743489583,4877.584049479166,4776.80751953125,4837.2734375,54476400,0.0,0.0
2024-02-22 00:00:00+07:00,4837.273010766807,4857.428314978335,4756.651793920693,4796.96240234375,37676100,0.0,0.0
2024-02-23 00:00:00+07:00,4837.273073358051,4837.273073358051,4696.185942051774,4756.65185546875,50216600,0.0,0.0
2024-02-26 00:00:00+07:00,4756.65185546875,4776.807159941075,4676.030637579449,4756.65185546875,27500000,0.0,0.0
2024-02-27 00:00:00+07:00,4756.652213541666,4837.2734375,4716.3416015625,4837.2734375,38645200,0.0,0.0
2024-02-28 00:00:00+07:00,4796.962857936715,4837.273470188285,4756.652245685146,4817.1181640625,27278600,0.0,0.0
2024-02-29 00:00:00+07:00,4817.118131510417,4837.2734375,4756.652213541666,4837.2734375,48736000,0.0,0.0
2024-03-01 00:00:00+07:00,4776.807159941075,4817.117768885725,4696.185942051774,4756.65185546875,71774400,0.0,0.0
2024-03-04 00:00:00+07:00,4756.652376994681,4776.807683676861,4676.031150265958,4736.4970703125,35600700,0.0,0.0
2024-03-05 00:00:00+07:00,4736.496550996425,4796.9624644134,4716.341246524099,4756.65185546875,49795500,0.0,0.0
2024-03-06 00:00:00+07:00,4756.651793920693,4796.96240234375,4736.496489709165,4796.96240234375,28923100,0.0,0.0
2024-03-07 00:00:00+07:00,4817.1181640625,4857.428776314069,4796.962857936715,4817.1181640625,47464200,0.0,0.0
2024-03-08 00:00:00+07:00,4837.273309426229,4938.049836705943,4817.118003970287,4917.89453125,73185000,0.0,0.0
2024-03-13 00:00:00+07:00,4917.89437437249,5038.826203250503,4917.89437437249,5018.6708984375,87861700,0.0,0.0
2024-03-14 00:00:00+07:00,5018.6714879477895,5038.826795128302,4897.73964486471,4958.20556640625,88145400,0.0,0.0
2024-03-15 00:00:00+07:00,5026.202691439925,5026.202691439925,4836.136203108163,4899.49169921875,144447600,280.49518,0.0
2024-03-18 00:00:00+07:00,4920.610197922279,4983.965694032867,4899.49169921875,4899.49169921875,48979300,0.0,0.0
2024-03-19 00:00:00+07:00,4899.491519764957,4962.8470135550215,4899.491519764957,4941.728515625,34162200,0.0,0.0
2024-03-20 00:00:00+07:00,4941.7286693816495,4983.965666555851,4941.7286693816495,4962.84716796875,32725900,0.0,0.0
2024-03-21 00:00:00+07:00,4983.965694032867,5005.084192736395,4899.49169921875,4899.49169921875,50976000,0.0,0.0
2024-03-22 00:00:00+07:00,4941.728515625,4962.8470135550215,4899.491519764957,4941.728515625,29927600,0.0,0.0
2024-03-25 00:00:00+07:00,5005.08447265625,5005.08447265625,4920.6104731177475,5005.08447265625,43514000,0.0,0.0
2024-03-26 00:00:00+07:00,5026.203125,5026.203125,4941.72912289916,5026.203125,29383900,0.0,0.0
2024-03-27 00:00:00+07:00,5026.202972540876,5047.321472425501,4983.965972771624,5005.08447265625,19643200,0.0,0.0
2024-03-28 00:00:00+07:00,5026.202818789724,5026.202818789724,4941.728821835275,4983.9658203125,40077400,0.0,0.0
2024-04-01 00:00:00+07:00,4983.965241288717,4983.965241288717,4688.306286297014,4772.7802734375,100174400,0.0,0.0
2024-04-02 00:00:00+07:00,4751.6621628852745,4751.6621628852745,4582.714174871576,4624.951171875,121164600,0.0,0.0
2024-04-03 00:00:00+07:00,4603.832728139671,4667.188224398475,4413.766239363263,4498.240234375,126994500,0.0,0.0
2024-04-04 00:00:00+07:00,4434.884409681659,4540.476895626461,4434.884409681659,4519.3583984375,163113100,0.0,0.0
2024-04-05 00:00:00+07:00,4498.240570644162,4540.477571307488,4477.1220703125,4477.1220703125,36818200,0.0,0.0
2024-04-16 00:00:00+07:00,4287.054973895733,4477.121450570913,4265.93647648738,4392.6474609375,164123600,0.0,0.0
2024-04-17 00:00:00+07:00,4434.884765625,4519.3587611607145,4434.884765625,4434.884765625,68948000,0.0,0.0
2024-04-18 00:00:00+07:00,4434.8850696491745,4519.3590709758255,4434.8850696491745,4477.1220703125,57785900,0.0,0.0
2024-04-19 00:00:00+07:00,4434.884611430921,4456.0031095805925,4371.529116981908,4413.76611328125,52519300,0.0,0.0
2024-04-22 00:00:00+07:00,4434.884409681659,4519.3583984375,4350.410420925818,4519.3583984375,62509300,0.0,0.0
2024-04-23 00:00:00+07:00,4540.477260044643,4582.7142578125,4434.884765625,4434.884765625,45322700,0.0,0.0
2024-04-24 00:00:00+07:00,4477.1220703125,4519.3590709758255,4392.648068985849,4477.1220703125,44771200,0.0,0.0
2024-04-25 00:00:00+07:00,4477.1220703125,4498.240570644162,4413.766569317511,4477.1220703125,35922300,0.0,0.0
2024-04-26 00:00:00+07:00,4392.647641080097,4456.003135903368,4308.173647982403,4350.41064453125,80482400,0.0,0.0
2024-04-29 00:00:00+07:00,4329.292120682566,4413.76611328125,4265.9366262335525,4413.76611328125,41068600,0.0,0.0
2024-04-30 00:00:00+07:00,4498.240262276786,4519.3587611607145,4413.766266741071,4434.884765625,73658500,0.0,0.0
2024-05-02 00:00:00+07:00,4392.64777837086,4434.88477623981,4063.199194993045,4080.093994140625,183458300,0.0,0.0
2024-05-03 00:00:00+07:00,4096.988793288206,4122.330992009575,4012.514797550304,4080.093994140625,89058400,0.0,0.0
2024-05-06 00:00:00+07:00,4122.331016112266,4130.778415735447,4054.751819126819,4063.19921875,81862000,0.0,0.0
2024-05-07 00:00:00+07:00,4046.304428814827,4063.199228100066,3953.3830327460105,3970.27783203125,82580800,0.0,0.0
2024-05-08 00:00:00+07:00,3953.3829463329766,4029.4095414547646,3902.6985495851177,3944.935546875,58548300,0.0,0.0
2024-05-13 00:00:00+07:00,3885.8037436257846,4037.85693359375,3885.8037436257846,4037.85693359375,54329600,0.0,0.0
2024-05-14 00:00:00+07:00,4046.304280433887,4173.015270426597,4037.8568811010396,4164.56787109375,70014900,0.0,0.0
2024-05-15 00:00:00+07:00,4122.330589241294,4308.1733617070895,4096.988392995958,4244.81787109375,85730700,0.0,0.0
2024-05-16 00:00:00+07:00,4329.2919687124395,4456.00295316256,4308.173471304087,4392.6474609375,118382400,0.0,0.0
2024-05-17 00:00:00+07:00,4392.64779589372,4456.003292949879,4329.29229883756,4371.529296875,67679700,0.0,0.0
2024-05-20 00:00:00+07:00,4392.647974711345,4434.884974468186,4181.4629759271465,4206.80517578125,76605300,0.0,0.0
2024-05-21 00:00:00+07:00,4206.804807267099,4206.804807267099,4020.962024616745,4029.409423828125,87501700,0.0,0.0
2024-05-22 00:00:00+07:00,3987.1725602350316,4054.7517561712184,3987.1725602350316,4020.962158203125,60859500,0.0,0.0
2024-05-27 00:00:00+07:00,4029.4095414547646,4046.3043403707175,3911.1459490430943,3944.935546875,60499200,0.0,0.0
2024-05-28 00:00:00+07:00,3970.2779419204485,4046.3045408082867,3961.830542044022,3978.725341796875,25799600,0.0,0.0
2024-05-29 00:00:00+07:00,3953.3831164631624,3961.830516284665,3801.3299196761177,3826.672119140625,111830200,0.0,0.0
2024-05-30 00:00:00+07:00,3801.329723604538,3852.014119919265,3691.5135315892953,3792.88232421875,81608700,0.0,0.0
2024-05-31 00:00:00+07:00,3835.1193037553267,3860.461501797763,3716.855712890625,3716.855712890625,145978300,0.0,0.0
2024-06-03 00:00:00+07:00,3767.5400971912204,3919.593284970238,3759.0926978701636,3902.698486328125,53865700,0.0,0.0
2024-06-04 00:00:00+07:00,3928.0406609896954,3970.2776573444235,3885.8036646349674,3919.59326171875,52885400,0.0,0.0
2024-06-05 00:00:00+07:00,3911.145774725461,3936.487971969902,3868.9087793180584,3894.2509765625,46536400,0.0,0.0
2024-06-06 00:00:00+07:00,3944.935431714328,4029.409423828125,3911.145834868809,4029.409423828125,69154900,0.0,0.0
2024-06-07 00:00:00+07:00,4029.4096295295876,4037.857029172207,3936.488233460771,3970.27783203125,45575300,0.0,0.0
2024-06-10 00:00:00+07:00,3928.0405728884216,3936.487971969902,3843.5665820736167,3894.2509765625,65704900,0.0,0.0
2024-06-11 00:00:00+07:00,3852.014256068638,3911.1460538591655,3784.43505859375,3784.43505859375,95286400,0.0,0.0
2024-06-12 00:00:00+07:00,3742.197998046875,3767.5401966792465,3725.3031989586275,3742.197998046875,112781100,0.0,0.0
2024-06-13 00:00:00+07:00,3801.329857962472,3818.224657331194,3767.540259225028,3784.43505859375,47763900,0.0,0.0
2024-06-14 00:00:00+07:00,3784.434889791183,3784.434889791183,3640.8291015625,3640.8291015625,65046900,0.0,0.0
2024-06-19 00:00:00+07:00,3640.8289908475654,3708.4081832530887,3598.5919955941135,3632.381591796875,60373800,0.0,0.0
2024-06-20 00:00:00+07:00,3649.2765181107957,3725.303112238104,3632.3817194158382,3716.855712890625,50579900,0.0,0.0
2024-06-21 00:00:00+07:00,3716.8560280148677,3894.251429351941,3716.8560280148677,3835.11962890625,108982500,0.0,0.0
2024-06-24 00:00:00+07:00,3835.11962890625,3885.804029288271,3767.5404283968887,3835.11962890625,49112400,0.0,0.0
2024-06-25 00:00:00+07:00,3818.224657331194,3826.6720570155553,3733.7506604875834,3784.43505859375,44861500,0.0,0.0
2024-06-26 00:00:00+07:00,3784.435131504525,3826.6721307400667,3733.750732421875,3733.750732421875,34063700,0.0,0.0
2024-06-27 00:00:00+07:00,3759.092505842317,3894.25088807485,3742.197708063251,3868.90869140625,85462100,0.0,0.0
2024-06-28 00:00:00+07:00,3877.3564830337987,4004.0674792113737,3877.3564830337987,3936.48828125,95384300,0.0,0.0
2024-07-01 00:00:00+07:00,3961.830542044022,3987.172741673301,3928.040942538316,3978.725341796875,43250900,0.0,0.0
2024-07-02 00:00:00+07:00,3978.7253417968745,3995.6201415497276,3944.935742291169,3978.725341796875,35142800,0.0,0.0
2024-07-03 00:00:00+07:00,3995.6199675529233,4004.067367061492,3911.1459724672377,3928.040771484375,41531700,0.0,0.0
2024-07-04 00:00:00+07:00,3961.830542044022,4029.4097410554336,3936.4883424147424,3978.725341796875,61435900,0.0,0.0
2024-07-05 00:00:00+07:00,3995.620030959109,4037.857029172207,3961.83043238863,3970.27783203125,67585600,0.0,0.0
2024-07-08 00:00:00+07:00,3995.619943622859,4004.067343080835,3944.935546875,3944.935546875,36004700,0.0,0.0
2024-07-09 00:00:00+07:00,3944.935918611754,4113.883923691486,3944.935918611754,4105.4365234375,87456600,0.0,0.0
2024-07-10 00:00:00+07:00,4096.988928070701,4139.225927329162,4071.646728515625,4071.646728515625,48700200,0.0,0.0
2024-07-11 00:00:00+07:00,4096.988502831429,4122.33069975616,4080.0937048816095,4113.88330078125,37573700,0.0,0.0
2024-07-12 00:00:00+07:00,4156.120184235075,4329.291858578203,4156.120184235075,4244.81787109375,151520700,0.0,0.0
2024-07-15 00:00:00+07:00,4265.936367964863,4287.054864835976,4206.804576725746,4244.81787109375,94794900,0.0,0.0
2024-07-16 00:00:00+07:00,4265.936975440826,4265.936975440826,4206.80517578125,4206.80517578125,66371200,0.0,0.0
2024-07-17 00:00:00+07:00,4265.936704101562,4287.055202636719,4223.69970703125,4223.69970703125,59615300,0.0,0.0
2024-07-18 00:00:00+07:00,4215.252281211515,4329.292172586976,4215.252281211515,4287.05517578125,86127800,0.0,0.0
2024-07-19 00:00:00+07:00,4287.0553289675245,4308.173828125,4244.818330652573,4308.173828125,66907300,0.0,0.0
2024-07-22 00:00:00+07:00,4329.2923272824755,4350.410826439951,4265.936829810049,4308.173828125,32378000,0.0,0.0
2024-07-23 00:00:00+07:00,4308.17351871906,4329.292016359839,4265.9365234375,4265.9365234375,30554100,0.0,0.0
2024-07-24 00:00:00+07:00,4265.936829810049,4308.173828125,4223.699831495098,4308.173828125,23442100,0.0,0.0
2024-07-25 00:00:00+07:00,4265.936367964863,4287.054864835976,4206.804576725746,4244.81787109375,52463300,0.0,0.0
2024-07-26 00:00:00+07:00,4223.69970703125,4287.055202636719,4215.252307617187,4223.69970703125,41982600,0.0,0.0
2024-07-29 00:00:00+07:00,4244.81787109375,4265.936367964863,4223.699374222637,4244.81787109375,19854800,0.0,0.0
2024-07-30 00:00:00+07:00,4223.699889520202,4223.699889520202,4181.462890625,4181.462890625,36234500,0.0,0.0
2024-07-31 00:00:00+07:00,4198.357421875,4244.818117690518,4156.120425679074,4198.357421875,34106000,0.0,0.0
2024-08-01 00:00:00+07:00,4173.015284405788,4287.05517578125,4173.015284405788,4287.05517578125,54207300,0.0,0.0
2024-08-02 00:00:00+07:00,4265.936829810049,4350.410826439951,4244.818330652573,4308.173828125,75959300,0.0,0.0
2024-08-05 00:00:00+07:00,4244.818253055695,4265.9367518271165,4122.330960181452,4189.91015625,65485300,0.0,0.0
2024-08-06 00:00:00+07:00,4223.699374222637,4287.054864835976,4173.014981731965,4244.81787109375,51827100,0.0,0.0
2024-08-07 00:00:00+07:00,4244.8182055664065,4265.936704101562,4206.804908203125,4223.69970703125,32547900,0.0,0.0
2024-08-08 00:00:00+07:00,4223.699374222637,4308.1733617070895,4198.357177977301,4244.81787109375,51493100,0.0,0.0
2024-08-09 00:00:00+07:00,4265.936980754574,4392.647980182927,4265.936980754574,4329.29248046875,33031700,0.0,0.0
2024-08-12 00:00:00+07:00,4350.4109803734755,4350.4109803734755,4287.055480659299,4329.29248046875,14296000,0.0,0.0
2024-08-13 00:00:00+07:00,4371.529296875,4392.64779589372,4329.29229883756,4371.529296875,26196400,0.0,0.0
2024-08-14 00:00:00+07:00,4434.884918357524,4540.477416413655,4413.766418746298,4456.00341796875,93112500,0.0,0.0
2024-08-15 00:00:00+07:00,4477.121763392857,4498.240262276786,4413.766266741071,4434.884765625,33034700,0.0,0.0
2024-08-16 00:00:00+07:00,4477.1220703125,4519.3590709758255,4456.003569980837,4477.1220703125,33604900,0.0,0.0
2024-08-19 00:00:00+07:00,4477.12140405958,4603.832387193341,4456.002906870619,4519.3583984375,55661900,0.0,0.0
2024-08-20 00:00:00+07:00,4540.477177868151,4646.069670376713,4540.477177868151,4624.951171875,69978300,0.0,0.0
2024-08-21 00:00:00+07:00,4624.951507848337,4688.307007955848,4582.714507776663,4603.8330078125,92703900,0.0,0.0
2024-08-22 00:00:00+07:00,4582.714415636108,4582.714415636108,4413.766418746298,4456.00341796875,72626600,0.0,0.0
2024-08-23 00:00:00+07:00,4477.122007597477,4646.070007884175,4477.122007597477,4603.8330078125,69905300,0.0,0.0
2024-08-26 00:00:00+07:00,4603.832495227658,4688.306485965781,4603.832495227658,4667.18798828125,68435700,0.0,0.0
2024-08-27 00:00:00+07:00,4667.188196252894,4688.306694878473,4519.358705873843,4561.595703125,57135700,0.0,0.0
2024-08-28 00:00:00+07:00,4561.59554869186,4582.714046602471,4456.003059138808,4540.47705078125,48476500,0.0,0.0
2024-08-29 00:00:00+07:00,4582.714571970813,4582.714571970813,4477.1220703125,4477.1220703125,40749200,0.0,0.0
2024-08-30 00:00:00+07:00,4477.12140405958,4561.59539281542,4477.12140405958,4519.3583984375,86718500,0.0,0.0
2024-09-02 00:00:00+07:00,4519.3583984375,4561.59539281542,4498.239901248539,4519.3583984375,22988100,0.0,0.0
2024-09-03 00:00:00+07:00,4540.47705078125,4561.59554869186,4498.240054960029,4540.47705078125,20288700,0.0,0.0
2024-09-04 00:00:00+07:00,4498.239901248539,4540.476895626461,4477.12140405958,4519.3583984375,47278700,0.0,0.0
2024-09-05 00:00:00+07:00,4540.477507704989,4603.8330078125,4519.359007669152,4603.8330078125,62221800,0.0,0.0
2024-09-06 00:00:00+07:00,4646.06929272677,4793.898770222622,4624.950795941649,4772.7802734375,139365300,0.0,0.0
2024-09-09 00:00:00+07:00,4772.780733999727,4857.254729291758,4751.662235176719,4836.13623046875,78827500,0.0,0.0
2024-09-10 00:00:00+07:00,4857.2545744243425,4878.373072574013,4815.017578125,4815.017578125,55033900,0.0,0.0
2024-09-11 00:00:00+07:00,4815.017267007744,4857.254260577987,4772.7802734375,4772.7802734375,33792600,0.0,0.0
2024-09-12 00:00:00+07:00,4751.662445068359,4772.780944824219,4709.425445556641,4730.5439453125,43318600,0.0,0.0
2024-09-13 00:00:00+07:00,4730.544097222222,4772.781098090278,4709.4255967881945,4751.66259765625,34311700,0.0,0.0
2024-09-17 00:00:00+07:00,4730.543279867256,4815.017267007744,4730.543279867256,4772.7802734375,40776200,0.0,0.0
2024-09-18 00:00:00+07:00,4815.017578125,4815.017578125,4730.543585526316,4815.017578125,64489200,0.0,0.0
2024-09-19 00:00:00+07:00,4899.491366013949,4941.728360548552,4857.2543714793455,4920.60986328125,93847800,0.0,0.0
2024-09-20 00:00:00+07:00,4920.610381283967,4920.610381283967,4857.2548828125,4857.2548828125,47673600,0.0,0.0
2024-09-23 00:00:00+07:00,4857.254701811692,4941.728696625808,4836.136203108163,4899.49169921875,48008700,0.0,0.0
2024-09-24 00:00:00+07:00,4899.49169921875,4920.610197922279,4857.254701811692,4899.49169921875,39900400,0.0,0.0
2024-09-25 00:00:00+07:00,4857.254943847656,4857.254943847656,4603.832946777344,4730.5439453125,120885200,0.0,0.0
2024-09-26 00:00:00+07:00,4730.5439453125,4751.662445068359,4603.832946777344,4730.5439453125,59306200,0.0,0.0
2024-09-27 00:00:00+07:00,4730.544008027523,4730.544008027523,4561.596007740826,4603.8330078125,79718100,0.0,0.0
2024-09-30 00:00:00+07:00,4561.59539281542,4603.832387193341,4498.239901248539,4519.3583984375,69417600,0.0,0.0
2024-10-01 00:00:00+07:00,4540.47705078125,4603.832544513081,4519.35855287064,4540.47705078125,40085600,0.0,0.0
2024-10-02 00:00:00+07:00,4498.239901248539,4561.59539281542,4477.12140405958,4519.3583984375,27716400,0.0,0.0
2024-10-03 00:00:00+07:00,4540.47705078125,4561.59554869186,4477.121557049419,4540.47705078125,42597000,0.0,0.0
2024-10-04 00:00:00+07:00,4561.595730633803,4582.714229386737,4434.884738116198,4498.240234375,35822100,0.0,0.0
2024-10-07 00:00:00+07:00,4498.239947979267,4519.35844538762,4392.6474609375,4392.6474609375,52624000,0.0,0.0
2024-10-08 00:00:00+07:00,4350.410420925818,4561.59539281542,4308.173426547897,4519.3583984375,90686900,0.0,0.0
2024-10-09 00:00:00+07:00,4519.358733127934,4582.714229386737,4456.003236869132,4498.240234375,70831500,0.0,0.0
2024-10-10 00:00:00+07:00,4519.358733127934,4561.595730633803,4498.240234375,4498.240234375,25892500,0.0,0.0
2024-10-11 00:00:00+07:00,4582.714046602471,4582.714046602471,4498.240054960029,4540.47705078125,14488900,0.0,0.0
2024-10-14 00:00:00+07:00,4540.477356800836,4603.8328548027075,4540.477356800836,4582.71435546875,36808100,0.0,0.0
2024-10-15 00:00:00+07:00,4603.832341974432,4667.187832919034,4582.713844992898,4646.0693359375,44248600,0.0,0.0
2024-10-16 00:00:00+07:00,4646.069670376713,4646.069670376713,4603.832673373287,4624.951171875,26629100,0.0,0.0
2024-10-17 00:00:00+07:00,4646.0693359375,4709.424826882102,4624.950838955966,4646.0693359375,48570900,0.0,0.0
2024-10-18 00:00:00+07:00,4688.306286297014,4772.7802734375,4688.306286297014,4772.7802734375,58870300,0.0,0.0
2024-10-21 00:00:00+07:00,4815.018098958333,4857.255099826389,4730.544097222222,4751.66259765625,50980600,0.0,0.0
2024-10-22 00:00:00+07:00,4772.7802734375,4793.898770222622,4709.424783082135,4772.7802734375,59956900,0.0,0.0
2024-10-23 00:00:00+07:00,4793.89892578125,4793.89892578125,4730.543433370044,4793.89892578125,63163700,0.0,0.0
2024-10-24 00:00:00+07:00,4772.781098090278,4815.018098958333,4751.66259765625,4751.66259765625,26445200,0.0,0.0
2024-10-25 00:00:00+07:00,4751.661776652379,4772.7802734375,4688.306286297014,4772.7802734375,20200300,0.0,0.0
2024-10-28 00:00:00+07:00,4772.780317826704,4793.898814808239,4582.713844992898,4646.0693359375,48523000,0.0,0.0
2024-10-29 00:00:00+07:00,4561.596071639151,4646.070072965802,4456.003569980837,4477.1220703125,77068500,0.0,0.0
2024-10-30 00:00:00+07:00,4477.121607730263,4498.240105879934,4392.647615131579,4413.76611328125,58411700,0.0,0.0
2024-10-31 00:00:00+07:00,4392.647767857143,4477.121763392857,4371.529268973214,4434.884765625,50040800,0.0,0.0
2024-11-01 00:00:00+07:00,4434.884455754207,4434.884455754207,4371.5289635291465,4392.6474609375,21870200,0.0,0.0
2024-11-04 00:00:00+07:00,4413.766569317511,4498.240570644162,4350.4110683225235,4477.1220703125,31669500,0.0,0.0
2024-11-05 00:00:00+07:00,4456.003209997107,4603.832700376158,4434.884711371528,4561.595703125,32446400,0.0,0.0
2024-11-06 00:00:00+07:00,4582.714479325457,4582.714479325457,4308.1739805640245,4329.29248046875,67214100,0.0,0.0
2024-11-07 00:00:00+07:00,4350.410355449316,4371.528852320429,4244.81787109375,4244.81787109375,63745800,0.0,0.0
2024-11-08 00:00:00+07:00,4287.0554753192455,4329.292475076086,4198.3577758298825,4206.80517578125,51133100,0.0,0.0
2024-11-11 00:00:00+07:00,4181.4628426775425,4244.818340293869,4054.75184744489,4215.25244140625,44028300,0.0,0.0
2024-11-12 00:00:00+07:00,4189.910069092292,4223.699666423681,4113.883475096665,4164.56787109375,70220900,0.0,0.0
2024-11-13 00:00:00+07:00,4164.5679577242945,4244.818253055695,4147.673158707157,4189.91015625,64548800,0.0,0.0
2024-11-14 00:00:00+07:00,4189.91029040404,4198.357690183081,4147.673291508839,4181.462890625,33431400,0.0,0.0
2024-11-15 00:00:00+07:00,4156.12025044552,4173.015048211558,4113.883256030423,4147.6728515625,32785700,0.0,0.0
2024-11-18 00:00:00+07:00,4164.567694630711,4164.567694630711,4080.0937048816095,4113.88330078125,22240200,0.0,0.0
2024-11-19 00:00:00+07:00,4105.436169056057,4130.778367630477,4054.7517719072166,4096.98876953125,28214800,0.0,0.0
2024-11-20 00:00:00+07:00,4113.8835685808635,4139.225767155283,4054.7517719072166,4096.98876953125,24693600,0.0,0.0
2024-11-21 00:00:00+07:00,4071.646354028734,4096.988551252979,3978.724964206501,3987.17236328125,45727200,0.0,0.0
2024-11-22 00:00:00+07:00,4012.5149056931173,4105.436303509168,4004.067505891658,4088.54150390625,50258400,0.0,0.0
2024-11-25 00:00:00+07:00,4096.988845855774,4287.055338704753,4088.5414461735973,4215.25244140625,98405900,0.0,0.0
2024-11-26 00:00:00+07:00,4244.818388967803,4265.936888415405,4181.462890625,4181.462890625,37322800,0.0,0.0
2024-11-28 00:00:00+07:00,4244.81787109375,4287.054864835976,4181.4623804804105,4244.81787109375,28337000,0.0,0.0
2024-11-29 00:00:00+07:00,4244.818475562406,4265.936975440826,4173.015575975778,4206.80517578125,48885400,0.0,0.0
2024-12-02 00:00:00+07:00,4206.80513846039,4223.699938213243,3978.7253417968745,3978.725341796875,49318100,0.0,0.0
2024-12-03 00:00:00+07:00,4004.067335823091,4088.5413302497386,3995.619936380426,4037.85693359375,60101100,0.0,0.0
2024-12-04 00:00:00+07:00,4054.751893939394,4206.805089962121,4046.3044941603534,4181.462890625,46942200,0.0,0.0
2024-12-05 00:00:00+07:00,4181.462926587623,4181.462926587623,4063.1993286639326,4071.646728515625,33537600,0.0,0.0
2024-12-06 00:00:00+07:00,4071.6469224215534,4122.331323945473,4037.857321405607,4105.4365234375,25735100,0.0,0.0
2024-12-09 00:00:00+07:00,4130.778313476562,4265.936704101562,4122.3309140625,4223.69970703125,43938100,0.0,0.0
2024-12-10 00:00:00+07:00,4215.2524318321075,4308.173828125,4164.568033854167,4308.173828125,39158900,0.0,0.0
2024-12-11 00:00:00+07:00,4265.936677378387,4371.529169392703,4265.936677378387,4287.05517578125,39770900,0.0,0.0
2024-12-12 00:00:00+07:00,4244.817847580206,4244.817847580206,4122.33056640625,4122.33056640625,45911900,0.0,0.0
2024-12-13 00:00:00+07:00,4054.751668208245,4080.0938661345467,3987.172473738108,3995.619873046875,72851000,0.0,0.0
2024-12-16 00:00:00+07:00,3894.251063905913,3987.1724558863143,3885.8036646349674,3919.59326171875,83736700,0.0,0.0
2024-12-17 00:00:00+07:00,3902.6985403995386,3919.593339275727,3742.1979510757483,3775.987548828125,119873700,0.0,0.0
2024-12-18 00:00:00+07:00,3775.9875962233705,3826.671993488114,3725.3031989586275,3742.197998046875,56470100,0.0,0.0
2024-12-19 00:00:00+07:00,3683.066098100348,3691.5134974079174,3632.38170225493,3640.8291015625,71247000,0.0,0.0
2024-12-20 00:00:00+07:00,3657.7240832691464,3683.0662824603874,3598.59228515625,3598.59228515625,83872500,0.0,0.0
2024-12-23 00:00:00+07:00,3649.2765410958905,3708.408336900685,3649.2765410958905,3699.9609375,43668100,0.0,0.0
2024-12-24 00:00:00+07:00,3699.9609375,3716.85573630137,3666.17133989726,3699.9609375,21458900,0.0,0.0
2024-12-27 00:00:00+07:00,3699.9609610181337,3742.1979582900303,3683.066162109375,3683.066162109375,22838700,0.0,0.0
2024-12-30 00:00:00+07:00,3666.1714967223415,3699.961095770474,3607.0396983881105,3674.618896484375,43899600,0.0,0.0
2025-01-02 00:00:00+07:00,3683.0660211567265,3877.356201171875,3683.0660211567265,3877.356201171875,56985400,0.0,0.0
2025-01-03 00:00:00+07:00,3885.804029288271,3911.1462294792814,3835.11962890625,3835.11962890625,76388000,0.0,0.0
2025-01-06 00:00:00+07:00,3843.5667925763614,3852.0141921204854,3725.3031989586275,3742.197998046875,26008100,0.0,0.0
2025-01-07 00:00:00+07:00,3691.5135615637546,3725.3031593812716,3666.1713632006167,3683.066162109375,36973900,0.0,0.0
2025-01-08 00:00:00+07:00,3674.6186294381077,3742.1978226231763,3674.6186294381077,3691.513427734375,39476000,0.0,0.0
2025-01-09 00:00:00+07:00,3683.0661386986303,3725.303135702055,3674.6187392979455,3699.9609375,25545500,0.0,0.0
2025-01-10 00:00:00+07:00,3699.961095770474,3733.750694818606,3674.6188964843745,3674.618896484375,28235300,0.0,0.0
2025-01-13 00:00:00+07:00,3649.276620026722,3657.724019610117,3547.90782502598,3556.355224609375,54029800,0.0,0.0
2025-01-14 00:00:00+07:00,3522.5657223015664,3581.697520997276,3471.8813234195295,3488.776123046875,71568000,0.0,0.0
2025-01-15 00:00:00+07:00,3505.6708331118903,3742.1980218519698,3505.6708331118903,3725.30322265625,82038200,0.0,0.0
2025-01-16 00:00:00+07:00,3885.803830295139,3885.803830295139,3784.435034722222,3801.329833984375,113849300,0.0,0.0
2025-01-17 00:00:00+07:00,3759.0927499519366,3860.4615432090677,3699.960953885277,3775.987548828125,40130000,0.0,0.0
2025-01-20 00:00:00+07:00,3818.2244931175596,3936.488083612351,3792.88229515439,3902.698486328125,67692300,0.0,0.0
2025-01-21 00:00:00+07:00,3961.8301435382054,4071.6463308857465,3928.0405474312697,4004.067138671875,96008700,0.0,0.0
2025-01-22 00:00:00+07:00,4046.304443359375,4063.1992427053433,4020.962244340423,4046.304443359375,55899500,0.0,0.0
2025-01-23 00:00:00+07:00,4046.3043646043348,4071.6465631300402,3928.040771484375,3928.040771484375,86704800,0.0,0.0
2025-01-24 00:00:00+07:00,3936.487971969902,3970.277568295824,3894.2509765624995,3894.2509765625,42140900,0.0,0.0
2025-01-30 00:00:00+07:00,3894.251063905913,3944.9354595315867,3868.908866093076,3919.59326171875,23980100,0.0,0.0
2025-01-31 00:00:00+07:00,3936.488032502948,4122.330815153302,3936.488032502948,4029.409423828125,78958600,0.0,0.0
2025-02-03 00:00:00+07:00,4029.409534151085,4054.7517324790797,3919.5933413964435,4037.85693359375,63072700,0.0,0.0
2025-02-04 00:00:00+07:00,4029.4096295295876,4037.857029172207,3970.27783203125,3970.27783203125,44266700,0.0,0.0
2025-02-05 00:00:00+07:00,3928.0408284505206,3953.3830273437497,3784.435034722222,3801.329833984375,52077600,0.0,0.0
2025-02-06 00:00:00+07:00,3801.329712767701,3809.777112129407,3598.5921280867574,3623.934326171875,72520900,0.0,0.0
2025-02-07 00:00:00+07:00,3590.144751948551,3674.618746112046,3514.118157201405,3607.03955078125,69268900,0.0,0.0
2025-02-10 00:00:00+07:00,3607.03944430064,3640.829040968562,3505.670654296875,3505.670654296875,46856100,0.0,0.0
2025-02-11 00:00:00+07:00,3505.670747874117,3522.5655466590524,3421.1967539494394,3438.091552734375,52994400,0.0,0.0
2025-02-12 00:00:00+07:00,3488.7758079351383,3632.381591796875,3463.433610783067,3632.381591796875,57782300,0.0,0.0
2025-02-13 00:00:00+07:00,3615.486973805147,3632.381772748162,3556.3551775045958,3590.144775390625,38173200,0.0,0.0
2025-02-14 00:00:00+07:00,3640.8290328455732,3708.408226030642,3632.3816336974396,3691.513427734375,61932800,0.0,0.0
2025-02-17 00:00:00+07:00,3691.5134421584385,3877.3562241435316,3674.6186437961574,3860.46142578125,52492800,0.0,0.0
2025-02-18 00:00:00+07:00,3885.8036595394738,4012.5146484375,3885.8036595394738,4012.5146484375,73992700,0.0,0.0
2025-02-19 00:00:00+07:00,4012.514799675055,4012.514799675055,3784.4350110619466,3818.224609375,72328000,0.0,0.0
2025-02-20 00:00:00+07:00,3818.2244342068384,3843.566631779008,3716.855643918161,3767.5400390625,49467500,0.0,0.0
2025-02-21 00:00:00+07:00,3725.3029813544695,3750.645178506541,3632.381591796875,3632.381591796875,70115400,0.0,0.0
2025-02-24 00:00:00+07:00,3632.3819580078125,3649.2767578125,3547.907958984375,3547.907958984375,61467000,0.0,0.0
2025-02-25 00:00:00+07:00,3573.25,3615.4869976359337,3471.881205673759,3573.25,45778400,0.0,0.0
2025-02-26 00:00:00+07:00,3590.1448988640445,3674.6188964843745,3556.355299815912,3674.618896484375,42114300,0.0,0.0
2025-02-27 00:00:00+07:00,3674.6187862273187,3691.5135852444555,3547.9077935987902,3666.17138671875,58362900,0.0,0.0
2025-02-28 00:00:00+07:00,3607.03959015877,3607.03959015877,3387.4072029359877,3404.302001953125,156574800,0.0,0.0
2025-03-03 00:00:00+07:00,3531.01308731294,3640.829283808319,3480.3286889304577,3598.59228515625,156616300,0.0,0.0
2025-03-04 00:00:00+07:00,3581.6972887662914,3623.9342850960825,3522.5654939045835,3564.802490234375,71340000,0.0,0.0
2025-03-05 00:00:00+07:00,3590.144656057315,3835.119232588285,3590.144656057315,3767.5400390625,101995600,0.0,0.0
2025-03-06 00:00:00+07:00,3843.566604647501,3970.2775916139026,3835.119205516408,3877.356201171875,104226000,0.0,0.0
2025-03-07 00:00:00+07:00,3877.3566292246005,3877.3566292246005,3767.5404283968887,3835.11962890625,61630700,0.0,0.0
2025-03-10 00:00:00+07:00,3835.1193688553367,3835.1193688553367,3725.303175474017,3759.0927734375,43038000,0.0,0.0
2025-03-11 00:00:00+07:00,3699.9609770014044,3767.540172928371,3683.066178019663,3759.0927734375,44323600,0.0,0.0
2025-03-12 00:00:00+07:00,3792.882519854615,3843.56691878363,3784.4351200331125,3826.672119140625,44656600,0.0,0.0
2025-03-13 00:00:00+07:00,3885.8039178911426,3885.8039178911426,3750.6455207471026,3826.672119140625,48947400,0.0,0.0
2025-03-14 00:00:00+07:00,3775.9875962233705,3818.22459394399,3716.8557994145035,3742.197998046875,50335900,0.0,0.0
2025-03-17 00:00:00+07:00,3742.1978694924583,3767.5400672542582,3598.5920821755917,3657.723876953125,60911900,0.0,0.0
2025-03-18 00:00:00+07:00,3632.3818452602927,3640.8292449004325,3404.3020549765065,3539.46044921875,80141500,0.0,0.0
2025-03-19 00:00:00+07:00,3539.460473222984,3590.1448714075614,3480.328675340977,3522.565673828125,110420100,0.0,0.0
2025-03-20 00:00:00+07:00,3581.697457107843,3607.039656096814,3421.1968635110293,3446.5390625,109598400,0.0,0.0
2025-03-21 00:00:00+07:00,3446.539067680703,3454.986467356391,3184.669677734375,3184.669677734375,246727700,0.0,0.0
2025-03-24 00:00:00+07:00,3184.669614730343,3235.354011781754,3066.406021610383,3142.4326171875,135658700,0.0,0.0
2025-03-25 00:00:00+07:00,3184.669645182292,3319.828038611779,3159.327446414263,3294.48583984375,157671900,0.0,0.0
2025-03-26 00:00:00+07:00,3387.4071880744486,3615.486973805147,3378.9597886029414,3590.144775390625,229422000,0.0,0.0
2025-03-27 00:00:00+07:00,3590.14466483638,3615.4868624705186,3471.8810758770637,3581.697265625,101189600,0.0,0.0
2025-04-08 00:00:00+07:00,3108.643019153226,3446.538999495968,3049.5112225932457,3404.302001953125,185281600,0.0,0.0
2025-04-09 00:00:00+07:00,3404.302111937268,3497.2235095335705,3353.617713248376,3412.74951171875,81414200,0.0,0.0
2025-04-10 00:00:00+07:00,3699.961081921215,3716.8558813820423,3564.802686234595,3598.59228515625,131182600,0.0,0.0
2025-04-11 00:00:00+07:00,3581.6974524843395,3716.855846917711,3547.907853875997,3708.408447265625,90221600,0.0,0.0
2025-04-14 00:00:00+07:00,3759.0928968492444,3843.56689453125,3750.645497081044,3843.56689453125,162128800,0.0,0.0
2025-04-15 00:00:00+07:00,3939.342041015625,4003.7705323406467,3930.137970826336,3939.342041015625,156480600,374.0575,0.0
2025-04-16 00:00:00+07:00,3939.341961223323,3948.546031226181,3764.4646311690167,3773.668701171875,109735100,0.0,0.0
2025-04-17 00:00:00+07:00,3782.872826906714,3819.6891074605505,3718.4443359375,3718.4443359375,68392500,0.0,0.0
2025-04-21 00:00:00+07:00,3718.444176848371,3727.6482465930453,3635.6075491463034,3672.423828125,67071400,0.0,0.0
2025-04-22 00:00:00+07:00,3672.423891443267,3727.6483108634666,3644.8116817331675,3690.83203125,84001100,0.0,0.0
2025-04-23 00:00:00+07:00,3755.2604762801207,3838.0971044333587,3709.2401273060996,3819.68896484375,128948700,0.0,0.0
2025-04-24 00:00:00+07:00,3865.7093778102517,3911.7297275460883,3792.0768182329134,3838.09716796875,145433700,0.0,0.0
2025-04-25 00:00:00+07:00,3865.70947265625,3874.913542829241,3810.4850516183033,3865.70947265625,102065100,0.0,0.0
2025-04-28 00:00:00+07:00,3874.9135112899016,3911.729791682205,3838.097230897599,3856.50537109375,68481300,0.0,0.0
2025-04-29 00:00:00+07:00,3874.9133513077445,3884.117421025815,3792.0767238451085,3810.48486328125,61824000,0.0,0.0
2025-04-30 00:00:00+07:00,3828.8931294856457,3847.30126953125,3755.2605693032297,3847.30126953125,85510000,0.0,0.0
2025-05-02 00:00:00+07:00,3884.1176130022322,3893.321683175223,3828.8931919642855,3865.70947265625,81966800,0.0,0.0
2025-05-05 00:00:00+07:00,3874.91357421875,3939.3420659516037,3847.3013634760987,3874.91357421875,60392100,0.0,0.0
2025-05-06 00:00:00+07:00,3884.1175496224582,3893.32161964526,3838.097199508448,3847.30126953125,66444400,0.0,0.0
2025-05-07 00:00:00+07:00,3856.505276019757,3865.7093458909258,3810.4849266639126,3828.89306640625,57689300,0.0,0.0
2025-05-08 00:00:00+07:00,3828.8931849211167,3884.117605857479,3755.2606236726338,3792.076904296875,77995600,0.0,0.0
2025-05-09 00:00:00+07:00,3792.076841177591,3810.484981183308,3736.8524211604417,3773.668701171875,37787800,0.0,0.0
2025-05-14 00:00:00+07:00,3847.3011421535325,4022.178466796875,3828.8930027173915,4022.178466796875,179465400,0.0,0.0
2025-05-15 00:00:00+07:00,4040.5867719184025,4169.443753255208,4040.5867719184025,4141.83154296875,120598100,0.0,0.0
2025-05-16 00:00:00+07:00,4169.443753255208,4169.443753255208,4012.974561631944,4141.83154296875,88956700,0.0,0.0
2025-05-19 00:00:00+07:00,4123.423276345292,4160.239555598375,4077.4029272789376,4105.01513671875,60120200,0.0,0.0
2025-05-20 00:00:00+07:00,4105.015104898174,4206.25987205934,4068.198825930477,4095.81103515625,81048500,0.0,0.0
2025-05-21 00:00:00+07:00,4123.423465154868,4215.464167502074,4114.219394920146,4160.23974609375,79967600,0.0,0.0
2025-05-22 00:00:00+07:00,4160.23958770274,4178.647727471337,4114.21923828125,4114.21923828125,42314700,0.0,0.0
2025-05-23 00:00:00+07:00,4151.03564453125,4160.239714696508,4123.423434035477,4151.03564453125,21621500,0.0,0.0
2025-05-26 00:00:00+07:00,4151.035613064236,4160.2396831597225,4068.198982204861,4141.83154296875,36713800,0.0,0.0
2025-05-27 00:00:00+07:00,4141.831636744619,4169.44384765625,4105.015355529112,4169.44384765625,40871300,0.0,0.0
2025-05-28 00:00:00+07:00,4160.23965148246,4178.647791533268,4114.219301355442,4132.62744140625,63745800,0.0,0.0
2025-06-02 00:00:00+07:00,4123.423233695652,4123.423233695652,3957.7499787703805,4022.178466796875,68993300,0.0,0.0
2025-06-03 00:00:00+07:00,4003.7703273607335,4031.3825365149455,3920.933699898098,4022.178466796875,42954800,0.0,0.0
2025-06-04 00:00:00+07:00,4068.1988372093024,4068.1988372093024,3957.75,3957.75,35499900,0.0,0.0
2025-06-05 00:00:00+07:00,3966.954203748056,4068.198974609375,3966.954203748056,4068.198974609375,36143400,0.0,0.0
2025-06-10 00:00:00+07:00,4114.219394920146,4160.23974609375,4095.8112544507053,4160.23974609375,45818600,0.0,0.0
2025-06-11 00:00:00+07:00,4169.443878846022,4178.64794921875,4123.423526982379,4178.64794921875,35008700,0.0,0.0
2025-06-12 00:00:00+07:00,4169.443878846022,4178.64794921875,4123.423526982379,4178.64794921875,29571100,0.0,0.0
2025-06-13 00:00:00+07:00,4123.423526982379,4178.64794921875,4095.8113158641936,4178.64794921875,30548300,0.0,0.0
2025-06-16 00:00:00+07:00,4132.6274009011,4132.6274009011,4012.974491743608,4049.790771484375,90223800,0.0,0.0
2025-06-17 00:00:00+07:00,4049.7908901949545,4068.1990306049315,4003.7705391700115,4012.974609375,44876400,0.0,0.0
2025-06-18 00:00:00+07:00,4003.7703488372094,4012.974418604651,3911.7296511627906,3957.75,40711200,0.0,0.0
2025-06-19 00:00:00+07:00,3957.7501998051603,3957.7501998051603,3773.6687951630597,3801.281005859375,87781700,0.0,0.0
2025-06-20 00:00:00+07:00,3792.0768728140206,3810.4850129733118,3727.6483822565006,3782.872802734375,178503500,0.0,0.0
2025-06-23 00:00:00+07:00,3736.852294921875,3773.668573689578,3654.0156676945426,3736.852294921875,53486300,0.0,0.0
2025-06-24 00:00:00+07:00,3828.8930027173915,3874.9133513077445,3810.48486328125,3810.48486328125,51925200,0.0,0.0
2025-06-25 00:00:00+07:00,3865.7094334511858,3865.7094334511858,3736.8524523361466,3782.872802734375,33883900,0.0,0.0
2025-06-26 00:00:00+07:00,3782.8728341408146,3792.076904296875,3727.6484132044525,3792.076904296875,31912200,0.0,0.0
2025-06-30 00:00:00+07:00,3801.2809744529354,3801.2809744529354,3727.6484132044525,3792.076904296875,53732100,0.0,0.0
2025-07-01 00:00:00+07:00,3792.0768001870324,3801.2808700903993,3681.6279613466336,3690.83203125,55711200,0.0,0.0
2025-07-02 00:00:00+07:00,3690.8320628303795,3718.4442727767414,3654.015782901897,3700.0361328125,31192900,0.0,0.0
2025-07-03 00:00:00+07:00,3690.8321499380118,3736.852500934745,3654.015869140625,3654.015869140625,49947500,0.0,0.0
2025-07-04 00:00:00+07:00,3654.015720214844,3690.831999511719,3635.6075805664063,3681.6279296875,30396500,0.0,0.0
2025-07-07 00:00:00+07:00,3681.6279296875,3690.831999511719,3617.199440917969,3681.6279296875,28005400,0.0,0.0
2025-07-08 00:00:00+07:00,3663.2199393399715,3700.036220137358,3635.6077287419316,3654.015869140625,27867600,0.0,0.0
2025-07-09 00:00:00+07:00,3644.811650390625,3681.6279296875,3635.6075805664063,3681.6279296875,27904300,0.0,0.0
2025-07-10 00:00:00+07:00,3663.219891698981,3810.4850129733118,3663.219891698981,3782.872802734375,44060900,0.0,0.0
2025-07-11 00:00:00+07:00,3801.2809194172396,3884.1175496224582,3792.076849394438,3847.30126953125,48939300,0.0,0.0
2025-07-14 00:00:00+07:00,3856.5053880143873,3856.5053880143873,3681.628055383663,3718.4443359375,68377100,0.0,0.0
2025-07-15 00:00:00+07:00,3718.4443672839507,3746.0565779320987,3690.832156635802,3727.6484375,30497400,0.0,0.0
2025-07-16 00:00:00+07:00,3801.281005859375,3819.6891463235847,3755.2606546988495,3801.281005859375,66349800,0.0,0.0
2025-07-17 00:00:00+07:00,3810.4850129733118,3810.4850129733118,3764.4646625750834,3782.872802734375,25818000,0.0,0.0
2025-07-18 00:00:00+07:00,3792.076904296875,3819.6891147650563,3773.6687639847546,3792.076904296875,35072000,0.0,0.0
2025-07-21 00:00:00+07:00,3810.484884875998,3810.484884875998,3746.056396484375,3746.056396484375,35004100,0.0,0.0
2025-07-22 00:00:00+07:00,3764.4647183641973,3764.4647183641973,3718.4443672839507,3727.6484375,32607800,0.0,0.0
2025-07-23 00:00:00+07:00,3755.2605611661584,3773.668701171875,3718.4442811547256,3773.668701171875,23315700,0.0,0.0
2025-07-24 00:00:00+07:00,3773.6685947219344,3911.7296408702978,3755.260455235486,3884.117431640625,57276100,0.0,0.0
2025-07-25 00:00:00+07:00,3828.893089089242,3847.3012289406324,3746.056459757984,3764.464599609375,48597600,0.0,0.0
2025-07-28 00:00:00+07:00,3782.8728717432455,3884.1176444663006,3764.4647312481443,3874.91357421875,45451600,0.0,0.0
2025-07-29 00:00:00+07:00,3865.709313817771,3865.709313817771,3792.0767554593376,3819.68896484375,27287100,0.0,0.0
2025-07-30 00:00:00+07:00,3819.6891147650563,3828.8931849211167,3764.464693828694,3792.076904296875,33919100,0.0,0.0
2025-07-31 00:00:00+07:00,3773.6686603802996,3782.872730283666,3690.83203125,3690.83203125,50384500,0.0,0.0
2025-08-01 00:00:00+07:00,3727.6483108634666,3746.0564506702,3690.83203125,3690.83203125,32295500,0.0,0.0
2025-08-04 00:00:00+07:00,3681.6279613466336,3709.2401710567333,3672.423891443267,3690.83203125,30440700,0.0,0.0
2025-08-05 00:00:00+07:00,3718.444176262589,3893.3215013838494,3718.444176262589,3884.117431640625,93772600,0.0,0.0
2025-08-06 00:00:00+07:00,3884.1175412061734,3893.3216112090317,3773.668701171875,3773.668701171875,27975700,0.0,0.0
2025-08-07 00:00:00+07:00,3792.076904296875,3810.485044608996,3773.6687639847546,3792.076904296875,21207800,0.0,0.0
2025-08-08 00:00:00+07:00,3764.4645360248387,3773.6686057950706,3746.056396484375,3746.056396484375,43531000,0.0,0.0
2025-08-11 00:00:00+07:00,3764.464700753348,3884.1176130022322,3755.260630580357,3865.70947265625,61703500,0.0,0.0
2025-08-12 00:00:00+07:00,3884.117626505161,4068.1990306049315,3874.9135563001723,4012.974609375,120908000,0.0,0.0
2025-08-13 00:00:00+07:00,4040.5866062330165,4068.198815387228,3966.954048488451,4022.178466796875,54042400,0.0,0.0
2025-08-14 00:00:00+07:00,4049.7907397850227,4049.7907397850227,4012.9744603324316,4040.586669921875,43156900,0.0,0.0
2025-08-15 00:00:00+07:00,4022.178466796875,4095.81102454144,4022.178466796875,4022.178466796875,62301400,0.0,0.0
2025-08-19 00:00:00+07:00,4012.974514650693,4012.974514650693,3939.3419547488456,3985.3623046875,34407300,0.0,0.0
2025-08-20 00:00:00+07:00,3948.5460940806647,4095.8112164706195,3948.5460940806647,4077.403076171875,52897600,0.0,0.0
2025-08-21 00:00:00+07:00,4068.198951228424,4132.62744140625,4049.790811177617,4132.62744140625,60899400,0.0,0.0
2025-08-22 00:00:00+07:00,4141.8314384165005,4141.8314384165005,4031.3826000587273,4040.586669921875,32633000,0.0,0.0
2025-08-25 00:00:00+07:00,4105.015104898174,4160.239523349719,4086.6069654143257,4095.81103515625,53434200,0.0,0.0
2025-08-26 00:00:00+07:00,4077.4031751187363,4178.64794921875,4022.178752882365,4178.64794921875,85603900,0.0,0.0
2025-08-27 00:00:00+07:00,4141.8313838658705,4141.8313838658705,4049.790686446629,4095.81103515625,45966700,0.0,0.0
2025-08-28 00:00:00+07:00,4123.423276345292,4141.831415971833,4095.811066905479,4105.01513671875,37274600,0.0,0.0
2025-08-29 00:00:00+07:00,4086.606987104024,4105.015126685574,4003.7703589870507,4031.382568359375,60711900,0.0,0.0
2025-09-01 00:00:00+07:00,3838.0971544053823,4049.79076244213,3819.6890145761,3976.158203125,60513100,0.0,0.0
2025-09-02 00:00:00+07:00,3994.566311086137,4077.4029396570477,3948.5459618800755,3966.9541015625,28513000,0.0,0.0
2025-09-03 00:00:00+07:00,3976.1582429846935,4058.994873046875,3976.1582429846935,4058.994873046875,29754100,0.0,0.0
2025-09-04 00:00:00+07:00,4058.9947456691575,4058.9947456691575,3994.566257642663,4022.178466796875,17346200,0.0,0.0
2025-09-08 00:00:00+07:00,4077.4030201013006,4086.607090124103,3727.6483592348236,3847.30126953125,55687200,0.0,0.0
2025-09-09 00:00:00+07:00,3828.8930568321075,3865.709336224724,3700.0360789579504,3755.260498046875,102884200,0.0,0.0
2025-09-10 00:00:00+07:00,3773.668701171875,3810.484981183308,3755.2605611661584,3773.668701171875,64536400,0.0,0.0
2025-09-11 00:00:00+07:00,3874.9135029650383,4077.403044687677,3874.9135029650383,4068.198974609375,130159900,0.0,0.0
2025-09-12 00:00:00+07:00,4077.4031139812637,4169.44381632847,3985.362411634057,4160.23974609375,109797000,0.0,0.0
2025-09-15 00:00:00+07:00,4187.851853143601,4233.872203178146,4058.994873046875,4058.994873046875,74523200,0.0,0.0
2025-09-16 00:00:00+07:00,4086.6069548233695,4095.81102454144,3976.1581182065215,4022.178466796875,52083500,0.0,0.0
2025-09-17 00:00:00+07:00,4040.5866167047047,4095.81103515625,3985.36219825316,4095.81103515625,54546000,0.0,0.0
2025-09-18 00:00:00+07:00,4123.423387096775,4132.6274571572585,3911.7297757056454,3994.56640625,90929900,0.0,0.0
2025-09-19 00:00:00+07:00,3911.729799221495,3948.5460796847556,3874.9135187582337,3930.137939453125,100584800,0.0,0.0
2025-09-22 00:00:00+07:00,3930.137995704053,3939.3420659516037,3838.097293228548,3874.91357421875,63520200,0.0,0.0
2025-09-23 00:00:00+07:00,3874.913542829241,3902.525753348214,3838.0972621372766,3865.70947265625,39154400,0.0,0.0
2025-09-24 00:00:00+07:00,3884.1175813879777,3893.3216514860533,3838.097230897599,3856.50537109375,28653700,0.0,0.0
2025-09-25 00:00:00+07:00,3847.3013009956744,3856.50537109375,3810.485020603371,3856.50537109375,35633900,0.0,0.0
2025-09-26 00:00:00+07:00,3819.689059462844,3847.30126953125,3782.8727793716357,3847.30126953125,39380500,0.0,0.0
2025-09-29 00:00:00+07:00,3828.893098021583,3838.09716796875,3782.872748285746,3838.09716796875,41037000,0.0,0.0
2025-09-30 00:00:00+07:00,3838.0971911918823,3838.0971911918823,3773.668701171875,3773.668701171875,60162600,0.0,0.0
2025-10-01 00:00:00+07:00,3727.6484375,3792.0769290123458,3727.6484375,3727.6484375,37812400,0.0,0.0
2025-10-02 00:00:00+07:00,3727.648406075959,3773.6687567682548,3718.4443359375,3718.4443359375,34730200,0.0,0.0
2025-10-03 00:00:00+07:00,3736.8524762144184,3755.260616491337,3690.8321255221226,3718.4443359375,26763100,0.0,0.0
2025-10-06 00:00:00+07:00,3718.444208984375,3764.4645581054688,3681.6279296875,3681.6279296875,35060200,0.0,0.0
2025-10-07 00:00:00+07:00,3709.240107103697,3718.444176848371,3654.0156886356517,3672.423828125,41251900,0.0,0.0
2025-10-08 00:00:00+07:00,3681.6279842163704,3690.8320541769112,3617.199494492584,3626.403564453125,28812600,0.0,0.0
2025-10-09 00:00:00+07:00,3598.7913711175684,3819.689051186166,3552.7710211032772,3773.668701171875,106114200,0.0,0.0
2025-10-10 00:00:00+07:00,3764.464711532785,3764.464711532785,3635.6077287419316,3654.015869140625,48778300,0.0,0.0
2025-10-13 00:00:00+07:00,3607.99554286859,3626.4036833934297,3561.9751915564907,3589.58740234375,38351600,0.0,0.0
2025-10-14 00:00:00+07:00,3598.7914017526728,3626.4036119962993,3497.546630859375,3497.546630859375,69452000,0.0,0.0
2025-10-15 00:00:00+07:00,3506.7506054946534,3534.3628149867377,3423.913977018402,3469.934326171875,84578200,0.0,0.0
2025-10-16 00:00:00+07:00,3488.342475395698,3580.383173954951,3460.730265827922,3543.56689453125,55980800,0.0,0.0
2025-10-17 00:00:00+07:00,3561.975121427837,3589.5873316714637,3497.546630859375,3497.546630859375,60733400,0.0,0.0
2025-10-20 00:00:00+07:00,3561.9751435836943,3782.872826906714,3552.7710734452353,3718.4443359375,146203400,0.0,0.0
2025-10-21 00:00:00+07:00,3782.8728587962964,3801.280999228395,3709.2402970679013,3727.6484375,88064800,0.0,0.0
2025-10-22 00:00:00+07:00,3746.0565146169356,3819.6890751008063,3681.6280241935483,3709.240234375,81226400,0.0,0.0
2025-10-23 00:00:00+07:00,3709.2401670060067,3911.72970465894,3700.0360971126916,3902.525634765625,130641200,0.0,0.0
2025-10-24 00:00:00+07:00,3884.117421025815,4086.6069548233695,3874.9133513077445,4022.178466796875,177603900,0.0,0.0
2025-10-27 00:00:00+07:00,4086.6069548233695,4095.81102454144,3930.1377696161685,4022.178466796875,102355700,0.0,0.0
2025-10-28 00:00:00+07:00,4040.5866062330165,4086.6069548233695,3994.566257642663,4022.178466796875,58463900,0.0,0.0
2025-10-29 00:00:00+07:00,4031.3827564136404,4086.607177734375,3976.1583350929054,4086.607177734375,71743700,0.0,0.0
2025-10-30 00:00:00+07:00,4068.1989430537838,4169.443713129783,4022.1785930192386,4058.994873046875,91042600,0.0,0.0
2025-10-31 00:00:00+07:00,4049.7907079409247,4095.811056894799,4003.7703589870507,4031.382568359375,69141700,0.0,0.0
2025-11-03 00:00:00+07:00,4040.5867955743865,4105.0152866199915,4031.3827254250145,4077.403076171875,40455000,0.0,0.0
2025-11-04 00:00:00+07:00,4077.4028956724014,4151.035453607795,4077.4028956724014,4095.81103515625,73342900,0.0,0.0
2025-11-05 00:00:00+07:00,4049.7907178391256,4123.423276345292,4031.382578212584,4105.01513671875,43447700,0.0,0.0
2025-11-06 00:00:00+07:00,4095.8112479544975,4123.423458614865,4077.403107514253,4086.607177734375,31809500,0.0,0.0
2025-11-07 00:00:00+07:00,4086.6071223958334,4141.83154296875,4086.6071223958334,4141.83154296875,36148800,0.0,0.0
2025-11-10 00:00:00+07:00,4160.239675392393,4160.239675392393,4058.994904531073,4068.198974609375,45518800,0.0,0.0
2025-11-11 00:00:00+07:00,4095.8111848442804,4095.8111848442804,4022.1786242178664,4068.198974609375,48792200,0.0,0.0
2025-11-12 00:00:00+07:00,4058.994787652396,4123.423276345292,4049.7907178391256,4105.01513671875,35386800,0.0,0.0
2025-11-13 00:00:00+07:00,4114.219325000884,4123.423395079186,4068.198974609375,4068.198974609375,20207300,0.0,0.0
2025-11-14 00:00:00+07:00,4058.9948096481708,4095.811089100762,4022.1785301955792,4040.586669921875,34602500,0.0,0.0
2025-11-17 00:00:00+07:00,4040.586669921875,4086.6070192376137,4031.3826000587273,4040.586669921875,28453300,0.0,0.0
2025-11-18 00:00:00+07:00,4049.7907178391256,4114.2192065320205,4049.7907178391256,4105.01513671875,36957300,0.0,0.0
2025-11-19 00:00:00+07:00,4114.2192065320205,4114.2192065320205,4058.994787652396,4105.01513671875,34300600,0.0,0.0
2025-11-20 00:00:00+07:00,4114.2192065320205,4197.055834851458,4095.811066905479,4105.01513671875,54706000,0.0,0.0
2025-11-21 00:00:00+07:00,4095.811089100762,4095.811089100762,4022.1785301955792,4040.586669921875,45565700,0.0,0.0
2025-11-24 00:00:00+07:00,4049.7907397850227,4086.6070192376137,4003.770390469284,4040.586669921875,76652700,0.0,0.0
2025-11-25 00:00:00+07:00,4068.198974609375,4095.8111848442804,4022.1786242178664,4068.198974609375,36142900,0.0,0.0
2025-11-26 00:00:00+07:00,4068.1989430537838,4068.1989430537838,4022.1785930192386,4058.994873046875,31686100,0.0,0.0
2025-11-27 00:00:00+07:00,4068.198998742816,4068.198998742816,3957.7501571479884,4003.7705078125,33618200,0.0,0.0
2025-11-28 00:00:00+07:00,3985.3623281846026,4003.7704682685962,3920.933837890625,3920.933837890625,40758200,0.0,0.0
2025-12-01 00:00:00+07:00,3902.5256126740137,4003.770380927349,3902.5256126740137,3966.9541015625,19335100,0.0,0.0
2025-12-02 00:00:00+07:00,3994.566430263832,4012.9745704954626,3911.729799221495,3930.137939453125,39091800,0.0,0.0
2025-12-03 00:00:00+07:00,3930.137907932622,3948.5460480166153,3902.5256978066313,3920.933837890625,28263900,0.0,0.0
2025-12-04 00:00:00+07:00,3920.9337523564386,3976.158171403712,3902.5256126740137,3966.9541015625,23544900,0.0,0.0
2025-12-05 00:00:00+07:00,3985.36217721081,4012.9743862907926,3948.5458984375,3948.5458984375,28877500,0.0,0.0
2025-12-08 00:00:00+07:00,4012.9744507685614,4012.9744507685614,3948.5459618800755,3966.9541015625,28219300,0.0,0.0
2025-12-09 00:00:00+07:00,3966.954133210359,3985.3622730396414,3920.933783637153,3976.158203125,34461400,0.0,0.0
2025-12-10 00:00:00+07:00,4003.770380927349,4003.770380927349,3930.1378221976506,3966.9541015625,19908000,0.0,0.0
2025-12-11 00:00:00+07:00,4003.77037102449,4040.5866502982785,3856.5052539293365,3893.321533203125,43389300,0.0,0.0
2025-12-12 00:00:00+07:00,3948.5459842322007,3948.5459842322007,3838.097145512419,3902.525634765625,23240100,0.0,0.0
2025-12-15 00:00:00+07:00,3930.1379839922934,4095.8112479544975,3893.3217031118033,4086.607177734375,57531500,0.0,0.0
2025-12-16 00:00:00+07:00,4086.6070512251417,4105.015191095526,3985.3622819380325,4049.790771484375,36287500,0.0,0.0
2025-12-17 00:00:00+07:00,4049.790675951087,4068.198815387228,3994.566257642663,4022.178466796875,27653900,0.0,0.0
2025-12-18 00:00:00+07:00,4012.9744287778253,4086.606987104024,4012.9744287778253,4031.382568359375,45694900,0.0,0.0
2025-12-19 00:00:00+07:00,4031.3826864919356,4058.9948966733873,3976.158266129032,3994.56640625,47290300,0.0,0.0
2025-12-22 00:00:00+07:00,3985.3623046875,4012.974514650693,3948.5460247365763,3985.3623046875,28113800,0.0,0.0
2025-12-23 00:00:00+07:00,3948.5458984375,3976.1581075174827,3911.72961966419,3948.5458984375,26801700,0.0,0.0
2025-12-24 00:00:00+07:00,3920.93386933731,3985.3623601480167,3920.93386933731,3930.137939453125,18160600,0.0,0.0
2025-12-29 00:00:00+07:00,3930.137907932622,3976.1582581426055,3920.933837890625,3920.933837890625,24490400,0.0,0.0
2025-12-30 00:00:00+07:00,3920.933699898098,4031.3825365149455,3911.729630180027,4022.178466796875,44229200,0.0,0.0
2026-01-02 00:00:00+07:00,3994.566398226599,4003.7704682685962,3920.933837890625,3920.933837890625,32693200,0.0,0.0
2026-01-05 00:00:00+07:00,3920.933742658466,3930.1378124769135,3874.9133935662308,3893.321533203125,48778200,0.0,0.0
2026-01-06 00:00:00+07:00,3893.32156487231,3920.9337745522553,3865.7093551923645,3902.525634765625,53908900,0.0,0.0
2026-01-07 00:00:00+07:00,3865.70947265625,3902.525753348214,3865.70947265625,3865.70947265625,39295200,0.0,0.0
2026-01-08 00:00:00+07:00,3865.7095039712,3930.137995704053,3865.7095039712,3874.91357421875,40059400,0.0,0.0
2026-01-09 00:00:00+07:00,3893.32161964526,3902.525689668062,3847.30126953125,3847.30126953125,35407500,0.0,0.0
2026-01-12 00:00:00+07:00,3856.5052224109527,3911.7296408702978,3856.5052224109527,3884.117431640625,24965900,0.0,0.0
2026-01-13 00:00:00+07:00,3911.7297757056454,3994.56640625,3902.5257056451615,3994.56640625,76022000,0.0,0.0
2026-01-14 00:00:00+07:00,3994.566468965023,4040.586819989966,3966.9542583500574,4012.974609375,41778700,0.0,0.0
2026-01-15 00:00:00+07:00,4031.3828232550936,4233.8723714551215,4022.178752882365,4178.64794921875,132483000,0.0,0.0
2026-01-19 00:00:00+07:00,4178.647714590097,4344.320971996753,4151.035505022322,4252.2802734375,123397300,0.0,0.0
2026-01-20 00:00:00+07:00,4252.280113170131,4270.6882521881835,4197.055696115974,4206.259765625,67785900,0.0,0.0
2026-01-21 00:00:00+07:00,4206.259829452614,4224.66796875,4141.831341911765,4224.66796875,54281000,0.0,0.0
2026-01-22 00:00:00+07:00,4233.872038398693,4298.300525939542,4224.66796875,4224.66796875,60255300,0.0,0.0
2026-01-23 00:00:00+07:00,4224.668000594429,4243.076140030571,4160.239512567935,4233.8720703125,37564400,0.0,0.0
2026-01-26 00:00:00+07:00,4224.668269479512,4233.872339783388,4160.239777352373,4169.44384765625,79139000,0.0,0.0
2026-01-27 00:00:00+07:00,4169.443753255208,4178.647823350694,4114.219332682292,4141.83154296875,40655600,0.0,0.0
2026-01-28 00:00:00+07:00,4031.3827564136404,4187.851950155722,3930.1379839922934,4086.607177734375,114151800,0.0,0.0
2026-01-29 00:00:00+07:00,3966.954203748056,4105.015254922582,3672.4239612424,4068.198974609375,242945800,0.0,0.0
2026-01-30 00:00:00+07:00,4095.8111613046353,4224.668141660287,4077.403021253828,4132.62744140625,167017600,0.0,0.0
2026-02-02 00:00:00+07:00,4206.260033637152,4215.464103732639,4022.1786317274305,4141.83154296875,85790700,0.0,0.0
2026-02-03 00:00:00+07:00,4206.259829452614,4261.484247344772,4031.382506127451,4224.66796875,82653800,0.0,0.0
2026-02-04 00:00:00+07:00,4224.668095302376,4279.892514848812,4206.259955453564,4261.484375,92915700,0.0,0.0
2026-02-05 00:00:00+07:00,4261.484182679157,4353.5248777694205,4206.259765625,4206.259765625,94551800,0.0,0.0
2026-02-06 00:00:00+07:00,4151.035707048496,4197.05605856788,4114.219425832988,4169.44384765625,59930200,0.0,0.0
2026-02-09 00:00:00+07:00,4206.260097267354,4206.260097267354,4095.8112544507053,4160.23974609375,51513700,0.0,0.0
2026-02-10 00:00:00+07:00,4160.239714696508,4178.647855027023,4123.423434035477,4151.03564453125,38280100,0.0,0.0
2026-02-11 00:00:00+07:00,4141.831479753767,4151.035549708775,4105.015199933733,4123.42333984375,54082900,0.0,0.0
2026-02-12 00:00:00+07:00,4123.423434035477,4151.03564453125,4114.219363870219,4151.03564453125,27571700,0.0,0.0
2026-02-13 00:00:00+07:00,4151.035549708775,4151.035549708775,4114.219269888742,4123.42333984375,25116200,0.0,0.0
2026-02-18 00:00:00+07:00,4151.035581457058,4178.647791533268,4123.423371380846,4132.62744140625,38802300,0.0,0.0
2026-02-19 00:00:00+07:00,4160.239523349719,4187.851732575491,4095.81103515625,4095.81103515625,54011700,0.0,0.0
2026-02-20 00:00:00+07:00,4095.8110985126536,4141.831447934144,4068.1988888597593,4114.21923828125,48070400,0.0,0.0
2026-02-23 00:00:00+07:00,4114.219332682292,4151.035613064236,4105.015262586806,4141.83154296875,34453500,0.0,0.0
2026-02-24 00:00:00+07:00,4123.423244382022,4132.627314123946,4077.4028956724014,4095.81103515625,58150200,0.0,0.0
2026-02-25 00:00:00+07:00,4114.219332682292,4160.2396831597225,4086.6071223958334,4141.83154296875,53012100,0.0,0.0
2026-02-26 00:00:00+07:00,4141.831415971833,4151.035485785103,4068.198857465667,4105.01513671875,53377800,0.0,0.0
2026-02-27 00:00:00+07:00,4105.015191095526,4105.015191095526,4049.790771484375,4049.790771484375,83010300,0.0,0.0
2026-03-02 00:00:00+07:00,4003.7703488372094,4031.382558139535,3957.75,3957.75,77493000,0.0,0.0
2026-03-03 00:00:00+07:00,3966.954069767442,4012.974418604651,3957.75,3957.75,34412500,0.0,0.0
2026-03-04 00:00:00+07:00,3939.341872176205,3948.545941971009,3792.0767554593376,3819.68896484375,101732000,0.0,0.0
2026-03-05 00:00:00+07:00,3884.1176198798917,3976.1583217727803,3865.709479501314,3939.342041015625,52177600,0.0,0.0
2026-03-06 00:00:00+07:00,3930.137939453125,3957.750149800571,3874.9135187582337,3930.137939453125,47786400,0.0,0.0
2026-03-09 00:00:00+07:00,3819.688922730915,3985.36217721081,3801.28078334426,3948.5458984375,102376100,0.0,0.0
2026-03-10 00:00:00+07:00,4003.7704682685962,4022.1786083525894,3911.7297678486284,3920.933837890625,66622300,0.0,0.0
2026-03-11 00:00:00+07:00,3957.7499681308273,3985.36217721081,3939.3418287441723,3948.5458984375,54719700,0.0,0.0
2026-03-12 00:00:00+07:00,3957.7501813942026,4003.7705323406467,3930.137970826336,3939.342041015625,87013000,0.0,0.0
2026-03-13 00:00:00+07:00,3948.5459842322007,3966.954124018831,3884.1174949789947,3902.525634765625,99440600,0.0,0.0
2026-03-16 00:00:00+07:00,3911.729713722512,3994.5663429542824,3893.3215738932295,3976.158203125,126138200,0.0,0.0
2026-03-17 00:00:00+07:00,3985.362250742988,4040.586669921875,3976.1581808798405,4040.586669921875,209818800,0.0,0.0
2026-03-25 00:00:00+07:00,4050.0,4090.0,3980.0,4040.0,247976300,349.41336,0.0
2026-03-26 00:00:00+07:00,4050.0,4060.0,3970.0,4000.0,90175900,0.0,0.0
2026-03-27 00:00:00+07:00,3980.0,3990.0,3900.0,3900.0,76824500,0.0,0.0
2026-03-30 00:00:00+07:00,3860.0,3860.0,3780.0,3850.0,82872100,0.0,0.0
2026-03-31 00:00:00+07:00,3850.0,3880.0,3760.0,3760.0,76852900,0.0,0.0
2026-04-01 00:00:00+07:00,3830.0,3840.0,3720.0,3720.0,88881000,0.0,0.0
2026-04-02 00:00:00+07:00,3730.0,3750.0,3690.0,3700.0,53750100,0.0,0.0
2026-04-06 00:00:00+07:00,3700.0,3720.0,3630.0,3640.0,45425200,0.0,0.0
2026-04-07 00:00:00+07:00,3640.0,3660.0,3510.0,3510.0,101448300,0.0,0.0
2026-04-08 00:00:00+07:00,3650.0,3800.0,3630.0,3780.0,112845200,0.0,0.0
2026-04-09 00:00:00+07:00,3760.0,3770.0,3680.0,3710.0,55090400,0.0,0.0
2026-04-10 00:00:00+07:00,3730.0,3820.0,3700.0,3730.0,58848500,0.0,0.0
2026-04-13 00:00:00+07:00,3710.0,3710.0,3660.0,3680.0,36975400,0.0,0.0
2026-04-14 00:00:00+07:00,3740.0,3780.0,3710.0,3740.0,51368500,0.0,0.0
2026-04-15 00:00:00+07:00,3770.0,3790.0,3660.0,3670.0,57711000,0.0,0.0
2026-04-16 00:00:00+07:00,3700.0,3700.0,3660.0,3700.0,30456000,0.0,0.0
2026-04-17 00:00:00+07:00,3690.0,3740.0,3690.0,3710.0,22706000,0.0,0.0
2026-04-20 00:00:00+07:00,3710.0,3730.0,3660.0,3670.0,36946800,0.0,0.0
2026-04-21 00:00:00+07:00,3670.0,3730.0,3660.0,3730.0,30514900,0.0,0.0
2026-04-22 00:00:00+07:00,3750.0,3840.0,3740.0,3830.0,58900700,0.0,0.0
2026-04-23 00:00:00+07:00,3850.0,3890.0,3820.0,3870.0,56532500,0.0,0.0
2026-04-24 00:00:00+07:00,3850.0,3860.0,3720.0,3770.0,53993700,0.0,0.0
2026-04-27 00:00:00+07:00,3790.0,3800.0,3720.0,3720.0,27549200,0.0,0.0
2026-04-28 00:00:00+07:00,3750.0,3790.0,3680.0,3790.0,31602700,0.0,0.0
2026-04-29 00:00:00+07:00,3810.0,3840.0,3770.0,3800.0,27956600,0.0,0.0
2026-04-30 00:00:00+07:00,3790.0,3800.0,3720.0,3720.0,57549500,0.0,0.0
2026-05-04 00:00:00+07:00,3780.0,3860.0,3760.0,3840.0,39293500,0.0,0.0
2026-05-05 00:00:00+07:00,3840.0,3970.0,3810.0,3920.0,52767900,0.0,0.0
2026-05-06 00:00:00+07:00,3920.0,3930.0,3800.0,3830.0,41949100,0.0,0.0
2026-05-07 00:00:00+07:00,3880.0,3990.0,3860.0,3980.0,56083300,0.0,0.0
2026-05-08 00:00:00+07:00,3980.0,3990.0,3860.0,3860.0,58943300,0.0,0.0
2026-05-11 00:00:00+07:00,3890.0,3890.0,3800.0,3820.0,31597700,0.0,0.0
2026-05-12 00:00:00+07:00,3820.0,3910.0,3770.0,3910.0,44682300,0.0,0.0
2026-05-13 00:00:00+07:00,3890.0,3890.0,3820.0,3870.0,24634300,0.0,0.0
2026-05-14 00:00:00+07:00,3870.0,3870.0,3870.0,3870.0,0,0.0,0.0
2026-05-15 00:00:00+07:00,3870.0,3870.0,3870.0,3870.0,0,0.0,0.0
2026-05-18 00:00:00+07:00,3830.0,3840.0,3730.0,3800.0,37869300,0.0,0.0
2026-05-19 00:00:00+07:00,3810.0,3880.0,3770.0,3810.0,42431700,0.0,0.0
2026-05-20 00:00:00+07:00,3830.0,3880.0,3770.0,3800.0,54487000,0.0,0.0
2026-05-21 00:00:00+07:00,3810.0,3860.0,3780.0,3800.0,29621700,0.0,0.0
2026-05-22 00:00:00+07:00,3800.0,3810.0,3750.0,3780.0,25045300,0.0,0.0
2026-05-25 00:00:00+07:00,3810.0,3930.0,3800.0,3890.0,56968300,0.0,0.0
2026-05-26 00:00:00+07:00,3890.0,3890.0,3810.0,3840.0,25818200,0.0,0.0
2026-05-27 00:00:00+07:00,3840.0,3840.0,3840.0,3840.0,0,0.0,0.0
2026-05-28 00:00:00+07:00,3840.0,3840.0,3840.0,3840.0,0,0.0,0.0
2026-05-29 00:00:00+07:00,3820.0,3850.0,3700.0,3700.0,160150400,0.0,0.0
2026-06-02 00:00:00+07:00,3760.0,3820.0,3710.0,3760.0,50891200,0.0,0.0
2026-06-03 00:00:00+07:00,3770.0,3790.0,3560.0,3570.0,60855300,0.0,0.0
2026-06-04 00:00:00+07:00,3570.0,3580.0,3350.0,3420.0,107483200,0.0,0.0
2026-06-05 00:00:00+07:00,3400.0,3420.0,3210.0,3210.0,87511600,0.0,0.0
2026-06-08 00:00:00+07:00,3150.0,3190.0,3010.0,3010.0,146586500,0.0,0.0
2026-06-09 00:00:00+07:00,3000.0,3350.0,2990.0,3270.0,182146000,0.0,0.0
2026-06-10 00:00:00+07:00,3320.0,3560.0,3300.0,3450.0,213541800,0.0,0.0
2026-06-11 00:00:00+07:00,3490.0,3620.0,3400.0,3500.0,135430000,0.0,0.0
2026-06-12 00:00:00+07:00,3570.0,3650.0,3520.0,3560.0,74824100,0.0,0.0
2026-06-15 00:00:00+07:00,3650.0,3830.0,3650.0,3800.0,110833800,0.0,0.0
2026-06-17 00:00:00+07:00,3810.0,3920.0,3670.0,3800.0,90260200,0.0,0.0
2026-06-18 00:00:00+07:00,3780.0,3780.0,3660.0,3730.0,70456300,0.0,0.0
2026-06-19 00:00:00+07:00,3720.0,3760.0,3640.0,3670.0,95367400,0.0,0.0
2026-06-22 00:00:00+07:00,3720.0,3720.0,3490.0,3490.0,56952800,0.0,0.0
2026-06-23 00:00:00+07:00,3490.0,3490.0,3390.0,3430.0,69805600,0.0,0.0
2026-06-24 00:00:00+07:00,3430.0,3490.0,3290.0,3320.0,102475500,0.0,0.0
2026-06-25 00:00:00+07:00,3320.0,3430.0,3300.0,3350.0,51645300,0.0,0.0
2026-06-26 00:00:00+07:00,3330.0,3370.0,3230.0,3320.0,75387100,0.0,0.0
2026-06-29 00:00:00+07:00,3340.0,3350.0,3260.0,3260.0,30133200,0.0,0.0
2026-06-30 00:00:00+07:00,3250.0,3270.0,3160.0,3160.0,68047800,0.0,0.0
2026-07-01 00:00:00+07:00,3160.0,3180.0,3090.0,3100.0,68356600,0.0,0.0
2026-07-02 00:00:00+07:00,3110.0,3230.0,3110.0,3170.0,56394800,0.0,0.0
2026-07-03 00:00:00+07:00,3210.0,3290.0,3210.0,3250.0,28681500,0.0,0.0
2026-07-06 00:00:00+07:00,3250.0,3320.0,3210.0,3280.0,29228500,0.0,0.0
2026-07-07 00:00:00+07:00,3300.0,3470.0,3290.0,3470.0,60892800,0.0,0.0
2026-07-08 00:00:00+07:00,3430.0,3450.0,3380.0,3380.0,55410800,0.0,0.0
2026-07-09 00:00:00+07:00,3370.0,3420.0,3320.0,3420.0,24656200,0.0,0.0
2026-07-10 00:00:00+07:00,3430.0,3450.0,3380.0,3420.0,29336200,0.0,0.0
2026-07-13 00:00:00+07:00,3420.0,3570.0,3370.0,3530.0,51536900,0.0,0.0
2026-07-14 00:00:00+07:00,3550.0,3560.0,3460.0,3470.0,48830900,0.0,0.0
2026-07-15 00:00:00+07:00,3490.0,3540.0,3460.0,3460.0,34196500,0.0,0.0
2026-07-16 00:00:00+07:00,3460.0,3540.0,3460.0,3500.0,49344600,0.0,0.0
2026-07-17 00:00:00+07:00,3510.0,3640.0,3470.0,3580.0,102411200,0.0,0.0
