Date,Open,High,Low,Close,Volume,Dividends,Stock Splits
2015-01-02 00:00:00+07:00,1207.636892300181,1228.5935895883931,1207.636892300181,1220.73486328125,49671357,0.0,0.0
2015-01-05 00:00:00+07:00,1215.4954833984375,1225.9739715806866,1212.8758613528753,1215.4954833984375,54526841,0.0,0.0
2015-01-06 00:00:00+07:00,1210.2564446769597,1218.1153121472257,1205.0173404005363,1207.636962890625,71601886,0.0,0.0
2015-01-07 00:00:00+07:00,1215.495549065995,1233.832763671875,1212.8759268789067,1233.832763671875,160783727,0.0,0.0
2015-01-08 00:00:00+07:00,1236.4523369014348,1254.78955078125,1236.4523369014348,1254.78955078125,161332636,0.0,0.0
2015-01-09 00:00:00+07:00,1260.0288085937498,1267.8875342252175,1252.1699422585489,1260.02880859375,147933855,0.0,0.0
2015-01-12 00:00:00+07:00,1236.4523791112092,1252.1699714442245,1228.5935125928331,1231.213134765625,98847157,0.0,0.0
2015-01-13 00:00:00+07:00,1225.973809550752,1241.691399043092,1225.973809550752,1239.07177734375,86738698,0.0,0.0
2015-01-14 00:00:00+07:00,1233.832756938417,1246.9307270986405,1231.213134765625,1231.213134765625,88165422,0.0,0.0
2015-01-15 00:00:00+07:00,1225.973876953125,1236.4522236228663,1223.35425510976,1225.973876953125,163544774,0.0,0.0
2015-01-16 00:00:00+07:00,1220.7345977231494,1241.6914311561661,1210.2561106547835,1212.875732421875,160613224,0.0,0.0
2015-01-19 00:00:00+07:00,1215.4954833984375,1225.9739715806866,1212.8758613528753,1215.4954833984375,102499770,0.0,0.0
2015-01-20 00:00:00+07:00,1215.4956831851832,1218.1153056613236,1186.6801173551455,1205.017333984375,305800881,0.0,0.0
2015-01-21 00:00:00+07:00,1218.1152860333084,1220.7349084672378,1191.9192023977666,1197.158447265625,238037511,0.0,0.0
2015-01-22 00:00:00+07:00,1205.0172052039934,1212.875931088798,1191.9190942230887,1202.3975830078125,179535751,0.0,0.0
2015-01-23 00:00:00+07:00,1215.4952175899925,1244.3109130859375,1215.4952175899925,1244.3109130859375,185410952,0.0,0.0
2015-01-26 00:00:00+07:00,1236.4520486678525,1252.169636800323,1220.7344605353824,1244.3109130859375,200738617,0.0,0.0
2015-01-27 00:00:00+07:00,1249.5504150390627,1260.0289042817456,1244.3113111214655,1249.5504150390625,136142751,0.0,0.0
2015-01-28 00:00:00+07:00,1249.5501921359728,1249.5501921359728,1223.35425510976,1225.973876953125,162863863,0.0,0.0
2015-01-29 00:00:00+07:00,1231.2129799361362,1231.2129799361362,1220.734633266395,1225.973876953125,102927127,0.0,0.0
2015-01-30 00:00:00+07:00,1225.9741145385299,1233.8328408878735,1220.73486983647,1223.3544921875,147868954,0.0,0.0
2015-02-02 00:00:00+07:00,1223.3544022462413,1228.593505859375,1215.4955357709366,1228.593505859375,74154480,0.0,0.0
2015-02-03 00:00:00+07:00,1231.213134765625,1239.072001284001,1228.5935125928331,1231.213134765625,102041612,0.0,0.0
2015-02-04 00:00:00+07:00,1244.3112524202281,1249.5503560906668,1228.5935192976985,1233.832763671875,214824910,0.0,0.0
2015-02-05 00:00:00+07:00,1231.2129799361362,1233.8326017795014,1218.1150114230297,1225.973876953125,142598763,0.0,0.0
2015-02-06 00:00:00+07:00,1233.8328342623188,1233.8328342623188,1218.115240944287,1220.73486328125,194154453,0.0,0.0
2015-02-09 00:00:00+07:00,1215.49562513441,1236.4524632389036,1215.49562513441,1223.3544921875,143648731,0.0,0.0
2015-02-10 00:00:00+07:00,1218.115240944287,1236.4524565992817,1218.115240944287,1220.73486328125,155653238,0.0,0.0
2015-02-11 00:00:00+07:00,1228.593358092771,1231.2129799361362,1220.734633266395,1225.973876953125,115794600,0.0,0.0
2015-02-12 00:00:00+07:00,1225.9737034807722,1246.930393854933,1225.9737034807722,1244.3109130859375,227360177,0.0,0.0
2015-02-13 00:00:00+07:00,1254.789679405919,1260.028924109706,1249.5504347021324,1257.4093017578125,263997959,0.0,0.0
2015-02-16 00:00:00+07:00,1257.4091864820161,1262.6484307054836,1249.5503201468152,1260.02880859375,296563472,0.0,0.0
2015-02-17 00:00:00+07:00,1254.789679405919,1260.028924109706,1254.789679405919,1257.4093017578125,138546843,0.0,0.0
2015-02-18 00:00:00+07:00,1283.6053220144813,1320.27975174611,1280.9856997902593,1307.181640625,546873345,0.0,0.0
2015-02-20 00:00:00+07:00,1312.421089335787,1341.2366568795414,1309.8014667038526,1333.3779296875,205554500,0.0,0.0
2015-02-23 00:00:00+07:00,1333.3776787796128,1335.9973009186006,1304.5619759544818,1330.758056640625,195699430,0.0,0.0
2015-02-24 00:00:00+07:00,1330.7578597527602,1362.1930393622563,1330.7578597527602,1341.2362060546875,238958777,0.0,0.0
2015-02-25 00:00:00+07:00,1351.7148505995287,1354.33447265625,1341.236362372644,1354.33447265625,117731733,0.0,0.0
2015-02-26 00:00:00+07:00,1354.3348449965172,1362.1935726235095,1346.4759766657555,1356.9544677734375,116841818,0.0,0.0
2015-02-27 00:00:00+07:00,1367.432428350867,1367.432428350867,1349.09521484375,1349.09521484375,103315434,0.0,0.0
2015-03-02 00:00:00+07:00,1349.095599442676,1356.9544677734377,1346.4759766657555,1356.9544677734375,114639580,0.0,0.0
2015-03-03 00:00:00+07:00,1335.9972453968749,1359.5735622605043,1335.9972453968749,1349.09521484375,92189292,0.0,0.0
2015-03-04 00:00:00+07:00,1346.4758236510995,1351.715068609548,1341.2365786926507,1343.856201171875,117220774,0.0,0.0
2015-03-05 00:00:00+07:00,1346.4758300781248,1349.0954525698533,1338.6171033066935,1346.475830078125,90490312,0.0,0.0
2015-03-06 00:00:00+07:00,1349.0952873597369,1370.0521240234375,1343.8560430178775,1370.0521240234375,96560217,0.0,0.0
2015-03-09 00:00:00+07:00,1362.193198122683,1362.193198122683,1346.4756064860865,1354.33447265625,98470400,0.0,0.0
2015-03-10 00:00:00+07:00,1346.4755928136292,1372.6716724111088,1343.8559707835084,1349.09521484375,91844436,0.0,0.0
2015-03-11 00:00:00+07:00,1341.236585094668,1349.0954525698533,1333.3778583232368,1346.475830078125,150966057,0.0,0.0
2015-03-12 00:00:00+07:00,1346.4755996631063,1362.1931912200573,1343.8559776196596,1351.71484375,75197298,0.0,0.0
2015-03-13 00:00:00+07:00,1362.193254700915,1364.8128768664415,1335.997314453125,1335.997314453125,135312787,0.0,0.0
2015-03-16 00:00:00+07:00,1325.5187640192619,1362.1931912200573,1325.5187640192619,1351.71484375,78571607,0.0,0.0
2015-03-17 00:00:00+07:00,1351.7148505995287,1362.193198122683,1351.7148505995287,1354.33447265625,66427397,0.0,0.0
2015-03-18 00:00:00+07:00,1341.2365146929287,1359.57373046875,1320.27981726663,1359.57373046875,95450848,0.0,0.0
2015-03-19 00:00:00+07:00,1367.4324951171875,1372.6717394332409,1356.954147188817,1367.4324951171875,100387733,0.0,0.0
2015-03-20 00:00:00+07:00,1343.8559776196596,1364.812813263504,1343.8559776196596,1351.71484375,149571783,0.0,0.0
2015-03-23 00:00:00+07:00,1351.71484375,1359.5735691766106,1349.0952217065533,1351.71484375,118939004,0.0,0.0
2015-03-24 00:00:00+07:00,1356.9541337442786,1367.432481568831,1354.3345116122068,1362.1932373046875,116933669,0.0,0.0
2015-03-25 00:00:00+07:00,1362.1931752291223,1388.3892546523418,1359.5735532164274,1377.9107666015625,121217143,0.0,0.0
2015-03-26 00:00:00+07:00,1367.4323938734103,1391.008850846329,1364.8127719093386,1375.291259765625,117552430,0.0,0.0
2015-03-27 00:00:00+07:00,1382.7736723393703,1406.8918546081738,1382.7736723393703,1401.5322265625,136639960,53.599255,0.0
2015-03-30 00:00:00+07:00,1393.4925497099243,1414.9309143438254,1390.8127361385987,1396.17236328125,144405544,0.0,0.0
2015-03-31 00:00:00+07:00,1414.9310176832375,1422.970458984375,1406.8917203188157,1422.970458984375,211002894,0.0,0.0
2015-04-01 00:00:00+07:00,1422.9704837960287,1441.7290365557178,1390.8128619674776,1393.49267578125,212229965,0.0,0.0
2015-04-02 00:00:00+07:00,1412.251228540939,1414.9310423547115,1390.8128619674776,1393.49267578125,125102960,0.0,0.0
2015-04-06 00:00:00+07:00,1393.4925497099243,1404.2118039952272,1390.8127361385987,1396.17236328125,102198365,0.0,0.0
2015-04-07 00:00:00+07:00,1406.891858649099,1420.2907848650398,1401.532230588031,1412.2513427734375,126392733,0.0,0.0
2015-04-08 00:00:00+07:00,1409.571152616101,1414.9307792470183,1398.8520432909577,1404.211669921875,105140366,0.0,0.0
2015-04-09 00:00:00+07:00,1404.2120405853368,1412.2513387171186,1396.172598516826,1401.5322265625,43622903,0.0,0.0
2015-04-10 00:00:00+07:00,1396.1723632812502,1409.5712872011738,1393.4925497099243,1396.17236328125,60428993,0.0,0.0
2015-04-13 00:00:00+07:00,1393.49267578125,1398.8523034087948,1388.133192090423,1393.49267578125,136079500,0.0,0.0
2015-04-14 00:00:00+07:00,1390.8128619674776,1396.1724895950224,1388.133192090423,1393.49267578125,94192426,0.0,0.0
2015-04-15 00:00:00+07:00,1404.2120405853368,1404.2120405853368,1388.1333003850443,1401.5322265625,80791995,0.0,0.0
2015-04-16 00:00:00+07:00,1406.8916015624998,1409.5712711666383,1398.8521609399752,1406.8916015625,75442053,0.0,0.0
2015-04-17 00:00:00+07:00,1406.891744850112,1412.251228540939,1390.8128619674776,1393.49267578125,99767323,0.0,0.0
2015-04-20 00:00:00+07:00,1382.7733214376744,1409.5711669921875,1380.0935080948848,1409.5711669921875,109599293,0.0,0.0
2015-04-21 00:00:00+07:00,1412.2512164825464,1414.9310302734373,1404.2119190465899,1414.9310302734375,48140131,0.0,0.0
2015-04-22 00:00:00+07:00,1398.852416557497,1412.2513427734377,1393.492788496429,1412.2513427734375,100332182,0.0,0.0
2015-04-23 00:00:00+07:00,1406.8916135425452,1406.8916135425452,1393.4925457242407,1398.8521728515625,207800189,0.0,0.0
2015-04-24 00:00:00+07:00,1401.53222696253,1404.2120409861318,1385.453486757648,1388.13330078125,164811446,0.0,0.0
2015-04-27 00:00:00+07:00,1382.7733393494377,1382.7733393494377,1286.3007774428097,1288.9805908203125,497780047,0.0,0.0
2015-04-28 00:00:00+07:00,1264.8624153300725,1294.3400746318339,1254.1433057485306,1272.90185546875,342672968,0.0,0.0
2015-04-29 00:00:00+07:00,1272.9021214347554,1280.941419316506,1205.9072047576353,1246.1041259765625,376079995,0.0,0.0
2015-04-30 00:00:00+07:00,1243.4243120370706,1288.980861134981,1235.38501415532,1246.1041259765625,258526465,0.0,0.0
2015-05-04 00:00:00+07:00,1221.9859444578613,1275.5817914375223,1221.9859444578613,1246.1041259765625,232215660,0.0,0.0
2015-05-05 00:00:00+07:00,1262.1824839268097,1283.6208450219378,1246.103749089634,1254.1431884765625,234983858,0.0,0.0
2015-05-06 00:00:00+07:00,1251.4635112936342,1262.1826210372708,1243.424071033384,1259.5028076171875,178719536,0.0,0.0
2015-05-07 00:00:00+07:00,1251.463753855546,1256.8232377978047,1240.7444980975788,1246.1041259765625,163944631,0.0,0.0
2015-05-08 00:00:00+07:00,1246.1041216167591,1256.823233400498,1246.1041216167591,1248.783935546875,147337094,0.0,0.0
2015-05-11 00:00:00+07:00,1254.14344218127,1264.8625529288968,1254.14344218127,1262.1827392578125,94399780,0.0,0.0
2015-05-12 00:00:00+07:00,1259.5027876044762,1305.0593271486348,1256.8229742269734,1288.9805908203125,186576422,0.0,0.0
2015-05-13 00:00:00+07:00,1299.699820989874,1305.0594482421875,1286.3008967957983,1305.0594482421875,81381055,0.0,0.0
2015-05-15 00:00:00+07:00,1313.0987801522922,1315.778449619367,1259.502799950271,1264.8624267578125,146280526,0.0,0.0
2015-05-18 00:00:00+07:00,1254.143546535294,1286.301025390625,1254.143546535294,1286.301025390625,53435622,0.0,0.0
2015-05-19 00:00:00+07:00,1294.3401992886359,1315.778564453125,1280.9412750370957,1315.778564453125,139255805,0.0,0.0
2015-05-20 00:00:00+07:00,1329.1776220332333,1345.2563597940991,1315.7785539519225,1337.2169189453125,130016195,0.0,0.0
2015-05-21 00:00:00+07:00,1345.2564576656528,1366.6948242187502,1323.8180911125555,1366.69482421875,217056849,0.0,0.0
2015-05-22 00:00:00+07:00,1366.6945807933823,1366.6945807933823,1331.8572953258238,1350.6158447265625,134274919,0.0,0.0
2015-05-25 00:00:00+07:00,1337.216793986263,1342.5764207179457,1318.4582443620673,1323.81787109375,120460330,0.0,0.0
2015-05-26 00:00:00+07:00,1307.7391310935411,1339.8966035182368,1307.7391310935411,1326.4976806640625,81987166,0.0,0.0
2015-05-27 00:00:00+07:00,1288.9808479864673,1321.1383270588901,1280.94140625,1280.94140625,160967980,0.0,0.0
2015-05-28 00:00:00+07:00,1286.3007861610918,1294.3400824113942,1267.542236328125,1267.542236328125,160285968,0.0,0.0
2015-05-29 00:00:00+07:00,1254.14344218127,1272.9019939421496,1254.14344218127,1262.1827392578125,347453101,0.0,0.0
2015-06-01 00:00:00+07:00,1256.8231201171875,1262.182747494331,1246.1040092996118,1256.8231201171875,180903074,0.0,0.0
2015-06-03 00:00:00+07:00,1248.7838360856097,1256.8231332989308,1205.9071044921875,1205.9071044921875,310101956,0.0,0.0
2015-06-04 00:00:00+07:00,1208.586793342793,1213.946420222415,1187.1484297610032,1192.508056640625,208206646,0.0,0.0
2015-06-05 00:00:00+07:00,1179.109175157907,1211.2667236328125,1179.109175157907,1211.2667236328125,109962849,0.0,0.0
2015-06-08 00:00:00+07:00,1219.3062274459758,1219.3062274459758,1165.7103762057627,1179.109375,183136663,0.0,0.0
2015-06-09 00:00:00+07:00,1165.7101545389933,1165.7101545389933,1104.0749445298895,1122.83349609375,399282146,0.0,0.0
2015-06-10 00:00:00+07:00,1122.8336818136331,1144.2720505663992,1101.3953130608672,1114.7943115234375,209898475,0.0,0.0
2015-06-11 00:00:00+07:00,1122.8335098369198,1125.5133235126584,1079.9567788985228,1085.31640625,232668318,0.0,0.0
2015-06-12 00:00:00+07:00,1082.6365251210389,1117.473812861697,1077.2769700718416,1112.1142578125,166243671,0.0,0.0
2015-06-15 00:00:00+07:00,1109.434509240261,1109.434509240261,1087.9962158203125,1087.9962158203125,139372957,0.0,0.0
2015-06-16 00:00:00+07:00,1098.7154938945382,1136.2326030542272,1085.3165674622867,1130.873046875,181513585,0.0,0.0
2015-06-17 00:00:00+07:00,1141.5922647381774,1181.7891891525212,1136.2326364331352,1179.109375,191224552,0.0,0.0
2015-06-18 00:00:00+07:00,1168.3900136667846,1176.4293829402145,1141.5920920992332,1154.9910888671875,132440637,0.0,0.0
2015-06-19 00:00:00+07:00,1160.3506422247851,1184.46875,1160.3506422247851,1184.46875,142452460,0.0,0.0
2015-06-22 00:00:00+07:00,1195.1878034275353,1200.5474303309934,1160.3505164284536,1173.74951171875,104511705,0.0,0.0
2015-06-23 00:00:00+07:00,1173.7494623627895,1179.1090170725302,1149.6312862480909,1157.670654296875,154971226,0.0,0.0
2015-06-24 00:00:00+07:00,1152.3111097896974,1163.0302912724326,1101.395015738792,1104.0748291015625,322983178,0.0,0.0
2015-06-25 00:00:00+07:00,1098.715267967777,1104.0748950132802,1079.956717245218,1093.355712890625,381805594,0.0,0.0
2015-06-26 00:00:00+07:00,1087.9962066089677,1122.83349609375,1087.9962066089677,1122.83349609375,216146583,0.0,0.0
2015-06-29 00:00:00+07:00,1104.074889254529,1117.473812861697,1093.3557071877838,1112.1142578125,105070514,0.0,0.0
2015-06-30 00:00:00+07:00,1106.7548284677137,1120.153753596722,1101.395200841423,1109.4345703125,216465588,0.0,0.0
2015-07-01 00:00:00+07:00,1109.4346782213588,1136.2326030542272,1109.4346782213588,1130.873046875,149727986,0.0,0.0
2015-07-02 00:00:00+07:00,1141.5922166958298,1165.7103271484375,1130.8730325052156,1165.7103271484375,179726054,0.0,0.0
2015-07-03 00:00:00+07:00,1168.3900777219883,1168.3900777219883,1141.5921546852817,1160.3507080078125,124158044,0.0,0.0
2015-07-06 00:00:00+07:00,1136.2326083078372,1149.6316067704076,1109.4346833510629,1114.7943115234375,115791299,0.0,0.0
2015-07-07 00:00:00+07:00,1114.794127133289,1130.872865054211,1114.794127133289,1122.83349609375,114379425,0.0,0.0
2015-07-08 00:00:00+07:00,1109.434446089675,1130.8728102576763,1093.3557089478497,1096.0355224609375,138749796,0.0,0.0
2015-07-09 00:00:00+07:00,1085.3162794988627,1109.4343838587567,1085.3162794988627,1104.0748291015625,104666807,0.0,0.0
2015-07-10 00:00:00+07:00,1114.794127133289,1133.5526786971495,1109.434499847412,1122.83349609375,104557905,0.0,0.0
2015-07-13 00:00:00+07:00,1104.0749445298895,1128.1930514112726,1104.0749445298895,1122.83349609375,68977791,0.0,0.0
2015-07-14 00:00:00+07:00,1114.7943649149245,1128.193292050851,1112.1145507003912,1125.5135498046875,136384205,0.0,0.0
2015-07-15 00:00:00+07:00,1122.8335098369198,1122.8335098369198,1085.31640625,1085.31640625,194819965,0.0,0.0
2015-07-22 00:00:00+07:00,1106.7548284677137,1112.114384125645,1090.676017557201,1109.4345703125,264081011,0.0,0.0
2015-07-23 00:00:00+07:00,1109.4346380401587,1114.7942659936384,1098.7154541015625,1098.7154541015625,129274782,0.0,0.0
2015-07-24 00:00:00+07:00,1093.3557794549347,1104.0749622301817,1074.5972275903412,1082.6365966796875,249506859,0.0,0.0
2015-07-27 00:00:00+07:00,1082.636606774365,1082.636606774365,1047.79931640625,1047.79931640625,186627573,0.0,0.0
2015-07-28 00:00:00+07:00,1039.7598402380572,1050.4789500417692,1007.602294921875,1007.602294921875,198727232,0.0,0.0
2015-07-29 00:00:00+07:00,1021.0012136228121,1029.0406538923876,1012.961845321585,1018.3214721679688,198551779,0.0,0.0
2015-07-30 00:00:00+07:00,1031.7204078896705,1039.7598482569801,996.8831208380595,1002.24267578125,189127366,0.0,0.0
2015-07-31 00:00:00+07:00,1004.9226379394531,1074.5972943210627,1004.9226379394531,1071.91748046875,245988448,0.0,0.0
2015-08-03 00:00:00+07:00,1085.3163969119946,1120.1536865234375,1071.917400616941,1120.1536865234375,275629010,0.0,0.0
2015-08-04 00:00:00+07:00,1112.1144974372503,1122.8336818136331,1093.3559427706716,1114.7943115234375,185481353,0.0,0.0
2015-08-05 00:00:00+07:00,1104.0748193260836,1157.670654296875,1104.0748193260836,1157.670654296875,134355770,0.0,0.0
2015-08-06 00:00:00+07:00,1157.6708306460928,1165.7101999195224,1146.9516476254007,1154.9910888671875,195384824,0.0,0.0
2015-08-07 00:00:00+07:00,1144.272045275617,1146.9517873810478,1128.1932328012033,1130.873046875,58920317,0.0,0.0
2015-08-10 00:00:00+07:00,1109.434434867558,1133.5526123046875,1104.0748798639459,1133.5526123046875,61042804,0.0,0.0
2015-08-11 00:00:00+07:00,1152.3112400168677,1154.9910536824943,1087.9962158203125,1087.9962158203125,89054788,0.0,0.0
2015-08-12 00:00:00+07:00,1055.8385011451085,1074.5970499080158,1034.4001391394015,1039.759765625,255966171,0.0,0.0
2015-08-13 00:00:00+07:00,1039.7601160841796,1101.3953376647846,1039.7601160841796,1074.597412109375,227895886,0.0,0.0
2015-08-14 00:00:00+07:00,1085.316340376937,1096.0355224609375,1077.2769718060242,1096.0355224609375,77277434,0.0,0.0
2015-08-18 00:00:00+07:00,1087.9961780163721,1093.3557331930451,1050.47900390625,1050.47900390625,128873275,0.0,0.0
2015-08-19 00:00:00+07:00,1066.5578696151517,1079.9567942475685,1050.4790593005528,1061.1982421875,85629879,0.0,0.0
2015-08-20 00:00:00+07:00,1050.478943482069,1061.1981251871941,1037.0800203269241,1042.4395751953125,139306956,0.0,0.0
2015-08-21 00:00:00+07:00,1018.3214721679686,1023.6810270460039,1010.2821038667415,1018.3214721679688,177506215,0.0,0.0
2015-08-24 00:00:00+07:00,986.1639986267122,999.562994747586,967.4054472385011,980.804443359375,248510242,0.0,0.0
2015-08-25 00:00:00+07:00,991.5235538410955,1045.1193904948418,991.5235538410955,1018.3214721679688,258717318,0.0,0.0
2015-08-26 00:00:00+07:00,1045.119384765625,1047.7991981741266,996.8831032543393,1045.119384765625,239235982,0.0,0.0
2015-08-27 00:00:00+07:00,1077.2772537849385,1125.5135498046875,1074.5974395704052,1125.5135498046875,247086817,0.0,0.0
2015-08-28 00:00:00+07:00,1141.5922364802118,1157.6709770606033,1114.7943115234375,1114.7943115234375,234548251,0.0,0.0
2015-08-31 00:00:00+07:00,1104.0748237027224,1144.271736074333,1104.0748237027224,1138.912109375,204396730,0.0,0.0
2015-09-01 00:00:00+07:00,1114.7941450054288,1130.8728831841217,1082.6365966796875,1082.6365966796875,128265515,0.0,0.0
2015-09-02 00:00:00+07:00,1071.9173486453144,1101.3950814905286,1058.5184249682586,1093.355712890625,120962489,0.0,0.0
2015-09-03 00:00:00+07:00,1101.395140211736,1104.0749538773625,1082.6365884890592,1087.9962158203125,94235877,0.0,0.0
2015-09-04 00:00:00+07:00,1071.9172968277896,1093.3556600367488,1066.5577420097236,1079.9566650390625,106662242,0.0,0.0
2015-09-07 00:00:00+07:00,1077.2770513209457,1079.9567930634773,1047.79931640625,1047.79931640625,88421727,0.0,0.0
2015-09-08 00:00:00+07:00,1045.119619688743,1071.9175438923796,1039.7600636353613,1063.878173828125,87639063,0.0,0.0
2015-09-09 00:00:00+07:00,1077.2771719141253,1082.636727967507,1058.5186177747432,1063.878173828125,186908078,0.0,0.0
2015-09-10 00:00:00+07:00,1047.7992644767075,1050.4790060864295,1031.720454976613,1034.4002685546875,136625659,0.0,0.0
2015-09-11 00:00:00+07:00,1045.119757879518,1047.7995722447288,1029.041015625,1029.041015625,69257196,0.0,0.0
2015-09-14 00:00:00+07:00,1042.4393946928064,1042.4393946928064,1021.0010349946933,1031.72021484375,81844163,0.0,0.0
2015-09-15 00:00:00+07:00,1026.3606609033895,1031.72021484375,1021.0010349946933,1031.72021484375,83015683,0.0,0.0
2015-09-16 00:00:00+07:00,1034.400572387048,1042.439943514307,1026.361201259789,1029.041015625,55606510,0.0,0.0
2015-09-17 00:00:00+07:00,1042.439858261863,1077.2772262554263,1029.040931468342,1074.597412109375,114613729,0.0,0.0
2015-09-18 00:00:00+07:00,1077.2770513209457,1079.9567930634773,1047.79931640625,1047.79931640625,126506585,0.0,0.0
2015-09-21 00:00:00+07:00,1029.0407225442032,1034.4002777797978,1018.3215401046606,1021.0012817382812,132395536,0.0,0.0
2015-09-22 00:00:00+07:00,1021.0012260349404,1029.04066640225,994.2033073822897,1002.24267578125,175062523,0.0,0.0
2015-09-23 00:00:00+07:00,986.1640121472327,986.1640121472327,940.6075398610387,943.287353515625,379040696,0.0,0.0
2015-09-25 00:00:00+07:00,932.5682522808468,932.5682522808468,892.3713318261932,916.4894409179688,456977593,0.0,0.0
2015-09-28 00:00:00+07:00,911.1297707303258,913.8095842824546,889.6914062500001,889.69140625,230983639,0.0,0.0
2015-09-29 00:00:00+07:00,862.8933612717058,897.7306445147738,854.8539937516395,895.0509033203125,333299706,0.0,0.0
2015-09-30 00:00:00+07:00,905.7703827313514,932.5683072924594,897.7309405914904,927.2086791992188,412974083,0.0,0.0
2015-10-01 00:00:00+07:00,935.247802734375,943.287242754137,921.8488799714643,935.247802734375,169041569,0.0,0.0
2015-10-02 00:00:00+07:00,927.2086138765499,935.247983481665,916.4894304136096,929.888427734375,124785605,0.0,0.0
2015-10-05 00:00:00+07:00,932.5681037465183,980.8043862156201,932.5681037465183,978.1245727539062,182334199,0.0,0.0
2015-10-06 00:00:00+07:00,994.2033028589985,1031.7204031956892,994.2033028589985,1012.9618530273438,327137950,0.0,0.0
2015-10-07 00:00:00+07:00,1031.7204450138065,1055.838623046875,1012.9618940851319,1055.838623046875,258875171,0.0,0.0
2015-10-08 00:00:00+07:00,1071.9173623852266,1074.5971759423282,1055.838624979321,1069.237548828125,219113334,0.0,0.0
2015-10-09 00:00:00+07:00,1082.6367533884902,1133.5528609487965,1079.9569393146935,1130.873046875,275471158,0.0,0.0
2015-10-12 00:00:00+07:00,1138.9121048602633,1163.030280974962,1136.2322915212198,1157.670654296875,189487072,0.0,0.0
2015-10-13 00:00:00+07:00,1146.9518183058176,1146.9518183058176,1074.597412109375,1074.597412109375,224369225,0.0,0.0
2015-10-15 00:00:00+07:00,1109.4345134265818,1130.8728788957803,1082.6365925742614,1085.31640625,147112140,0.0,0.0
2015-10-16 00:00:00+07:00,1093.3556476188273,1117.4737519787213,1090.6758342560568,1104.0748291015625,95461298,0.0,0.0
2015-10-19 00:00:00+07:00,1117.4737548828125,1122.833381622282,1109.4343867419552,1117.4737548828125,84685512,0.0,0.0
2015-10-20 00:00:00+07:00,1112.1141917833752,1144.271736074333,1106.7546370523887,1138.912109375,107579108,0.0,0.0
2015-10-21 00:00:00+07:00,1146.9517873810478,1157.6709717078684,1130.873046875,1130.873046875,101230348,0.0,0.0
2015-10-22 00:00:00+07:00,1146.9515380859375,1146.9515380859375,1130.8728010746759,1146.9515380859375,77972646,0.0,0.0
2015-10-23 00:00:00+07:00,1168.3898195615247,1200.54736328125,1163.0302649257433,1200.54736328125,151021608,0.0,0.0
2015-10-26 00:00:00+07:00,1238.0645669642902,1254.143449079232,1235.3848972151775,1243.4241943359375,239808542,0.0,0.0
2015-10-27 00:00:00+07:00,1232.705083529354,1243.4241943359373,1216.6263453511233,1243.4241943359375,130301100,0.0,0.0
2015-10-28 00:00:00+07:00,1227.3455993150335,1232.7052273118265,1173.7497511572863,1189.8284912109375,152041876,0.0,0.0
2015-10-29 00:00:00+07:00,1179.1090760524094,1184.4686310302388,1138.9121618294641,1152.3111572265625,212824525,0.0,0.0
2015-10-30 00:00:00+07:00,1125.5132516278302,1157.6707258094234,1120.153624618664,1128.1929931640625,193973500,0.0,0.0
2015-11-02 00:00:00+07:00,1109.4346336015676,1125.5134454293159,1093.3558937421824,1101.395263671875,164033733,0.0,0.0
2015-11-03 00:00:00+07:00,1130.8728010746759,1165.710088588526,1120.153619077718,1146.9515380859375,230369279,0.0,0.0
2015-11-04 00:00:00+07:00,1179.109194483849,1189.828377484508,1176.429380741595,1184.46875,164273537,0.0,0.0
2015-11-05 00:00:00+07:00,1168.3898980948595,1176.4292665730707,1146.951534174063,1149.63134765625,112339440,0.0,0.0
2015-11-06 00:00:00+07:00,1171.0697155711803,1176.4292705854841,1144.2717965629608,1146.9515380859375,62716483,0.0,0.0
2015-11-09 00:00:00+07:00,1146.9515357978928,1152.311162769855,1130.8727988187065,1133.5526123046875,60820600,0.0,0.0
2015-11-10 00:00:00+07:00,1114.7941311864288,1141.5920518081814,1109.4345038810654,1120.1536865234375,112798148,0.0,0.0
2015-11-11 00:00:00+07:00,1114.794127133289,1130.872865054211,1101.3951308869512,1122.83349609375,91353277,0.0,0.0
2015-11-12 00:00:00+07:00,1120.153624618664,1141.5919887186267,1120.153624618664,1128.1929931640625,106905896,0.0,0.0
2015-11-13 00:00:00+07:00,1122.833438123247,1144.2718022232098,1120.153624618664,1128.1929931640625,91799335,0.0,0.0
2015-11-16 00:00:00+07:00,1104.0748875278675,1130.8728066686454,1096.035518982469,1128.1929931640625,112637545,0.0,0.0
2015-11-17 00:00:00+07:00,1141.5918545172988,1171.0695836973666,1141.5918545172988,1168.3897705078125,109649893,0.0,0.0
2015-11-18 00:00:00+07:00,1187.148435040697,1187.148435040697,1154.9909614933445,1173.74951171875,141030685,0.0,0.0
2015-11-19 00:00:00+07:00,1173.7495796505902,1181.7889485027142,1160.3505835848146,1176.4293212890625,118788301,0.0,0.0
2015-11-20 00:00:00+07:00,1125.513523759787,1179.109375,1125.513523759787,1179.109375,82598226,0.0,0.0
2015-11-23 00:00:00+07:00,1176.429560847479,1195.1881159783904,1173.749818663326,1179.109375,57231788,0.0,0.0
2015-11-24 00:00:00+07:00,1165.710197740936,1187.148563742254,1165.710197740936,1184.46875,44904425,0.0,0.0
2015-11-25 00:00:00+07:00,1197.8676013846368,1230.025146484375,1189.8282331017892,1230.025146484375,115113688,0.0,0.0
2015-11-26 00:00:00+07:00,1232.7049599014404,1243.4240696330048,1216.6262233357454,1230.025146484375,129617438,0.0,0.0
2015-11-27 00:00:00+07:00,1221.985834489425,1230.0252755844183,1205.9070962361502,1211.2667236328125,106859145,0.0,0.0
2015-11-30 00:00:00+07:00,1187.1485659609064,1216.6263732440773,1154.9910888671875,1154.9910888671875,385544559,0.0,0.0
2015-12-01 00:00:00+07:00,1181.7889969471546,1211.2667319255434,1181.7889969471546,1205.9071044921875,204488582,0.0,0.0
2015-12-02 00:00:00+07:00,1208.5867919921875,1213.94641886582,1200.5474236500875,1208.5867919921875,111897232,0.0,0.0
2015-12-03 00:00:00+07:00,1197.8676102132713,1211.2666054290037,1197.8676102132713,1208.5867919921875,77578839,0.0,0.0
2015-12-04 00:00:00+07:00,1195.1879134111819,1211.2667236328125,1192.5081716812065,1211.2667236328125,113487310,0.0,0.0
2015-12-07 00:00:00+07:00,1200.5475604851672,1219.3060407758742,1181.789008226103,1184.46875,88164322,0.0,0.0
2015-12-08 00:00:00+07:00,1168.3897705078125,1179.1089512976864,1163.0302160970466,1168.3897705078125,129087229,0.0,0.0
2015-12-09 00:00:00+07:00,1168.3897705078125,1168.3897705078125,1168.3897705078125,1168.3897705078125,0,0.0,0.0
2015-12-10 00:00:00+07:00,1157.6709569975683,1173.7497692676718,1154.9912149261886,1165.7103271484375,114144021,0.0,0.0
2015-12-11 00:00:00+07:00,1165.7102638278093,1171.0698916161673,1157.6708941136335,1160.3507080078125,114291424,0.0,0.0
2015-12-14 00:00:00+07:00,1138.9122233502464,1149.6314058532746,1117.47385834419,1144.2718505859375,160776577,0.0,0.0
2015-12-15 00:00:00+07:00,1141.5919753025537,1152.3111572265625,1133.5526068516347,1152.3111572265625,99525869,0.0,0.0
2015-12-16 00:00:00+07:00,1165.710053762454,1216.626220703125,1163.0303123195358,1216.626220703125,163196068,0.0,0.0
2015-12-17 00:00:00+07:00,1238.0645751953125,1243.424202602592,1232.7050917247448,1238.0645751953125,161731393,0.0,0.0
2015-12-18 00:00:00+07:00,1203.2274358314041,1213.946691990383,1165.7103271484375,1165.7103271484375,144885702,0.0,0.0
2015-12-21 00:00:00+07:00,1165.7103091620966,1192.5083052093341,1165.7103091620966,1189.8284912109375,60442193,0.0,0.0
2015-12-22 00:00:00+07:00,1184.46875,1189.828377484508,1171.069825225444,1184.46875,80111633,0.0,0.0
2015-12-23 00:00:00+07:00,1184.4688632141444,1192.5083052093341,1176.4294931873187,1189.8284912109375,35937620,0.0,0.0
2015-12-28 00:00:00+07:00,1179.1090625372137,1227.3453446581836,1176.4292490948408,1221.9857177734375,110588210,0.0,0.0
2015-12-29 00:00:00+07:00,1216.6262348253895,1224.6655312158107,1213.9464213830163,1221.9857177734375,64666266,0.0,0.0
2015-12-30 00:00:00+07:00,1227.3455854525039,1235.38502735689,1224.665771484375,1224.665771484375,145578164,0.0,0.0
2016-01-04 00:00:00+07:00,1221.9857062331794,1243.4240696330048,1200.547414801702,1230.025146484375,110418807,0.0,0.0
2016-01-05 00:00:00+07:00,1240.7442626953125,1267.5422530692122,1240.7442626953125,1240.7442626953125,118849352,0.0,0.0
2016-01-06 00:00:00+07:00,1221.9858193694474,1262.1827364736225,1221.9858193694474,1235.3848876953125,115640047,0.0,0.0
2016-01-07 00:00:00+07:00,1216.6263593588992,1235.3849114389325,1205.9071044921875,1205.9071044921875,78404404,0.0,0.0
2016-01-08 00:00:00+07:00,1205.9070906078289,1254.143449079232,1205.9070906078289,1243.4241943359375,117153123,0.0,0.0
2016-01-11 00:00:00+07:00,1221.985843992609,1235.3849125884667,1208.586919333464,1219.3060302734375,124503450,0.0,0.0
2016-01-12 00:00:00+07:00,1230.0252698435304,1256.8231188283444,1224.665642471883,1243.4241943359375,128978327,0.0,0.0
2016-01-13 00:00:00+07:00,1251.4636353934081,1254.143449079232,1240.7443806501137,1243.4241943359375,75355151,0.0,0.0
2016-01-14 00:00:00+07:00,1216.6263465987456,1262.182747494331,1216.6263465987456,1256.8231201171875,175249526,0.0,0.0
2016-01-15 00:00:00+07:00,1232.7049637649911,1248.7837003810803,1227.3453369140625,1227.3453369140625,112145287,0.0,0.0
2016-01-18 00:00:00+07:00,1227.3453446581836,1235.3847849853028,1216.6262348253895,1221.9857177734375,68989341,0.0,0.0
2016-01-19 00:00:00+07:00,1213.946526343186,1232.705078125,1213.946526343186,1232.705078125,67445464,0.0,0.0
2016-01-20 00:00:00+07:00,1221.986041598497,1230.0254840560601,1179.109375,1179.109375,101954711,0.0,0.0
2016-01-21 00:00:00+07:00,1200.547628547053,1208.586998261229,1152.3113382936365,1160.3507080078125,169901784,0.0,0.0
2016-01-22 00:00:00+07:00,1189.8282418711713,1208.5867919921875,1171.069691750155,1208.5867919921875,142360058,0.0,0.0
2016-01-25 00:00:00+07:00,1221.9859575162461,1224.665771484375,1208.5870316123285,1224.665771484375,101288099,0.0,0.0
2016-01-26 00:00:00+07:00,1221.985834489425,1221.985834489425,1200.547540807844,1211.2667236328125,72482451,0.0,0.0
2016-01-27 00:00:00+07:00,1221.985843992609,1227.345471430952,1211.2667330526356,1219.3060302734375,89068538,0.0,0.0
2016-01-28 00:00:00+07:00,1208.5869182088654,1216.6263593588992,1203.2272907755093,1205.9071044921875,97870340,0.0,0.0
2016-01-29 00:00:00+07:00,1205.9071086477877,1216.6263635514385,1181.7890010196431,1203.227294921875,256297276,0.0,0.0
2016-02-01 00:00:00+07:00,1216.6263635514385,1216.6263635514385,1192.5081839549373,1203.227294921875,91888437,0.0,0.0
2016-02-02 00:00:00+07:00,1189.8284321276146,1200.5476156205543,1181.7890625,1181.7890625,66356996,0.0,0.0
2016-02-03 00:00:00+07:00,1179.109193470244,1181.7890072101943,1165.7101967388494,1171.06982421875,169675730,0.0,0.0
2016-02-04 00:00:00+07:00,1184.468617453611,1221.9857177734375,1184.468617453611,1221.9857177734375,165717312,0.0,0.0
2016-02-05 00:00:00+07:00,1246.1038664056018,1318.458251953125,1243.4240530243312,1318.458251953125,512537352,0.0,0.0
2016-02-09 00:00:00+07:00,1297.0200180545175,1297.0200180545175,1264.862542148992,1283.62109375,135980498,0.0,0.0
2016-02-10 00:00:00+07:00,1267.542366599981,1286.3009183608608,1259.5029255867285,1262.1827392578125,101815558,0.0,0.0
2016-02-11 00:00:00+07:00,1256.822975191395,1283.620965050292,1256.822975191395,1272.90185546875,173954254,0.0,0.0
2016-02-12 00:00:00+07:00,1270.2220535653537,1286.3007900512816,1256.8229865465005,1264.8624267578125,158189332,0.0,0.0
2016-02-15 00:00:00+07:00,1275.5815249116145,1280.9411516707328,1264.8624153300725,1272.90185546875,107813962,0.0,0.0
2016-02-16 00:00:00+07:00,1272.9019912153976,1283.6211019400623,1272.9019912153976,1278.261474609375,83554143,0.0,0.0
2016-02-17 00:00:00+07:00,1278.2615923378444,1280.94140625,1270.2222945381002,1280.94140625,84647562,0.0,0.0
2016-02-18 00:00:00+07:00,1286.301025390625,1291.6606531787543,1272.9020998570243,1286.301025390625,135121933,0.0,0.0
2016-02-19 00:00:00+07:00,1216.626227148902,1246.1038869556157,1205.9069734470447,1227.3453369140625,366381128,0.0,0.0
2016-02-22 00:00:00+07:00,1227.345419976986,1227.345419976986,1173.7495796505902,1176.4293212890625,284593615,0.0,0.0
2016-02-23 00:00:00+07:00,1179.109152345325,1181.7889659918087,1128.1930529039028,1136.232421875,300350287,0.0,0.0
2016-02-24 00:00:00+07:00,1136.2324097324008,1154.9910330889657,1128.193040847218,1144.2718505859375,284699217,0.0,0.0
2016-02-25 00:00:00+07:00,1146.95160714519,1149.6314207978717,1117.4738728707557,1120.1536865234375,195037218,0.0,0.0
2016-02-26 00:00:00+07:00,1128.1930345745745,1163.0303955078125,1125.5132929399817,1163.0303955078125,217515007,0.0,0.0
2016-02-29 00:00:00+07:00,1163.030571470187,1187.148681640625,1160.3507574617947,1187.148681640625,204357679,0.0,0.0
2016-03-01 00:00:00+07:00,1179.109084076811,1189.8282660737689,1141.5919830716336,1146.9515380859375,162947464,0.0,0.0
2016-03-02 00:00:00+07:00,1168.3899524369385,1187.1485037480124,1168.3899524369385,1176.4293212890625,177538116,0.0,0.0
2016-03-03 00:00:00+07:00,1195.1878662109375,1200.5474933959376,1171.069759783495,1195.1878662109375,145946120,0.0,0.0
2016-03-04 00:00:00+07:00,1197.8677364251341,1219.3060302734375,1187.1485535168044,1219.3060302734375,105861428,0.0,0.0
2016-03-07 00:00:00+07:00,1232.7049715429298,1232.7049715429298,1219.3059043310645,1221.9857177734375,110993017,0.0,0.0
2016-03-08 00:00:00+07:00,1227.3453342948433,1232.7049611343343,1195.1877891629426,1213.9464111328125,151970924,0.0,0.0
2016-03-10 00:00:00+07:00,1205.9073006201065,1205.9073006201065,1171.070004510805,1179.109375,262774188,0.0,0.0
2016-03-11 00:00:00+07:00,1179.109375,1179.109375,1179.109375,1179.109375,0,0.0,0.0
2016-03-14 00:00:00+07:00,1179.109375,1179.109375,1179.109375,1179.109375,0,0.0,0.0
2016-03-15 00:00:00+07:00,1192.5083096574094,1197.86786570583,1181.7891255922045,1187.148681640625,119004455,0.0,0.0
2016-03-16 00:00:00+07:00,1179.109194483849,1187.148563742254,1171.069825225444,1184.46875,132047380,0.0,0.0
2016-03-17 00:00:00+07:00,1189.8285596417163,1197.8679301309114,1179.109375,1179.109375,162228602,0.0,0.0
2016-03-18 00:00:00+07:00,1189.828243200814,1200.547424991709,1184.468616321192,1192.508056640625,259153476,0.0,0.0
2016-03-21 00:00:00+07:00,1189.8283109942902,1205.907048612585,1187.1484974017899,1195.1878662109375,130951761,0.0,0.0
2016-03-22 00:00:00+07:00,1197.86767578125,1200.5474893647518,1189.828306999097,1197.86767578125,151479216,0.0,0.0
2016-03-23 00:00:00+07:00,1197.8676102132713,1208.5867919921875,1195.187796776455,1208.5867919921875,140720480,0.0,0.0
2016-03-24 00:00:00+07:00,1213.94641886582,1213.94641886582,1205.906978555371,1208.5867919921875,112620495,0.0,0.0
2016-03-28 00:00:00+07:00,1211.266859261382,1211.266859261382,1184.4688632141444,1189.8284912109375,54560392,0.0,0.0
2016-03-29 00:00:00+07:00,1189.8283173548382,1192.508130961664,1171.0697660437643,1176.4293212890625,104528755,0.0,0.0
2016-03-30 00:00:00+07:00,1176.4293150001424,1200.5474933959376,1176.4293150001424,1195.1878662109375,162989815,0.0,0.0
2016-03-31 00:00:00+07:00,1184.4688498358958,1224.665771484375,1184.4688498358958,1224.665771484375,174889820,0.0,0.0
2016-04-01 00:00:00+07:00,1245.2355063592715,1245.2355063592715,1212.176131097708,1223.1959228515625,133941613,56.664707,0.0
2016-04-04 00:00:00+07:00,1212.176131097708,1225.9508892866857,1212.176131097708,1223.1959228515625,65779486,0.0,0.0
2016-04-05 00:00:00+07:00,1223.1959228515625,1231.460748170294,1217.6859899813167,1223.1959228515625,87672614,0.0,0.0
2016-04-06 00:00:00+07:00,1228.70556640625,1231.460532358569,1223.1957084882363,1228.70556640625,92484097,0.0,0.0
2016-04-07 00:00:00+07:00,1225.9508892866857,1231.460748170294,1212.176131097708,1223.1959228515625,107075849,0.0,0.0
2016-04-08 00:00:00+07:00,1212.1759324347142,1220.4407563989273,1187.3814605420753,1190.1363525390625,196905601,0.0,0.0
2016-04-11 00:00:00+07:00,1190.1363525390625,1190.1363525390625,1190.1363525390625,1190.1363525390625,0,0.0,0.0
2016-04-12 00:00:00+07:00,1157.0770032614585,1179.1165081529493,1146.0572138224022,1170.8516845703125,133667708,0.0,0.0
2016-04-13 00:00:00+07:00,1170.8516845703125,1170.8516845703125,1170.8516845703125,1170.8516845703125,0,0.0,0.0
2016-04-14 00:00:00+07:00,1170.8516845703125,1170.8516845703125,1170.8516845703125,1170.8516845703125,0,0.0,0.0
2016-04-15 00:00:00+07:00,1170.8516845703125,1170.8516845703125,1170.8516845703125,1170.8516845703125,0,0.0,0.0
2016-04-18 00:00:00+07:00,1170.8516845703125,1170.8516845703125,1170.8516845703125,1170.8516845703125,0,0.0,0.0
2016-04-19 00:00:00+07:00,1170.8516845703125,1170.8516845703125,1170.8516845703125,1170.8516845703125,0,0.0,0.0
2016-04-20 00:00:00+07:00,1118.5078800742974,1157.0771096644494,1121.2627721974304,1154.3221435546875,263211446,0.0,0.0
2016-04-21 00:00:00+07:00,1181.8715431660628,1181.8715431660628,1157.0770709673147,1179.1165771484375,227710533,0.0,0.0
2016-04-22 00:00:00+07:00,1179.1165483011407,1203.911093879912,1173.6066903873161,1201.1561279296875,221574077,0.0,0.0
2016-04-25 00:00:00+07:00,1195.646253180765,1198.401145105575,1146.0572367080765,1157.0770263671875,296180665,0.0,0.0
2016-04-26 00:00:00+07:00,1151.5672634611617,1151.5672634611617,1107.48817234563,1124.017822265625,185677707,0.0,0.0
2016-04-27 00:00:00+07:00,1118.5079636211715,1137.7925798567105,1115.7529973056273,1124.017822265625,156014044,0.0,0.0
2016-04-28 00:00:00+07:00,1135.0375437125253,1154.3221587616556,1126.772719260988,1143.3023681640625,171253157,0.0,0.0
2016-04-29 00:00:00+07:00,1137.792349439927,1143.3022069685674,1129.5274521670372,1140.5472412109375,86244789,0.0,0.0
2016-05-02 00:00:00+07:00,1151.5672080815673,1151.5672080815673,1121.2628020278446,1132.2825927734375,66241494,0.0,0.0
2016-05-03 00:00:00+07:00,1146.057348324539,1162.5869974297443,1135.0375575921917,1159.83203125,160901979,0.0,0.0
2016-05-04 00:00:00+07:00,1157.0769617700976,1159.831853541108,1124.0175946383968,1140.5472412109375,126440583,0.0,0.0
2016-05-09 00:00:00+07:00,1140.5472927475728,1143.3022586296884,1104.7330322265625,1104.7330322265625,170279091,0.0,0.0
2016-05-10 00:00:00+07:00,1101.9779836881164,1115.7527380788647,1099.2230180126433,1107.4879150390625,133962513,0.0,0.0
2016-05-11 00:00:00+07:00,1101.97802734375,1115.7527822801949,1099.223061559137,1101.97802734375,175368879,0.0,0.0
2016-05-12 00:00:00+07:00,1099.223321414768,1107.4882207224232,1085.4486372086171,1090.95849609375,158341134,0.0,0.0
2016-05-13 00:00:00+07:00,1090.9583833755487,1096.4683156780309,1074.428734441362,1088.2034912109375,140777131,0.0,0.0
2016-05-16 00:00:00+07:00,1085.4485924861947,1096.4683837890625,1079.9386598414435,1096.4683837890625,90902820,0.0,0.0
2016-05-17 00:00:00+07:00,1090.958204814632,1096.4681362152844,1063.4087697712223,1068.918701171875,111727279,0.0,0.0
2016-05-18 00:00:00+07:00,1057.8990534769225,1074.4287019106373,1049.6341552734375,1049.6341552734375,238519869,0.0,0.0
2016-05-19 00:00:00+07:00,1055.1441494965682,1068.9189066596255,1052.3891832666304,1066.1639404296875,182234647,0.0,0.0
2016-05-20 00:00:00+07:00,1057.898971683776,1085.4484082721476,1057.898971683776,1079.9384765625,183107512,0.0,0.0
2016-05-23 00:00:00+07:00,1079.9386217666554,1093.71337890625,1079.9386217666554,1093.71337890625,75637306,0.0,0.0
2016-05-24 00:00:00+07:00,1096.4682372293498,1104.7330611051223,1082.6934814453125,1082.6934814453125,106542340,0.0,0.0
2016-05-25 00:00:00+07:00,1093.71337890625,1096.4683451314954,1088.2035204423912,1093.71337890625,78334003,0.0,0.0
2016-05-26 00:00:00+07:00,1101.9783428071569,1135.0377197265625,1099.2233762338794,1135.0377197265625,180724321,0.0,0.0
2016-05-27 00:00:00+07:00,1129.5276495984656,1146.057373046875,1121.2628248675771,1146.057373046875,108998682,0.0,0.0
2016-05-30 00:00:00+07:00,1151.5670715486194,1176.3616162831518,1146.0572138224022,1170.8516845703125,237301048,0.0,0.0
2016-05-31 00:00:00+07:00,1170.8516425850084,1170.8516425850084,1137.792349439927,1140.5472412109375,208615303,0.0,0.0
2016-06-01 00:00:00+07:00,1140.5474694926647,1157.0771933602657,1137.7925771702598,1151.5672607421875,133323952,0.0,0.0
2016-06-02 00:00:00+07:00,1140.5474173359744,1146.0573497020862,1124.0177682109004,1132.2825927734375,97257629,0.0,0.0
2016-06-03 00:00:00+07:00,1137.7925483159863,1151.5672315385898,1129.5276495984656,1146.057373046875,67912423,0.0,0.0
2016-06-06 00:00:00+07:00,1151.5670330744858,1168.0966796875,1143.3022097679789,1168.0966796875,107442705,0.0,0.0
2016-06-07 00:00:00+07:00,1170.8518452888538,1176.3617777580212,1165.3419868063186,1173.6068115234375,128565820,0.0,0.0
2016-06-08 00:00:00+07:00,1168.0968790542702,1173.6068115234375,1159.832054337151,1173.6068115234375,124220195,0.0,0.0
2016-06-09 00:00:00+07:00,1173.606773810786,1173.606773810786,1143.3023681640625,1143.3023681640625,78021597,0.0,0.0
2016-06-10 00:00:00+07:00,1140.5473725570155,1151.5671628699608,1137.79248046875,1137.79248046875,63123490,0.0,0.0
2016-06-13 00:00:00+07:00,1137.7924713057946,1137.7924713057946,1110.2429587519805,1112.9979248046875,106356987,0.0,0.0
2016-06-14 00:00:00+07:00,1107.4881654970854,1115.7529904059747,1093.7134079911812,1099.2232666015625,110417707,0.0,0.0
2016-06-15 00:00:00+07:00,1090.9581949728413,1115.7527380788647,1090.9581949728413,1107.4879150390625,96543167,0.0,0.0
2016-06-16 00:00:00+07:00,1121.262855950081,1126.772788581169,1115.7529973056273,1124.017822265625,161866695,0.0,0.0
2016-06-17 00:00:00+07:00,1129.5274658203125,1135.0373974021743,1101.978029870865,1129.5274658203125,124721804,0.0,0.0
2016-06-20 00:00:00+07:00,1146.0573047068021,1148.8121967950676,1121.2627580060177,1137.79248046875,81492707,0.0,0.0
2016-06-21 00:00:00+07:00,1135.037582076813,1146.057373046875,1132.2826158376392,1146.057373046875,104446804,0.0,0.0
2016-06-22 00:00:00+07:00,1146.0572367080765,1157.0770263671875,1140.547304885209,1157.0770263671875,72391150,0.0,0.0
2016-06-23 00:00:00+07:00,1157.0772774575041,1157.0772774575041,1135.0376933566054,1148.8123779296875,52309753,0.0,0.0
2016-06-24 00:00:00+07:00,1135.0377197265625,1148.8124046196672,1101.9783428071569,1135.0377197265625,124718504,0.0,0.0
2016-06-27 00:00:00+07:00,1107.487970290643,1132.2824406470233,1107.487970290643,1126.7725830078125,39102925,0.0,0.0
2016-06-28 00:00:00+07:00,1118.5078948094506,1146.0573343101182,1115.7529286633949,1143.3023681640625,168497610,0.0,0.0
2016-06-29 00:00:00+07:00,1148.8123011285645,1176.36181640625,1148.8123011285645,1176.36181640625,206998275,0.0,0.0
2016-06-30 00:00:00+07:00,1190.1363525390625,1203.9111084705012,1181.8715285748494,1190.1363525390625,285078724,0.0,0.0
2016-07-01 00:00:00+07:00,1201.156359904786,1206.666292869349,1179.116776019812,1184.626708984375,112926300,0.0,0.0
2016-07-11 00:00:00+07:00,1206.6660792898606,1256.255023273868,1201.1561473005538,1250.7452392578125,370975907,0.0,0.0
2016-07-12 00:00:00+07:00,1267.2750244140625,1278.294741612127,1259.0101255355635,1267.2750244140625,175051523,0.0,0.0
2016-07-13 00:00:00+07:00,1272.7847900390625,1272.7847900390625,1256.2551405019212,1272.7847900390625,118839452,0.0,0.0
2016-07-14 00:00:00+07:00,1278.294669330526,1278.294669330526,1247.9903377694666,1253.5001220703125,117699282,0.0,0.0
2016-07-15 00:00:00+07:00,1261.7650918283964,1270.0299907068954,1261.7650918283964,1267.2750244140625,88819384,0.0,0.0
2016-07-18 00:00:00+07:00,1245.2356444605527,1278.294949401879,1245.2356444605527,1264.520263671875,119466463,0.0,0.0
2016-07-19 00:00:00+07:00,1247.9903167145037,1305.8441606967715,1247.9903167145037,1300.334228515625,275160952,0.0,0.0
2016-07-20 00:00:00+07:00,1300.3342228579902,1322.373803513427,1300.3342228579902,1308.59912109375,152558335,0.0,0.0
2016-07-21 00:00:00+07:00,1297.5793576886906,1308.5992228600226,1267.2750244140625,1267.2750244140625,115988753,0.0,0.0
2016-07-22 00:00:00+07:00,1259.010009765625,1264.5199418446355,1239.7253954623425,1259.010009765625,107461406,0.0,0.0
2016-07-25 00:00:00+07:00,1250.7452392578125,1261.7649552631747,1231.4605512818644,1250.7452392578125,89527246,0.0,0.0
2016-07-26 00:00:00+07:00,1245.2354234682487,1272.7847900390625,1239.7254909647797,1272.7847900390625,69135644,0.0,0.0
2016-07-27 00:00:00+07:00,1278.294677734375,1294.8243266921013,1272.7847454240462,1278.294677734375,304479759,0.0,0.0
2016-07-28 00:00:00+07:00,1256.255126953125,1267.2749918412128,1242.4804438162791,1256.255126953125,132776693,0.0,0.0
2016-07-29 00:00:00+07:00,1261.7651301672463,1283.8047132063175,1261.7651301672463,1270.030029296875,256196075,0.0,0.0
2016-08-01 00:00:00+07:00,1278.294532628264,1297.5791455520541,1275.5395667858306,1292.0692138671875,324829010,0.0,0.0
2016-08-02 00:00:00+07:00,1292.0693746350878,1303.0892393759864,1289.3145564231247,1294.8243408203125,134250718,0.0,0.0
2016-08-03 00:00:00+07:00,1300.3343374550034,1300.3343374550034,1272.7848222144853,1283.8046875,77617340,0.0,0.0
2016-08-04 00:00:00+07:00,1300.334228515625,1308.5991267873446,1292.0693302439054,1300.334228515625,186287117,0.0,0.0
2016-08-05 00:00:00+07:00,1308.5991796501805,1325.1288288881035,1305.8442134483164,1319.618896484375,282299525,0.0,0.0
2016-08-08 00:00:00+07:00,1333.3935102652645,1349.9233066179083,1327.8837261209715,1338.9034423828125,227839785,0.0,0.0
2016-08-09 00:00:00+07:00,1338.9034274924322,1347.1683255768373,1319.6188132687398,1322.373779296875,154562019,0.0,0.0
2016-08-10 00:00:00+07:00,1327.8837113531451,1341.6583935205672,1297.5792330169124,1322.373779296875,102617472,0.0,0.0
2016-08-11 00:00:00+07:00,1333.3935856492033,1333.3935856492033,1305.844219450459,1311.35400390625,124912657,0.0,0.0
2016-08-12 00:00:00+07:00,1294.8243106072916,1338.9034725958334,1294.8243106072916,1316.8638916015625,148782519,0.0,0.0
2016-08-15 00:00:00+07:00,1322.373779296875,1336.148461464297,1314.1088812124697,1322.373779296875,101972311,0.0,0.0
2016-08-16 00:00:00+07:00,1338.9037321380904,1341.6586987930732,1327.8840134914465,1333.393798828125,197105254,0.0,0.0
2016-08-18 00:00:00+07:00,1338.9037321380904,1341.6586987930732,1327.8840134914465,1333.393798828125,252765665,0.0,0.0
2016-08-19 00:00:00+07:00,1322.373779296875,1336.148461464297,1311.3539151843345,1322.373779296875,144417094,0.0,0.0
2016-08-22 00:00:00+07:00,1316.8639553250036,1316.8639553250036,1292.069407009976,1305.84423828125,151063409,0.0,0.0
2016-08-23 00:00:00+07:00,1278.2947225425312,1289.314587549469,1267.2750055088588,1272.7847900390625,204825187,0.0,0.0
2016-08-24 00:00:00+07:00,1281.0497211786214,1297.5793711336246,1270.0300038663754,1283.8046875,98438500,0.0,0.0
2016-08-25 00:00:00+07:00,1294.8243732642309,1311.354022816494,1292.069407009976,1305.84423828125,140641279,0.0,0.0
2016-08-26 00:00:00+07:00,1294.8243408203125,1303.0892393759864,1286.5595902379002,1294.8243408203125,101596654,0.0,0.0
2016-08-29 00:00:00+07:00,1278.294741612127,1281.04970790496,1264.5200581212293,1267.2750244140625,160667675,0.0,0.0
2016-08-30 00:00:00+07:00,1278.2947804532316,1281.0497468297747,1264.5200965437891,1270.030029296875,139547310,0.0,0.0
2016-08-31 00:00:00+07:00,1283.8046875,1297.5793711336246,1281.0497211786214,1283.8046875,170538145,0.0,0.0
2016-09-01 00:00:00+07:00,1272.7846573379968,1292.0692711162505,1270.029839346746,1289.314453125,116693315,0.0,0.0
2016-09-02 00:00:00+07:00,1267.2749993982006,1289.3145813325384,1267.2749993982006,1281.0496826171875,122769820,0.0,0.0
2016-09-05 00:00:00+07:00,1300.334228515625,1303.0891946061981,1292.0693302439054,1300.334228515625,137726778,0.0,0.0
2016-09-06 00:00:00+07:00,1305.8441550151633,1308.59912109375,1294.8242907008168,1308.59912109375,80130334,0.0,0.0
2016-09-07 00:00:00+07:00,1314.1089640806465,1319.618896484375,1303.089247246452,1319.618896484375,129184031,0.0,0.0
2016-09-08 00:00:00+07:00,1311.3539978787824,1322.3738626862391,1311.3539978787824,1319.618896484375,64527664,0.0,0.0
2016-09-09 00:00:00+07:00,1316.8639223288478,1319.6188885140725,1292.0693746350878,1294.8243408203125,109550342,0.0,0.0
2016-09-13 00:00:00+07:00,1286.5595703125,1297.5792869094707,1278.2946718848275,1286.5595703125,119633116,0.0,0.0
2016-09-14 00:00:00+07:00,1275.5396233024974,1292.0692711162505,1267.2748733822457,1289.314453125,100627538,0.0,0.0
2016-09-15 00:00:00+07:00,1289.3145642103934,1327.8837950899676,1286.5595980085293,1319.618896484375,155214880,0.0,0.0
2016-09-16 00:00:00+07:00,1322.3737848377862,1327.8837169171436,1311.3539206790713,1314.10888671875,151791071,0.0,0.0
2016-09-19 00:00:00+07:00,1322.3738878335132,1330.6386386230122,1305.84423828125,1305.84423828125,75104897,0.0,0.0
2016-09-20 00:00:00+07:00,1322.373779296875,1325.12874532501,1314.1088812124697,1322.373779296875,135471189,0.0,0.0
2016-09-21 00:00:00+07:00,1316.8638472406046,1327.8837113531451,1311.3539151843345,1322.373779296875,171153606,0.0,0.0
2016-09-22 00:00:00+07:00,1333.3935158750521,1344.4133801565101,1327.8837317075786,1330.6385498046875,148067507,0.0,0.0
2016-09-23 00:00:00+07:00,1330.6385498046875,1336.1484819454167,1319.618833496485,1330.6385498046875,122425514,0.0,0.0
2016-09-26 00:00:00+07:00,1327.8837502886022,1336.1485006420885,1325.1287841796875,1325.1287841796875,79398821,0.0,0.0
2016-09-27 00:00:00+07:00,1308.5993948798543,1338.9037321380904,1297.5795282599236,1333.393798828125,132320735,0.0,0.0
2016-09-28 00:00:00+07:00,1333.393798828125,1341.6586987930732,1327.8840134914465,1333.393798828125,228429395,0.0,0.0
2016-09-29 00:00:00+07:00,1344.4133689136117,1349.923301008263,1336.148470771635,1347.1683349609375,142713715,0.0,0.0
2016-09-30 00:00:00+07:00,1333.3935872768773,1349.9233845842177,1330.6386210589872,1344.4134521484375,123068475,0.0,0.0
2016-10-03 00:00:00+07:00,1344.4133505302264,1358.1880326052465,1344.4133505302264,1352.6781005859375,153450450,0.0,0.0
2016-10-04 00:00:00+07:00,1352.6781005859375,1358.1880326052465,1338.9034185109176,1352.6781005859375,75091147,0.0,0.0
2016-10-05 00:00:00+07:00,1358.188316194265,1358.188316194265,1347.168597827988,1355.433349609375,151006208,0.0,0.0
2016-10-06 00:00:00+07:00,1355.4330172221703,1366.452880859375,1352.678051312869,1366.452880859375,115097738,0.0,0.0
2016-10-07 00:00:00+07:00,1366.4530259695418,1366.4530259695418,1316.8639302825106,1319.618896484375,142339158,0.0,0.0
2016-10-10 00:00:00+07:00,1311.354022816494,1325.128854087768,1303.089272026995,1305.84423828125,66738702,0.0,0.0
2016-10-11 00:00:00+07:00,1311.3539593596802,1322.3738238434448,1311.3539593596802,1316.8638916015625,174577415,0.0,0.0
2016-10-12 00:00:00+07:00,1314.1088812124697,1336.148461464297,1303.0891650731826,1322.373779296875,70169662,0.0,0.0
2016-10-13 00:00:00+07:00,1327.8837950899676,1338.903511924162,1305.8442134483164,1319.618896484375,98899408,0.0,0.0
2016-10-14 00:00:00+07:00,1311.3539243189587,1358.1880511769857,1305.8441401975617,1347.1683349609375,96902873,0.0,0.0
2016-10-17 00:00:00+07:00,1338.9034423828125,1352.6781247034273,1338.9034423828125,1338.9034423828125,110866514,0.0,0.0
2016-10-18 00:00:00+07:00,1352.6782028288442,1352.6782028288442,1338.9035197126575,1344.4134521484375,75698907,0.0,0.0
2016-10-19 00:00:00+07:00,1352.6781247034273,1352.6781247034273,1333.3935102652645,1338.9034423828125,41200111,0.0,0.0
2016-10-20 00:00:00+07:00,1330.6387486764045,1344.4135810869561,1330.6387486764045,1336.148681640625,67079708,0.0,0.0
2016-10-21 00:00:00+07:00,1341.6584028662862,1347.1683349609375,1336.148470771635,1347.1683349609375,48630189,0.0,0.0
2016-10-24 00:00:00+07:00,1347.1684183663276,1352.6782028288442,1338.9035197126575,1344.4134521484375,55387606,0.0,0.0
2016-10-25 00:00:00+07:00,1355.4330907622013,1355.4330907622013,1338.9034423828125,1338.9034423828125,60999353,0.0,0.0
2016-10-26 00:00:00+07:00,1322.3737995668496,1347.1683462268747,1322.3737995668496,1330.6385498046875,124992408,0.0,0.0
2016-10-27 00:00:00+07:00,1330.6386210589872,1344.4134521484375,1325.1288365964706,1344.4134521484375,77750442,0.0,0.0
2016-10-28 00:00:00+07:00,1322.3738703785805,1349.9233845842177,1322.3738703785805,1344.4134521484375,73928426,0.0,0.0
2016-10-31 00:00:00+07:00,1355.4331690467343,1355.4331690467343,1330.6386210589872,1344.4134521484375,106301436,0.0,0.0
2016-11-01 00:00:00+07:00,1349.923301008263,1355.43308512966,1344.4133689136117,1347.1683349609375,77841744,0.0,0.0
2016-11-02 00:00:00+07:00,1347.1682674675133,1371.9626647047307,1341.658335648911,1366.452880859375,107751261,0.0,0.0
2016-11-03 00:00:00+07:00,1366.45313166677,1366.45313166677,1349.9234811502538,1358.188232421875,79249218,0.0,0.0
2016-11-04 00:00:00+07:00,1344.4133015582122,1366.452880859375,1338.9033697396096,1366.452880859375,52651309,0.0,0.0
2016-11-07 00:00:00+07:00,1366.452984292272,1380.2276669081982,1355.4331198209245,1371.9627685546875,107605508,0.0,0.0
2016-11-08 00:00:00+07:00,1377.4726798084216,1429.8165913302348,1377.4726798084216,1418.796875,141713797,0.0,0.0
2016-11-09 00:00:00+07:00,1418.7967600739878,1429.8164755115986,1371.962636524343,1388.492431640625,154245214,0.0,0.0
2016-11-10 00:00:00+07:00,1405.0220164218067,1413.2867656398732,1394.0021535000683,1399.5120849609375,96667469,0.0,0.0
2016-11-11 00:00:00+07:00,1366.4530259695418,1366.4530259695418,1314.1089640806465,1319.618896484375,327442105,0.0,0.0
2016-11-14 00:00:00+07:00,1289.3145854299962,1292.069403703937,1225.9508056640625,1225.9508056640625,418181573,0.0,0.0
2016-11-15 00:00:00+07:00,1234.2157702863506,1256.255280801722,1214.93115234375,1214.93115234375,245969198,0.0,0.0
2016-11-16 00:00:00+07:00,1234.2156508599676,1272.784809026461,1234.2156508599676,1267.2750244140625,199883902,0.0,0.0
2016-11-17 00:00:00+07:00,1267.2750244140625,1278.294741612127,1253.5001929498974,1267.2750244140625,105917529,0.0,0.0
2016-11-18 00:00:00+07:00,1278.294741612127,1278.294741612127,1259.0101255355635,1267.2750244140625,106213984,0.0,0.0
2016-11-21 00:00:00+07:00,1259.0099267203395,1264.5198584359105,1250.7451771202273,1261.764892578125,80737544,0.0,0.0
2016-11-22 00:00:00+07:00,1250.7455779418708,1267.275230412534,1250.7455779418708,1264.520263671875,112346590,0.0,0.0
2016-11-23 00:00:00+07:00,1264.5200581212293,1272.784809026461,1256.2551592427305,1267.2750244140625,96602568,0.0,0.0
2016-11-24 00:00:00+07:00,1250.7452837477995,1261.7650001451416,1236.9704532845508,1245.2353515625,124643702,0.0,0.0
2016-11-25 00:00:00+07:00,1217.6859385028183,1231.4606961094587,1198.4013222455026,1203.9112548828125,212318517,0.0,0.0
2016-11-28 00:00:00+07:00,1184.6265488021825,1195.6463392546016,1148.8122113351635,1154.3221435546875,321262748,0.0,0.0
2016-11-29 00:00:00+07:00,1148.812158138174,1176.361669986826,1148.812158138174,1162.5869140625,187128632,0.0,0.0
2016-11-30 00:00:00+07:00,1176.3616563375406,1209.4209517937365,1173.6066903873161,1201.1561279296875,312543448,0.0,0.0
2016-12-01 00:00:00+07:00,1201.1562634923016,1223.195845608238,1198.4012972311514,1217.6859130859375,138604594,0.0,0.0
2016-12-02 00:00:00+07:00,1217.6858386092595,1253.5001018671924,1212.1759804105884,1245.2353515625,122104309,0.0,0.0
2016-12-05 00:00:00+07:00,1234.2156304190469,1247.9903876684423,1225.9508056640625,1225.9508056640625,98347198,0.0,0.0
2016-12-06 00:00:00+07:00,1228.7055469999748,1256.254984128174,1223.1956891689842,1247.990234375,110179553,0.0,0.0
2016-12-07 00:00:00+07:00,1250.7452596203634,1259.010009765625,1242.4803615018477,1259.010009765625,55707712,0.0,0.0
2016-12-08 00:00:00+07:00,1253.5001929498974,1267.2750244140625,1245.235442044666,1267.2750244140625,80500490,0.0,0.0
2016-12-09 00:00:00+07:00,1264.520263671875,1267.275230412534,1256.2553634498977,1264.520263671875,92402146,0.0,0.0
2016-12-13 00:00:00+07:00,1261.7648855469072,1292.0692138671875,1256.2549538620403,1292.0692138671875,102773125,0.0,0.0
2016-12-14 00:00:00+07:00,1292.0694251030245,1294.8243913958574,1264.5200581212293,1267.2750244140625,114209472,0.0,0.0
2016-12-15 00:00:00+07:00,1228.7056866928012,1264.5200256191908,1212.1760373339334,1256.255126953125,108499274,0.0,0.0
2016-12-16 00:00:00+07:00,1256.255152163272,1256.255152163272,1236.9705361953845,1242.48046875,193178186,0.0,0.0
2016-12-19 00:00:00+07:00,1242.4806747418684,1253.500393704801,1239.7257080078125,1239.7257080078125,78321352,0.0,0.0
2016-12-20 00:00:00+07:00,1239.7254250897192,1245.235357300408,1228.7056346549707,1236.970458984375,83385290,0.0,0.0
2016-12-21 00:00:00+07:00,1259.0100807703927,1261.7650469652706,1212.176025390625,1212.176025390625,104368702,0.0,0.0
2016-12-22 00:00:00+07:00,1214.9308442245947,1220.4407019594198,1195.6462311727735,1198.401123046875,143815934,0.0,0.0
2016-12-23 00:00:00+07:00,1195.6462311727735,1214.9308442245947,1187.3814075772248,1198.401123046875,110680611,0.0,0.0
2016-12-27 00:00:00+07:00,1195.6463761946202,1220.4408499886274,1192.8914099997423,1212.176025390625,56481575,0.0,0.0
2016-12-28 00:00:00+07:00,1223.195790509253,1261.76502048147,1223.195790509253,1253.5001220703125,89001987,0.0,0.0
2016-12-29 00:00:00+07:00,1264.520071223618,1292.0694384908672,1259.0101385808605,1283.8046875,146719984,0.0,0.0
2016-12-30 00:00:00+07:00,1292.0693546243558,1308.5991514797008,1281.049638027385,1286.5595703125,213082480,0.0,0.0
2017-01-02 00:00:00+07:00,1286.5595703125,1286.5595703125,1286.5595703125,1286.5595703125,0,0.0,0.0
2017-01-03 00:00:00+07:00,1294.8243545923508,1311.35400390625,1275.5397390639246,1311.35400390625,74339834,0.0,0.0
2017-01-04 00:00:00+07:00,1311.3540055070202,1344.4134521484375,1294.8243561729432,1344.4134521484375,87881617,0.0,0.0
2017-01-05 00:00:00+07:00,1355.4333840947,1358.1883507496825,1325.1290468364637,1333.393798828125,159895461,0.0,0.0
2017-01-06 00:00:00+07:00,1333.393798828125,1338.9037321380904,1319.6191135264983,1333.393798828125,80566491,0.0,0.0
2017-01-09 00:00:00+07:00,1322.3738546992972,1338.9035038373834,1294.8243408203125,1294.8243408203125,79011614,0.0,0.0
2017-01-10 00:00:00+07:00,1305.8441606967715,1316.8638770858079,1297.5792624250519,1300.334228515625,69075143,0.0,0.0
2017-01-11 00:00:00+07:00,1294.8242963344785,1314.1089109952345,1294.8242963344785,1300.334228515625,75141197,0.0,0.0
2017-01-12 00:00:00+07:00,1311.3539391990807,1314.1089052776672,1308.59912109375,1308.59912109375,72817407,0.0,0.0
2017-01-13 00:00:00+07:00,1316.8638916015625,1322.3738238434448,1308.5991412119972,1316.8638916015625,110485908,0.0,0.0
2017-01-16 00:00:00+07:00,1322.3738687643583,1322.3738687643583,1311.35400390625,1311.35400390625,101515803,0.0,0.0
2017-01-17 00:00:00+07:00,1308.5991026126462,1319.6188187981074,1308.5991026126462,1314.10888671875,43271447,0.0,0.0
2017-01-18 00:00:00+07:00,1311.3539593596802,1319.6188577225037,1305.8441750910563,1316.8638916015625,70248313,0.0,0.0
2017-01-19 00:00:00+07:00,1316.8638472406046,1322.373779296875,1314.1088812124697,1322.373779296875,92075440,0.0,0.0
2017-01-20 00:00:00+07:00,1319.618843176381,1319.618843176381,1300.334228515625,1300.334228515625,40153443,0.0,0.0
2017-01-23 00:00:00+07:00,1294.8242963344785,1311.3539449046614,1294.8242963344785,1300.334228515625,51390687,0.0,0.0
2017-01-24 00:00:00+07:00,1303.0893554687502,1311.3541067874726,1300.3343890380843,1303.08935546875,66106191,0.0,0.0
2017-01-25 00:00:00+07:00,1308.5990669032535,1308.5990669032535,1289.3144531249998,1289.314453125,125776722,0.0,0.0
2017-01-26 00:00:00+07:00,1297.5793070055372,1303.0892393759864,1292.0693746350878,1294.8243408203125,94049974,0.0,0.0
2017-01-27 00:00:00+07:00,1289.3143959979973,1294.824179709621,1286.559430155564,1292.0692138671875,54107184,0.0,0.0
2017-01-30 00:00:00+07:00,1303.0892393759864,1305.844205561211,1294.8243408203125,1294.8243408203125,65218476,0.0,0.0
2017-01-31 00:00:00+07:00,1292.0692138671875,1303.089077236921,1289.3143959979973,1292.0692138671875,75222599,0.0,0.0
2017-02-01 00:00:00+07:00,1300.334242849174,1319.6188577225037,1297.5792767282328,1316.8638916015625,178441232,0.0,0.0
2017-02-02 00:00:00+07:00,1322.3738626862391,1325.1288288881035,1314.1089640806465,1319.618896484375,129157080,0.0,0.0
2017-02-03 00:00:00+07:00,1322.373779296875,1327.8837113531451,1319.6188132687398,1322.373779296875,135167034,0.0,0.0
2017-02-06 00:00:00+07:00,1330.6387296021558,1336.1486624873935,1322.3739782475748,1327.8839111328125,250986935,0.0,0.0
2017-02-07 00:00:00+07:00,1327.8837502886022,1330.6385684242593,1322.3738180707728,1325.1287841796875,85484676,0.0,0.0
2017-02-08 00:00:00+07:00,1319.6188577225037,1322.3738238434448,1303.0892089701151,1316.8638916015625,147025239,0.0,0.0
2017-02-09 00:00:00+07:00,1319.618896484375,1325.1288288881035,1314.1089640806465,1319.618896484375,127802407,0.0,0.0
2017-02-10 00:00:00+07:00,1319.6188519618581,1327.8837502886022,1319.6188519618581,1325.1287841796875,95515199,0.0,0.0
2017-02-13 00:00:00+07:00,1330.6385498046875,1336.1484819454167,1322.3737995668496,1330.6385498046875,96346814,0.0,0.0
2017-02-14 00:00:00+07:00,1322.373779296875,1330.638529408027,1311.3539151843345,1322.373779296875,69135094,0.0,0.0
2017-02-15 00:00:00+07:00,1322.373779296875,1322.373779296875,1322.373779296875,1322.373779296875,0,0.0,0.0
2017-02-16 00:00:00+07:00,1322.373779296875,1322.373779296875,1297.5792330169124,1322.373779296875,128769324,0.0,0.0
2017-02-17 00:00:00+07:00,1305.8441009387532,1314.1088508590049,1289.3144531249998,1289.314453125,98121144,0.0,0.0
2017-02-20 00:00:00+07:00,1300.3342731907617,1305.844205561211,1283.8046240526755,1294.8243408203125,83084435,0.0,0.0
2017-02-21 00:00:00+07:00,1305.844219450459,1322.3738687643583,1303.089253235932,1311.35400390625,86270090,0.0,0.0
2017-02-22 00:00:00+07:00,1322.373779296875,1322.373779296875,1311.3539151843345,1322.373779296875,103578889,0.0,0.0
2017-02-23 00:00:00+07:00,1314.10888671875,1322.3737848377862,1314.10888671875,1314.10888671875,65381829,0.0,0.0
2017-02-24 00:00:00+07:00,1308.5991412119972,1322.3738238434448,1305.8441750910563,1316.8638916015625,83788997,0.0,0.0
2017-02-27 00:00:00+07:00,1322.373803513427,1322.373803513427,1308.59912109375,1308.59912109375,58183854,0.0,0.0
2017-02-28 00:00:00+07:00,1314.1089254806213,1325.128789964386,1311.3539593596802,1316.8638916015625,149039374,0.0,0.0
2017-03-01 00:00:00+07:00,1305.8441750910563,1316.8638916015625,1305.8441750910563,1316.8638916015625,58873566,0.0,0.0
2017-03-02 00:00:00+07:00,1319.6189215792585,1322.3738878335132,1305.84423828125,1305.84423828125,87007102,0.0,0.0
2017-03-03 00:00:00+07:00,1311.354022816494,1319.6189215792585,1305.84423828125,1305.84423828125,47146264,0.0,0.0
2017-03-06 00:00:00+07:00,1311.3539593596802,1316.8638916015625,1308.5991412119972,1316.8638916015625,54321138,0.0,0.0
2017-03-07 00:00:00+07:00,1322.373779296875,1322.373779296875,1314.1088812124697,1322.373779296875,103532138,0.0,0.0
2017-03-08 00:00:00+07:00,1327.8837113531451,1336.148461464297,1322.373779296875,1322.373779296875,89386993,0.0,0.0
2017-03-09 00:00:00+07:00,1330.6385498046875,1338.9034480157811,1325.128765637214,1330.6385498046875,80096233,0.0,0.0
2017-03-10 00:00:00+07:00,1338.9034480157811,1338.9034480157811,1325.128765637214,1330.6385498046875,83685045,0.0,0.0
2017-03-13 00:00:00+07:00,1338.9034480157811,1338.9034480157811,1325.128765637214,1330.6385498046875,107761711,0.0,0.0
2017-03-14 00:00:00+07:00,1322.3739782475748,1336.1486624873935,1322.3739782475748,1327.8839111328125,59510477,0.0,0.0
2017-03-15 00:00:00+07:00,1327.8837261209715,1347.1683405591343,1327.8837261209715,1338.9034423828125,133583557,0.0,0.0
2017-03-16 00:00:00+07:00,1355.4332340267179,1382.9827495530892,1355.4332340267179,1380.227783203125,297074431,0.0,0.0
2017-03-17 00:00:00+07:00,1399.5123560510035,1432.5716552734375,1399.5123560510035,1432.5716552734375,408559706,0.0,0.0
2017-03-20 00:00:00+07:00,1443.5915203297593,1460.1211699409764,1421.5519381903814,1432.5716552734375,119646316,0.0,0.0
2017-03-21 00:00:00+07:00,1432.5716552734375,1443.5915203297593,1427.0618707185424,1432.5716552734375,117868135,0.0,0.0
2017-03-22 00:00:00+07:00,1427.0617201959344,1454.611083984375,1410.5319243549695,1454.611083984375,261472316,0.0,0.0
2017-03-23 00:00:00+07:00,1480.6484075013364,1500.5802103399064,1469.2588714246729,1497.7327880859375,127782607,77.926926,0.0
2017-03-24 00:00:00+07:00,1494.8855187711808,1500.5802103399064,1489.190674263243,1497.7327880859375,54328838,0.0,0.0
2017-03-27 00:00:00+07:00,1455.0218505859375,1497.7327237429645,1446.4795841910086,1455.0218505859375,79188167,0.0,0.0
2017-03-29 00:00:00+07:00,1469.2586964084253,1477.800809213594,1457.8690087492748,1460.7164306640625,152638636,0.0,0.0
2017-03-30 00:00:00+07:00,1474.95361328125,1474.95361328125,1432.2425883226717,1474.95361328125,97370381,0.0,0.0
2017-03-31 00:00:00+07:00,1463.5639457789555,1486.3431696086486,1463.5639457789555,1477.8009033203125,81472907,0.0,0.0
2017-04-03 00:00:00+07:00,1477.8010050252215,1497.7328081305448,1474.953735672359,1483.495849609375,132470888,0.0,0.0
2017-04-04 00:00:00+07:00,1457.869201919898,1494.8855387776823,1457.869201919898,1483.495849609375,64004605,0.0,0.0
2017-04-05 00:00:00+07:00,1483.495849609375,1483.495849609375,1483.495849609375,1483.495849609375,0,0.0,0.0
2017-04-06 00:00:00+07:00,1480.6483974914904,1503.4276224300315,1472.1062837265445,1500.5802001953125,69225295,0.0,0.0
2017-04-07 00:00:00+07:00,1500.5803433819492,1506.2751883947942,1483.49596128264,1486.3433837890625,155016877,0.0,0.0
2017-04-10 00:00:00+07:00,1492.0382080078123,1509.1225898690216,1472.1064036798643,1492.0382080078125,112550094,0.0,0.0
2017-04-11 00:00:00+07:00,1492.037888915228,1492.037888915228,1460.7164014188506,1469.2586669921875,43567352,0.0,0.0
2017-04-12 00:00:00+07:00,1469.2588083049466,1474.9536525682324,1455.0218505859375,1455.0218505859375,41581818,0.0,0.0
2017-04-13 00:00:00+07:00,1483.495671666028,1489.1905155670927,1446.4794921875,1446.4794921875,62858935,0.0,0.0
2017-04-17 00:00:00+07:00,1452.1745090835122,1452.1745090835122,1415.1583251953125,1415.1583251953125,49219250,0.0,0.0
2017-04-18 00:00:00+07:00,1437.9374284549442,1474.9537660757505,1435.0901590433907,1466.4114990234375,69504150,0.0,0.0
2017-04-19 00:00:00+07:00,1466.4114990234375,1466.4114990234375,1466.4114990234375,1466.4114990234375,0,0.0,0.0
2017-04-20 00:00:00+07:00,1480.6482296472548,1480.6482296472548,1449.3268944943109,1452.17431640625,125882874,0.0,0.0
2017-04-21 00:00:00+07:00,1452.1743995858142,1477.8008923827476,1452.1743995858142,1472.106201171875,93732618,0.0,0.0
2017-04-25 00:00:00+07:00,1480.648266066677,1497.732645019342,1480.648266066677,1494.8853759765625,209825324,0.0,0.0
2017-04-26 00:00:00+07:00,1497.7327578247493,1506.2750244140625,1489.1906441746455,1506.2750244140625,174112107,0.0,0.0
2017-04-27 00:00:00+07:00,1497.7326949519252,1503.4275391057386,1472.1062021381701,1480.6483154296875,74987745,0.0,0.0
2017-04-28 00:00:00+07:00,1497.732579691595,1497.732579691595,1469.2586669921875,1469.2586669921875,55645011,0.0,0.0
2017-05-02 00:00:00+07:00,1494.8856513083301,1494.8856513083301,1480.6485387762175,1486.3433837890625,146474679,0.0,0.0
2017-05-03 00:00:00+07:00,1494.885377220533,1511.9697561874148,1489.1905332518397,1503.427490234375,168168154,0.0,0.0
2017-05-04 00:00:00+07:00,1511.969950009383,1586.0023193359377,1511.969950009383,1586.0023193359375,221305122,0.0,0.0
2017-05-05 00:00:00+07:00,1594.544586384025,1594.544586384025,1563.2230934802553,1586.0023193359375,90490862,0.0,0.0
2017-05-08 00:00:00+07:00,1577.459925327753,1617.3235252671261,1577.459925327753,1605.933837890625,200488362,0.0,0.0
2017-05-09 00:00:00+07:00,1605.934091902868,1634.4081619087033,1594.5445556640625,1594.5445556640625,153557152,0.0,0.0
2017-05-10 00:00:00+07:00,1617.3237914300007,1623.018483116236,1588.8497212419622,1591.6971435546875,113189205,0.0,0.0
2017-05-12 00:00:00+07:00,1597.3919677734375,1611.628926215972,1563.2230533964566,1597.3919677734375,132790993,0.0,0.0
2017-05-15 00:00:00+07:00,1623.0186557453908,1628.7135009765625,1611.6291182222792,1628.7135009765625,134878279,0.0,0.0
2017-05-16 00:00:00+07:00,1634.4081514875545,1657.1873767591374,1597.3919677734375,1597.3919677734375,125902674,0.0,0.0
2017-05-17 00:00:00+07:00,1611.6286815788756,1628.713059704437,1583.1546160768132,1605.933837890625,139094102,0.0,0.0
2017-05-18 00:00:00+07:00,1566.0702379512518,1608.7812597347504,1557.528125358066,1605.933837890625,158054579,0.0,0.0
2017-05-19 00:00:00+07:00,1577.4600687205102,1742.609174239289,1571.7652245145923,1651.492431640625,199162840,0.0,0.0
2017-05-22 00:00:00+07:00,1685.6611716701605,1736.914463057349,1662.881948046877,1665.7293701171875,178052925,0.0,0.0
2017-05-23 00:00:00+07:00,1731.2197774451538,1731.2197774451538,1637.2556052165778,1648.6451416015625,110151502,0.0,0.0
2017-05-24 00:00:00+07:00,1637.2556774918146,1637.2556774918146,1605.934183406818,1611.6290283203125,124781205,0.0,0.0
2017-05-26 00:00:00+07:00,1611.6290281480196,1628.7134099474536,1608.7816056915767,1620.171142578125,151350514,0.0,0.0
2017-05-29 00:00:00+07:00,1628.7133892810914,1628.7133892810914,1605.9341628578122,1617.3238525390625,48242983,0.0,0.0
2017-05-30 00:00:00+07:00,1597.3920485360957,1628.7133892810914,1597.3920485360957,1617.3238525390625,46155147,0.0,0.0
2017-05-31 00:00:00+07:00,1623.0184935613265,1657.1874085947131,1620.1710712302763,1648.6451416015625,182778607,0.0,0.0
2017-06-01 00:00:00+07:00,1648.6451416015625,1648.6451416015625,1648.6451416015625,1648.6451416015625,0,0.0,0.0
2017-06-02 00:00:00+07:00,1657.1873281312176,1679.966552734375,1657.1873281312176,1679.966552734375,97643186,0.0,0.0
2017-06-05 00:00:00+07:00,1682.81365358724,1711.2877197265625,1665.7292750793238,1711.2877197265625,98219596,0.0,0.0
2017-06-06 00:00:00+07:00,1691.3561191773472,1708.4404997041145,1662.8820496732606,1671.42431640625,90498013,0.0,0.0
2017-06-07 00:00:00+07:00,1691.3558061370961,1699.8980712890625,1679.9662722069913,1699.8980712890625,95703303,0.0,0.0
2017-06-08 00:00:00+07:00,1708.4407600545364,1708.4407600545364,1668.5771484375,1668.5771484375,73026411,0.0,0.0
2017-06-09 00:00:00+07:00,1651.4924509057307,1657.1872951780804,1628.713226755538,1637.2554931640625,159540705,0.0,0.0
2017-06-12 00:00:00+07:00,1617.323653739512,1691.3560158107819,1617.323653739512,1665.7293701171875,50916029,0.0,0.0
2017-06-13 00:00:00+07:00,1651.4925639326127,1660.0348309257633,1645.797719270512,1648.6451416015625,64995172,0.0,0.0
2017-06-14 00:00:00+07:00,1651.4924745039152,1691.3560791015625,1651.4924745039152,1691.3560791015625,88024620,0.0,0.0
2017-06-15 00:00:00+07:00,1662.8820496732606,1679.9665831392397,1662.8820496732606,1671.42431640625,60059387,0.0,0.0
2017-06-16 00:00:00+07:00,1674.27173865058,1679.9665831392397,1657.1873581238126,1671.42431640625,182217047,0.0,0.0
2017-06-19 00:00:00+07:00,1662.8822709764574,1685.6614990234375,1662.8822709764574,1685.6614990234375,49042147,0.0,0.0
2017-06-20 00:00:00+07:00,1685.661336150595,1705.5931396484375,1674.2717996972067,1705.5931396484375,65427480,0.0,0.0
2017-06-21 00:00:00+07:00,1699.8986164310415,1742.6094970703125,1685.6615032787188,1742.6094970703125,125778922,0.0,0.0
2017-06-22 00:00:00+07:00,1725.524861924764,1736.91455078125,1714.1353260074882,1736.91455078125,142911718,0.0,0.0
2017-06-23 00:00:00+07:00,1736.91455078125,1736.91455078125,1736.91455078125,1736.91455078125,0,0.0,0.0
2017-06-26 00:00:00+07:00,1736.91455078125,1736.91455078125,1736.91455078125,1736.91455078125,0,0.0,0.0
2017-06-27 00:00:00+07:00,1736.91455078125,1736.91455078125,1736.91455078125,1736.91455078125,0,0.0,0.0
2017-06-28 00:00:00+07:00,1736.91455078125,1736.91455078125,1736.91455078125,1736.91455078125,0,0.0,0.0
2017-06-29 00:00:00+07:00,1736.91455078125,1736.91455078125,1736.91455078125,1736.91455078125,0,0.0,0.0
2017-06-30 00:00:00+07:00,1736.91455078125,1736.91455078125,1736.91455078125,1736.91455078125,0,0.0,0.0
2017-07-03 00:00:00+07:00,1708.4399710073787,1765.387939453125,1705.5925496442167,1765.387939453125,244610675,0.0,0.0
2017-07-04 00:00:00+07:00,1736.9148047486158,1756.8466102226353,1736.9148047486158,1742.6094970703125,160913529,0.0,0.0
2017-07-05 00:00:00+07:00,1736.9144485853594,1742.6091397393304,1722.6773383524296,1731.2196044921875,130771358,0.0,0.0
2017-07-06 00:00:00+07:00,1719.8298531432229,1731.2193869592363,1714.135009765625,1714.135009765625,129686189,0.0,0.0
2017-07-07 00:00:00+07:00,1708.4401663880274,1736.914230336834,1708.4401663880274,1714.135009765625,112193137,0.0,0.0
2017-07-10 00:00:00+07:00,1716.98287065721,1719.8302930743773,1677.1192626953125,1677.1192626953125,107130300,0.0,0.0
2017-07-11 00:00:00+07:00,1665.7293701171875,1694.2034378810927,1665.7293701171875,1665.7293701171875,125045759,0.0,0.0
2017-07-12 00:00:00+07:00,1665.7294423806845,1697.0509335737047,1662.8820201868455,1688.5086669921875,81526258,0.0,0.0
2017-07-13 00:00:00+07:00,1697.0509033203125,1697.0509033203125,1682.813792604923,1697.0509033203125,91359878,0.0,0.0
2017-07-14 00:00:00+07:00,1685.6614990234375,1694.2037668932671,1665.729693599734,1685.6614990234375,172757433,0.0,0.0
2017-07-17 00:00:00+07:00,1685.6609647202147,1708.440185546875,1682.813542999484,1708.440185546875,74671489,0.0,0.0
2017-07-18 00:00:00+07:00,1679.9665234010513,1697.0509033203125,1668.5768348287397,1697.0509033203125,112101286,0.0,0.0
2017-07-19 00:00:00+07:00,1697.0510666762611,1697.0510666762611,1674.2718402781452,1677.1192626953125,76411169,0.0,0.0
2017-07-20 00:00:00+07:00,1677.1192626953125,1682.8139545904255,1671.424417860978,1677.1192626953125,102125213,0.0,0.0
2017-07-21 00:00:00+07:00,1691.3561191773472,1691.3561191773472,1671.42431640625,1671.42431640625,43555802,0.0,0.0
2017-07-24 00:00:00+07:00,1651.492513635153,1685.6612746886876,1651.492513635153,1671.42431640625,106487889,0.0,0.0
2017-07-25 00:00:00+07:00,1679.9668067161165,1691.3563442699906,1674.2719614695634,1685.6614990234375,95088392,0.0,0.0
2017-07-26 00:00:00+07:00,1688.5088097127827,1697.0510770163316,1674.2718504794227,1682.81396484375,134958581,0.0,0.0
2017-07-27 00:00:00+07:00,1682.8137195645807,1682.8137195645807,1674.2716064453125,1674.2716064453125,84358807,0.0,0.0
2017-07-28 00:00:00+07:00,1668.5768113191743,1677.119077628051,1628.713207756158,1651.492431640625,250806532,0.0,0.0
2017-07-31 00:00:00+07:00,1642.9503566389646,1708.4406138151753,1642.9503566389646,1682.81396484375,246660010,0.0,0.0
2017-08-01 00:00:00+07:00,1697.0511895165437,1697.0511895165437,1682.814076400161,1685.6614990234375,95166493,0.0,0.0
2017-08-02 00:00:00+07:00,1702.7453613281248,1702.7453613281248,1682.81356199718,1702.745361328125,58345007,0.0,0.0
2017-08-03 00:00:00+07:00,1705.5930370466626,1705.5930370466626,1685.661234747839,1691.3560791015625,111998984,0.0,0.0
2017-08-04 00:00:00+07:00,1691.3558061370961,1702.7453400672011,1691.3558061370961,1699.8980712890625,63645449,0.0,0.0
2017-08-07 00:00:00+07:00,1699.8983254633904,1705.59301681034,1691.3560590341567,1697.0509033203125,77243334,0.0,0.0
2017-08-08 00:00:00+07:00,1702.7453613281248,1708.4402048338764,1699.8980925144344,1702.745361328125,83898999,0.0,0.0
2017-08-09 00:00:00+07:00,1708.4402978187109,1719.8299854501174,1702.7454540030076,1711.2877197265625,109413939,0.0,0.0
2017-08-10 00:00:00+07:00,1708.440185546875,1714.135028988336,1702.745342105414,1708.440185546875,92427996,0.0,0.0
2017-08-11 00:00:00+07:00,1705.5927638261444,1719.829872429797,1697.0506516031367,1708.440185546875,165214053,0.0,0.0
2017-08-14 00:00:00+07:00,1708.4400353932697,1719.8297212751602,1705.592613922797,1716.9822998046875,89218141,0.0,0.0
2017-08-15 00:00:00+07:00,1711.2875880768263,1719.8298531432229,1708.4401663880274,1714.135009765625,94434981,0.0,0.0
2017-08-16 00:00:00+07:00,1708.4404815792452,1736.91455078125,1708.4404815792452,1736.91455078125,78198700,0.0,0.0
2017-08-17 00:00:00+07:00,1736.91455078125,1736.91455078125,1736.91455078125,1736.91455078125,0,0.0,0.0
2017-08-18 00:00:00+07:00,1719.830210721324,1736.91459146703,1702.745677036404,1725.52490234375,87112154,0.0,0.0
2017-08-21 00:00:00+07:00,1708.4404716564177,1739.761962890625,1708.4404716564177,1739.761962890625,105929629,0.0,0.0
2017-08-22 00:00:00+07:00,1725.5251142267575,1748.3043423312415,1725.5251142267575,1742.6094970703125,126503835,0.0,0.0
2017-08-23 00:00:00+07:00,1748.3043423312415,1748.3043423312415,1734.0673821181513,1742.6094970703125,64812019,0.0,0.0
2017-08-24 00:00:00+07:00,1739.7621056045061,1748.3042199587624,1725.5249934487094,1734.0672607421875,55936516,0.0,0.0
2017-08-25 00:00:00+07:00,1748.3043423312415,1748.3043423312415,1734.0673821181513,1742.6094970703125,69625152,0.0,0.0
2017-08-28 00:00:00+07:00,1742.6093750964437,1742.6093750964437,1725.5249934487094,1734.0672607421875,37006289,0.0,0.0
2017-08-29 00:00:00+07:00,1725.52494314628,1728.3723654944315,1697.0510255432007,1705.5931396484375,87108854,0.0,0.0
2017-08-30 00:00:00+07:00,1705.592613922797,1722.6769898064624,1699.897923921022,1716.9822998046875,59839933,0.0,0.0
2017-08-31 00:00:00+07:00,1722.6773681640625,1728.3722123557861,1714.135254815681,1722.6773681640625,63930904,0.0,0.0
2017-09-01 00:00:00+07:00,1722.6773681640625,1722.6773681640625,1722.6773681640625,1722.6773681640625,0,0.0,0.0
2017-09-04 00:00:00+07:00,1705.5931498024443,1719.8302616279598,1694.20361328125,1694.20361328125,71365932,0.0,0.0
2017-09-05 00:00:00+07:00,1722.677141211344,1722.677141211344,1685.6609647202147,1708.440185546875,34966853,0.0,0.0
2017-09-06 00:00:00+07:00,1682.8138125709775,1699.8983456321475,1677.1191211564621,1691.3560791015625,100974044,0.0,0.0
2017-09-07 00:00:00+07:00,1688.508386440945,1708.440185546875,1688.508386440945,1708.440185546875,64340661,0.0,0.0
2017-09-08 00:00:00+07:00,1691.3558081616757,1708.440185546875,1691.3558081616757,1708.440185546875,57494143,0.0,0.0
2017-09-11 00:00:00+07:00,1711.2876265867521,1714.135048339628,1699.8980925144344,1702.745361328125,91614532,0.0,0.0
2017-09-12 00:00:00+07:00,1685.660962702452,1708.4401835018452,1685.660962702452,1699.8980712890625,108926631,0.0,0.0
2017-09-13 00:00:00+07:00,1685.661214748001,1705.59301681034,1685.661214748001,1697.0509033203125,47172664,0.0,0.0
2017-09-14 00:00:00+07:00,1685.6612447983487,1697.0509335737047,1685.6612447983487,1688.5086669921875,53380622,0.0,0.0
2017-09-15 00:00:00+07:00,1697.0509234552858,1708.4404592235244,1685.661234747839,1691.3560791015625,168131304,0.0,0.0
2017-09-18 00:00:00+07:00,1697.0506516031367,1708.440185546875,1694.203229882406,1708.440185546875,93380612,0.0,0.0
2017-09-19 00:00:00+07:00,1708.4402978187109,1714.1351416344141,1702.7454540030076,1711.2877197265625,90070105,0.0,0.0
2017-09-20 00:00:00+07:00,1708.4402978187109,1711.2877197265625,1702.7454540030076,1711.2877197265625,64475413,0.0,0.0
2017-09-21 00:00:00+07:00,1711.2877197265625,1711.2877197265625,1711.2877197265625,1711.2877197265625,0,0.0,0.0
2017-09-22 00:00:00+07:00,1719.8302117585001,1788.1677347825373,1716.9827894759628,1785.3203125,200934970,0.0,0.0
2017-09-25 00:00:00+07:00,1785.3203125,1793.8625793476117,1782.4730431566768,1785.3203125,90188907,0.0,0.0
2017-09-26 00:00:00+07:00,1785.320209606074,1791.0150538429357,1768.2358298346942,1771.083251953125,135448639,0.0,0.0
2017-09-27 00:00:00+07:00,1771.0833114722877,1771.0833114722877,1725.524861924764,1736.91455078125,110312105,0.0,0.0
2017-09-28 00:00:00+07:00,1711.2877868202736,1731.2195880174986,1671.4241844258231,1674.2716064453125,143143272,0.0,0.0
2017-09-29 00:00:00+07:00,1702.745627261251,1745.4566543465824,1694.2035136077102,1739.761962890625,181632387,0.0,0.0
2017-10-02 00:00:00+07:00,1739.7619729953715,1765.3884670440448,1736.91455078125,1736.91455078125,76614673,0.0,0.0
2017-10-03 00:00:00+07:00,1748.3039649846392,1756.846231032306,1736.9144298602828,1745.45654296875,55486608,0.0,0.0
2017-10-04 00:00:00+07:00,1753.9989209393323,1759.693765334499,1739.761962890625,1739.761962890625,54583492,0.0,0.0
2017-10-05 00:00:00+07:00,1753.998809016417,1753.998809016417,1722.6773197808384,1745.45654296875,75609255,0.0,0.0
2017-10-06 00:00:00+07:00,1765.3883241666642,1765.3883241666642,1725.5247222736466,1751.1513671875,100901442,0.0,0.0
2017-10-09 00:00:00+07:00,1765.3883241666642,1765.3883241666642,1742.609101236483,1751.1513671875,110383056,0.0,0.0
2017-10-10 00:00:00+07:00,1736.9145406930415,1751.151498741749,1736.9145406930415,1739.761962890625,75044946,0.0,0.0
2017-10-11 00:00:00+07:00,1736.9145406930415,1753.9989209393323,1728.3722741002916,1739.761962890625,69635052,0.0,0.0
2017-10-12 00:00:00+07:00,1742.609101236483,1762.5409021829919,1736.914410208336,1751.1513671875,179268446,0.0,0.0
2017-10-13 00:00:00+07:00,1742.6093544239889,1762.5411582664328,1742.6093544239889,1748.30419921875,136602009,0.0,0.0
2017-10-16 00:00:00+07:00,1742.6093544239889,1765.3885806638134,1742.6093544239889,1748.30419921875,63029988,0.0,0.0
2017-10-17 00:00:00+07:00,1745.4565133939475,1759.6936232321602,1736.9144004302168,1753.998779296875,79215118,0.0,0.0
2017-10-18 00:00:00+07:00,1753.998779296875,1762.540892260606,1742.609091426305,1753.998779296875,134680276,0.0,0.0
2017-10-19 00:00:00+07:00,1765.387939453125,1765.387939453125,1745.4561428501556,1765.387939453125,150718553,0.0,0.0
2017-10-20 00:00:00+07:00,1765.3882568355725,1785.3200570218917,1762.5408349604995,1779.6253662109375,118719550,0.0,0.0
2017-10-23 00:00:00+07:00,1788.1674788969647,1791.014900772038,1771.0831005857185,1779.6253662109375,90630565,0.0,0.0
2017-10-24 00:00:00+07:00,1788.1677860334216,1788.1677860334216,1759.693868270383,1762.5411376953125,63772501,0.0,0.0
2017-10-25 00:00:00+07:00,1762.5408446479462,1788.167488725263,1759.6935756964156,1776.7779541015625,87973469,0.0,0.0
2017-10-26 00:00:00+07:00,1788.1674788969647,1793.862322647111,1776.7779443358647,1779.6253662109375,124320297,0.0,0.0
2017-10-27 00:00:00+07:00,1779.6253759922859,1788.167488725263,1773.9305322108391,1776.7779541015625,148027906,0.0,0.0
2017-10-30 00:00:00+07:00,1782.4729404268483,1788.1676317245049,1768.2358298346942,1771.083251953125,127284848,0.0,0.0
2017-10-31 00:00:00+07:00,1788.167488725263,1788.167488725263,1771.083110320116,1776.7779541015625,136784612,0.0,0.0
2017-11-01 00:00:00+07:00,1773.930645118481,1788.1676025390625,1773.930645118481,1788.1676025390625,53466423,0.0,0.0
2017-11-02 00:00:00+07:00,1788.1676550168122,1816.6417236328125,1785.3202328612915,1816.6417236328125,133842061,0.0,0.0
2017-11-03 00:00:00+07:00,1816.64158191447,1828.0311167088348,1810.94673804769,1822.33642578125,81419556,0.0,0.0
2017-11-06 00:00:00+07:00,1830.8785025329425,1870.7421029358075,1825.1836587784785,1850.810302734375,174081306,0.0,0.0
2017-11-07 00:00:00+07:00,1850.8101998833095,1865.0471555391184,1839.4206659464992,1845.1153564453125,87061553,0.0,0.0
2017-11-08 00:00:00+07:00,1856.50497868872,1916.3003738884136,1850.810135448984,1873.58935546875,218007815,0.0,0.0
2017-11-09 00:00:00+07:00,1873.5893554687498,1887.8263106289116,1870.741933848882,1873.58935546875,205777254,0.0,0.0
2017-11-10 00:00:00+07:00,1890.6738750607055,1919.147940470994,1862.1999625896067,1867.8946533203125,110164042,0.0,5.0
2017-11-13 00:00:00+07:00,1867.8947842222167,1896.3688516279653,1856.5052490234375,1856.5052490234375,61585773,0.0,0.0
2017-11-14 00:00:00+07:00,1850.810524819353,1879.2845940691811,1805.2520751953123,1805.2520751953125,115708028,0.0,0.0
2017-11-15 00:00:00+07:00,1810.9468261755146,1828.031205668053,1776.7780671904377,1788.1676025390625,86956171,0.0,0.0
2017-11-16 00:00:00+07:00,1793.8626099749174,1845.11575311801,1793.8626099749174,1828.0313720703125,85818202,0.0,0.0
2017-11-17 00:00:00+07:00,1850.810135448984,1884.9788890090435,1828.0309154292183,1873.58935546875,125462337,0.0,0.0
2017-11-20 00:00:00+07:00,1879.2846176752823,1924.8430678715924,1873.5897731659404,1902.0638427734375,101541653,0.0,0.0
2017-11-21 00:00:00+07:00,1884.9790313908097,1896.3687187306011,1862.1999625896067,1867.8946533203125,120809256,0.0,0.0
2017-11-22 00:00:00+07:00,1873.5897151015517,1941.9273882781654,1867.8948707686986,1936.2325439453125,162404055,0.0,0.0
2017-11-23 00:00:00+07:00,1907.7584029531836,1936.232470599626,1907.7584029531836,1913.4532470703125,54675014,0.0,0.0
2017-11-24 00:00:00+07:00,1913.4531445933858,1913.4531445933858,1902.063609908308,1907.75830078125,90988291,0.0,0.0
2017-11-27 00:00:00+07:00,1884.9792372510656,1907.7584614791976,1867.8948573147682,1879.2845458984375,117102632,0.0,0.0
2017-11-28 00:00:00+07:00,1890.6742242574496,1924.8431396484375,1867.8949983098637,1924.8431396484375,151327083,0.0,0.0
2017-11-29 00:00:00+07:00,1930.53768570733,1936.2325299991644,1879.2845458984375,1879.2845458984375,114279873,0.0,0.0
2017-11-30 00:00:00+07:00,1879.2846681526214,1907.7585855857117,1828.0313720703123,1828.0313720703125,221839511,0.0,0.0
2017-12-01 00:00:00+07:00,1828.0313720703123,1828.0313720703123,1828.0313720703123,1828.0313720703125,0,0.0,0.0
2017-12-04 00:00:00+07:00,1896.368925834735,1907.7584614791976,1856.5053216703054,1879.2845458984375,146562241,0.0,0.0
2017-12-05 00:00:00+07:00,1902.063609908308,1913.4531445933858,1884.979078471901,1907.75830078125,71912862,0.0,0.0
2017-12-06 00:00:00+07:00,1907.7581817685318,1976.0958444334335,1902.063491250845,1970.4010009765625,183323556,0.0,0.0
2017-12-07 00:00:00+07:00,1970.4014386043912,1976.0962833260921,1924.8431396484375,1924.8431396484375,62940997,0.0,0.0
2017-12-08 00:00:00+07:00,1936.232696838091,1953.3170782464945,1919.1483154296875,1919.1483154296875,72219767,0.0,0.0
2017-12-11 00:00:00+07:00,1953.3167528458437,1959.0115966796875,1941.9272181173499,1959.0115966796875,73592811,0.0,0.0
2017-12-12 00:00:00+07:00,1964.7061767578125,1970.4008668879676,1941.9269574196703,1964.7061767578125,67555576,0.0,0.0
2017-12-13 00:00:00+07:00,1964.7061767578125,1964.7061767578125,1947.6216475498256,1964.7061767578125,47317867,0.0,0.0
2017-12-14 00:00:00+07:00,1953.3166235451329,1970.4010009765623,1930.5374026568325,1970.4010009765625,105853068,0.0,0.0
2017-12-15 00:00:00+07:00,1970.401200002516,1970.401200002516,1924.8429065633543,1930.53759765625,125414486,0.0,0.0
2017-12-18 00:00:00+07:00,1930.53759765625,1936.2324416883448,1907.7583744670694,1930.53759765625,76208216,0.0,0.0
2017-12-19 00:00:00+07:00,1953.3167528458437,1959.0115966796875,1930.5375304496617,1959.0115966796875,99956306,0.0,0.0
2017-12-20 00:00:00+07:00,1970.4013040640154,1970.4013040640154,1930.5376996124594,1936.2325439453125,82864651,0.0,0.0
2017-12-21 00:00:00+07:00,1959.0117589234728,1970.4012945952388,1941.9273789462204,1947.6220703125,75601775,0.0,0.0
2017-12-22 00:00:00+07:00,1953.3166235451329,1976.0958444334335,1941.9270895705747,1970.4010009765625,72740626,0.0,0.0
2017-12-25 00:00:00+07:00,1970.4010009765623,1970.4010009765623,1970.4010009765623,1970.4010009765625,0,0.0,0.0
2017-12-26 00:00:00+07:00,1970.4010009765623,1970.4010009765623,1970.4010009765623,1970.4010009765625,0,0.0,0.0
2017-12-27 00:00:00+07:00,1976.0959741774916,2021.6544189453125,1970.4011303467155,2021.6544189453125,92024509,0.0,0.0
2017-12-28 00:00:00+07:00,2038.739064817425,2078.6026709813764,2027.3493756624596,2067.213134765625,102250066,0.0,0.0
2017-12-29 00:00:00+07:00,2078.6025591147463,2118.4661631333106,2038.7389550961823,2072.90771484375,118481396,0.0,0.0
2018-01-01 00:00:00+07:00,2072.90771484375,2072.90771484375,2072.90771484375,2072.90771484375,0,0.0,0.0
2018-01-02 00:00:00+07:00,2101.3818963520935,2118.4662771453277,2055.8234456106593,2067.213134765625,100241541,0.0,0.0
2018-01-03 00:00:00+07:00,2067.213175708674,2067.213175708674,2027.3494158159701,2055.823486328125,77164902,0.0,0.0
2018-01-04 00:00:00+07:00,2055.823176051581,2055.823176051581,1970.4011303467155,2021.6544189453125,172049901,0.0,0.0
2018-01-05 00:00:00+07:00,2021.6547340268103,2044.4339599609375,2004.5703528110193,2044.4339599609375,95806814,0.0,0.0
2018-01-08 00:00:00+07:00,2044.4339599609375,2044.4339599609375,2027.3494258059286,2044.4339599609375,60016046,0.0,0.0
2018-01-09 00:00:00+07:00,2050.128077603199,2050.128077603199,2010.2644816170514,2033.043701171875,99669091,0.0,0.0
2018-01-10 00:00:00+07:00,2038.7389610774392,2044.4338053651434,1993.180512654219,2010.264892578125,128052221,0.0,0.0
2018-01-11 00:00:00+07:00,2015.9600830078123,2015.9600830078123,1981.7913172931956,2015.9600830078125,125818963,0.0,0.0
2018-01-12 00:00:00+07:00,2021.654928273326,2038.7393111306344,1993.1808548849901,2015.9600830078125,146792365,0.0,0.0
2018-01-15 00:00:00+07:00,2015.9595751145364,2033.0439536676706,2015.9595751145364,2021.6544189453125,95279025,0.0,0.0
2018-01-16 00:00:00+07:00,2010.265034684364,2055.823486328125,2010.265034684364,2055.823486328125,101318790,0.0,0.0
2018-01-17 00:00:00+07:00,2061.518290188142,2067.213134765625,2038.739064817425,2067.213134765625,89613597,0.0,0.0
2018-01-18 00:00:00+07:00,2067.2126655504944,2078.602199181054,2044.4334453501958,2061.517822265625,87056383,0.0,0.0
2018-01-19 00:00:00+07:00,2061.517822265625,2067.2126655504944,2038.7386020653264,2061.517822265625,87535331,0.0,0.0
2018-01-22 00:00:00+07:00,2061.518159353529,2089.9920745554127,2055.8233151374707,2078.6025390625,128524019,0.0,0.0
2018-01-23 00:00:00+07:00,2095.6873313123224,2232.362548828125,2089.9924859752205,2232.362548828125,186238386,0.0,0.0
2018-01-24 00:00:00+07:00,2220.972737428693,2220.972737428693,2175.414286223982,2181.109130859375,165077211,0.0,0.0
2018-01-25 00:00:00+07:00,2198.193324070032,2198.193324070032,2118.466117741208,2146.940185546875,155403974,0.0,0.0
2018-01-26 00:00:00+07:00,2158.329775280005,2198.193379448693,2152.6349309875623,2192.49853515625,149193706,0.0,0.0
2018-01-29 00:00:00+07:00,2192.4988216482147,2192.4988216482147,2141.245675136642,2164.02490234375,134887519,0.0,0.0
2018-01-30 00:00:00+07:00,2164.0242612295647,2164.0242612295647,2112.770976963072,2118.4658203125,197268607,0.0,0.0
2018-01-31 00:00:00+07:00,2107.076904296875,2118.4664413956875,2067.2132950421915,2107.076904296875,289533250,0.0,0.0
2018-02-01 00:00:00+07:00,2124.161286414707,2141.2456685325387,2107.076904296875,2107.076904296875,160147366,0.0,0.0
2018-02-02 00:00:00+07:00,2129.855712890625,2135.550557199468,2112.771332903302,2129.855712890625,125526688,0.0,0.0
2018-02-05 00:00:00+07:00,2078.6026430113952,2158.329854266477,2078.6026430113952,2152.635009765625,123946840,0.0,0.0
2018-02-06 00:00:00+07:00,2101.381611383329,2118.4659898597474,2084.2972329069107,2095.686767578125,286316245,0.0,0.0
2018-02-07 00:00:00+07:00,2112.771596376668,2135.5508235135194,2107.076904296875,2107.076904296875,151721770,0.0,0.0
2018-02-08 00:00:00+07:00,2095.686599853968,2124.1606636619285,2095.686599853968,2118.4658203125,122222231,0.0,0.0
2018-02-09 00:00:00+07:00,2101.3819478799664,2124.1611738092515,2095.6871031628407,2112.771484375,102455989,0.0,0.0
2018-02-12 00:00:00+07:00,2107.0769107955934,2164.02490234375,2107.0769107955934,2164.02490234375,89670248,0.0,0.0
2018-02-13 00:00:00+07:00,2169.719251791072,2215.2776990105303,2169.719251791072,2209.5830078125,119062096,0.0,0.0
2018-02-14 00:00:00+07:00,2220.9728300681295,2226.667674941061,2181.1092218360523,2198.193603515625,74433005,0.0,0.0
2018-02-15 00:00:00+07:00,2198.193000478993,2203.8878437896415,2175.4137801755774,2186.803466796875,58183854,0.0,0.0
2018-02-16 00:00:00+07:00,2186.803466796875,2186.803466796875,2186.803466796875,2186.803466796875,0,0.0,0.0
2018-02-19 00:00:00+07:00,2192.4987586426932,2198.193603515625,2175.4143769631205,2198.193603515625,69751104,0.0,0.0
2018-02-20 00:00:00+07:00,2186.8041295508574,2198.1936666847982,2152.6352122705825,2164.02490234375,100658888,0.0,0.0
2018-02-21 00:00:00+07:00,2164.02490234375,2164.02490234375,2135.5508301000586,2164.02490234375,120299507,0.0,0.0
2018-02-22 00:00:00+07:00,2152.634876756646,2158.32972090562,2141.245341397901,2146.940185546875,114220142,0.0,0.0
2018-02-23 00:00:00+07:00,2141.245453581575,2169.7193699398385,2141.245453581575,2158.329833984375,118526277,0.0,0.0
2018-02-26 00:00:00+07:00,2135.550557199468,2158.329781495634,2124.161021520989,2129.855712890625,107300693,0.0,0.0
2018-02-27 00:00:00+07:00,2129.855653099953,2158.32972090562,2124.160961890182,2146.940185546875,84161903,0.0,0.0
2018-02-28 00:00:00+07:00,2152.635009765625,2158.329854266477,2129.8557847014285,2152.635009765625,138929979,0.0,0.0
2018-03-01 00:00:00+07:00,2164.024678431712,2175.4142143871754,2152.634989537038,2158.329833984375,118792591,0.0,0.0
2018-03-02 00:00:00+07:00,2158.329833984375,2158.329833984375,2129.8557646869012,2158.329833984375,68018134,0.0,0.0
2018-03-05 00:00:00+07:00,2164.024565054594,2164.024565054594,2146.940185546875,2146.940185546875,60785289,0.0,0.0
2018-03-06 00:00:00+07:00,2152.6352973834173,2169.7196802294393,2107.076994107103,2124.161376953125,100183130,0.0,0.0
2018-03-07 00:00:00+07:00,2118.466122371368,2124.1609665327883,2078.602519119829,2084.29736328125,155776220,0.0,0.0
2018-03-08 00:00:00+07:00,2124.160961890182,2146.940185546875,2101.381738233489,2146.940185546875,143707692,0.0,0.0
2018-03-09 00:00:00+07:00,2118.465970114054,2135.550348431233,2095.6867480447513,2101.381591796875,109099004,0.0,0.0
2018-03-12 00:00:00+07:00,2107.0768422394217,2141.24560546875,2107.0768422394217,2141.24560546875,158650900,0.0,0.0
2018-03-13 00:00:00+07:00,2141.24560546875,2146.9404503200453,2118.4663790027907,2141.24560546875,140515107,0.0,0.0
2018-03-14 00:00:00+07:00,2135.550537109375,2135.550537109375,2107.0766217114397,2135.550537109375,64433502,0.0,0.0
2018-03-15 00:00:00+07:00,2107.0766275305236,2118.4661631333106,2072.90771484375,2072.90771484375,165019570,0.0,0.0
2018-03-16 00:00:00+07:00,2072.9075452965026,2095.686767578125,2021.6544098672475,2095.686767578125,249097762,0.0,0.0
2018-03-19 00:00:00+07:00,2101.381591796875,2118.465970114054,2089.9919042926276,2101.381591796875,99120072,0.0,0.0
2018-03-20 00:00:00+07:00,2118.466177212146,2129.855712890625,2084.2974172375,2129.855712890625,115814840,0.0,0.0
2018-03-21 00:00:00+07:00,2135.55047954901,2175.414082383024,2129.8556354472366,2169.71923828125,147523988,0.0,0.0
2018-03-22 00:00:00+07:00,2164.024454703245,2164.024454703245,2084.2972524399966,2089.991943359375,159015446,0.0,0.0
2018-03-23 00:00:00+07:00,2027.3494360600328,2050.128662109375,1964.7067555983656,2050.128662109375,216369227,0.0,0.0
2018-03-26 00:00:00+07:00,2038.7391255543132,2055.823506856515,2015.9598995049712,2050.128662109375,98906118,0.0,0.0
2018-03-27 00:00:00+07:00,2084.297577652997,2089.9922694609186,2033.044280807173,2050.128662109375,112691006,0.0,0.0
2018-03-28 00:00:00+07:00,2072.9075546047156,2078.6023984354915,1993.180352730626,2021.6544189453125,108206998,0.0,0.0
2018-03-29 00:00:00+07:00,2044.4339703014534,2050.128662109375,2004.5703629499096,2050.128662109375,143949036,0.0,0.0
2018-03-30 00:00:00+07:00,2050.128662109375,2050.128662109375,2050.128662109375,2050.128662109375,0,0.0,0.0
2018-04-02 00:00:00+07:00,2054.088165412544,2112.7763671875,2048.2192979512306,2112.7763671875,76216686,97.04093,0.0
2018-04-03 00:00:00+07:00,2071.6946101837584,2112.7763671875,2071.6946101837584,2112.7763671875,50078034,0.0,0.0
2018-04-04 00:00:00+07:00,2112.7763056368035,2112.7763056368035,2030.6127940229576,2048.21923828125,97768588,0.0,0.0
2018-04-05 00:00:00+07:00,2059.9572482810627,2077.5636948933616,2036.4819335937502,2036.48193359375,88018240,0.0,0.0
2018-04-06 00:00:00+07:00,2036.4813533238091,2048.2189285166187,2024.7437781309995,2042.3502197265625,74313983,0.0,0.0
2018-04-09 00:00:00+07:00,2071.694580078125,2071.694580078125,2042.3505584234338,2071.694580078125,53455753,0.0,0.0
2018-04-10 00:00:00+07:00,2077.56374722141,2130.3832460014246,2071.6948789985754,2101.0390625,94237087,0.0,0.0
2018-04-11 00:00:00+07:00,2142.12060546875,2153.858183099676,2130.383027837824,2142.12060546875,96474306,0.0,0.0
2018-04-12 00:00:00+07:00,2153.8581829775208,2153.8581829775208,2095.1699796007597,2106.90771484375,68189737,0.0,0.0
2018-04-13 00:00:00+07:00,2136.251958398964,2142.1208266267085,2083.4326171875,2083.4326171875,64579915,0.0,0.0
2018-04-16 00:00:00+07:00,2083.4326171875,2083.4326171875,2083.4326171875,2083.4326171875,0,0.0,0.0
2018-04-17 00:00:00+07:00,2083.4326171875,2083.4326171875,2083.4326171875,2083.4326171875,0,0.0,0.0
2018-04-18 00:00:00+07:00,2136.251766551749,2147.989501953125,2124.5141887631053,2147.989501953125,74694590,0.0,0.0
2018-04-19 00:00:00+07:00,2147.989501953125,2147.989501953125,2147.989501953125,2147.989501953125,0,0.0,0.0
2018-04-20 00:00:00+07:00,2147.989501953125,2147.989501953125,2147.989501953125,2147.989501953125,0,0.0,0.0
2018-04-23 00:00:00+07:00,2130.3832460014246,2136.2519566115125,2101.0390625,2101.0390625,96494986,0.0,0.0
2018-04-24 00:00:00+07:00,2095.169861378511,2101.0387286688488,2042.3505286036334,2048.21923828125,111607927,0.0,0.0
2018-04-25 00:00:00+07:00,2048.21923828125,2048.21923828125,2048.21923828125,2048.21923828125,0,0.0,0.0
2018-04-26 00:00:00+07:00,2048.21923828125,2048.21923828125,2048.21923828125,2048.21923828125,0,0.0,0.0
2018-04-27 00:00:00+07:00,2048.21923828125,2048.21923828125,2048.21923828125,2048.21923828125,0,0.0,0.0
2018-04-30 00:00:00+07:00,1872.154422031375,1924.9737487106875,1854.5479798049373,1889.7608642578125,143226213,0.0,0.0
2018-05-01 00:00:00+07:00,1889.7608642578123,1889.7608642578123,1889.7608642578123,1889.7608642578125,0,0.0,0.0
2018-05-02 00:00:00+07:00,1895.6300048828125,1901.4987147314741,1872.1546926499886,1895.6300048828125,130874320,0.0,0.0
2018-05-03 00:00:00+07:00,1878.023748060612,1878.023748060612,1842.8106973809545,1848.6795654296875,159331482,0.0,0.0
2018-05-04 00:00:00+07:00,1848.6793536474213,1860.4169307875045,1766.5158408286668,1778.25341796875,200761167,0.0,0.0
2018-05-07 00:00:00+07:00,1807.5975327555996,1819.3351094769682,1754.7780434776455,1789.9910888671875,202507337,0.0,0.0
2018-05-08 00:00:00+07:00,1813.466248982118,1813.466248982118,1772.3844974576145,1801.728515625,121509198,0.0,0.0
2018-05-09 00:00:00+07:00,1831.073235170564,1895.6303149678204,1801.729050676265,1883.892578125,203973553,0.0,0.0
2018-05-10 00:00:00+07:00,1883.892578125,1883.892578125,1883.892578125,1883.892578125,0,0.0,0.0
2018-05-11 00:00:00+07:00,1913.2361667298514,1936.7114754912077,1854.5479736328125,1854.5479736328125,177597297,0.0,0.0
2018-05-14 00:00:00+07:00,1848.6789896048756,1872.1542968749998,1819.3348161140473,1872.154296875,105848998,0.0,0.0
2018-05-15 00:00:00+07:00,1889.7608853525658,1889.7608853525658,1795.859648946441,1801.728515625,118834392,0.0,0.0
2018-05-16 00:00:00+07:00,1766.5156307790555,1801.728515625,1731.3027459331113,1801.728515625,328823179,0.0,0.0
2018-05-17 00:00:00+07:00,1801.728573821138,1819.3350168128013,1754.7779541015625,1754.7779541015625,190119473,0.0,0.0
2018-05-18 00:00:00+07:00,1760.6468464539485,1784.1221566535264,1713.696226054792,1725.4339599609375,236572616,0.0,0.0
2018-05-21 00:00:00+07:00,1701.9588023441702,1713.6963796898922,1613.9264206067132,1619.7952880859375,569723380,0.0,0.0
2018-05-22 00:00:00+07:00,1625.6640012160535,1666.7457544446518,1596.31982421875,1596.31982421875,365772377,0.0,0.0
2018-05-23 00:00:00+07:00,1631.532749482397,1713.6962579014591,1625.664040032975,1690.220947265625,450918248,0.0,0.0
2018-05-24 00:00:00+07:00,1719.5654515737267,1801.728975598731,1713.6965833968707,1795.860107421875,277046605,0.0,0.0
2018-05-25 00:00:00+07:00,1813.4664317788672,1836.9417432467012,1772.384676113338,1831.0728759765625,211478322,0.0,0.0
2018-05-28 00:00:00+07:00,1836.9417756768305,1930.8428655932141,1831.0729083030803,1907.3675537109375,204653144,0.0,0.0
2018-05-29 00:00:00+07:00,1907.3675537109373,1907.3675537109373,1907.3675537109373,1907.3675537109375,0,0.0,0.0
2018-05-30 00:00:00+07:00,1907.3676173003375,1924.9740623958423,1842.810546875,1842.810546875,336856508,0.0,0.0
2018-05-31 00:00:00+07:00,1860.4168658865365,1872.1546002298703,1801.7286670080205,1807.5975341796875,343554524,0.0,0.0
2018-06-01 00:00:00+07:00,1807.5975341796875,1807.5975341796875,1807.5975341796875,1807.5975341796875,0,0.0,0.0
2018-06-04 00:00:00+07:00,1848.6791038745457,1860.416679428779,1819.3349285699092,1836.9415283203125,233134066,0.0,0.0
2018-06-05 00:00:00+07:00,1848.6792905842753,1854.548157760477,1813.4664027525027,1825.2039794921875,149580143,0.0,0.0
2018-06-06 00:00:00+07:00,1831.0731188962297,1854.5484334784207,1813.4666723627718,1848.6795654296875,109462340,0.0,0.0
2018-06-07 00:00:00+07:00,1866.2856165178134,1919.1051025390625,1854.5480405201517,1919.1051025390625,202124311,0.0,0.0
2018-06-08 00:00:00+07:00,1883.8923046354212,1907.3676173003375,1825.204101779495,1842.810546875,289274526,0.0,0.0
2018-06-11 00:00:00+07:00,1842.810546875,1842.810546875,1842.810546875,1842.810546875,0,0.0,0.0
2018-06-12 00:00:00+07:00,1842.810546875,1842.810546875,1842.810546875,1842.810546875,0,0.0,0.0
2018-06-13 00:00:00+07:00,1842.810546875,1842.810546875,1842.810546875,1842.810546875,0,0.0,0.0
2018-06-14 00:00:00+07:00,1842.810546875,1842.810546875,1842.810546875,1842.810546875,0,0.0,0.0
2018-06-15 00:00:00+07:00,1842.810546875,1842.810546875,1842.810546875,1842.810546875,0,0.0,0.0
2018-06-18 00:00:00+07:00,1842.810546875,1842.810546875,1842.810546875,1842.810546875,0,0.0,0.0
2018-06-19 00:00:00+07:00,1842.810546875,1842.810546875,1842.810546875,1842.810546875,0,0.0,0.0
2018-06-20 00:00:00+07:00,1772.3846768827732,1778.253386542739,1731.3029211994094,1737.171630859375,391042344,0.0,0.0
2018-06-21 00:00:00+07:00,1731.3027010713608,1754.7778519518959,1707.827392578125,1707.827392578125,149165766,0.0,0.0
2018-06-22 00:00:00+07:00,1701.958680510406,1748.9093017578125,1684.3522369458074,1748.9093017578125,232759070,0.0,0.0
2018-06-25 00:00:00+07:00,1748.9095847437027,1760.6471631484196,1684.352509485908,1696.090087890625,157345947,0.0,0.0
2018-06-26 00:00:00+07:00,1649.1391895908198,1707.827544863443,1649.1391895908198,1655.008056640625,204397610,0.0,0.0
2018-06-27 00:00:00+07:00,1690.2211272019067,1690.2211272019067,1660.8771039927667,1666.7459716796875,146981678,0.0,0.0
2018-06-28 00:00:00+07:00,1655.008147992366,1672.6145925008927,1608.0575242278123,1613.9263916015625,217214701,0.0,0.0
2018-06-29 00:00:00+07:00,1643.270658544736,1701.9588625757485,1631.5329231708945,1666.7459716796875,238570030,0.0,0.0
2018-07-02 00:00:00+07:00,1696.0899363481365,1707.827671316849,1655.008179183095,1672.6146240234375,166470935,0.0,0.0
2018-07-03 00:00:00+07:00,1672.614652752908,1678.48352033807,1625.6641849097973,1660.8770751953125,97720407,0.0,0.0
2018-07-04 00:00:00+07:00,1660.8767498877746,1731.3026742775642,1637.4014417578449,1719.56494140625,141800039,0.0,0.0
2018-07-05 00:00:00+07:00,1696.0896595251568,1713.6961014919084,1678.483217558405,1707.827392578125,69844936,0.0,0.0
2018-07-06 00:00:00+07:00,1707.8277302626693,1707.8277302626693,1666.7459716796875,1666.7459716796875,84006801,0.0,0.0
2018-07-09 00:00:00+07:00,1678.483603521644,1778.2535693502325,1678.483603521644,1766.5159912109375,140680769,0.0,0.0
2018-07-10 00:00:00+07:00,1784.122221700144,1807.5975327555996,1748.9093339233202,1789.9910888671875,144808151,0.0,0.0
2018-07-11 00:00:00+07:00,1760.646820969687,1760.646820969687,1731.3028018544849,1754.7779541015625,146347957,0.0,0.0
2018-07-12 00:00:00+07:00,1737.1720249506018,1760.6473417541886,1731.3033139592726,1743.0408935546875,100852711,0.0,0.0
2018-07-13 00:00:00+07:00,1737.1720249506018,1778.2537899536892,1737.1720249506018,1743.0408935546875,112109646,0.0,0.0
2018-07-16 00:00:00+07:00,1760.6473417541886,1766.5162103582743,1696.0902599475144,1743.0408935546875,95277155,0.0,0.0
2018-07-17 00:00:00+07:00,1719.5651832631138,1725.4340505242271,1678.4834276607617,1684.352294921875,150798524,0.0,0.0
2018-07-18 00:00:00+07:00,1684.3523589921501,1701.9588038324928,1672.6146240234375,1672.6146240234375,125471907,0.0,0.0
2018-07-19 00:00:00+07:00,1701.9589558993537,1737.1718487262451,1684.352509485908,1696.090087890625,156549643,0.0,0.0
2018-07-20 00:00:00+07:00,1696.0898134513016,1748.9093017578125,1684.3522369458074,1748.9093017578125,79807478,0.0,0.0
2018-07-23 00:00:00+07:00,1760.6471226413578,1789.991304397142,1754.7782547676536,1784.1224365234375,97874520,0.0,0.0
2018-07-24 00:00:00+07:00,1795.8600153655439,1801.72888324156,1766.5159912109373,1766.5159912109375,80259146,0.0,0.0
2018-07-25 00:00:00+07:00,1748.909244846148,1772.384554705936,1731.3028018544849,1754.7779541015625,79152417,0.0,0.0
2018-07-26 00:00:00+07:00,1789.991304397142,1801.7288825318133,1778.2535686497333,1784.1224365234375,93167319,0.0,0.0
2018-07-27 00:00:00+07:00,1795.8599497496248,1813.466552734375,1772.384794328754,1813.466552734375,60176759,0.0,0.0
2018-07-30 00:00:00+07:00,1819.3351109103035,1825.2039780819705,1801.7286670080205,1807.5975341796875,73543200,0.0,0.0
2018-07-31 00:00:00+07:00,1807.597382303559,1807.597382303559,1760.6467641004965,1801.728515625,118206281,0.0,0.0
2018-08-01 00:00:00+07:00,1801.7283750646272,1878.0231630957041,1789.9908002359114,1872.154296875,161810924,0.0,0.0
2018-08-02 00:00:00+07:00,1878.023532067634,1913.2364210846874,1872.154664693884,1907.3675537109375,174250489,0.0,0.0
2018-08-03 00:00:00+07:00,1919.1046279845284,1966.0550779780176,1895.6293241814494,1954.3175048828125,110650581,0.0,0.0
2018-08-06 00:00:00+07:00,1966.0558721632278,2007.1376310103617,1960.1871620513036,2001.2689208984375,157644712,0.0,0.0
2018-08-07 00:00:00+07:00,1966.0557861328127,1995.3999658593264,1954.3182088098429,1966.0557861328125,98346098,0.0,0.0
2018-08-08 00:00:00+07:00,1995.3992471350336,1995.3992471350336,1942.5797741749384,1954.3175048828125,99782943,0.0,0.0
2018-08-09 00:00:00+07:00,1954.3175048828125,1966.0550779780176,1936.7110664336706,1954.3175048828125,76621053,0.0,0.0
2018-08-10 00:00:00+07:00,1966.0556946925344,2036.4816281930562,1966.0556946925344,1989.531005859375,127559853,0.0,0.0
2018-08-13 00:00:00+07:00,1936.7117975346648,1948.4493750607587,1836.9418369183177,1842.810546875,197264867,0.0,0.0
2018-08-14 00:00:00+07:00,1813.4662195991436,1848.6791038745457,1784.122044294507,1836.9415283203125,170317811,0.0,0.0
2018-08-15 00:00:00+07:00,1848.6796828220427,1889.7614465464103,1772.3850237947177,1883.892578125,152206658,0.0,0.0
2018-08-16 00:00:00+07:00,1866.285731587879,1866.285731587879,1789.9910888671875,1789.9910888671875,180034939,0.0,0.0
2018-08-17 00:00:00+07:00,1789.9910888671875,1789.9910888671875,1789.9910888671875,1789.9910888671875,0,0.0,0.0
2018-08-20 00:00:00+07:00,1807.5975666682245,1872.1546338787125,1807.5975666682245,1866.2857666015625,111516626,0.0,0.0
2018-08-21 00:00:00+07:00,1836.941986944963,1866.2860119631455,1831.0731188962297,1848.6795654296875,65465430,0.0,0.0
2018-08-22 00:00:00+07:00,1848.6795654296877,1848.6795654296877,1848.6795654296877,1848.6795654296875,0,0.0,0.0
2018-08-23 00:00:00+07:00,1866.2856165178134,1919.1051025390625,1836.9415977173048,1919.1051025390625,171421680,0.0,0.0
2018-08-24 00:00:00+07:00,1919.1051025390625,1930.8426785367244,1895.6297929310306,1919.1051025390625,106494709,0.0,0.0
2018-08-27 00:00:00+07:00,1948.4491870395575,1983.6622314453123,1930.8427436430368,1983.6622314453125,123606274,0.0,0.0
2018-08-28 00:00:00+07:00,1954.3175048828125,1983.6616740398288,1936.7110664336706,1954.3175048828125,109603913,0.0,0.0
2018-08-29 00:00:00+07:00,1913.2364507265088,1936.7117629724892,1907.3675832618321,1930.8428955078125,87007762,0.0,0.0
2018-08-30 00:00:00+07:00,1930.842486243964,1942.5800610726799,1872.1542968749998,1872.154296875,91898887,0.0,0.0
2018-08-31 00:00:00+07:00,1866.2857666015625,1866.2857666015625,1825.2040108869537,1866.2857666015625,156934320,0.0,0.0
2018-09-03 00:00:00+07:00,1866.2859822129908,1889.761296420966,1854.548403915373,1860.4171142578125,70837593,0.0,0.0
2018-09-04 00:00:00+07:00,1878.0234688525647,1878.0234688525647,1813.4664027525027,1825.2039794921875,83758086,0.0,0.0
2018-09-05 00:00:00+07:00,1801.7284410546554,1801.7284410546554,1701.9584997119773,1719.56494140625,233835878,0.0,0.0
2018-09-06 00:00:00+07:00,1707.8276097213843,1754.7780750647137,1707.8276097213843,1737.171630859375,226602703,0.0,0.0
2018-09-07 00:00:00+07:00,1748.90939631218,1778.2534179687502,1737.171661559373,1778.25341796875,155714509,0.0,0.0
2018-09-10 00:00:00+07:00,1778.2537899536892,1778.2537899536892,1737.1720249506018,1743.0408935546875,95204004,0.0,0.0
2018-09-11 00:00:00+07:00,1743.0408935546877,1743.0408935546877,1743.0408935546877,1743.0408935546875,0,0.0,0.0
2018-09-12 00:00:00+07:00,1748.9091430381125,1766.515585004864,1707.827392578125,1707.827392578125,129887933,0.0,0.0
2018-09-13 00:00:00+07:00,1737.1719016593872,1766.5160849844333,1737.1719016593872,1760.647216796875,138077684,0.0,0.0
2018-09-14 00:00:00+07:00,1778.2532065234689,1801.728515625,1760.6467641004965,1801.728515625,115639387,0.0,0.0
2018-09-17 00:00:00+07:00,1795.86023815319,1795.86023815319,1731.3033139592726,1743.0408935546875,100504005,0.0,0.0
2018-09-18 00:00:00+07:00,1743.040403207443,1748.9092701605155,1713.696226054792,1725.4339599609375,152222609,0.0,0.0
2018-09-19 00:00:00+07:00,1743.0407698469455,1772.3849531719916,1743.0407698469455,1760.647216796875,115947612,0.0,0.0
2018-09-20 00:00:00+07:00,1789.9912397007727,1831.072998106394,1772.384794328754,1813.466552734375,170051827,0.0,0.0
2018-09-21 00:00:00+07:00,1848.6793201742578,1872.1546316420918,1831.0728759765625,1831.0728759765625,223538491,0.0,0.0
2018-09-24 00:00:00+07:00,1831.0730650089035,1831.0730650089035,1760.6471233349212,1766.5159912109375,104783739,0.0,0.0
2018-09-25 00:00:00+07:00,1766.5158408286668,1778.2534179687502,1748.90939631218,1778.25341796875,121129032,0.0,0.0
2018-09-26 00:00:00+07:00,1778.2532639613503,1795.8597069530135,1754.7779541015625,1754.7779541015625,73480719,0.0,0.0
2018-09-27 00:00:00+07:00,1760.6467641004965,1807.597382303559,1760.6467641004965,1801.728515625,135712644,0.0,0.0
2018-09-28 00:00:00+07:00,1813.4666723627718,1860.4171439144125,1807.5978043140387,1848.6795654296875,170043797,0.0,0.0
2018-10-01 00:00:00+07:00,1848.679322382833,1872.1546338787125,1848.679322382833,1866.2857666015625,100581667,0.0,0.0
2018-10-02 00:00:00+07:00,1848.6792905842753,1866.2857345001617,1807.5975355763012,1825.2039794921875,145599614,0.0,0.0
2018-10-03 00:00:00+07:00,1848.6791367641956,1848.6791367641956,1807.5973851744448,1819.3349609375,77064031,0.0,0.0
2018-10-04 00:00:00+07:00,1795.860110696734,1795.860110696734,1748.9096380345038,1760.647216796875,161892546,0.0,0.0
2018-10-05 00:00:00+07:00,1760.6468782633067,1784.1221888870098,1737.1715676396034,1748.9093017578125,160008103,0.0,0.0
2018-10-08 00:00:00+07:00,1743.0408935546877,1766.5162103582743,1737.1720249506018,1743.0408935546875,71328312,0.0,0.0
2018-10-09 00:00:00+07:00,1743.0404653557664,1778.2533531042973,1743.0404653557664,1772.3846435546875,56325372,0.0,0.0
2018-10-10 00:00:00+07:00,1778.2535693502325,1784.1224372262486,1766.5159912109373,1766.5159912109375,67385623,0.0,0.0
2018-10-11 00:00:00+07:00,1719.5649680183926,1731.3027010713608,1684.3520840848892,1707.827392578125,193058944,0.0,0.0
2018-10-12 00:00:00+07:00,1719.5653648243756,1754.778256883587,1713.6964969435946,1731.3031005859375,130162058,0.0,0.0
2018-10-15 00:00:00+07:00,1737.1719016593872,1778.2536637468045,1737.1719016593872,1760.647216796875,94319479,0.0,0.0
2018-10-16 00:00:00+07:00,1760.647216796875,1772.3849531719916,1737.1719016593872,1760.647216796875,71567346,0.0,0.0
2018-10-17 00:00:00+07:00,1795.859648946441,1807.597382303559,1778.2532065234689,1801.728515625,88091831,0.0,0.0
2018-10-18 00:00:00+07:00,1801.7288174112082,1819.335262783227,1789.9912397007727,1813.466552734375,71647977,0.0,0.0
2018-10-19 00:00:00+07:00,1801.7286641408907,1813.4663984655463,1772.3846435546875,1772.3846435546875,89090208,0.0,0.0
2018-10-22 00:00:00+07:00,1766.5157778117323,1807.5975327555996,1766.5157778117323,1789.9910888671875,53687637,0.0,0.0
2018-10-23 00:00:00+07:00,1784.1222202666252,1801.7286641408907,1766.5157763923596,1772.3846435546875,64410732,0.0,0.0
2018-10-24 00:00:00+07:00,1760.6471247643678,1784.1224386747547,1731.3031005859375,1731.3031005859375,93019806,0.0,0.0
2018-10-25 00:00:00+07:00,1707.8278759470866,1760.647216796875,1707.8278759470866,1760.647216796875,144333712,0.0,0.0
2018-10-26 00:00:00+07:00,1760.646820969687,1772.384554705936,1748.909244846148,1754.7779541015625,72852718,0.0,0.0
2018-10-29 00:00:00+07:00,1760.6471247643678,1772.38486052593,1731.3031005859375,1731.3031005859375,56418764,0.0,0.0
2018-10-30 00:00:00+07:00,1737.171661559373,1778.2534179687502,1731.3029517956932,1778.25341796875,79624985,0.0,0.0
2018-10-31 00:00:00+07:00,1789.9913577805808,1848.6795654296877,1778.2536216831145,1848.6795654296875,240391992,0.0,0.0
2018-11-01 00:00:00+07:00,1872.1550571771356,1907.3679535763085,1854.5486089775493,1878.02392578125,216901746,0.0,0.0
2018-11-02 00:00:00+07:00,1901.4985665497072,1930.8427439571578,1872.1545467549702,1924.973876953125,184006228,0.0,0.0
2018-11-05 00:00:00+07:00,1913.2362357338775,1924.9738117315394,1889.7609261258456,1919.1051025390625,87555902,0.0,0.0
2018-11-06 00:00:00+07:00,1924.9733357257962,1954.3175048828125,1913.2357626305914,1954.3175048828125,153414589,0.0,0.0
2018-11-07 00:00:00+07:00,1960.187496745035,1977.7939453125002,1942.5808905648103,1977.7939453125,178995971,0.0,0.0
2018-11-08 00:00:00+07:00,1995.3998406692087,2048.219171727811,1989.5309735695698,2024.7440185546875,220276054,0.0,0.0
2018-11-09 00:00:00+07:00,2013.0065950708488,2013.0065950708488,1954.3183878538534,1960.187255859375,126597116,0.0,0.0
2018-11-12 00:00:00+07:00,1948.4491873565428,1971.9244977599608,1924.973876953125,1924.973876953125,84809154,0.0,0.0
2018-11-13 00:00:00+07:00,1924.9740290833292,1971.9246536006606,1895.6300069695415,1966.0557861328125,112074555,0.0,0.0
2018-11-14 00:00:00+07:00,1966.0557861328127,2007.1375431822962,1966.0557861328127,1966.0557861328125,125174682,0.0,0.0
2018-11-15 00:00:00+07:00,1977.793607612542,2007.1376310103617,1954.3182943266465,2001.2689208984375,117577840,0.0,0.0
2018-11-16 00:00:00+07:00,2013.0063497646652,2083.4322844105563,2007.1374824743273,2048.21923828125,191148871,0.0,0.0
2018-11-19 00:00:00+07:00,2077.563505199952,2077.563505199952,2024.7441701857626,2065.825927734375,86540804,0.0,0.0
2018-11-20 00:00:00+07:00,2065.825927734375,2065.825927734375,2065.825927734375,2065.825927734375,0,0.0,0.0
2018-11-21 00:00:00+07:00,2007.1377238008986,2036.481906168041,1966.0559630545436,2013.006591796875,151878633,0.0,0.0
2018-11-22 00:00:00+07:00,2013.0066712928021,2083.4326171875,2013.0066712928021,2083.4326171875,130140277,0.0,0.0
2018-11-23 00:00:00+07:00,2071.6942365149353,2101.038410916005,2036.4813533238091,2042.3502197265625,85703360,0.0,0.0
2018-11-26 00:00:00+07:00,2024.7441422763802,2083.4323440207554,2024.7441422763802,2077.5634765625,90217398,0.0,0.0
2018-11-27 00:00:00+07:00,2042.350588102643,2124.5141021101267,2042.350588102643,2112.7763671875,190169964,0.0,0.0
2018-11-28 00:00:00+07:00,2142.12060546875,2147.989473090578,2101.038847341414,2142.12060546875,105678495,0.0,0.0
2018-11-29 00:00:00+07:00,2171.4645426017532,2206.6774291608335,2159.726808673585,2177.333251953125,152003595,0.0,0.0
2018-11-30 00:00:00+07:00,2147.989226191858,2165.595669420855,2118.6450490683887,2124.513916015625,233078735,0.0,0.0
2018-12-03 00:00:00+07:00,2183.2023927535192,2218.4152837293072,2165.595947265625,2165.595947265625,150413738,0.0,0.0
2018-12-04 00:00:00+07:00,2165.595675637669,2200.8085621967493,2159.726808673585,2177.333251953125,147855643,0.0,0.0
2018-12-05 00:00:00+07:00,2136.251737846922,2159.727050721504,2118.645292594168,2142.12060546875,154153142,0.0,0.0
2018-12-06 00:00:00+07:00,2136.251737846922,2159.727050721504,2118.645292594168,2142.12060546875,119712097,0.0,0.0
2018-12-07 00:00:00+07:00,2136.2514922973855,2147.989226191858,2118.6450490683887,2124.513916015625,122365123,0.0,0.0
2018-12-10 00:00:00+07:00,2118.645263671875,2130.3829987552954,2095.169951117762,2118.645263671875,102384708,0.0,0.0
2018-12-11 00:00:00+07:00,2118.6450490683887,2130.3827829628613,2101.038605839392,2124.513916015625,123936060,0.0,0.0
2018-12-12 00:00:00+07:00,2124.513916015625,2136.2514922973855,2106.907472786628,2124.513916015625,97374011,0.0,0.0
2018-12-13 00:00:00+07:00,2165.5959184032404,2165.5959184032404,2142.120605528009,2159.72705078125,116914199,0.0,0.0
2018-12-14 00:00:00+07:00,2153.8581831592596,2165.5959184032404,2136.2517379060187,2159.72705078125,135202785,0.0,0.0
2018-12-17 00:00:00+07:00,2142.120546881341,2159.726991652555,2112.7763671875,2112.7763671875,137139148,0.0,0.0
2018-12-18 00:00:00+07:00,2083.4324302566883,2136.2517667290676,2083.4324302566883,2130.383056640625,130615046,0.0,0.0
2018-12-19 00:00:00+07:00,2112.7759177509265,2153.857666015625,2112.7759177509265,2153.857666015625,146409778,0.0,0.0
2018-12-20 00:00:00+07:00,2118.645292594168,2147.989473090578,2118.645292594168,2142.12060546875,74063179,0.0,0.0
2018-12-21 00:00:00+07:00,2118.6450490683887,2130.3827829628613,2112.7761821211525,2124.513916015625,191917014,0.0,0.0
2018-12-24 00:00:00+07:00,2124.513916015625,2124.513916015625,2124.513916015625,2124.513916015625,0,0.0,0.0
2018-12-25 00:00:00+07:00,2124.513916015625,2124.513916015625,2124.513916015625,2124.513916015625,0,0.0,0.0
2018-12-26 00:00:00+07:00,2083.432345106385,2130.3829695714403,2065.825900335171,2112.7763671875,91749064,0.0,0.0
2018-12-27 00:00:00+07:00,2142.120634252437,2153.858212041081,2124.5141887631053,2147.989501953125,78890942,0.0,0.0
2018-12-28 00:00:00+07:00,2159.727079741769,2159.727079741769,2142.120634252437,2147.989501953125,135242605,0.0,0.0
2018-12-31 00:00:00+07:00,2147.989501953125,2147.989501953125,2147.989501953125,2147.989501953125,0,0.0,0.0
2019-01-01 00:00:00+07:00,2147.989501953125,2147.989501953125,2147.989501953125,2147.989501953125,0,0.0,0.0
2019-01-02 00:00:00+07:00,2118.645263671875,2136.2517086842777,2106.9076862011825,2118.645263671875,82441033,0.0,0.0
2019-01-03 00:00:00+07:00,2101.038605839392,2136.2514922973855,2101.038605839392,2124.513916015625,102805905,0.0,0.0
2019-01-04 00:00:00+07:00,2124.5141887631053,2147.989501953125,2118.645321062417,2147.989501953125,125907734,0.0,0.0
2019-01-07 00:00:00+07:00,2171.464815143145,2177.333525231101,2147.989501953125,2147.989501953125,82106628,0.0,0.0
2019-01-08 00:00:00+07:00,2147.9894731499994,2159.72705078125,2130.3830278967584,2159.72705078125,89499635,0.0,0.0
2019-01-09 00:00:00+07:00,2177.3332813940597,2194.939724911666,2165.5957049198933,2183.2021484375,131331598,0.0,0.0
2019-01-10 00:00:00+07:00,2194.9397267017735,2200.80859375,2177.3332831698076,2200.80859375,156122176,0.0,0.0
2019-01-11 00:00:00+07:00,2206.677734780491,2212.5466025573996,2171.4648433445086,2189.0712890625,118649479,0.0,0.0
2019-01-14 00:00:00+07:00,2189.071047988749,2224.283935546875,2189.071047988749,2224.283935546875,126576436,0.0,0.0
2019-01-15 00:00:00+07:00,2212.546816611803,2224.2843956884462,2194.9402115777143,2218.41552734375,154948896,0.0,0.0
2019-01-16 00:00:00+07:00,2224.2843956884462,2230.1532640331425,2206.677948267107,2218.41552734375,114151831,0.0,0.0
2019-01-17 00:00:00+07:00,2224.283907872568,2253.6280855477203,2218.4150408149944,2236.021484375,131847617,0.0,0.0
2019-01-18 00:00:00+07:00,2259.4970707084376,2259.4970707084376,2224.2841792915624,2241.890625,105708085,0.0,0.0
2019-01-21 00:00:00+07:00,2230.15283203125,2247.759276042053,2230.15283203125,2230.15283203125,89020137,0.0,0.0
2019-01-22 00:00:00+07:00,2212.546630859375,2224.2842089506003,2194.9400273034335,2212.546630859375,131658634,0.0,0.0
2019-01-23 00:00:00+07:00,2206.677763007395,2236.021787041825,2189.071317064189,2212.546630859375,179807675,0.0,0.0
2019-01-24 00:00:00+07:00,2200.8086246372186,2236.0215121953447,2200.8086246372186,2224.283935546875,193786497,0.0,0.0
2019-01-25 00:00:00+07:00,2241.8908431097857,2241.8908431097857,2218.41552734375,2218.41552734375,139857845,0.0,0.0
2019-01-28 00:00:00+07:00,2200.8090799224105,2224.2843956884462,2200.8090799224105,2218.41552734375,102940988,0.0,0.0
2019-01-29 00:00:00+07:00,2218.4152837293072,2241.89059691741,2142.120634077522,2165.595947265625,206378414,0.0,0.0
2019-01-30 00:00:00+07:00,2171.4645737342958,2206.677460798227,2171.4645737342958,2200.80859375,159225000,0.0,0.0
2019-01-31 00:00:00+07:00,2230.1530466744903,2271.234805857891,2230.1530466744903,2259.4970703125,277698146,0.0,0.0
2019-02-01 00:00:00+07:00,2277.1032179727863,2306.447235738936,2271.234351374475,2300.578369140625,154119152,0.0,0.0
2019-02-04 00:00:00+07:00,2318.1852433050162,2318.1852433050162,2282.9721971602025,2288.841064453125,83552603,0.0,0.0
2019-02-05 00:00:00+07:00,2288.841064453125,2288.841064453125,2288.841064453125,2288.841064453125,0,0.0,0.0
2019-02-06 00:00:00+07:00,2300.578369140625,2312.316102337247,2294.7096601550165,2300.578369140625,85882773,0.0,0.0
2019-02-07 00:00:00+07:00,2306.447265625,2306.447265625,2282.9719565402743,2306.447265625,91233705,0.0,0.0
2019-02-08 00:00:00+07:00,2265.365966185626,2294.710147800365,2259.4970983401304,2282.972412109375,86321790,0.0,0.0
2019-02-11 00:00:00+07:00,2282.9724415106666,2300.578887661161,2265.3659953601727,2271.23486328125,61147416,0.0,0.0
2019-02-12 00:00:00+07:00,2288.8412515632435,2288.8412515632435,2241.8906246071474,2259.4970703125,104459344,0.0,0.0
2019-02-13 00:00:00+07:00,2282.972134014657,2282.972134014657,2218.4150684162814,2224.283935546875,119001265,0.0,0.0
2019-02-14 00:00:00+07:00,2241.8904088342124,2259.4968528450154,2200.8086536047654,2230.15283203125,131498911,0.0,0.0
2019-02-15 00:00:00+07:00,2253.6283905977666,2253.6283905977666,2200.808895155414,2212.546630859375,96513687,0.0,0.0
2019-02-18 00:00:00+07:00,2224.283995003486,2265.365750790348,2224.283995003486,2253.628173828125,103030419,0.0,0.0
2019-02-19 00:00:00+07:00,2288.8410935699185,2347.5292944075627,2277.103516447479,2294.7099609375,153943258,0.0,0.0
2019-02-20 00:00:00+07:00,2294.710147800365,2312.3165937241147,2265.365966185626,2282.972412109375,136475507,0.0,0.0
2019-02-21 00:00:00+07:00,2247.759337222295,2312.3164054275207,2247.759337222295,2294.7099609375,125997166,0.0,0.0
2019-02-22 00:00:00+07:00,2265.3657528941567,2294.7099317460475,2265.3657528941567,2288.841064453125,89872212,0.0,0.0
2019-02-25 00:00:00+07:00,2312.3163780944315,2329.9228223763325,2288.8410665143224,2324.053955078125,117405577,0.0,0.0
2019-02-26 00:00:00+07:00,2324.0539833766147,2329.9228507462835,2294.7099617537165,2312.31640625,67561846,0.0,0.0
2019-02-27 00:00:00+07:00,2294.7101773528216,2300.578887661161,2259.497127439095,2271.23486328125,96869983,0.0,0.0
2019-02-28 00:00:00+07:00,2259.4970703125,2271.234805857891,2253.6283601525383,2259.4970703125,117143553,0.0,0.0
2019-03-01 00:00:00+07:00,2271.23486328125,2282.9724415106666,2265.3659953601727,2271.23486328125,78576447,0.0,0.0
2019-03-04 00:00:00+07:00,2288.8410927432,2300.5786698614,2277.103515625,2277.103515625,62730673,0.0,0.0
2019-03-05 00:00:00+07:00,2288.84078723129,2288.84078723129,2265.365478515625,2265.365478515625,77678611,0.0,0.0
2019-03-06 00:00:00+07:00,2282.9721971602025,2300.578641426249,2265.3657528941567,2288.841064453125,62160643,0.0,0.0
2019-03-07 00:00:00+07:00,2288.841064453125,2288.841064453125,2288.841064453125,2288.841064453125,0,0.0,0.0
2019-03-08 00:00:00+07:00,2241.8906246071474,2277.1036736305864,2236.021756834452,2259.4970703125,142765635,0.0,0.0
2019-03-11 00:00:00+07:00,2288.84078723129,2288.84078723129,2247.7590363820514,2265.365478515625,51418628,0.0,0.0
2019-03-12 00:00:00+07:00,2277.1034853652923,2282.9721950400435,2236.021571965709,2253.628173828125,69851316,0.0,0.0
2019-03-13 00:00:00+07:00,2230.152802677468,2236.0215121953447,2218.4150684162814,2224.283935546875,51432598,0.0,0.0
2019-03-14 00:00:00+07:00,2218.4151277160136,2259.4968835028762,2218.4151277160136,2253.628173828125,99175072,0.0,0.0
2019-03-15 00:00:00+07:00,2288.841123130212,2318.185302734375,2282.972255686834,2318.185302734375,106867285,0.0,0.0
2019-03-18 00:00:00+07:00,2341.66042950125,2365.1357413835267,2335.791719740223,2347.529296875,102196275,0.0,0.0
2019-03-19 00:00:00+07:00,2371.0043896695297,2376.873256500979,2329.9226370748,2335.79150390625,63741150,0.0,0.0
2019-03-20 00:00:00+07:00,2324.0541984059582,2353.398380356603,2324.0541984059582,2341.66064453125,94567643,0.0,0.0
2019-03-21 00:00:00+07:00,2353.398380356603,2371.0048264818943,2329.923066318635,2341.66064453125,121229463,0.0,0.0
2019-03-22 00:00:00+07:00,2365.135557182282,2388.610867236257,2347.5291140449785,2376.873291015625,104102388,0.0,0.0
2019-03-25 00:00:00+07:00,2365.1360159976175,2371.0048840527975,2341.6607013896405,2353.3984375,90384491,0.0,0.0
2019-03-26 00:00:00+07:00,2376.8735640497903,2394.480009209566,2353.3982512991793,2382.742431640625,75475383,0.0,0.0
2019-03-27 00:00:00+07:00,2394.479734152929,2394.479734152929,2371.0044240989537,2376.873291015625,56170270,0.0,0.0
2019-03-28 00:00:00+07:00,2388.61083984375,2394.479706693118,2365.135530058989,2388.61083984375,67263631,0.0,0.0
2019-03-29 00:00:00+07:00,2376.873535879042,2429.692870732354,2376.873535879042,2412.08642578125,71215890,0.0,0.0
2019-04-01 00:00:00+07:00,2429.692656433856,2441.430390441144,2423.8239470429257,2435.5615234375,73530330,0.0,0.0
2019-04-02 00:00:00+07:00,2447.2990998320747,2447.2990998320747,2423.8239470429257,2435.5615234375,48845023,0.0,0.0
2019-04-03 00:00:00+07:00,2435.5615234375,2435.5615234375,2435.5615234375,2435.5615234375,0,0.0,0.0
2019-04-04 00:00:00+07:00,2453.1682416557783,2511.856445428717,2429.6929286240565,2476.6435546875,69303837,0.0,0.0
2019-04-05 00:00:00+07:00,2500.118438035043,2517.7248803797106,2494.2495713825856,2505.9873046875,54041183,0.0,0.0
2019-04-08 00:00:00+07:00,2517.725313031175,2517.725313031175,2470.7746869688253,2494.25,82999953,0.0,0.0
2019-04-09 00:00:00+07:00,2511.8560166812813,2552.937768071388,2500.118440975267,2523.59375,80659003,0.0,0.0
2019-04-10 00:00:00+07:00,2523.5942669041538,2535.3318450143593,2500.118953071006,2529.463134765625,116840608,0.0,0.0
2019-04-11 00:00:00+07:00,2523.59375,2535.3313257060145,2511.8560166812813,2523.59375,188618827,0.0,0.0
2019-04-12 00:00:00+07:00,2523.5942669041538,2535.3318450143593,2511.8565311812117,2529.463134765625,84244625,0.0,0.0
2019-04-15 00:00:00+07:00,2552.938232421875,2558.807100148715,2529.463076739982,2552.938232421875,70577659,0.0,0.0
2019-04-16 00:00:00+07:00,2541.200225062003,2558.806667653912,2535.331358327131,2547.069091796875,99923195,0.0,0.0
2019-04-17 00:00:00+07:00,2547.069091796875,2547.069091796875,2547.069091796875,2547.069091796875,0,0.0,0.0
2019-04-18 00:00:00+07:00,2611.6266510867804,2775.95369009916,2570.5448913336854,2617.495361328125,200241958,0.0,0.0
2019-04-19 00:00:00+07:00,2617.495361328125,2617.495361328125,2617.495361328125,2617.495361328125,0,0.0,0.0
2019-04-22 00:00:00+07:00,2617.4953907272597,2617.4953907272597,2588.151366352741,2605.7578125,112161787,0.0,0.0
2019-04-23 00:00:00+07:00,2588.1513379173234,2611.626651726663,2588.1513379173234,2599.888916015625,60325921,0.0,0.0
2019-04-24 00:00:00+07:00,2588.150604473619,2599.888179245665,2582.28173828125,2582.28173828125,190094393,0.0,0.0
2019-04-25 00:00:00+07:00,2570.5446179904307,2576.413327607716,2500.1186840685286,2541.200439453125,202913024,0.0,0.0
2019-04-26 00:00:00+07:00,2488.380949608518,2558.8068835304207,2470.774505531223,2541.200439453125,146163924,0.0,0.0
2019-04-29 00:00:00+07:00,2517.7249157352226,2552.93780091904,2511.8560490003506,2547.069091796875,84609831,0.0,0.0
2019-04-30 00:00:00+07:00,2576.413603494797,2588.1513392117054,2547.069579427999,2564.676025390625,140586828,0.0,0.0
2019-05-01 00:00:00+07:00,2564.676025390625,2564.676025390625,2564.676025390625,2564.676025390625,0,0.0,0.0
2019-05-02 00:00:00+07:00,2594.020049457423,2594.020049457423,2547.069579427999,2564.676025390625,139594281,0.0,0.0
2019-05-03 00:00:00+07:00,2541.2004985150593,2582.2822548544673,2529.462921394967,2570.544677734375,120435690,0.0,0.0
2019-05-06 00:00:00+07:00,2523.593961870409,2523.593961870409,2459.0368960356277,2482.51220703125,157313497,0.0,0.0
2019-05-07 00:00:00+07:00,2470.7746869688253,2511.8564453701983,2470.7746869688253,2494.25,124070152,0.0,0.0
2019-05-08 00:00:00+07:00,2494.2500000581085,2494.2500000581085,2453.1682416557783,2476.6435546875,132170032,0.0,0.0
2019-05-09 00:00:00+07:00,2429.6928998360486,2441.4306350192014,2417.955322265625,2417.955322265625,179677103,0.0,0.0
2019-05-10 00:00:00+07:00,2406.217587082472,2441.4306350192014,2400.348877103625,2417.955322265625,132313475,0.0,0.0
2019-05-13 00:00:00+07:00,2423.8241316487797,2429.6928414866893,2406.217529296875,2406.217529296875,79066285,0.0,0.0
2019-05-14 00:00:00+07:00,2347.5291140449785,2400.3486010696,2329.9226709076747,2376.873291015625,126601626,0.0,0.0
2019-05-15 00:00:00+07:00,2376.873667186353,2382.742535031848,2282.972412109375,2282.972412109375,184137240,0.0,0.0
2019-05-16 00:00:00+07:00,2312.3160959469556,2341.6601136320105,2241.8901697999595,2265.365478515625,158507017,0.0,0.0
2019-05-17 00:00:00+07:00,2294.7098682758437,2294.7098682758437,2212.5463588984053,2224.283935546875,170721848,0.0,0.0
2019-05-20 00:00:00+07:00,2230.1527713784194,2259.4967913941236,2147.9892631541034,2200.80859375,181806520,0.0,0.0
2019-05-21 00:00:00+07:00,2230.1527713784194,2253.628081958612,2177.3332831698076,2200.80859375,227189674,0.0,0.0
2019-05-22 00:00:00+07:00,2177.333581360228,2247.759522745786,2177.333581360228,2212.546630859375,130499434,0.0,0.0
2019-05-23 00:00:00+07:00,2241.8906246071474,2282.972383790548,2230.1530466744903,2259.4970703125,230153565,0.0,0.0
2019-05-24 00:00:00+07:00,2297.2831646709265,2388.445228694522,2291.205813427822,2339.825439453125,165441097,120.15633,0.0
2019-05-27 00:00:00+07:00,2370.212567380124,2412.754837115989,2345.902675643047,2382.367431640625,135938587,0.0,0.0
2019-05-28 00:00:00+07:00,2388.44505955696,2400.600087614599,2315.515380859375,2315.515380859375,414291135,0.0,0.0
2019-05-29 00:00:00+07:00,2364.1352964814228,2400.6002194406838,2345.9029166098376,2394.522705078125,153687174,0.0,0.0
2019-05-30 00:00:00+07:00,2394.522705078125,2394.522705078125,2394.522705078125,2394.522705078125,0,0.0,0.0
2019-05-31 00:00:00+07:00,2424.9100363241596,2503.917236186774,2418.8326849624946,2491.76220703125,287219580,0.0,0.0
2019-06-03 00:00:00+07:00,2491.76220703125,2491.76220703125,2491.76220703125,2491.76220703125,0,0.0,0.0
2019-06-04 00:00:00+07:00,2491.76220703125,2491.76220703125,2491.76220703125,2491.76220703125,0,0.0,0.0
2019-06-05 00:00:00+07:00,2491.76220703125,2491.76220703125,2491.76220703125,2491.76220703125,0,0.0,0.0
2019-06-06 00:00:00+07:00,2491.76220703125,2491.76220703125,2491.76220703125,2491.76220703125,0,0.0,0.0
2019-06-07 00:00:00+07:00,2491.76220703125,2491.76220703125,2491.76220703125,2491.76220703125,0,0.0,0.0
2019-06-10 00:00:00+07:00,2564.6917728147937,2595.079181071611,2552.53690744172,2570.769287109375,216423568,0.0,0.0
2019-06-11 00:00:00+07:00,2582.9241524824483,2582.9241524824483,2522.1494991849027,2570.769287109375,127900199,0.0,0.0
2019-06-12 00:00:00+07:00,2534.3041220359905,2558.614013671875,2534.3041220359905,2558.614013671875,102196275,0.0,0.0
2019-06-13 00:00:00+07:00,2582.923862725585,2582.923862725585,2540.3815938681596,2552.53662109375,128510489,0.0,0.0
2019-06-14 00:00:00+07:00,2534.304364557976,2576.846638187867,2534.304364557976,2570.769287109375,79530053,0.0,0.0
2019-06-17 00:00:00+07:00,2582.923862725585,2582.923862725585,2552.53662109375,2552.53662109375,60714008,0.0,0.0
2019-06-18 00:00:00+07:00,2540.381920267276,2589.001708984375,2540.381920267276,2589.001708984375,174179428,0.0,0.0
2019-06-19 00:00:00+07:00,2625.466019421542,2637.621046127863,2601.156129224965,2607.233642578125,183945837,0.0,0.0
2019-06-20 00:00:00+07:00,2631.5440259243205,2631.5440259243205,2601.1566166800026,2619.38916015625,118489316,0.0,0.0
2019-06-21 00:00:00+07:00,2607.234092801209,2649.7763671875,2589.001712809383,2649.7763671875,187213443,0.0,0.0
2019-06-24 00:00:00+07:00,2619.38916015625,2643.6988916923915,2607.2341311720847,2619.38916015625,90828128,0.0,0.0
2019-06-25 00:00:00+07:00,2643.6990559765204,2643.6990559765204,2607.2342931902294,2631.544189453125,65402729,0.0,0.0
2019-06-26 00:00:00+07:00,2631.543987195674,2655.8538815901393,2625.466472793035,2649.7763671875,113137174,0.0,0.0
2019-06-27 00:00:00+07:00,2661.931396484375,2668.0087476720446,2643.6988532730898,2661.931396484375,89922813,0.0,0.0
2019-06-28 00:00:00+07:00,2655.8538815901393,2674.086261581965,2643.6988527848607,2649.7763671875,112840719,0.0,0.0
2019-07-01 00:00:00+07:00,2674.0861019333597,2686.240966796875,2661.9312370698444,2686.240966796875,115331382,0.0,0.0
2019-07-02 00:00:00+07:00,2686.2409249477873,2686.2409249477873,2649.7761677092453,2680.16357421875,147886774,0.0,0.0
2019-07-03 00:00:00+07:00,2668.008423833916,2686.2408016160953,2649.7760460517366,2674.0859375,81810503,0.0,0.0
2019-07-04 00:00:00+07:00,2649.776166312217,2674.086058863788,2649.776166312217,2668.008544921875,42557425,0.0,0.0
2019-07-05 00:00:00+07:00,2686.2408016160953,2686.2408016160953,2661.9310733839043,2674.0859375,59149341,0.0,0.0
2019-07-08 00:00:00+07:00,2661.9310733839043,2680.1634511660836,2655.8535597178206,2674.0859375,50857398,0.0,0.0
2019-07-09 00:00:00+07:00,2655.853681654362,2680.16357421875,2655.853681654362,2680.16357421875,71191359,0.0,0.0
2019-07-10 00:00:00+07:00,2680.163659568982,2722.705932107406,2674.086145430326,2716.62841796875,89077008,0.0,0.0
2019-07-11 00:00:00+07:00,2728.7832044943893,2759.1707743131033,2722.705853746727,2740.938232421875,100559886,0.0,0.0
2019-07-12 00:00:00+07:00,2740.938232421875,2759.1707743131033,2728.7832044943893,2740.938232421875,71034166,0.0,0.0
2019-07-15 00:00:00+07:00,2759.1710203650864,2771.32572294432,2747.0159913536636,2753.093505859375,75851590,0.0,0.0
2019-07-16 00:00:00+07:00,2734.86104401182,2765.248291015625,2734.86104401182,2765.248291015625,92926745,0.0,0.0
2019-07-17 00:00:00+07:00,2747.01611328125,2765.2483311754404,2734.86108373032,2747.01611328125,71834980,0.0,0.0
2019-07-18 00:00:00+07:00,2734.8608779714173,2740.938392289637,2698.3961184942805,2704.4736328125,84732483,0.0,0.0
2019-07-19 00:00:00+07:00,2704.473674666768,2728.7834058836825,2698.3961602544937,2722.7060546875,70769832,0.0,0.0
2019-07-22 00:00:00+07:00,2734.860595703125,2740.938109394077,2710.5507041553906,2734.860595703125,46139636,0.0,0.0
2019-07-23 00:00:00+07:00,2734.8612064544373,2734.8612064544373,2716.628824525985,2728.78369140625,47649853,0.0,0.0
2019-07-24 00:00:00+07:00,2747.0159066078563,2747.0159066078563,2698.3961184942805,2704.4736328125,58359418,0.0,0.0
2019-07-25 00:00:00+07:00,2716.6285398018404,2722.706054213056,2704.4736741955016,2710.551025390625,66445547,0.0,0.0
2019-07-26 00:00:00+07:00,2680.164102164268,2716.628866585732,2674.086587021987,2698.396484375,85121120,0.0,0.0
2019-07-29 00:00:00+07:00,2722.706054213056,2722.706054213056,2698.396159784286,2710.551025390625,101066445,0.0,0.0
2019-07-30 00:00:00+07:00,2734.860595703125,2734.860595703125,2710.5507041553906,2734.860595703125,75632686,0.0,0.0
2019-07-31 00:00:00+07:00,2734.860920295957,2740.9384347082314,2704.473674666768,2722.7060546875,116420070,0.0,0.0
2019-08-01 00:00:00+07:00,2728.783363653198,2740.938392289637,2680.163738755712,2704.4736328125,157991988,0.0,0.0
2019-08-02 00:00:00+07:00,2674.086224437493,2716.628498232849,2668.0087101192735,2704.4736328125,131279017,0.0,0.0
2019-08-05 00:00:00+07:00,2680.163646215426,2686.2409971077177,2595.0791015625,2595.0791015625,165923785,0.0,0.0
2019-08-06 00:00:00+07:00,2491.76220703125,2558.614377738341,2443.1425800574452,2491.76220703125,272405185,0.0,0.0
2019-08-07 00:00:00+07:00,2516.071906749699,2607.233965472879,2516.071906749699,2582.924072265625,161676832,0.0,0.0
2019-08-08 00:00:00+07:00,2582.9237523815473,2625.466019421542,2582.9237523815473,2607.233642578125,102671923,0.0,0.0
2019-08-09 00:00:00+07:00,2631.544189453125,2643.6990559765204,2613.3118080599793,2631.544189453125,90719996,0.0,0.0
2019-08-12 00:00:00+07:00,2661.9308133024256,2661.9308133024256,2607.2335220839636,2613.31103515625,56163890,0.0,0.0
2019-08-13 00:00:00+07:00,2631.5436549606643,2631.5436549606643,2582.92387231003,2601.15625,88148482,0.0,0.0
2019-08-14 00:00:00+07:00,2631.544189453125,2643.6990559765204,2619.3893229297296,2631.544189453125,102602292,0.0,0.0
2019-08-15 00:00:00+07:00,2558.6141790583715,2601.1564513670446,2540.3817999569524,2582.924072265625,126758709,0.0,0.0
2019-08-16 00:00:00+07:00,2582.923905307759,2589.0014190207485,2552.536663174959,2558.614013671875,102969368,0.0,0.0
2019-08-19 00:00:00+07:00,2509.994591410108,2564.6917294890654,2509.994591410108,2540.3818359375,66407047,0.0,0.0
2019-08-20 00:00:00+07:00,2540.381997221152,2552.5370263766754,2485.684855669585,2491.76220703125,112883069,0.0,0.0
2019-08-21 00:00:00+07:00,2491.7619997886504,2534.3042718625024,2455.297241787087,2461.374755859375,92826643,0.0,0.0
2019-08-22 00:00:00+07:00,2467.452433896199,2516.072060057076,2430.987510255424,2473.52978515625,136489697,0.0,0.0
2019-08-23 00:00:00+07:00,2449.2200112122955,2491.7622882104206,2443.142659652636,2479.607421875,64061696,0.0,0.0
2019-08-26 00:00:00+07:00,2443.1425392077135,2473.52978515625,2430.987510255424,2473.52978515625,71268030,0.0,0.0
2019-08-27 00:00:00+07:00,2509.9943522363246,2558.613971490475,2479.6069473884186,2552.53662109375,196025365,0.0,0.0
2019-08-28 00:00:00+07:00,2564.691607004536,2576.846471591783,2546.459228515625,2546.459228515625,109954819,0.0,0.0
2019-08-29 00:00:00+07:00,2564.6914851032698,2564.6914851032698,2528.22672985864,2552.53662109375,74831102,0.0,0.0
2019-08-30 00:00:00+07:00,2546.459315127661,2595.0791015625,2503.9170428011976,2595.0791015625,119899980,0.0,0.0
2019-09-02 00:00:00+07:00,2595.079304230209,2601.156655597123,2558.6143799482393,2564.69189453125,75321490,0.0,0.0
2019-09-03 00:00:00+07:00,2540.3820390203077,2595.0793446879543,2509.9947920637032,2522.149658203125,83772936,0.0,0.0
2019-09-04 00:00:00+07:00,2540.381671019287,2540.381671019287,2491.761887072488,2528.226806640625,84356057,0.0,0.0
2019-09-05 00:00:00+07:00,2564.69189453125,2570.769409114261,2540.3819994153027,2564.69189453125,84846225,0.0,0.0
2019-09-06 00:00:00+07:00,2589.001587454124,2607.2339665631675,2582.924073345748,2595.0791015625,125869894,0.0,0.0
2019-09-09 00:00:00+07:00,2607.2338763474913,2607.2338763474913,2534.30419921875,2534.30419921875,75150988,0.0,0.0
2019-09-10 00:00:00+07:00,2540.381714613962,2546.459228515625,2522.1493361250514,2546.459228515625,76217016,0.0,0.0
2019-09-11 00:00:00+07:00,2522.149420855533,2589.00158637146,2522.149420855533,2582.924072265625,125741191,0.0,0.0
2019-09-12 00:00:00+07:00,2613.311277270694,2643.698519015287,2595.0788995807243,2601.15625,95813194,0.0,0.0
2019-09-13 00:00:00+07:00,2625.4665114322383,2625.4665114322383,2601.1566166800026,2619.38916015625,61703145,0.0,0.0
2019-09-16 00:00:00+07:00,2607.23387788402,2607.23387788402,2491.7619298328145,2546.459228515625,145880779,0.0,0.0
2019-09-17 00:00:00+07:00,2528.2269349613675,2582.924072265625,2509.9945558599484,2582.924072265625,117840195,0.0,0.0
2019-09-18 00:00:00+07:00,2576.846923828125,2589.0019537646576,2558.6145421394335,2576.846923828125,84048931,0.0,0.0
2019-09-19 00:00:00+07:00,2552.537028581325,2570.769409114261,2552.537028581325,2564.69189453125,101320660,0.0,0.0
2019-09-20 00:00:00+07:00,2552.5366986140243,2564.691562992686,2509.9944284645944,2528.226806640625,239258752,0.0,0.0
2019-09-23 00:00:00+07:00,2528.2269707697606,2552.536864321326,2528.2269707697606,2540.3818359375,93391943,0.0,0.0
2019-09-24 00:00:00+07:00,2528.2270077979038,2528.2270077979038,2497.839599609375,2497.839599609375,104585626,0.0,0.0
2019-09-25 00:00:00+07:00,2473.5299070992387,2503.9173177619437,2443.142659652636,2479.607421875,91472409,0.0,0.0
2019-09-26 00:00:00+07:00,2497.839366190201,2558.614013671875,2491.761852477212,2558.614013671875,88134402,0.0,0.0
2019-09-27 00:00:00+07:00,2558.6142152971524,2558.6142152971524,2528.2269707697606,2540.3818359375,63434135,0.0,0.0
2019-09-30 00:00:00+07:00,2552.5367776395483,2552.5367776395483,2497.839478201974,2503.9169921875,83981500,0.0,0.0
2019-10-01 00:00:00+07:00,2503.9171943208803,2509.994708797025,2473.52978515625,2473.52978515625,87507501,0.0,0.0
2019-10-02 00:00:00+07:00,2461.3747473257367,2485.684640314524,2382.3675543081577,2388.445068359375,182983980,0.0,0.0
2019-10-03 00:00:00+07:00,2351.980301816209,2364.1351666577652,2315.515380859375,2315.515380859375,195391424,0.0,0.0
2019-10-04 00:00:00+07:00,2358.057825708726,2406.677448494409,2345.902797600243,2400.60009765625,103236563,0.0,0.0
2019-10-07 00:00:00+07:00,2412.755166162696,2424.910032080853,2345.9029955725887,2370.212890625,139378677,0.0,0.0
2019-10-08 00:00:00+07:00,2406.677447296945,2406.677447296945,2364.135175370588,2388.445068359375,131777876,0.0,0.0
2019-10-09 00:00:00+07:00,2400.6001392908142,2424.909869497228,2382.367596811876,2406.677490234375,129617548,0.0,0.0
2019-10-10 00:00:00+07:00,2412.755041498955,2424.909906789087,2358.0579028692277,2364.13525390625,118644859,0.0,0.0
2019-10-11 00:00:00+07:00,2400.599972855488,2406.6773233777017,2376.2900811184113,2382.367431640625,112429201,0.0,0.0
2019-10-14 00:00:00+07:00,2400.599972855488,2418.832350854277,2376.2900811184113,2382.367431640625,120763165,0.0,0.0
2019-10-15 00:00:00+07:00,2412.75508494971,2412.75508494971,2364.1352964814228,2394.522705078125,140902423,0.0,0.0
2019-10-16 00:00:00+07:00,2406.677774831114,2424.91015625,2394.522908290559,2424.91015625,90212558,0.0,0.0
2019-10-17 00:00:00+07:00,2430.9873487140167,2461.374755859375,2424.909834641728,2461.374755859375,115003686,0.0,0.0
2019-10-18 00:00:00+07:00,2461.3746853060875,2546.459227014913,2461.3746853060875,2534.30419921875,113976708,0.0,0.0
2019-10-21 00:00:00+07:00,2534.3042356829696,2546.459263654022,2497.839478201974,2503.9169921875,89234971,0.0,0.0
2019-10-22 00:00:00+07:00,2479.6072616187175,2516.072021484375,2473.5297472357443,2516.072021484375,90846609,0.0,0.0
2019-10-23 00:00:00+07:00,2522.1494565778476,2540.3818359375,2479.6071836666297,2540.3818359375,139892606,0.0,0.0
2019-10-24 00:00:00+07:00,2540.381367936986,2613.31103515625,2540.381367936986,2613.31103515625,172727403,0.0,0.0
2019-10-25 00:00:00+07:00,2613.3115607392656,2625.4664261123394,2564.6917728147937,2570.769287109375,123528393,0.0,0.0
2019-10-28 00:00:00+07:00,2570.769287109375,2589.0016667770296,2564.6917728147937,2570.769287109375,42188588,0.0,0.0
2019-10-29 00:00:00+07:00,2576.846638187867,2582.9241524824483,2540.3818788525573,2570.769287109375,90745077,0.0,0.0
2019-10-30 00:00:00+07:00,2589.00158637146,2589.00158637146,2546.4593140627867,2582.924072265625,52187101,0.0,0.0
2019-10-31 00:00:00+07:00,2558.614013671875,2576.8463915947696,2528.226771539075,2558.614013671875,83146256,0.0,0.0
2019-11-01 00:00:00+07:00,2564.6917294890654,2564.6917294890654,2522.1494565778476,2540.3818359375,69610742,0.0,0.0
2019-11-04 00:00:00+07:00,2540.381671019287,2558.6140491953174,2522.1492928432563,2528.226806640625,55300375,0.0,0.0
2019-11-05 00:00:00+07:00,2546.458881009272,2613.31103515625,2534.3038548647,2613.31103515625,145802018,0.0,0.0
2019-11-06 00:00:00+07:00,2631.543725115516,2631.543725115516,2528.226806640625,2528.226806640625,145752957,0.0,0.0
2019-11-07 00:00:00+07:00,2528.2271291249763,2528.2271291249763,2406.677653753912,2430.987548828125,321561514,0.0,0.0
2019-11-08 00:00:00+07:00,2437.0651860066605,2449.220052547216,2418.8328045877747,2424.91015625,148082467,0.0,0.0
2019-11-11 00:00:00+07:00,2400.6003023974313,2430.987548828125,2400.6003023974313,2430.987548828125,125489617,0.0,0.0
2019-11-12 00:00:00+07:00,2430.987548828125,2449.2199293297604,2418.8326828990666,2430.987548828125,120754695,0.0,0.0
2019-11-13 00:00:00+07:00,2430.987383656874,2437.06489781652,2382.367596811876,2406.677490234375,165100201,0.0,0.0
2019-11-14 00:00:00+07:00,2400.6002194406838,2412.75508494971,2370.212810843981,2394.522705078125,129874843,0.0,0.0
2019-11-15 00:00:00+07:00,2430.9875105924266,2491.7621657140185,2406.6776159005713,2485.684814453125,134210348,0.0,0.0
2019-11-18 00:00:00+07:00,2485.6846134470024,2516.0718569424716,2461.3747207209785,2503.9169921875,102464019,0.0,0.0
2019-11-19 00:00:00+07:00,2522.1493361250514,2546.459228515625,2479.6070652455674,2546.459228515625,155302002,0.0,0.0
2019-11-20 00:00:00+07:00,2534.3044848322916,2589.0017896471977,2522.149618882366,2564.69189453125,170292181,0.0,0.0
2019-11-21 00:00:00+07:00,2552.537028581325,2570.769409114261,2516.072104299355,2564.69189453125,125613039,0.0,0.0
2019-11-22 00:00:00+07:00,2570.769041097854,2582.923905307759,2528.226771539075,2558.614013671875,82167459,0.0,0.0
2019-11-25 00:00:00+07:00,2522.1497395784645,2540.3821209839016,2503.9173581730274,2509.994873046875,62254255,0.0,0.0
2019-11-26 00:00:00+07:00,2522.149658203125,2540.3820390203077,2491.7622480304212,2522.149658203125,244288809,0.0,0.0
2019-11-27 00:00:00+07:00,2491.7619283643376,2558.6140915949973,2491.7619283643376,2534.30419921875,72910799,0.0,0.0
2019-11-28 00:00:00+07:00,2509.9945420055155,2534.3042718625024,2461.374755859375,2461.374755859375,67893172,0.0,0.0
2019-11-29 00:00:00+07:00,2467.452434238257,2503.9171946679935,2437.065025069414,2485.684814453125,70620339,0.0,0.0
2019-12-02 00:00:00+07:00,2522.1492578260854,2558.614013671875,2503.9168799031904,2558.614013671875,60937642,0.0,0.0
2019-12-03 00:00:00+07:00,2558.6140915949973,2564.6916054930784,2528.226848536747,2534.30419921875,48090300,0.0,0.0
2019-12-04 00:00:00+07:00,2552.5371507315963,2552.5371507315963,2503.9173581730274,2509.994873046875,55684281,0.0,0.0
2019-12-05 00:00:00+07:00,2552.537028581325,2570.769409114261,2534.3044848322916,2564.69189453125,80063892,0.0,0.0
2019-12-06 00:00:00+07:00,2582.923983971244,2582.923983971244,2534.30419921875,2534.30419921875,73924136,0.0,0.0
2019-12-09 00:00:00+07:00,2546.459350129413,2558.6142152971524,2522.1494565778476,2540.3818359375,52623808,0.0,0.0
2019-12-10 00:00:00+07:00,2516.0718207405844,2540.3817131168316,2509.9944700585816,2534.30419921875,88013950,0.0,0.0
2019-12-11 00:00:00+07:00,2546.4591494619694,2558.614013671875,2528.226771539075,2558.614013671875,69260056,0.0,0.0
2019-12-12 00:00:00+07:00,2570.7692072700406,2595.079100477294,2558.6141790583715,2582.924072265625,138108485,0.0,0.0
2019-12-13 00:00:00+07:00,2601.15625,2607.2337636353473,2576.846358674683,2601.15625,184381444,0.0,0.0
2019-12-16 00:00:00+07:00,2613.3118080599793,2643.6990559765204,2607.2342931902294,2631.544189453125,196854450,0.0,0.0
2019-12-17 00:00:00+07:00,2649.7764892920727,2649.7764892920727,2613.3117276280855,2643.698974609375,155154269,0.0,0.0
2019-12-18 00:00:00+07:00,2661.9310733839043,2674.0859375,2643.698532385653,2674.0859375,174183278,0.0,0.0
2019-12-19 00:00:00+07:00,2643.698974609375,2655.8540039747704,2625.466593777381,2643.698974609375,103421146,0.0,0.0
2019-12-20 00:00:00+07:00,2643.6988527848607,2655.8538815901393,2625.466472793035,2649.7763671875,171838258,0.0,0.0
2019-12-23 00:00:00+07:00,2704.4736328125,2716.628498232849,2649.776330380705,2704.4736328125,135606712,0.0,0.0
2019-12-26 00:00:00+07:00,2686.2409249477873,2704.473466783138,2674.086060273633,2680.16357421875,55258354,0.0,0.0
2019-12-27 00:00:00+07:00,2661.931599749258,2698.3963625240904,2661.931599749258,2692.31884765625,62113562,0.0,0.0
2019-12-30 00:00:00+07:00,2704.4733426143466,2704.4733426143466,2649.7760460517366,2674.0859375,73085482,0.0,0.0
2020-01-02 00:00:00+07:00,2674.086060273633,2680.16357421875,2649.7761677092453,2680.16357421875,45886302,0.0,0.0
2020-01-03 00:00:00+07:00,2686.240966796875,2698.3959948764727,2668.008587893561,2686.240966796875,91189705,0.0,0.0
2020-01-06 00:00:00+07:00,2649.7762456417627,2668.008624797266,2625.4663523623967,2655.853759765625,48648450,0.0,0.0
2020-01-07 00:00:00+07:00,2680.1634511660836,2680.1634511660836,2661.9310733839043,2674.0859375,114344885,0.0,0.0
2020-01-08 00:00:00+07:00,2661.931396484375,2674.086262075806,2637.62150208542,2661.931396484375,188929583,0.0,0.0
2020-01-09 00:00:00+07:00,2674.0859375,2686.2408016160953,2655.8535597178206,2674.0859375,79280569,0.0,0.0
2020-01-10 00:00:00+07:00,2692.318438892904,2692.318438892904,2668.0085463285163,2680.16357421875,137292491,0.0,0.0
2020-01-13 00:00:00+07:00,2692.318447144093,2740.938232421875,2686.2409331803506,2740.938232421875,122488655,0.0,0.0
2020-01-14 00:00:00+07:00,2759.1708601456376,2795.635618630283,2747.0158318400327,2777.403076171875,174258629,0.0,0.0
2020-01-15 00:00:00+07:00,2777.403198470209,2783.480712890625,2753.0934672207304,2783.480712890625,112825318,0.0,0.0
2020-01-16 00:00:00+07:00,2777.403076171875,2789.5581044774804,2740.9383176872298,2777.403076171875,147387255,0.0,0.0
2020-01-17 00:00:00+07:00,2807.7904055849126,2819.9454342588374,2795.635703343168,2813.867919921875,133295352,0.0,0.0
2020-01-20 00:00:00+07:00,2850.332557595745,2850.332557595745,2813.867799565838,2832.100341796875,90022804,0.0,0.0
2020-01-21 00:00:00+07:00,2838.177490234375,2844.2550035284276,2819.944950352218,2838.177490234375,81224962,0.0,0.0
2020-01-22 00:00:00+07:00,2844.255333264422,2862.487548828125,2838.1778192658003,2862.487548828125,90609115,0.0,0.0
2020-01-23 00:00:00+07:00,2868.5651863232124,2892.8749169321113,2850.332643542406,2880.72021484375,153849977,0.0,0.0
2020-01-24 00:00:00+07:00,2874.642700583481,2886.797729104019,2844.255455714314,2880.72021484375,105620964,0.0,0.0
2020-01-27 00:00:00+07:00,2856.4099477122954,2856.4099477122954,2819.94519126486,2826.022705078125,103076840,0.0,0.0
2020-01-28 00:00:00+07:00,2783.4803113201665,2819.945066149736,2777.4027977765486,2807.7900390625,104935872,0.0,0.0
2020-01-29 00:00:00+07:00,2807.7900390625,2832.1000932369716,2795.6353384074023,2807.7900390625,214362682,0.0,0.0
2020-01-30 00:00:00+07:00,2856.4102330712453,2856.4102330712453,2783.480712890625,2783.480712890625,96500596,0.0,0.0
2020-01-31 00:00:00+07:00,2777.40319426572,2783.480708676935,2710.551025390625,2710.551025390625,150763654,0.0,0.0
2020-02-03 00:00:00+07:00,2710.551025390625,2728.7834054081795,2704.4736741955016,2710.551025390625,144745560,0.0,0.0
2020-02-04 00:00:00+07:00,2850.3324670810157,2850.3324670810157,2747.015710349219,2771.325439453125,123617275,0.0,0.0
2020-02-05 00:00:00+07:00,2777.402953337141,2783.4804672211562,2740.9381964652034,2771.325439453125,100395764,0.0,0.0
2020-02-06 00:00:00+07:00,2789.5583497644284,2789.5583497644284,2753.093588073423,2765.248291015625,104342852,0.0,0.0
2020-02-07 00:00:00+07:00,2783.4808350772273,2783.4808350772273,2759.1711027606234,2765.248291015625,146349277,0.0,0.0
2020-02-10 00:00:00+07:00,2734.860595703125,2753.0931367759804,2674.0859484418256,2734.860595703125,187982906,0.0,0.0
2020-02-11 00:00:00+07:00,2759.1707743131033,2759.1707743131033,2722.705853746727,2740.938232421875,93666727,0.0,0.0
2020-02-12 00:00:00+07:00,2747.0159913536636,2771.32572294432,2747.0159913536636,2753.093505859375,143167912,0.0,0.0
2020-02-13 00:00:00+07:00,2783.4805903246775,2789.5581044774804,2759.1708601456376,2777.403076171875,87683284,0.0,0.0
2020-02-14 00:00:00+07:00,2753.093588073423,2789.5583497644284,2753.093588073423,2765.248291015625,139707803,0.0,0.0
2020-02-17 00:00:00+07:00,2722.705932107406,2759.1708537232594,2716.62841796875,2716.62841796875,131738165,0.0,0.0
2020-02-18 00:00:00+07:00,2716.628206730442,2734.8605845126212,2674.0859375,2674.0859375,97565635,0.0,0.0
2020-02-19 00:00:00+07:00,2710.5510258629506,2722.7060546875,2704.473674666768,2722.7060546875,110893685,0.0,0.0
2020-02-20 00:00:00+07:00,2747.015710349219,2783.4804672211562,2740.9381964652034,2771.325439453125,108000305,0.0,0.0
2020-02-21 00:00:00+07:00,2771.325475808428,2771.325475808428,2740.938232421875,2740.938232421875,117658802,0.0,0.0
2020-02-24 00:00:00+07:00,2759.171266647186,2759.171266647186,2716.628824525985,2728.78369140625,113200755,0.0,0.0
2020-02-25 00:00:00+07:00,2710.5507041553906,2765.247837725738,2710.5507041553906,2734.860595703125,125324724,0.0,0.0
2020-02-26 00:00:00+07:00,2734.860920295957,2740.9384347082314,2716.628540275225,2722.7060546875,164120194,0.0,0.0
2020-02-27 00:00:00+07:00,2765.772665995645,2765.772665995645,2601.5943388456535,2607.908935546875,227877075,152.90845,0.0
2020-02-28 00:00:00+07:00,2519.505058092626,2645.796142578125,2468.9887938815345,2645.796142578125,211162617,0.0,0.0
2020-03-02 00:00:00+07:00,2645.79593058499,2652.110526699088,2513.1904296875,2513.1904296875,206428685,0.0,0.0
2020-03-03 00:00:00+07:00,2557.3926854159054,2639.481770115548,2525.8198692174387,2588.96533203125,218258509,0.0,0.0
2020-03-04 00:00:00+07:00,2614.223312617303,2677.368769671308,2607.9088856200774,2664.73974609375,127937929,0.0,0.0
2020-03-05 00:00:00+07:00,2708.941513315344,2715.2561097332637,2607.908818544138,2620.537841796875,146949558,0.0,0.0
2020-03-06 00:00:00+07:00,2551.0781437825044,2557.3927410762562,2525.819924190623,2532.134521484375,175334118,0.0,0.0
2020-03-09 00:00:00+07:00,2462.67407688537,2494.246888859235,2367.955810546875,2367.955810546875,163934401,0.0,0.0
2020-03-10 00:00:00+07:00,2386.899759052907,2544.76350152554,2386.899759052907,2468.989013671875,182576203,0.0,0.0
2020-03-11 00:00:00+07:00,2494.2472328174713,2544.76350152554,2450.0453917084587,2468.989013671875,195275262,0.0,0.0
2020-03-12 00:00:00+07:00,2412.1577572758247,2424.786950483512,2273.2376494899063,2279.55224609375,167137546,0.0,0.0
2020-03-13 00:00:00+07:00,2279.552155886974,2380.585019217958,2121.6884341196387,2349.01220703125,295725807,0.0,0.0
2020-03-16 00:00:00+07:00,2367.9557582310267,2367.9557582310267,2184.8338259111893,2210.092041015625,196265939,0.0,0.0
2020-03-17 00:00:00+07:00,2210.09235549869,2254.294195825339,2058.543212890625,2058.543212890625,229429422,0.0,0.0
2020-03-18 00:00:00+07:00,2064.8575535178798,2172.204842467394,1951.195668282188,1982.768310546875,272919333,0.0,0.0
2020-03-19 00:00:00+07:00,1976.4540524487188,1982.76847969046,1850.1629638671875,1850.1629638671875,151744210,0.0,0.0
2020-03-20 00:00:00+07:00,1850.1632131637111,1875.4214342833857,1723.8722771484752,1774.3885498046875,658210668,0.0,0.0
2020-03-23 00:00:00+07:00,1673.3556081819402,1704.9284226994369,1654.4119873046875,1654.4119873046875,180848183,0.0,0.0
2020-03-24 00:00:00+07:00,1629.1538009186304,1736.5011010082856,1540.7501220703125,1540.7501220703125,544651637,0.0,0.0
2020-03-26 00:00:00+07:00,1578.6376284071691,1894.365154088603,1578.6376284071691,1856.4779052734375,698059077,0.0,0.0
2020-03-27 00:00:00+07:00,1894.3645528304974,2317.4392622626997,1894.3645528304974,2039.5992431640625,529032687,0.0,0.0
2020-03-30 00:00:00+07:00,1989.0828671281713,1989.0828671281713,1900.67919921875,1900.67919921875,239264252,0.0,0.0
2020-03-31 00:00:00+07:00,1957.5101596944028,2020.6557854773714,1875.4210835928907,1906.993896484375,346502244,0.0,0.0
2020-04-01 00:00:00+07:00,1900.6793992998,1944.8812379075575,1831.2193429757363,1850.1629638671875,298923123,0.0,0.0
2020-04-02 00:00:00+07:00,1799.6468053833378,1831.2196247832596,1768.0741555665556,1812.2760009765625,329876337,0.0,0.0
2020-04-03 00:00:00+07:00,1850.1627558926866,1862.7919481227648,1787.01730349158,1824.904541015625,322467159,0.0,0.0
2020-04-06 00:00:00+07:00,1862.79206018616,1913.3083233961877,1837.5338437895934,1906.993896484375,313615306,0.0,0.0
2020-04-07 00:00:00+07:00,1957.5101865131753,2045.9138603207755,1862.7920857072515,1913.308349609375,445935822,0.0,0.0
2020-04-08 00:00:00+07:00,1894.3650338120483,1919.6232546128517,1780.703125,1780.703125,322246825,0.0,0.0
2020-04-09 00:00:00+07:00,1805.9608654519593,1837.5336754510222,1736.5008191204925,1761.759033203125,292370749,0.0,0.0
2020-04-13 00:00:00+07:00,1761.759518895479,1793.3323375987245,1704.9286487294003,1749.1304931640625,136106890,0.0,0.0
2020-04-14 00:00:00+07:00,1761.759185928357,1831.21923828125,1749.1301625837875,1831.21923828125,241711574,0.0,0.0
2020-04-15 00:00:00+07:00,1831.219479715165,1888.05034663315,1723.8721735924423,1742.8157958984375,351010672,0.0,0.0
2020-04-16 00:00:00+07:00,1749.1302842245334,1749.1302842245334,1629.1537909835617,1648.097412109375,404530667,0.0,0.0
2020-04-17 00:00:00+07:00,1685.9847030897633,1793.3321752104823,1679.6702755874016,1787.017578125,442565694,0.0,0.0
2020-04-20 00:00:00+07:00,1818.5901620908699,1831.2193558292252,1742.8156779931971,1755.4447021484375,244213568,0.0,0.0
2020-04-21 00:00:00+07:00,1736.5013633611773,1761.7595853600442,1698.614115154448,1717.5577392578125,146163154,0.0,0.0
2020-04-22 00:00:00+07:00,1704.9281787045188,1787.0172472857573,1673.355368705456,1761.759033203125,197501041,0.0,0.0
2020-04-23 00:00:00+07:00,1787.0174730990414,1818.5901175046358,1761.7592558246993,1768.0738525390625,237791877,0.0,0.0
2020-04-24 00:00:00+07:00,1768.074169634276,1768.074169634276,1660.7266845703125,1660.7266845703125,323088010,0.0,0.0
2020-04-27 00:00:00+07:00,1692.299312767755,1704.9285070326946,1648.0974720067104,1679.6702880859375,200872709,0.0,0.0
2020-04-28 00:00:00+07:00,1692.299247024119,1698.613843911275,1622.8391900147506,1635.4683837890625,295130807,0.0,0.0
2020-04-29 00:00:00+07:00,1641.7827099365109,1654.4119029326891,1616.5244935272594,1629.1536865234375,230054013,0.0,0.0
2020-04-30 00:00:00+07:00,1654.4118958115032,1730.1863751299923,1648.0972993405944,1723.8719482421875,475289499,0.0,0.0
2020-05-04 00:00:00+07:00,1685.9849063745896,1692.2995042214443,1641.7830606128898,1660.7266845703125,220673601,0.0,0.0
2020-05-05 00:00:00+07:00,1660.7266845703125,1692.2995042214443,1648.0976584597445,1660.7266845703125,203241160,0.0,0.0
2020-05-06 00:00:00+07:00,1660.726414541696,1673.3556081819402,1641.7827936644433,1654.4119873046875,190361478,0.0,0.0
2020-05-08 00:00:00+07:00,1667.041029058611,1679.6702228329227,1629.1537869019066,1635.4683837890625,226345299,0.0,0.0
2020-05-11 00:00:00+07:00,1660.726414541696,1667.041011361818,1641.7827936644433,1654.4119873046875,170062057,0.0,0.0
2020-05-12 00:00:00+07:00,1654.4120046806638,1660.7264319839915,1559.693729716479,1572.32275390625,405546974,0.0,0.0
2020-05-13 00:00:00+07:00,1553.3792502923145,1591.2666648928,1540.7502251475714,1559.69384765625,372457853,0.0,0.0
2020-05-14 00:00:00+07:00,1540.7500998711168,1566.008317690017,1471.2900432649196,1483.9190673828125,517300545,0.0,0.0
2020-05-15 00:00:00+07:00,1502.8625702084712,1515.491762916675,1395.515280104245,1414.458984375,654135428,0.0,0.0
2020-05-18 00:00:00+07:00,1420.7735509805837,1433.4027441780624,1363.942605549698,1370.2572021484375,501017513,0.0,0.0
2020-05-19 00:00:00+07:00,1420.7734506201366,1528.1207373003817,1420.7734506201366,1496.548095703125,584451204,0.0,0.0
2020-05-20 00:00:00+07:00,1490.233648142716,1578.6373247627828,1464.975430596538,1566.00830078125,433842983,0.0,0.0
2020-05-26 00:00:00+07:00,1610.2100997937193,1610.2100997937193,1559.6936659342289,1591.2664794921875,444514707,0.0,0.0
2020-05-27 00:00:00+07:00,1603.8958126980447,1660.7266845703125,1591.2667865874766,1660.7266845703125,476102523,0.0,0.0
2020-05-28 00:00:00+07:00,1667.0409191702165,1755.4445914305231,1667.0409191702165,1723.8719482421875,498739044,0.0,0.0
2020-05-29 00:00:00+07:00,1704.9286078350003,1862.7923583984373,1704.9286078350003,1862.7923583984375,959884609,0.0,0.0
2020-06-02 00:00:00+07:00,1862.7921909053994,2077.4867909674963,1862.7921909053994,2008.0267333984375,514215761,0.0,0.0
2020-06-03 00:00:00+07:00,2020.65600873639,2071.172277527879,1900.6795099924661,1957.5103759765625,481917223,0.0,0.0
2020-06-04 00:00:00+07:00,1970.1392382402369,2020.6556680989058,1913.3082122534604,1932.2518310546875,275162272,0.0,0.0
2020-06-05 00:00:00+07:00,1938.5663707666672,1976.4537768496177,1869.1063241281963,1963.8245849609375,294137820,0.0,0.0
2020-06-08 00:00:00+07:00,2008.026854591454,2128.0033557396723,2001.7122572723038,2083.801513671875,422772612,0.0,0.0
2020-06-09 00:00:00+07:00,2115.3740149414834,2121.688611824332,2026.9703369140623,2026.9703369140625,279951975,0.0,0.0
2020-06-10 00:00:00+07:00,2008.026619998406,2008.026619998406,1894.3647294481902,1913.308349609375,487562851,0.0,0.0
2020-06-11 00:00:00+07:00,1976.454011342049,1976.454011342049,1831.2193048896856,1875.421142578125,409589324,0.0,0.0
2020-06-12 00:00:00+07:00,1831.2192723832054,1919.6229461908058,1768.0738153182206,1913.308349609375,519350210,0.0,0.0
2020-06-15 00:00:00+07:00,1919.6229104425493,1925.9375069063863,1824.9046418174132,1831.21923828125,253847754,0.0,0.0
2020-06-16 00:00:00+07:00,1875.420880695789,1989.082757391991,1869.1062848840315,1976.4537353515625,372556634,0.0,0.0
2020-06-17 00:00:00+07:00,2020.65600873639,2020.65600873639,1944.8813511744713,1957.5103759765625,240003025,0.0,0.0
2020-06-18 00:00:00+07:00,1925.9376220703123,1970.139460794068,1919.623025228886,1925.9376220703125,144039347,0.0,0.0
2020-06-19 00:00:00+07:00,1944.8813511744713,1963.82497316917,1932.2521567892563,1957.5103759765625,183669732,0.0,0.0
2020-06-22 00:00:00+07:00,1957.510045984022,1963.8246421121296,1913.3082122534604,1932.2518310546875,104916512,0.0,0.0
2020-06-23 00:00:00+07:00,1906.993795378879,1932.2518408532028,1881.735580321459,1900.67919921875,188566907,0.0,0.0
2020-06-24 00:00:00+07:00,1925.9375668406844,1982.768428034454,1900.679349782417,1970.139404296875,339338591,0.0,0.0
2020-06-25 00:00:00+07:00,1957.510045984022,1963.8246421121296,1919.622808381568,1932.2518310546875,174033235,0.0,0.0
2020-06-26 00:00:00+07:00,1957.5101865131753,1970.1393796760365,1906.9939226110516,1913.308349609375,162039618,0.0,0.0
2020-06-29 00:00:00+07:00,1919.622802734375,1932.2518253703424,1881.7355652433785,1919.622802734375,130693147,0.0,0.0
2020-06-30 00:00:00+07:00,1938.5665663519906,1963.824783094606,1913.308349609375,1913.308349609375,147418716,0.0,0.0
2020-07-01 00:00:00+07:00,1919.622808381568,1938.566427182795,1913.3082122534604,1932.2518310546875,111421694,0.0,0.0
2020-07-02 00:00:00+07:00,1951.1956194390098,1951.1956194390098,1919.622808381568,1932.2518310546875,186436280,0.0,0.0
2020-07-03 00:00:00+07:00,1932.2520493286245,1951.1958398529034,1919.623025228886,1925.9376220703125,54421019,0.0,0.0
2020-07-06 00:00:00+07:00,1938.5664214798735,1957.5100402253718,1913.3082066248442,1919.622802734375,148148028,0.0,0.0
2020-07-07 00:00:00+07:00,1938.5665663519906,1944.8811629334211,1913.308349609375,1913.308349609375,228112810,0.0,0.0
2020-07-08 00:00:00+07:00,1919.6229175477172,2020.6557830106467,1913.308321060508,2014.3411865234375,373640813,0.0,0.0
2020-07-09 00:00:00+07:00,2014.3411223946612,2039.5993379562703,1982.768310546875,1982.768310546875,211404181,0.0,0.0
2020-07-10 00:00:00+07:00,1976.4537768496177,1989.082799155208,1957.5099890165975,1963.8245849609375,117829855,0.0,0.0
2020-07-13 00:00:00+07:00,1976.4539629739459,2008.0266065026885,1925.9375298282303,1995.3975830078125,105451891,0.0,0.0
2020-07-14 00:00:00+07:00,1995.397852464857,2052.2287202408556,1976.4542298728572,2001.7122802734375,232365483,0.0,0.0
2020-07-15 00:00:00+07:00,2020.6555668676917,2045.9136109485487,1976.4537353515625,1976.4537353515625,182296468,0.0,0.0
2020-07-16 00:00:00+07:00,1976.4538838437973,1995.3975031192292,1976.4538838437973,1982.768310546875,128809144,0.0,0.0
2020-07-17 00:00:00+07:00,1982.768595163869,1989.0831923564763,1957.5103759765625,1957.5103759765625,131548742,0.0,0.0
2020-07-20 00:00:00+07:00,1957.5102671112154,1976.4540576354943,1913.3084283874598,1925.9376220703125,150206164,0.0,0.0
2020-07-21 00:00:00+07:00,1925.937432299265,2008.0265048167544,1925.937432299265,1989.0828857421875,224576578,0.0,0.0
2020-07-22 00:00:00+07:00,1995.3977895490839,2001.7122171585677,1951.1959483670787,1957.5103759765625,190916547,0.0,0.0
2020-07-23 00:00:00+07:00,1970.13928755762,1995.3975031192292,1957.5100949852658,1982.768310546875,162646279,0.0,0.0
2020-07-24 00:00:00+07:00,1976.4540180580586,1982.7684451899277,1951.1958007812498,1951.19580078125,104287961,0.0,0.0
2020-07-27 00:00:00+07:00,1951.1956475930535,1989.0828857421875,1951.1956475930535,1989.0828857421875,103970385,0.0,0.0
2020-07-28 00:00:00+07:00,1995.3975031192292,2001.711929822307,1957.5100949852658,1982.768310546875,113763744,0.0,0.0
2020-07-29 00:00:00+07:00,1982.768428034454,1989.0830246947983,1957.5102109761867,1970.139404296875,73895646,0.0,0.0
2020-07-30 00:00:00+07:00,1976.4539629739459,2001.7120099636975,1963.8247698959638,1995.3975830078125,86328061,0.0,0.0
2020-08-03 00:00:00+07:00,2001.7121931572135,2008.0267902741064,1875.421268318086,1888.05029296875,373214336,0.0,0.0
2020-08-04 00:00:00+07:00,1894.3647904733675,1944.8812255859377,1894.3647904733675,1944.8812255859375,171919769,0.0,0.0
2020-08-05 00:00:00+07:00,1957.510249572524,1963.8248463573732,1919.6230080296525,1944.8812255859375,177648668,0.0,0.0
2020-08-06 00:00:00+07:00,1957.5099890165975,1976.4537768496177,1951.1955626553474,1963.8245849609375,126064817,0.0,0.0
2020-08-07 00:00:00+07:00,1963.8245849609375,1976.4537768496177,1932.251774822327,1963.8245849609375,98910738,0.0,0.0
2020-08-10 00:00:00+07:00,1963.8245437280475,1989.082757391991,1957.50994791629,1976.4537353515625,100613457,0.0,0.0
2020-08-11 00:00:00+07:00,1976.4539467663913,2033.2848064019604,1976.4539467663913,2014.3411865234375,189708286,0.0,0.0
2020-08-12 00:00:00+07:00,2014.3410883415302,2128.0029716557283,2014.3410883415302,2115.373779296875,505369848,0.0,0.0
2020-08-13 00:00:00+07:00,2115.3736509155556,2178.5192697113434,2083.801011100748,2102.74462890625,235648930,0.0,0.0
2020-08-14 00:00:00+07:00,2102.7447300718763,2115.37375268878,2071.171919154976,2109.059326171875,109069303,0.0,0.0
2020-08-18 00:00:00+07:00,2109.05977368549,2229.0361075442397,2109.05977368549,2222.7216796875,288206078,0.0,0.0
2020-08-19 00:00:00+07:00,2222.7216856669575,2298.496176816722,2222.7216856669575,2247.979736328125,239290433,0.0,0.0
2020-08-24 00:00:00+07:00,2229.035796221473,2304.8104461673042,2222.7213692466507,2298.495849609375,214473234,0.0,0.0
2020-08-25 00:00:00+07:00,2317.4393231408426,2399.528564453125,2298.495704248191,2399.528564453125,197233406,0.0,0.0
2020-08-26 00:00:00+07:00,2399.5285199469163,2412.1575424467433,2336.383068281596,2361.64111328125,178162157,0.0,0.0
2020-08-27 00:00:00+07:00,2361.641348294399,2386.8995653906572,2311.1250836849918,2336.38330078125,206786961,0.0,0.0
2020-08-28 00:00:00+07:00,2342.6978721908404,2361.6414937842865,2304.8106290039486,2330.06884765625,85678499,0.0,0.0
2020-08-31 00:00:00+07:00,2336.383223103859,2361.6412697772575,2210.0921418213484,2216.40673828125,292651694,0.0,0.0
2020-09-01 00:00:00+07:00,2241.665005636902,2292.181439301438,2197.463168576211,2279.55224609375,216658972,0.0,0.0
2020-09-02 00:00:00+07:00,2285.8667838183324,2311.125,2266.9231640778576,2311.125,117619091,0.0,0.0
2020-09-03 00:00:00+07:00,2311.1248270198453,2330.068445342452,2241.664780114893,2260.6083984375,197577052,0.0,0.0
2020-09-04 00:00:00+07:00,2279.5522800842864,2279.5522800842864,2197.463201342712,2241.6650390625,148013826,0.0,0.0
2020-09-07 00:00:00+07:00,2241.6649545377522,2254.2939778744512,2210.0921418213484,2216.40673828125,104297421,0.0,0.0
2020-09-08 00:00:00+07:00,2216.40708224763,2254.29432772059,2216.40708224763,2222.7216796875,89521636,0.0,0.0
2020-09-09 00:00:00+07:00,2197.4633146074766,2203.777742047834,2134.317853122063,2153.261474609375,196282440,0.0,0.0
2020-09-10 00:00:00+07:00,2083.801387905534,2083.801387905534,2008.0267333984375,2008.0267333984375,305637969,0.0,0.0
2020-09-11 00:00:00+07:00,1906.9942040410733,2090.116005679311,1900.679606527748,2052.228759765625,641858446,0.0,0.0
2020-09-14 00:00:00+07:00,2083.8011646555315,2178.5194302458917,2083.8011646555315,2172.204833984375,303482811,0.0,0.0
2020-09-15 00:00:00+07:00,2172.2046739151474,2184.833695924453,2090.115437313858,2102.74462890625,215087925,0.0,0.0
2020-09-16 00:00:00+07:00,2128.003271915805,2140.63229647351,2045.9140187497992,2058.543212890625,152384862,0.0,0.0
2020-09-17 00:00:00+07:00,2064.857472756645,2090.115517747256,2001.7118515308402,2020.6556396484375,184375724,0.0,0.0
2020-09-18 00:00:00+07:00,2020.6555241251483,2064.8573547062847,2014.3409284469622,2033.2845458984375,223172404,0.0,0.0
2020-09-21 00:00:00+07:00,2020.6557830106467,2052.2284262804837,1989.082970157705,2014.3411865234375,125587849,0.0,0.0
2020-09-22 00:00:00+07:00,1963.8245437280475,2014.3409710559345,1957.50994791629,1976.4537353515625,148046607,0.0,0.0
2020-09-23 00:00:00+07:00,2001.7120879002446,2008.026684685094,1925.937604814502,1944.8812255859375,132670981,0.0,0.0
2020-09-24 00:00:00+07:00,1913.308349609375,1944.8811629334211,1900.679326029621,1913.308349609375,180569548,0.0,0.0
2020-09-25 00:00:00+07:00,1932.251956784115,2008.0266065026885,1919.6229332892392,1995.3975830078125,186363128,0.0,0.0
2020-09-28 00:00:00+07:00,2008.0266624667363,2039.5994764585248,1944.88120406627,1951.19580078125,149014953,0.0,0.0
2020-09-29 00:00:00+07:00,1970.1392324444337,1995.397447299463,1906.9937800984078,1919.622802734375,200970281,0.0,0.0
2020-09-30 00:00:00+07:00,1932.2518253703424,1944.8810175894043,1894.3645878793457,1919.622802734375,184622458,0.0,0.0
2020-10-01 00:00:00+07:00,1951.195746401088,2001.7120099636975,1932.251956784115,1995.3975830078125,143036570,0.0,0.0
2020-10-02 00:00:00+07:00,2008.0268143511753,2026.970436345874,1932.2521567892563,1957.5103759765625,172772944,0.0,0.0
2020-10-05 00:00:00+07:00,1995.3975830078127,2001.7120099636975,1963.8247698959638,1995.3975830078125,101996951,0.0,0.0
2020-10-06 00:00:00+07:00,2033.2848064019604,2045.9138297932743,2008.026590036228,2014.3411865234375,132900775,0.0,0.0
2020-10-07 00:00:00+07:00,1995.3976213551425,2001.7120484323773,1944.8811872386077,1970.139404296875,317619596,0.0,0.0
2020-10-08 00:00:00+07:00,1989.0828857421875,2001.711908597533,1963.824670448399,1989.0828857421875,136318754,0.0,0.0
2020-10-09 00:00:00+07:00,1989.0828857421875,2001.711908597533,1970.1392666676206,1989.0828857421875,89241681,0.0,0.0
2020-10-12 00:00:00+07:00,1995.3975666449141,2026.9702099147512,1989.082970157705,2014.3411865234375,172174643,0.0,0.0
2020-10-13 00:00:00+07:00,2014.34102006086,2083.801066930758,1989.0828057824344,2071.171875,224885904,0.0,0.0
2020-10-14 00:00:00+07:00,2083.8012368470245,2134.3176695230613,2077.486640366744,2121.6884765625,213271353,0.0,0.0
2020-10-15 00:00:00+07:00,2121.6885363644615,2134.3177296809895,2090.11572265625,2090.11572265625,201627762,0.0,0.0
2020-10-16 00:00:00+07:00,2109.059798219286,2121.688823662804,2026.9705392954568,2052.228759765625,154490628,0.0,0.0
2020-10-19 00:00:00+07:00,2058.5428526523324,2077.486470965379,2039.5992343392859,2071.171875,105821057,0.0,0.0
2020-10-20 00:00:00+07:00,2071.172382722468,2077.486980235793,2026.9705392954568,2052.228759765625,147444676,0.0,0.0
2020-10-21 00:00:00+07:00,2071.172034583948,2090.1156543566017,2039.5993914905596,2045.913818359375,128682202,0.0,0.0
2020-10-22 00:00:00+07:00,2033.2850742849278,2083.801513671875,2020.6560492297542,2083.801513671875,176153302,0.0,0.0
2020-10-23 00:00:00+07:00,2115.3740593321677,2115.3740593321677,2064.8577919586505,2077.48681640625,128973377,0.0,0.0
2020-10-26 00:00:00+07:00,2083.8011113549737,2121.6883487887785,2077.4865152549746,2109.059326171875,111346673,0.0,0.0
2020-10-27 00:00:00+07:00,2109.059453185043,2146.9466929005184,2102.7448567047622,2121.6884765625,201640192,0.0,0.0
2020-11-02 00:00:00+07:00,2121.688434244458,2140.632053724357,2083.8011952846614,2134.317626953125,172465378,0.0,0.0
2020-11-03 00:00:00+07:00,2140.632053724357,2146.9466500786903,2121.688434244458,2134.317626953125,133604017,0.0,0.0
2020-11-04 00:00:00+07:00,2159.5758992734445,2159.5758992734445,2077.48681640625,2077.48681640625,152055736,0.0,0.0
2020-11-05 00:00:00+07:00,2128.0028714957866,2203.77734375,2121.6882756135724,2203.77734375,258276321,0.0,0.0
2020-11-06 00:00:00+07:00,2216.4070882101,2273.2379565724236,2191.1488679658014,2247.979736328125,295649686,0.0,0.0
2020-11-09 00:00:00+07:00,2323.7542505973947,2330.06884765625,2260.6087887582016,2330.06884765625,283205831,0.0,0.0
2020-11-10 00:00:00+07:00,2399.52866890746,2532.1341765115894,2380.5850491901706,2525.819580078125,622129055,0.0,0.0
2020-11-11 00:00:00+07:00,2506.8762050086993,2645.7963226036077,2494.247180492399,2601.594482421875,392814584,0.0,0.0
2020-11-12 00:00:00+07:00,2588.965173958515,2588.965173958515,2475.3032800001843,2494.2470703125,366633582,0.0,0.0
2020-11-13 00:00:00+07:00,2506.8759603608355,2576.3360123796324,2500.5613639273715,2525.819580078125,261115910,0.0,0.0
2020-11-16 00:00:00+07:00,2557.3925557977072,2570.0215798871345,2481.617902511802,2500.5615234375,212327977,0.0,0.0
2020-11-17 00:00:00+07:00,2525.8197411994684,2538.4489348720094,2481.617902511802,2500.5615234375,198939646,0.0,0.0
2020-11-18 00:00:00+07:00,2513.1906401679094,2557.392477502322,2506.876043524962,2551.077880859375,200926500,0.0,0.0
2020-11-19 00:00:00+07:00,2532.134260513642,2607.908911479682,2513.1906401679094,2551.077880859375,219674674,0.0,0.0
2020-11-20 00:00:00+07:00,2551.078244251747,2576.3364648383745,2519.50542612268,2538.44921875,137266310,0.0,0.0
2020-11-23 00:00:00+07:00,2532.134102916656,2588.9649604167703,2532.134102916656,2576.3359375,135864336,0.0,0.0
2020-11-24 00:00:00+07:00,2601.5944041324906,2671.0544608396935,2576.3361862768606,2652.11083984375,226784757,0.0,0.0
2020-11-25 00:00:00+07:00,2727.885498046875,2772.087339721447,2683.683656372303,2727.885498046875,311676963,0.0,0.0
2020-11-26 00:00:00+07:00,2664.7398123947314,2727.8852710198494,2664.7398123947314,2708.941650390625,150181303,0.0,0.0
2020-11-27 00:00:00+07:00,2734.199987052117,2759.458205520818,2696.312744140625,2696.312744140625,126437063,0.0,0.0
2020-11-30 00:00:00+07:00,2683.683330800793,2702.626950708443,2519.5050089626516,2582.650634765625,493687757,0.0,0.0
2020-12-01 00:00:00+07:00,2607.90900914319,2689.99809024322,2570.021597449771,2677.368896484375,251258199,0.0,0.0
2020-12-02 00:00:00+07:00,2727.885126739443,2740.514319546364,2683.683291081426,2715.256103515625,149985830,0.0,0.0
2020-12-03 00:00:00+07:00,2746.8290396633183,2778.40185546875,2715.2563934410073,2778.40185546875,218887830,0.0,0.0
2020-12-04 00:00:00+07:00,2778.4015588009206,2778.4015588009206,2696.312483888347,2715.256103515625,165420527,0.0,0.0
2020-12-07 00:00:00+07:00,2746.8290396633183,2791.0308800410503,2746.8290396633183,2778.40185546875,154937236,0.0,0.0
2020-12-08 00:00:00+07:00,2778.40185546875,2778.40185546875,2740.5146121687285,2778.40185546875,89400744,0.0,0.0
2020-12-10 00:00:00+07:00,2809.9746055836054,2809.9746055836054,2734.199951171875,2734.199951171875,212997338,0.0,0.0
2020-12-11 00:00:00+07:00,2778.4016024064586,2778.4016024064586,2689.997929702976,2702.626953125,191894904,0.0,0.0
2020-12-14 00:00:00+07:00,2715.256146130129,2721.5707426326935,2696.3125262055405,2702.626953125,140126140,0.0,0.0
2020-12-15 00:00:00+07:00,2702.626953125,2708.941549627564,2677.368736697847,2702.626953125,147085740,0.0,0.0
2020-12-16 00:00:00+07:00,2740.5146925728245,2746.8291202526734,2715.256473104051,2727.885498046875,143051750,0.0,0.0
2020-12-17 00:00:00+07:00,2753.1435723790282,2753.1435723790282,2721.5709268948117,2734.199951171875,155902502,0.0,0.0
2020-12-18 00:00:00+07:00,2696.3125262055405,2715.256146130129,2696.3125262055405,2702.626953125,228155710,0.0,0.0
2020-12-21 00:00:00+07:00,2734.1999472724124,2740.514544193497,2658.42529296875,2658.42529296875,240869950,0.0,0.0
2020-12-22 00:00:00+07:00,2677.3688209278725,2702.627038149649,2601.5943388456535,2607.908935546875,188635658,0.0,0.0
2020-12-23 00:00:00+07:00,2620.5379424021557,2639.4815628000792,2494.247026693928,2626.8525390625,187175822,0.0,0.0
2020-12-28 00:00:00+07:00,2683.68359375,2689.998190865627,2626.852728458722,2683.68359375,94730336,0.0,0.0
2020-12-29 00:00:00+07:00,2683.6835290302993,2702.6271503372145,2633.1670924897808,2639.481689453125,82725388,0.0,0.0
2020-12-30 00:00:00+07:00,2645.796185633119,2658.4252094956264,2607.908944462485,2633.1669921875,99024700,0.0,0.0
2021-01-04 00:00:00+07:00,2620.5381679913826,2727.8854725426877,2620.5381679913826,2721.571044921875,106226854,0.0,0.0
2021-01-05 00:00:00+07:00,2715.256365596371,2715.256365596371,2677.36895310176,2696.312744140625,106964857,0.0,0.0
2021-01-06 00:00:00+07:00,2702.6271059718947,2715.256299691267,2626.85262198812,2652.11083984375,128299616,0.0,0.0
2021-01-07 00:00:00+07:00,2689.997929702976,2708.941549627564,2658.4251167732587,2702.626953125,141798389,0.0,0.0
2021-01-08 00:00:00+07:00,2734.199675468557,2772.0869140625,2715.2560561715854,2772.0869140625,205011531,0.0,0.0
2021-01-11 00:00:00+07:00,2791.030444114126,2942.579732810193,2784.7160176057773,2936.26513671875,422093240,0.0,0.0
2021-01-12 00:00:00+07:00,2955.209479359148,3012.0401765105967,2948.8948820831533,2980.467529296875,260390447,0.0,0.0
2021-01-13 00:00:00+07:00,3012.039995659427,3056.241834771138,2999.4111410319606,3024.669189453125,231181533,0.0,0.0
2021-01-14 00:00:00+07:00,3043.613270701477,3049.9275290348837,2980.4676348710364,3012.040283203125,146980798,0.0,0.0
2021-01-15 00:00:00+07:00,3012.039791991379,3012.039791991379,2873.1196871528937,2892.0634765625,225189839,0.0,0.0
2021-01-18 00:00:00+07:00,2892.063728430774,2936.2655684031606,2866.805679517798,2917.32177734375,182568723,0.0,0.0
2021-01-19 00:00:00+07:00,2967.83821433594,2967.83821433594,2911.0075194901847,2917.32177734375,152430182,0.0,0.0
2021-01-20 00:00:00+07:00,2948.894588521936,3106.7581480415447,2936.265395227177,3087.814697265625,277723446,0.0,0.0
2021-01-21 00:00:00+07:00,3106.7582707796983,3125.7020614702446,3012.039995659427,3024.669189453125,177275431,0.0,0.0
2021-01-22 00:00:00+07:00,3068.8712128282973,3068.8712128282973,2955.209479359148,2980.467529296875,183332136,0.0,0.0
2021-01-25 00:00:00+07:00,3024.669088874371,3024.669088874371,2911.0073660093567,3018.3544921875,165278734,0.0,0.0
2021-01-26 00:00:00+07:00,3018.3542075751325,3024.668803666575,2917.321348444421,2936.26513671875,163850580,0.0,0.0
2021-01-27 00:00:00+07:00,2936.2655684031606,2980.467408375547,2841.547291438584,2917.32177734375,198692361,0.0,0.0
2021-01-28 00:00:00+07:00,2892.0638204440324,2936.265661822735,2791.0309432452127,2822.603759765625,176270344,0.0,0.0
2021-01-29 00:00:00+07:00,2885.749105609256,2911.0074934626327,2639.481689453125,2639.481689453125,308226863,0.0,0.0
2021-02-01 00:00:00+07:00,2639.481737257844,2803.6600741964708,2500.5616190469386,2778.40185546875,355113743,0.0,0.0
2021-02-02 00:00:00+07:00,2835.232635918705,2835.232635918705,2689.9980945417183,2753.1435546875,167527833,0.0,0.0
2021-02-03 00:00:00+07:00,2828.9181642333047,2828.9181642333047,2753.1435114972214,2765.772705078125,124241205,0.0,0.0
2021-02-04 00:00:00+07:00,2809.9746173556823,2892.0636994582896,2759.4581808695625,2835.232666015625,162519997,0.0,0.0
2021-02-05 00:00:00+07:00,2866.805770727452,2866.805770727452,2791.0309432452127,2822.603759765625,99005120,0.0,0.0
2021-02-08 00:00:00+07:00,2860.4910718916094,2860.4910718916094,2809.9746350867285,2816.2890625,120218986,0.0,0.0
2021-02-09 00:00:00+07:00,2841.547291438584,3012.0400543083265,2841.547291438584,2917.32177734375,464366860,0.0,0.0
2021-02-10 00:00:00+07:00,2923.635944535864,2974.1523741012197,2904.6924954277233,2936.26513671875,202155881,0.0,0.0
2021-02-11 00:00:00+07:00,2967.8380828294025,2974.152679569403,2923.6362448156237,2955.209228515625,99681961,0.0,0.0
2021-02-15 00:00:00+07:00,2974.153076171875,3018.3549200799575,2967.838478589825,2974.153076171875,93158189,0.0,0.0
2021-02-16 00:00:00+07:00,2993.096615557091,2993.096615557091,2942.5801783430957,2948.894775390625,71623667,0.0,0.0
2021-02-17 00:00:00+07:00,2974.1526649746347,2986.7818583926614,2917.321633759737,2923.63623046875,101529553,0.0,0.0
2021-02-18 00:00:00+07:00,2967.8382273669736,3012.0400675334395,2936.2655812955663,2948.894775390625,152089286,0.0,0.0
2021-02-19 00:00:00+07:00,2904.6928659116898,3024.669189453125,2904.6928659116898,3024.669189453125,109884637,0.0,0.0
2021-02-22 00:00:00+07:00,3062.556431667987,3075.185625461685,3005.725398762578,3024.669189453125,157619632,0.0,0.0
2021-02-23 00:00:00+07:00,3037.298383246823,3049.9272378742894,2993.096544135112,3024.669189453125,107810772,0.0,0.0
2021-02-24 00:00:00+07:00,3024.6689778454984,3043.6127672107264,2974.152545371098,2986.78173828125,105582023,0.0,0.0
2021-02-25 00:00:00+07:00,3012.0397849353462,3012.0397849353462,2948.8944987170016,2986.78173828125,131635423,0.0,0.0
2021-02-26 00:00:00+07:00,2986.782271335975,2999.411466500075,2967.838478589825,2974.153076171875,161796404,0.0,0.0
2021-03-01 00:00:00+07:00,3030.983309269904,3049.9267578125,2980.4668812126847,3049.9267578125,127020403,0.0,0.0
2021-03-02 00:00:00+07:00,3075.185479593164,3081.5000761904857,3030.9836425781255,3030.983642578125,75195758,0.0,0.0
2021-03-03 00:00:00+07:00,3030.9837515290787,3062.556396484375,2993.0965097494773,3062.556396484375,85026738,0.0,0.0
2021-03-04 00:00:00+07:00,3062.5563736251993,3062.5563736251993,2986.7818906315833,3005.725341796875,117897176,0.0,0.0
2021-03-05 00:00:00+07:00,2993.0968298703774,3012.040283203125,2967.8384398716958,3012.040283203125,71188389,0.0,0.0
2021-03-08 00:00:00+07:00,3030.983574300574,3043.6127672107264,2986.78173828125,2986.78173828125,69917647,0.0,0.0
2021-03-09 00:00:00+07:00,2999.41093821785,2999.41093821785,2879.4342836227625,2892.0634765625,165527119,0.0,0.0
2021-03-10 00:00:00+07:00,2936.2654238867767,2942.58002059579,2898.3781827989183,2923.63623046875,77405916,0.0,0.0
2021-03-12 00:00:00+07:00,2961.523359398638,2961.523359398638,2866.805429849234,2892.0634765625,152360111,0.0,0.0
2021-03-15 00:00:00+07:00,2892.0633755461827,2923.6360176265225,2879.434183047568,2885.748779296875,95483079,0.0,0.0
2021-03-16 00:00:00+07:00,2942.580284807159,3012.0401765105967,2911.0076375934373,2980.467529296875,151028868,0.0,0.0
2021-03-17 00:00:00+07:00,2955.2093724381543,2967.8382273669736,2904.6929352241596,2948.894775390625,116245827,0.0,0.0
2021-03-18 00:00:00+07:00,2974.152697077239,3012.039938574047,2961.5235035228948,3005.725341796875,95635541,0.0,0.0
2021-03-19 00:00:00+07:00,2999.4112126046202,2999.4112126046202,2948.894775390625,2948.894775390625,166398004,0.0,0.0
2021-03-22 00:00:00+07:00,2967.8380682656216,2967.8380682656216,2917.321633759737,2923.63623046875,67100278,0.0,0.0
2021-03-23 00:00:00+07:00,2980.4674214620322,2980.4674214620322,2936.2655812955663,2948.894775390625,115036356,0.0,0.0
2021-03-24 00:00:00+07:00,2986.7820185095616,2986.7820185095616,2936.2655812955663,2948.894775390625,120514341,0.0,0.0
2021-03-25 00:00:00+07:00,2967.83821433594,2967.83821433594,2892.063728430774,2917.32177734375,95145043,0.0,0.0
2021-03-26 00:00:00+07:00,2923.636492979175,2980.467529296875,2917.32189570318,2980.467529296875,106978057,0.0,0.0
2021-03-29 00:00:00+07:00,3018.3547737865915,3018.3547737865915,2980.467529296875,2980.467529296875,106807554,0.0,0.0
2021-03-30 00:00:00+07:00,2967.8380343802983,2967.8380343802983,2828.918095449901,2841.547119140625,214898061,0.0,0.0
2021-03-31 00:00:00+07:00,2809.974671274181,2828.918292924192,2689.9981747132865,2778.40185546875,323139711,0.0,0.0
2021-04-01 00:00:00+07:00,2746.8288916490737,2759.458085123964,2658.425215657286,2708.941650390625,340183845,0.0,0.0
2021-04-05 00:00:00+07:00,2727.8853238275246,2734.1999206872106,2626.85262198812,2652.11083984375,345533898,0.0,0.0
2021-04-06 00:00:00+07:00,2696.6708771107224,2735.472015622594,2683.7372800553876,2716.071533203125,167319270,89.91268,0.0
2021-04-07 00:00:00+07:00,2735.472015622594,2741.9387273137945,2690.204165419522,2716.071533203125,116953800,0.0,0.0
2021-04-08 00:00:00+07:00,2748.4054027848665,2819.5406153390145,2735.471806717258,2813.07373046875,158572578,0.0,0.0
2021-04-09 00:00:00+07:00,2832.4743850795435,2845.4079811471515,2813.07373046875,2813.07373046875,125277643,0.0,0.0
2021-04-12 00:00:00+07:00,2838.940892752051,2838.940892752051,2716.0711310631323,2722.537841796875,115119078,0.0,0.0
2021-04-13 00:00:00+07:00,2722.5381802697934,2754.8724326500173,2664.336734392907,2690.2041015625,120186645,0.0,0.0
2021-04-14 00:00:00+07:00,2767.8058837227395,2813.07373046875,2729.0049218469935,2813.07373046875,113531640,0.0,0.0
2021-04-15 00:00:00+07:00,2838.941229651836,2851.875,2767.806013755718,2851.875,86272180,0.0,0.0
2021-04-16 00:00:00+07:00,2877.742394304866,2884.209105867325,2787.2066957011375,2806.607177734375,74495706,0.0,0.0
2021-04-19 00:00:00+07:00,2819.540838610283,2832.474609375,2787.20675904436,2832.474609375,62185614,0.0,0.0
2021-04-20 00:00:00+07:00,2774.2732592221387,2800.1406296049104,2729.0054044705257,2787.20703125,98216076,0.0,0.0
2021-04-21 00:00:00+07:00,2741.9388800201,2774.2731349686233,2735.47216796875,2735.47216796875,51954007,0.0,0.0
2021-04-22 00:00:00+07:00,2735.472015622594,2754.872498042063,2716.071533203125,2716.071533203125,118813822,0.0,0.0
2021-04-23 00:00:00+07:00,2716.0711979537473,2767.805753462334,2709.604313387832,2748.4052734375,120513461,0.0,0.0
2021-04-26 00:00:00+07:00,2741.9385931296983,2748.4054781773584,2670.8035522971404,2677.270263671875,157367288,0.0,0.0
2021-04-27 00:00:00+07:00,2716.0713087862882,2716.0713087862882,2683.7370583101856,2696.670654296875,146082083,0.0,0.0
2021-04-28 00:00:00+07:00,2696.670658813579,2729.0049093438392,2670.803466796875,2670.803466796875,126586116,0.0,0.0
2021-04-29 00:00:00+07:00,2709.6045835214622,2716.071468732093,2677.270331141239,2690.2041015625,124711354,0.0,0.0
2021-04-30 00:00:00+07:00,2683.737427983958,2690.2043137045493,2619.069091796875,2619.069091796875,257497837,0.0,0.0
2021-05-03 00:00:00+07:00,2625.5361614925964,2632.0028739933764,2586.7350181231395,2593.201904296875,124235705,0.0,0.0
2021-05-04 00:00:00+07:00,2599.668278602483,2632.002355758751,2593.201393702061,2625.53564453125,84287635,0.0,0.0
2021-05-05 00:00:00+07:00,2657.8696308421054,2670.8034002008762,2638.469150476865,2644.93603515625,117321536,0.0,0.0
2021-05-06 00:00:00+07:00,2670.8036435842664,2670.8036435842664,2632.002505645023,2657.869873046875,86226199,0.0,0.0
2021-05-07 00:00:00+07:00,2677.2705422633667,2677.2705422633667,2612.602206076284,2619.069091796875,83358229,0.0,0.0
2021-05-10 00:00:00+07:00,2619.069091796875,2644.9364610062967,2619.069091796875,2619.069091796875,81377755,0.0,0.0
2021-05-11 00:00:00+07:00,2606.1351901830094,2612.602075580589,2573.80111054098,2580.267822265625,167031505,0.0,0.0
2021-05-17 00:00:00+07:00,2560.8673717748975,2586.734740015808,2522.06640625,2522.06640625,214824800,0.0,0.0
2021-05-18 00:00:00+07:00,2560.8673717748975,2560.8673717748975,2515.599520771538,2522.06640625,127276708,0.0,0.0
2021-05-19 00:00:00+07:00,2489.7320013130034,2547.933619738323,2489.7320013130034,2502.665771484375,135307947,0.0,0.0
2021-05-20 00:00:00+07:00,2483.2654442226567,2541.4668925919764,2470.3316732475164,2509.1328125,164832677,0.0,0.0
2021-05-21 00:00:00+07:00,2535.000092820765,2554.400749939473,2496.1991259292354,2515.599609375,121124632,0.0,0.0
2021-05-24 00:00:00+07:00,2567.334200773753,2625.5358214536395,2528.5332361024502,2612.60205078125,147190132,0.0,0.0
2021-05-25 00:00:00+07:00,2632.002355758751,2677.2702027158625,2612.601874730406,2625.53564453125,168676803,0.0,0.0
2021-05-27 00:00:00+07:00,2677.2701597223618,2709.6044100323043,2554.400390625,2554.400390625,622692705,0.0,0.0
2021-05-28 00:00:00+07:00,2612.6017174055323,2696.670521356904,2599.668122056441,2632.002197265625,274099434,0.0,0.0
2021-05-31 00:00:00+07:00,2670.8037417039204,2767.8061559333632,2657.8699706913694,2754.87255859375,326538660,0.0,0.0
2021-06-02 00:00:00+07:00,2813.0740071314162,2832.4746636502423,2735.4720757478617,2754.87255859375,312257333,0.0,0.0
2021-06-03 00:00:00+07:00,2761.339325447577,2819.540771484375,2729.005072978513,2819.540771484375,173444725,0.0,0.0
2021-06-04 00:00:00+07:00,2832.474545003002,2838.941256565461,2774.2729252303593,2806.607177734375,138144236,0.0,0.0
2021-06-07 00:00:00+07:00,2806.6068871849147,2813.0735980779177,2722.5379088467507,2748.4052734375,152755788,0.0,0.0
2021-06-08 00:00:00+07:00,2767.8060950973977,2767.8060950973977,2709.604647838991,2716.071533203125,108888570,0.0,0.0
2021-06-09 00:00:00+07:00,2651.403260894538,2761.339627094992,2651.403260894538,2729.00537109375,107433795,0.0,0.0
2021-06-10 00:00:00+07:00,2767.8064619325355,2793.673833144507,2754.8728631630283,2780.740234375,106984877,0.0,0.0
2021-06-11 00:00:00+07:00,2813.073507215937,2813.073507215937,2767.8056640625,2767.8056640625,57809408,0.0,0.0
2021-06-14 00:00:00+07:00,2800.1401344011415,2813.07373046875,2767.8058837227395,2813.07373046875,133363443,0.0,0.0
2021-06-15 00:00:00+07:00,2813.074101968496,2813.074101968496,2722.5383965201636,2735.47216796875,200713646,0.0,0.0
2021-06-16 00:00:00+07:00,2683.7376160373483,2696.6712147118637,2593.201904296875,2593.201904296875,481002668,0.0,0.0
2021-06-17 00:00:00+07:00,2573.801414585207,2632.0028690199824,2541.4671574505837,2606.135498046875,336253477,0.0,0.0
2021-06-18 00:00:00+07:00,2625.5357872110694,2625.5357872110694,2528.533203125,2528.533203125,325605954,0.0,0.0
2021-06-21 00:00:00+07:00,2509.1323905547456,2567.33382913669,2496.198621754597,2547.933349609375,159544775,0.0,0.0
2021-06-22 00:00:00+07:00,2547.9337184381016,2632.0025331169013,2534.999947765712,2612.60205078125,132832794,0.0,0.0
2021-06-23 00:00:00+07:00,2619.0685569914676,2632.002152118708,2547.933349609375,2547.933349609375,178751767,0.0,0.0
2021-06-24 00:00:00+07:00,2586.734707663205,2593.2015930607845,2560.8673397458206,2580.267822265625,55421157,0.0,0.0
2021-06-25 00:00:00+07:00,2606.1351901830094,2612.602075580589,2580.267822265625,2580.267822265625,83150216,0.0,0.0
2021-06-28 00:00:00+07:00,2573.8010494221376,2580.2677609932207,2541.466796875,2541.466796875,155357663,0.0,0.0
2021-06-29 00:00:00+07:00,2496.1990380090892,2528.533291728462,2496.1990380090892,2522.06640625,133952393,0.0,0.0
2021-06-30 00:00:00+07:00,2522.065985681986,2567.33382913669,2515.5991012819118,2547.933349609375,124133954,0.0,0.0
2021-07-01 00:00:00+07:00,2547.933349609375,2567.33382913669,2528.53287008206,2547.933349609375,105240907,0.0,0.0
2021-07-02 00:00:00+07:00,2586.734707663205,2606.1351901830094,2567.3342251434005,2580.267822265625,93832940,0.0,0.0
2021-07-05 00:00:00+07:00,2541.4668890124485,2560.8673717748975,2509.1328089660133,2522.06640625,93466744,0.0,0.0
2021-07-06 00:00:00+07:00,2554.400749939473,2554.400749939473,2515.599609375,2515.599609375,60849751,0.0,0.0
2021-07-07 00:00:00+07:00,2534.9996228834652,2547.9333918982798,2463.8644143207175,2470.331298828125,163599005,0.0,0.0
2021-07-08 00:00:00+07:00,2515.5993679828202,2522.0662530685063,2470.331519728872,2502.665771484375,162349164,0.0,0.0
2021-07-09 00:00:00+07:00,2496.1991607928253,2502.666046589382,2444.4644217662617,2457.398193359375,140611578,0.0,0.0
2021-07-12 00:00:00+07:00,2457.3981305711022,2470.331728160808,2425.0638760874267,2431.53076171875,131702194,0.0,0.0
2021-07-13 00:00:00+07:00,2457.3981267110807,2457.3981267110807,2431.53075789936,2444.46435546875,175683484,0.0,0.0
2021-07-14 00:00:00+07:00,2444.4638882723666,2457.3976570427403,2392.729334209596,2399.196044921875,115704508,0.0,0.0
2021-07-15 00:00:00+07:00,2425.063781170363,2483.2654022283778,2412.1301840868787,2463.86474609375,139855425,0.0,0.0
2021-07-16 00:00:00+07:00,2489.731847732607,2496.1987324193797,2463.864482658432,2483.26513671875,108336691,0.0,0.0
2021-07-19 00:00:00+07:00,2489.7322074710255,2489.7322074710255,2444.46435546875,2444.46435546875,69326497,0.0,0.0
2021-07-21 00:00:00+07:00,2489.731778677436,2509.132432199658,2463.8644143207175,2470.331298828125,111008747,0.0,0.0
2021-07-22 00:00:00+07:00,2502.6659234875515,2528.533291728462,2483.2654407251025,2522.06640625,93842180,0.0,0.0
2021-07-23 00:00:00+07:00,2547.933619738323,2554.4005048240087,2476.798404814558,2502.665771484375,95960267,0.0,0.0
2021-07-26 00:00:00+07:00,2522.0661869102423,2522.0661869102423,2470.331454927702,2476.79833984375,90198037,0.0,0.0
2021-07-27 00:00:00+07:00,2496.1991607928253,2496.1991607928253,2437.99770964265,2457.398193359375,99741692,0.0,0.0
2021-07-28 00:00:00+07:00,2457.397976182506,2463.8646877346105,2405.6632417280907,2412.130126953125,77777283,0.0,0.0
2021-07-29 00:00:00+07:00,2431.5306731978567,2483.265409019136,2425.063787801963,2437.99755859375,102817895,0.0,0.0
2021-07-30 00:00:00+07:00,2476.7981365253927,2476.7981365253927,2399.196044921875,2399.196044921875,113633172,0.0,0.0
2021-08-02 00:00:00+07:00,2437.9975801876417,2437.9975801876417,2392.7297293613083,2418.596923828125,105807637,0.0,0.0
2021-08-03 00:00:00+07:00,2418.5965919965847,2444.463956587334,2405.662996537666,2425.0634765625,87862477,0.0,0.0
2021-08-04 00:00:00+07:00,2450.9309714808514,2489.73193359375,2437.9973753341924,2489.73193359375,91847406,0.0,0.0
2021-08-05 00:00:00+07:00,2522.066500679779,2644.9364610062967,2522.066500679779,2619.069091796875,294149590,0.0,0.0
2021-08-06 00:00:00+07:00,2619.068898784372,2625.5357840283855,2522.0663148158897,2541.466796875,152456913,0.0,0.0
2021-08-09 00:00:00+07:00,2547.93355043602,2554.4004353458104,2470.3314525373007,2489.73193359375,102404178,0.0,0.0
2021-08-10 00:00:00+07:00,2515.599143034154,2515.599143034154,2463.8644143207175,2470.331298828125,94349949,0.0,0.0
2021-08-12 00:00:00+07:00,2489.7321139336527,2489.7321139336527,2457.398034388475,2463.86474609375,94464021,0.0,0.0
2021-08-13 00:00:00+07:00,2470.331519728872,2509.1326565700606,2470.331519728872,2502.665771484375,104829940,0.0,0.0
2021-08-16 00:00:00+07:00,2502.6658327567793,2541.466796875,2483.265350697669,2541.466796875,70083530,0.0,0.0
2021-08-18 00:00:00+07:00,2580.2674685234374,2644.9359662876273,2541.4665088032525,2632.002197265625,247351372,0.0,0.0
2021-08-19 00:00:00+07:00,2586.734743659093,2599.6685146342334,2496.1990415248597,2509.1328125,218214729,0.0,0.0
2021-08-20 00:00:00+07:00,2509.132718000793,2547.9336821190136,2476.7984654536554,2541.466796875,88330535,0.0,0.0
2021-08-23 00:00:00+07:00,2573.8007121525675,2580.267422876256,2541.466463842494,2560.866943359375,68133856,0.0,0.0
2021-08-24 00:00:00+07:00,2554.400749939473,2560.867461972766,2476.7986424834703,2515.599609375,150882016,0.0,0.0
2021-08-25 00:00:00+07:00,2489.7322402229993,2522.066495081236,2489.7322402229993,2515.599609375,86571495,0.0,0.0
2021-08-26 00:00:00+07:00,2515.5993679828202,2522.0662530685063,2483.2652899002437,2502.665771484375,69144334,0.0,0.0
2021-08-27 00:00:00+07:00,2515.5992128067824,2515.5992128067824,2476.7982520319774,2483.26513671875,79498923,0.0,0.0
2021-08-30 00:00:00+07:00,2489.731737354523,2547.933349609375,2483.2650266273563,2547.933349609375,128539860,0.0,0.0
2021-08-31 00:00:00+07:00,2547.9336821190136,2554.400567363027,2502.6658327567793,2541.466796875,134879489,0.0,0.0
2021-09-01 00:00:00+07:00,2541.4669785270007,2541.4669785270007,2509.132897341707,2515.599609375,97691477,0.0,0.0
2021-09-02 00:00:00+07:00,2496.198886398689,2515.5993679828202,2483.2652899002437,2502.665771484375,81242343,0.0,0.0
2021-09-03 00:00:00+07:00,2489.732062268752,2541.466796875,2463.8646949656277,2541.466796875,165056860,0.0,0.0
2021-09-06 00:00:00+07:00,2554.4004353458104,2573.8009164022596,2489.73193359375,2489.73193359375,188929693,0.0,0.0
2021-09-07 00:00:00+07:00,2515.5994326212945,2534.999914703922,2502.6658357905194,2528.533203125,140380354,0.0,0.0
2021-09-08 00:00:00+07:00,2717.411454842493,2760.0933101541555,2646.275029323056,2653.388671875,228087900,0.0,0.0
2021-09-09 00:00:00+07:00,2632.047744219169,2681.843242082775,2596.4795314594503,2653.388671875,306319600,0.0,0.0
2021-09-10 00:00:00+07:00,2639.161770290799,2696.0709189763147,2610.707195948041,2688.957275390625,177033000,0.0,0.0
2021-09-13 00:00:00+07:00,2639.161494404561,2667.616065772804,2603.5932801942567,2632.0478515625,169825000,0.0,0.0
2021-09-14 00:00:00+07:00,2646.275137246622,2653.3887800886823,2603.5932801942567,2632.0478515625,216363400,0.0,0.0
2021-09-15 00:00:00+07:00,2610.707149318007,2610.707149318007,2575.1389320248463,2603.593505859375,263544000,0.0,0.0
2021-09-16 00:00:00+07:00,2596.4796095628003,2603.593252328726,2568.0250384990986,2589.365966796875,194782800,0.0,0.0
2021-09-17 00:00:00+07:00,2582.252923600892,2589.366568018525,2539.571057095092,2568.025634765625,346529100,0.0,0.0
2021-09-20 00:00:00+07:00,2553.797607421875,2553.797607421875,2496.888468537822,2553.797607421875,357971300,0.0,0.0
2021-09-21 00:00:00+07:00,2496.8886985458244,2546.684199656425,2489.7750555300245,2539.570556640625,410533900,0.0,0.0
2021-09-22 00:00:00+07:00,2504.002835006925,2596.480212436158,2504.002835006925,2568.025634765625,416087300,0.0,0.0
2021-09-23 00:00:00+07:00,2560.9113374502654,2681.84326171875,2553.797694846237,2681.84326171875,432390800,0.0,0.0
2021-09-24 00:00:00+07:00,2696.07044990899,2745.865946345304,2681.8431652129007,2717.411376953125,634549600,0.0,0.0
2021-09-27 00:00:00+07:00,2681.8434973958333,2703.184427083333,2653.3889244791667,2667.6162109375,380151200,0.0,0.0
2021-09-28 00:00:00+07:00,2681.8433608188425,2681.8433608188425,2624.9342178836946,2646.275146484375,306827400,0.0,0.0
2021-09-29 00:00:00+07:00,2646.275398458389,2667.616329091118,2624.9344678256602,2660.502685546875,143081800,0.0,0.0
2021-09-30 00:00:00+07:00,2674.729657061688,2752.9797268161524,2667.6160143567367,2738.75244140625,416099000,0.0,0.0
2021-10-01 00:00:00+07:00,2738.752344376002,2788.5478415464745,2724.5250594701524,2774.320556640625,359864700,0.0,0.0
2021-10-04 00:00:00+07:00,2774.320950832415,2852.5710289328163,2767.207307368742,2824.116455078125,335762600,0.0,0.0
2021-10-05 00:00:00+07:00,2809.8889066972806,2831.2298351025765,2781.4343354902194,2795.66162109375,236562700,0.0,0.0
2021-10-06 00:00:00+07:00,2788.548178663532,2952.1619748606267,2788.548178663532,2930.821044921875,446708800,0.0,0.0
2021-10-07 00:00:00+07:00,2952.1619748606267,2966.3892614864612,2895.252828357289,2930.821044921875,264905400,0.0,0.0
2021-10-08 00:00:00+07:00,2980.6160730215215,3016.1842839167666,2937.934219947228,2959.275146484375,196631600,0.0,0.0
2021-10-11 00:00:00+07:00,2959.2756429425835,2987.730216432416,2937.9347128252093,2973.5029296875,146720100,0.0,0.0
2021-10-12 00:00:00+07:00,2973.502704059908,3016.184561055983,2973.502704059908,3001.957275390625,241196000,0.0,0.0
2021-10-13 00:00:00+07:00,3009.0709456684435,3058.866445951373,3001.957302770882,3044.63916015625,264629400,0.0,0.0
2021-10-14 00:00:00+07:00,3044.6392693014704,3094.434771369485,3009.071053538603,3023.29833984375,196989500,0.0,0.0
2021-10-15 00:00:00+07:00,3023.2987297905815,3080.2078823513457,3001.957797580295,3073.09423828125,318189600,0.0,0.0
2021-10-18 00:00:00+07:00,3094.4348393654336,3137.11669921875,3087.3211960565473,3137.11669921875,286829000,0.0,0.0
2021-10-19 00:00:00+07:00,3165.571144797585,3165.571144797585,3101.5483575994317,3130.0029296875,161256300,0.0,0.0
2021-10-21 00:00:00+07:00,3165.570877495162,3172.6845199164995,3073.0935260177753,3101.548095703125,319230200,0.0,0.0
2021-10-22 00:00:00+07:00,3087.321071555398,3130.0029296875,3073.0937855113634,3130.0029296875,160459300,0.0,0.0
2021-10-25 00:00:00+07:00,3080.207383834484,3108.6619555096295,3058.866455078125,3058.866455078125,128240100,0.0,0.0
2021-10-26 00:00:00+07:00,3044.6395519037355,3108.6623462194684,3037.5259080908763,3094.43505859375,108782400,0.0,0.0
2021-10-27 00:00:00+07:00,3080.207256041485,3087.320898665137,3030.411757675918,3051.752685546875,258038300,0.0,0.0
2021-10-28 00:00:00+07:00,2994.8436417489684,3058.8664274395637,2987.729998894458,3016.1845703125,159645200,0.0,0.0
2021-10-29 00:00:00+07:00,3058.8665556066176,3058.8665556066176,3001.957410386029,3023.29833984375,155011100,0.0,0.0
2021-11-01 00:00:00+07:00,3080.207476243905,3080.207476243905,3001.957401789672,3009.071044921875,102079300,0.0,0.0
2021-11-02 00:00:00+07:00,3037.5258562898975,3037.5258562898975,2994.843994140625,2994.843994140625,124799700,0.0,0.0
2021-11-03 00:00:00+07:00,3023.2981150522655,3058.8663281705276,2994.843544557656,3051.752685546875,100486300,0.0,0.0
2021-11-04 00:00:00+07:00,3080.207485064338,3087.3211282169113,3023.2983398437495,3023.29833984375,119591100,0.0,0.0
2021-11-05 00:00:00+07:00,3037.525498876032,3037.525498876032,2994.8436417489684,3016.1845703125,74347000,0.0,0.0
2021-11-08 00:00:00+07:00,3023.2983311862813,3030.411974318484,3001.957401789672,3009.071044921875,79465600,0.0,0.0
2021-11-09 00:00:00+07:00,3009.071053538603,3023.2983398437495,3001.957410386029,3023.29833984375,92453200,0.0,0.0
2021-11-10 00:00:00+07:00,3009.071053538603,3030.4119829963233,2994.8437672334558,3023.29833984375,69475400,0.0,0.0
2021-11-11 00:00:00+07:00,3051.752912454044,3058.8665556066176,3009.071053538603,3023.29833984375,149637700,0.0,0.0
2021-11-12 00:00:00+07:00,3037.5254895540206,3051.752775219379,2994.8436325579455,3001.957275390625,80234400,0.0,0.0
2021-11-15 00:00:00+07:00,3001.9569995586685,3001.9569995586685,2945.047862126277,2959.275146484375,220142300,0.0,0.0
2021-11-16 00:00:00+07:00,2930.820927285109,2966.389142422064,2930.820927285109,2937.9345703125,163555000,0.0,0.0
2021-11-17 00:00:00+07:00,2966.389294433594,2987.730224609375,2959.2756510416666,2987.730224609375,126523700,0.0,0.0
2021-11-18 00:00:00+07:00,2952.1619995701253,2980.6165730599582,2945.0483561976675,2973.5029296875,114881200,0.0,0.0
2021-11-19 00:00:00+07:00,3001.957302770882,3051.7528030538115,3001.957302770882,3044.63916015625,182167700,0.0,0.0
2021-11-22 00:00:00+07:00,3065.980088848934,3065.980088848934,3023.298231463566,3044.63916015625,151514000,0.0,0.0
2021-11-23 00:00:00+07:00,3044.639499981443,3044.639499981443,2987.730350449079,2994.843994140625,104294200,0.0,0.0
2021-11-24 00:00:00+07:00,2987.730350449079,3009.0712815237157,2980.616706757534,2994.843994140625,111072800,0.0,0.0
2021-11-25 00:00:00+07:00,2973.502704059908,3023.2982038886626,2973.502704059908,3001.957275390625,123609400,0.0,0.0
2021-11-26 00:00:00+07:00,2980.6160730215215,3001.9569995586685,2952.1615043053257,2959.275146484375,148652500,0.0,0.0
2021-11-29 00:00:00+07:00,2952.1618740164117,2980.616446296088,2902.3663725269785,2966.38916015625,164312800,0.0,0.0
2021-11-30 00:00:00+07:00,2952.162086095087,3001.957591161751,2909.480224609375,2909.480224609375,316653200,0.0,0.0
2021-12-01 00:00:00+07:00,2909.4798536113663,2973.5026376761643,2895.2525682636337,2902.3662109375,163457900,0.0,0.0
2021-12-02 00:00:00+07:00,2888.139217122396,3001.957511393229,2888.139217122396,2987.730224609375,139281800,0.0,0.0
2021-12-03 00:00:00+07:00,2994.843732435926,3001.957375505845,2966.38916015625,2966.38916015625,93227100,0.0,0.0
2021-12-06 00:00:00+07:00,2987.7300624429745,3001.9573484546077,2923.707275390625,2923.707275390625,106610000,0.0,0.0
2021-12-07 00:00:00+07:00,2980.6164723930633,3009.071044921875,2959.275542996454,3009.071044921875,182048000,0.0,0.0
2021-12-08 00:00:00+07:00,3023.2985689068064,3023.2985689068064,2966.389419374443,2994.843994140625,143230200,0.0,0.0
2021-12-09 00:00:00+07:00,3001.9576302394094,3001.9576302394094,2959.2757681980906,2980.61669921875,90471500,0.0,0.0
2021-12-10 00:00:00+07:00,2937.9345703125,2959.2754993946733,2937.9345703125,2937.9345703125,122999200,0.0,0.0
2021-12-13 00:00:00+07:00,2966.388788663424,2987.729715200571,2959.275146484375,2959.275146484375,86848900,0.0,0.0
2021-12-14 00:00:00+07:00,2952.161856367282,2959.2754993946733,2937.9345703125,2937.9345703125,100110000,0.0,0.0
2021-12-15 00:00:00+07:00,2952.1620076497397,3009.0711547851565,2945.0483642578124,2987.730224609375,124522800,0.0,0.0
2021-12-16 00:00:00+07:00,3001.9574865073973,3001.9574865073973,2930.821053177838,2945.04833984375,136646600,0.0,0.0
2021-12-17 00:00:00+07:00,2909.479989378992,2945.0482044080745,2909.479989378992,2923.707275390625,153165400,0.0,0.0
2021-12-20 00:00:00+07:00,2895.252828357289,2937.9346882347922,2888.139185044372,2930.821044921875,89198900,0.0,0.0
2021-12-21 00:00:00+07:00,2916.593496285233,2930.8207816329655,2902.3662109375,2902.3662109375,109561800,0.0,0.0
2021-12-22 00:00:00+07:00,2916.5938524787807,2923.707496021412,2881.025634765625,2881.025634765625,104738000,0.0,0.0
2021-12-23 00:00:00+07:00,2909.479863162157,2923.707148556593,2888.138935070503,2916.593505859375,72736800,0.0,0.0
2021-12-24 00:00:00+07:00,2916.5938603731574,2930.821147496929,2881.0256425637285,2895.2529296875,59795000,0.0,0.0
2021-12-27 00:00:00+07:00,2895.2528034078664,2923.707376414332,2888.13916015625,2888.13916015625,65491200,0.0,0.0
2021-12-28 00:00:00+07:00,2909.480224609375,2923.707511771279,2895.252937447471,2909.480224609375,52952500,0.0,0.0
2021-12-29 00:00:00+07:00,2909.4798536113663,2916.593496285233,2895.2525682636337,2902.3662109375,27676500,0.0,0.0
2021-12-30 00:00:00+07:00,2902.366346373175,2945.0482044080745,2888.139060361542,2923.707275390625,146989400,0.0,0.0
2022-01-03 00:00:00+07:00,2930.821069452751,2980.6165730599582,2909.480139335377,2973.5029296875,90842500,0.0,0.0
2022-01-04 00:00:00+07:00,2987.729715200571,2994.8433573796196,2959.275146484375,2959.275146484375,93950000,0.0,0.0
2022-01-05 00:00:00+07:00,2973.5030630659885,3009.0712815237157,2937.9348446082613,2994.843994140625,174376400,0.0,0.0
2022-01-06 00:00:00+07:00,3016.1842839167666,3016.1842839167666,2945.047862126277,2959.275146484375,137280000,0.0,0.0
2022-01-07 00:00:00+07:00,2966.389411871644,2987.7303428923033,2952.162124524538,2980.61669921875,101275000,0.0,0.0
2022-01-10 00:00:00+07:00,2980.6165730599582,2994.8438598048742,2973.5029296875,2973.5029296875,70722600,0.0,0.0
2022-01-11 00:00:00+07:00,2973.5030402861444,2973.5030402861444,2937.9348221009036,2952.162109375,99404900,0.0,0.0
2022-01-12 00:00:00+07:00,2966.388788663424,2973.5024308424727,2937.934219947228,2959.275146484375,65907000,0.0,0.0
2022-01-13 00:00:00+07:00,2973.503055545197,2980.61669921875,2966.389411871644,2980.61669921875,103522400,0.0,0.0
2022-01-14 00:00:00+07:00,2980.6165730599582,2994.8438598048742,2959.2756429425835,2973.5029296875,110213800,0.0,0.0
2022-01-17 00:00:00+07:00,2987.730350449079,2994.843994140625,2973.5030630659885,2994.843994140625,102957100,0.0,0.0
2022-01-18 00:00:00+07:00,3016.1849175865154,3016.1849175865154,2945.0484808509846,2980.61669921875,120275000,0.0,0.0
2022-01-19 00:00:00+07:00,2994.8437145316284,2994.8437145316284,2937.9345703125,2937.9345703125,109954700,0.0,0.0
2022-01-20 00:00:00+07:00,2937.9345703125,2959.2754993946733,2923.707284257718,2937.9345703125,86394600,0.0,0.0
2022-01-21 00:00:00+07:00,2937.9345878765735,2966.38916015625,2923.7073017367356,2966.38916015625,84972500,0.0,0.0
2022-01-24 00:00:00+07:00,2945.0483315477095,2959.275618173544,2916.593758296041,2930.821044921875,76709900,0.0,0.0
2022-01-25 00:00:00+07:00,2916.5938603731574,2923.707503935043,2845.4574247543,2895.2529296875,185007800,0.0,0.0
2022-01-26 00:00:00+07:00,2866.798363123663,2916.593868190327,2866.798363123663,2909.480224609375,97589500,0.0,0.0
2022-01-27 00:00:00+07:00,2895.2528365130584,2945.04833984375,2888.1391931801027,2945.04833984375,80682900,0.0,0.0
2022-01-28 00:00:00+07:00,2966.389269842618,2966.389269842618,2909.48012317897,2945.04833984375,84812100,0.0,0.0
2022-01-31 00:00:00+07:00,2966.3893653063574,2966.3893653063574,2895.2529296875,2895.2529296875,78498500,0.0,0.0
2022-02-02 00:00:00+07:00,2930.821147496929,2930.821147496929,2888.1392861256145,2895.2529296875,81546300,0.0,0.0
2022-02-03 00:00:00+07:00,2973.502785449455,2973.502785449455,2937.9345703125,2937.9345703125,157898800,0.0,0.0
2022-02-04 00:00:00+07:00,2966.389419374443,2994.843994140625,2952.1621319913525,2994.843994140625,236602900,0.0,0.0
2022-02-07 00:00:00+07:00,3016.1846413352273,3137.116572709517,3001.9573552911934,3130.0029296875,468016600,0.0,0.0
2022-02-08 00:00:00+07:00,3165.571162593257,3236.7075932133307,3130.0029472832207,3158.45751953125,310878100,0.0,0.0
2022-02-09 00:00:00+07:00,3130.0033137289324,3201.139752677317,3115.7760259392553,3165.571533203125,149000100,0.0,0.0
2022-02-10 00:00:00+07:00,3201.1395140782297,3201.1395140782297,3165.5712972551382,3179.798583984375,112521600,0.0,0.0
2022-02-11 00:00:00+07:00,3144.2306015186095,3165.571533203125,3115.7760259392553,3165.571533203125,103418200,0.0,0.0
2022-02-14 00:00:00+07:00,3165.571272454294,3165.571272454294,3115.775769292092,3137.11669921875,105260000,0.0,0.0
2022-02-15 00:00:00+07:00,3158.4573927765236,3165.5710355530473,3122.8891788939054,3151.34375,96658500,0.0,0.0
2022-02-16 00:00:00+07:00,3179.7981929174916,3179.7981929174916,3137.116337979002,3144.22998046875,89636300,0.0,0.0
2022-02-17 00:00:00+07:00,3122.889286665483,3137.116572709517,3087.321071555398,3130.0029296875,118305100,0.0,0.0
2022-02-18 00:00:00+07:00,3130.002821670429,3158.4573927765236,3108.6618933408577,3151.34375,127058000,0.0,0.0
2022-02-21 00:00:00+07:00,3172.6847062482598,3194.025634765625,3158.4574205700164,3194.025634765625,133717300,0.0,0.0
2022-02-22 00:00:00+07:00,3158.4573927765236,3179.7983211060946,3144.2301072234764,3151.34375,109060900,0.0,0.0
2022-02-23 00:00:00+07:00,3215.366681780134,3215.366681780134,3172.684823172433,3186.912109375,160827800,0.0,0.0
2022-02-24 00:00:00+07:00,3179.798550616636,3179.798550616636,3108.662117716935,3122.889404296875,217523600,0.0,0.0
2022-02-25 00:00:00+07:00,3165.57132930546,3236.707763671875,3137.116755558894,3236.707763671875,301346400,0.0,0.0
2022-03-01 00:00:00+07:00,3450.1171004952416,3457.2307440014174,3293.616943359375,3293.616943359375,494657800,0.0,0.0
2022-03-02 00:00:00+07:00,3329.1850071957238,3336.2986503734924,3236.7076458847314,3243.8212890625,186635200,0.0,0.0
2022-03-04 00:00:00+07:00,3357.639504148822,3364.753147166087,3279.389430958913,3322.0712890625,292022600,0.0,0.0
2022-03-07 00:00:00+07:00,3258.048558057937,3293.6167737572596,3215.3666992187505,3215.36669921875,224515800,0.0,0.0
2022-03-08 00:00:00+07:00,3201.139249435666,3243.8211060948083,3151.34375,3151.34375,214870200,0.0,0.0
2022-03-09 00:00:00+07:00,3222.4800007692834,3265.161855084108,3201.139073611871,3250.9345703125,191967100,0.0,0.0
2022-03-10 00:00:00+07:00,3300.730067013129,3300.730067013129,3208.252715997675,3250.9345703125,225575800,0.0,0.0
2022-03-11 00:00:00+07:00,3254.079345703125,3283.661885209517,3231.892441073331,3254.079345703125,275965300,174.2515,0.0
2022-03-14 00:00:00+07:00,3283.6615865251656,3357.617928564021,3261.474683913509,3342.82666015625,212052100,0.0,0.0
2022-03-15 00:00:00+07:00,3365.0131629397706,3431.573862866052,3350.2218962894863,3409.386962890625,357755700,0.0,0.0
2022-03-16 00:00:00+07:00,3438.9702148437505,3446.365849714382,3409.3876753612235,3438.97021484375,226817000,0.0,0.0
2022-03-17 00:00:00+07:00,3468.552754326277,3475.948389196909,3409.3876753612235,3438.97021484375,224068000,0.0,0.0
2022-03-18 00:00:00+07:00,3475.948800832424,3475.948800832424,3387.201171875,3387.201171875,257863400,0.0,0.0
2022-03-21 00:00:00+07:00,3401.992315155229,3424.179221558415,3372.409773284314,3394.5966796875,118791900,0.0,0.0
2022-03-22 00:00:00+07:00,3468.5528827535695,3483.3441530424975,3431.57470703125,3431.57470703125,177758500,0.0,0.0
2022-03-23 00:00:00+07:00,3461.1571194556454,3468.552754326277,3416.783310231855,3438.97021484375,146545100,0.0,0.0
2022-03-24 00:00:00+07:00,3431.5743013345664,3498.135009765625,3416.7830327943316,3498.135009765625,206271600,0.0,0.0
2022-03-25 00:00:00+07:00,3520.3226616407906,3520.3226616407906,3438.970667359176,3483.344482421875,137104800,0.0,0.0
2022-03-28 00:00:00+07:00,3498.135009765625,3505.5306440357426,3453.7612041449192,3498.135009765625,106801800,0.0,0.0
2022-03-29 00:00:00+07:00,3512.926296079591,3512.926296079591,3453.761221619303,3468.552490234375,93155100,0.0,0.0
2022-03-30 00:00:00+07:00,3505.5313899532243,3505.5313899532243,3468.5532107343083,3483.344482421875,83364400,0.0,0.0
2022-03-31 00:00:00+07:00,3475.9480148118964,3512.9261851822357,3446.365478515625,3446.365478515625,158650000,0.0,0.0
2022-04-01 00:00:00+07:00,3468.5524726851545,3498.135009765625,3424.1786670644487,3498.135009765625,145105000,0.0,0.0
2022-04-04 00:00:00+07:00,3498.1351458610375,3498.1351458610375,3446.365703956117,3475.9482421875,103902000,0.0,0.0
2022-04-05 00:00:00+07:00,3498.1351458610375,3505.5307804188833,3453.761338513963,3475.9482421875,76154300,0.0,0.0
2022-04-06 00:00:00+07:00,3468.552406377378,3468.552406377378,3401.9916992187505,3401.99169921875,111009800,0.0,0.0
2022-04-07 00:00:00+07:00,3453.761002147172,3453.761002147172,3416.782832959301,3424.178466796875,91942500,0.0,0.0
2022-04-08 00:00:00+07:00,3424.17822954091,3438.969496191194,3401.9913295654824,3409.386962890625,125657900,0.0,0.0
2022-04-11 00:00:00+07:00,3401.991834911789,3416.7831037592314,3379.804931640625,3379.804931640625,109861100,0.0,0.0
2022-04-12 00:00:00+07:00,3365.0131629397706,3409.386962890625,3365.0131629397706,3409.386962890625,96961200,0.0,0.0
2022-04-13 00:00:00+07:00,3431.573862866052,3431.573862866052,3394.59569624034,3409.386962890625,112327600,0.0,0.0
2022-04-14 00:00:00+07:00,3401.991725030975,3409.3873592158247,3350.2222857370252,3357.617919921875,150659600,0.0,0.0
2022-04-18 00:00:00+07:00,3365.013916015625,3387.2008209563874,3357.6182810353707,3365.013916015625,82795100,0.0,0.0
2022-04-19 00:00:00+07:00,3365.0136627931824,3401.991834911789,3357.618028369461,3379.804931640625,148475600,0.0,0.0
2022-04-20 00:00:00+07:00,3409.3871164223583,3601.673591535116,3401.991482764175,3586.88232421875,404383100,0.0,0.0
2022-04-21 00:00:00+07:00,3586.882713317871,3586.882713317871,3520.322003173828,3549.904541015625,208253300,0.0,0.0
2022-04-22 00:00:00+07:00,3512.92626953125,3586.8826120476974,3490.739366776316,3512.92626953125,174349500,0.0,0.0
2022-04-25 00:00:00+07:00,3475.94817863023,3586.8826949694926,3453.7612753623775,3579.487060546875,235752400,0.0,0.0
2022-04-26 00:00:00+07:00,3579.487016067814,3683.0258966978745,3572.091381737095,3653.443359375,262734300,0.0,0.0
2022-04-27 00:00:00+07:00,3623.8604925096647,3646.047393484214,3586.88232421875,3586.88232421875,191955100,0.0,0.0
2022-04-28 00:00:00+07:00,3601.673828125,3646.047632988963,3594.278193981006,3601.673828125,193821200,0.0,0.0
2022-05-09 00:00:00+07:00,3512.9266263107065,3520.322261313466,3350.22265625,3350.22265625,561600400,0.0,0.0
2022-05-10 00:00:00+07:00,3150.5405111754967,3350.22265625,3150.5405111754967,3350.22265625,435782800,0.0,0.0
2022-05-11 00:00:00+07:00,3365.013699605895,3387.20060311978,3313.244258073497,3320.639892578125,205233800,0.0,0.0
2022-05-12 00:00:00+07:00,3320.6401011149087,3320.6401011149087,3180.123036702474,3194.914306640625,207373600,0.0,0.0
2022-05-13 00:00:00+07:00,3143.1445312500005,3224.4965073529415,3143.1445312500005,3143.14453125,336711300,0.0,0.0
2022-05-17 00:00:00+07:00,3157.9359512157653,3342.826814870084,3157.9359512157653,3291.057373046875,272650400,0.0,0.0
2022-05-18 00:00:00+07:00,3328.0355457777387,3350.222449416257,3276.266103954529,3291.057373046875,129716500,0.0,0.0
2022-05-19 00:00:00+07:00,3217.101390941723,3298.4533801379503,3180.123214034347,3283.662109375,132614900,0.0,0.0
2022-05-20 00:00:00+07:00,3283.6617478484764,3320.6399206846077,3261.4748441467973,3276.26611328125,122101000,0.0,0.0
2022-05-23 00:00:00+07:00,3261.474891856416,3283.66179588265,3194.914179777714,3202.309814453125,175709000,0.0,0.0
2022-05-24 00:00:00+07:00,3194.914237668161,3328.035664237668,3194.914237668161,3298.453125,165758600,0.0,0.0
2022-05-25 00:00:00+07:00,3276.266151445762,3291.0574207525146,3217.10107421875,3217.10107421875,138961700,0.0,0.0
2022-05-27 00:00:00+07:00,3328.0353831824755,3357.617919921875,3283.6615780733755,3357.617919921875,209962100,0.0,0.0
2022-05-30 00:00:00+07:00,3357.6180935207394,3357.6180935207394,3246.6835750123446,3276.26611328125,193724500,0.0,0.0
2022-05-31 00:00:00+07:00,3305.848325395687,3424.178466796875,3291.0570577205385,3424.178466796875,379626500,0.0,0.0
2022-06-02 00:00:00+07:00,3357.6176986694336,3401.991500854492,3313.243896484375,3313.243896484375,225697500,0.0,0.0
2022-06-03 00:00:00+07:00,3350.222294360135,3379.8048311756775,3335.431025952364,3342.82666015625,117643300,0.0,0.0
2022-06-06 00:00:00+07:00,3305.8486515501554,3335.4311898190604,3254.079209579571,3276.26611328125,157277700,0.0,0.0
2022-06-07 00:00:00+07:00,3298.453154962713,3298.453154962713,3254.079345703125,3254.079345703125,133318000,0.0,0.0
2022-06-08 00:00:00+07:00,3254.07943145274,3305.848876953125,3239.2881613097734,3305.848876953125,150604000,0.0,0.0
2022-06-09 00:00:00+07:00,3328.0355270827536,3342.82679609201,3313.244258073497,3320.639892578125,161768800,0.0,0.0
2022-06-10 00:00:00+07:00,3305.8487898393114,3305.8487898393114,3224.4968061967334,3254.079345703125,222410400,0.0,0.0
2022-06-13 00:00:00+07:00,3150.540486841158,3217.1012013518866,3150.540486841158,3209.70556640625,164017200,0.0,0.0
2022-06-14 00:00:00+07:00,3180.1225350756163,3261.4745069031324,3180.1225350756163,3224.496337890625,150381800,0.0,0.0
2022-06-15 00:00:00+07:00,3224.49666213132,3291.057373046875,3224.49666213132,3291.057373046875,160729900,0.0,0.0
2022-06-16 00:00:00+07:00,3268.8704787140236,3350.222458953513,3261.4748441467973,3276.26611328125,240023000,0.0,0.0
2022-06-17 00:00:00+07:00,3231.892333984375,3254.0792378790043,3217.1010647212884,3231.892333984375,185763100,0.0,0.0
2022-06-20 00:00:00+07:00,3254.079345703125,3261.4749805797233,3209.7055364435373,3254.079345703125,95058800,0.0,0.0
2022-06-21 00:00:00+07:00,3276.2662604345032,3276.2662604345032,3239.2880859375,3239.2880859375,103964600,0.0,0.0
2022-06-22 00:00:00+07:00,3261.4750213623047,3261.4750213623047,3187.5186716715493,3194.914306640625,106208500,0.0,0.0
2022-06-23 00:00:00+07:00,3180.1229199898494,3224.4967281757545,3180.1229199898494,3187.5185546875,127600700,0.0,0.0
2022-06-24 00:00:00+07:00,3194.914296514977,3217.1012013518866,3187.5186615693406,3209.70556640625,66083900,0.0,0.0
2022-06-27 00:00:00+07:00,3187.518200455425,3202.309468206958,3157.9356649523584,3165.331298828125,152306100,0.0,0.0
2022-06-28 00:00:00+07:00,3194.9140715843023,3202.309706009266,3165.3315338844477,3180.122802734375,178535800,0.0,0.0
2022-06-29 00:00:00+07:00,3165.331589694228,3187.518493360309,3091.375244140625,3091.375244140625,228536100,0.0,0.0
2022-06-30 00:00:00+07:00,3047.0018142884037,3120.9581690041414,3047.0018142884037,3069.188720703125,239939100,0.0,0.0
2022-07-01 00:00:00+07:00,3069.188114479544,3106.1662845335145,3039.6055784363675,3061.79248046875,154659500,0.0,0.0
2022-07-04 00:00:00+07:00,3024.8143522054843,3047.0012545443997,2928.6711087368503,2987.836181640625,246853600,0.0,0.0
2022-07-05 00:00:00+07:00,2987.8367636384473,3076.5843902811735,2987.8367636384473,3024.81494140625,180648400,0.0,0.0
2022-07-06 00:00:00+07:00,2995.232041302849,3032.210214652267,2973.0451372931984,3017.4189453125,125309100,0.0,0.0
2022-07-07 00:00:00+07:00,2987.836299189815,3039.605740017361,2987.836299189815,2995.23193359375,172127500,0.0,0.0
2022-07-08 00:00:00+07:00,3024.8145240420386,3106.16650390625,2995.2319859095983,3106.16650390625,112914000,0.0,0.0
2022-07-11 00:00:00+07:00,3069.1883687139716,3083.9796379607856,3032.2101955969356,3047.00146484375,80867700,0.0,0.0
2022-07-12 00:00:00+07:00,3047.001591963199,3061.7928618270985,3032.2103220993004,3039.60595703125,56085200,0.0,0.0
2022-07-13 00:00:00+07:00,3039.605859014201,3054.3971284011313,2980.4407814664796,3002.627685546875,165745200,0.0,0.0
2022-07-14 00:00:00+07:00,2965.6493870690647,3024.8144621228116,2965.6493870690647,3010.023193359375,188729700,0.0,0.0
2022-07-15 00:00:00+07:00,3002.6277823715022,3047.001591963199,2995.2321474395526,3039.60595703125,91362800,0.0,0.0
2022-07-18 00:00:00+07:00,3039.6055784363675,3061.79248046875,3017.4186764039855,3061.79248046875,135284500,0.0,0.0
2022-07-19 00:00:00+07:00,3069.1884967590477,3069.1884967590477,3039.60595703125,3039.60595703125,122905900,0.0,0.0
2022-07-20 00:00:00+07:00,3091.3751896348112,3180.122802734375,3076.583920784884,3180.122802734375,220223600,0.0,0.0
2022-07-21 00:00:00+07:00,3180.1229199898494,3187.5185546875,3128.3534771062937,3187.5185546875,130405400,0.0,0.0
2022-07-22 00:00:00+07:00,3202.3098436127784,3202.3098436127784,3157.93603515625,3157.93603515625,86561100,0.0,0.0
2022-07-25 00:00:00+07:00,3143.1445312500005,3180.1227022058824,3143.1445312500005,3143.14453125,60952800,0.0,0.0
2022-07-26 00:00:00+07:00,3157.936006400657,3217.101083803948,3150.5403717252457,3202.309814453125,97709800,0.0,0.0
2022-07-27 00:00:00+07:00,3239.288116455078,3239.288116455078,3180.123036702474,3194.914306640625,88570800,0.0,0.0
2022-07-28 00:00:00+07:00,3209.7050702856222,3254.0788731006305,3209.7050702856222,3224.496337890625,136421400,0.0,0.0
2022-07-29 00:00:00+07:00,3246.683239298129,3276.265774508135,3209.7050702856222,3224.496337890625,228669400,0.0,0.0
2022-08-01 00:00:00+07:00,3246.683239298129,3261.4745069031324,3202.309436483121,3224.496337890625,200791700,0.0,0.0
2022-08-02 00:00:00+07:00,3224.4968061967334,3254.079345703125,3180.122996937145,3254.079345703125,173931000,0.0,0.0
2022-08-03 00:00:00+07:00,3261.474990635702,3268.8706255351026,3217.101181239298,3239.2880859375,103412300,0.0,0.0
2022-08-04 00:00:00+07:00,3239.2876054956278,3246.683239298129,3217.1007040881236,3224.496337890625,120175700,0.0,0.0
2022-08-05 00:00:00+07:00,3224.496337890625,3254.0788731006305,3194.913802680619,3224.496337890625,168879400,0.0,0.0
2022-08-08 00:00:00+07:00,3224.496699352832,3254.0792378790043,3209.7054300897453,3231.892333984375,107242600,0.0,0.0
2022-08-09 00:00:00+07:00,3254.079218927154,3305.84866104645,3246.6835843386834,3261.474853515625,181747100,0.0,0.0
2022-08-10 00:00:00+07:00,3217.1010934781034,3231.892362873405,3180.1229199898494,3187.5185546875,205341100,0.0,0.0
2022-08-11 00:00:00+07:00,3239.2879781788797,3261.474882139009,3209.7054395653736,3217.10107421875,193329000,0.0,0.0
2022-08-12 00:00:00+07:00,3209.705576578776,3217.1012115478516,3194.914306640625,3194.914306640625,103916700,0.0,0.0
2022-08-15 00:00:00+07:00,3202.309706009266,3217.1009748591932,3180.122802734375,3180.122802734375,135099400,0.0,0.0
2022-08-16 00:00:00+07:00,3217.1007359584914,3217.1007359584914,3157.9356649523584,3165.331298828125,205432400,0.0,0.0
2022-08-18 00:00:00+07:00,3202.309814453125,3209.7054491285367,3187.5185451023026,3202.309814453125,138795300,0.0,0.0
2022-08-19 00:00:00+07:00,3209.7053404342296,3209.7053404342296,3180.122802734375,3180.122802734375,84552100,0.0,0.0
2022-08-22 00:00:00+07:00,3194.9142088700237,3202.3098436127784,3157.93603515625,3157.93603515625,121124400,0.0,0.0
2022-08-23 00:00:00+07:00,3150.5402650345204,3187.5184371593386,3150.5402650345204,3180.122802734375,107799500,0.0,0.0
2022-08-24 00:00:00+07:00,3180.122440222538,3202.309340968277,3165.3311730587125,3172.726806640625,75055900,0.0,0.0
2022-08-25 00:00:00+07:00,3165.3316698990047,3180.122939384514,3157.93603515625,3157.93603515625,117653800,0.0,0.0
2022-08-26 00:00:00+07:00,3165.3316698990047,3172.7273046417595,3157.93603515625,3157.93603515625,87375200,0.0,0.0
2022-08-29 00:00:00+07:00,3143.1445312500005,3157.9357996323533,3120.957628676471,3143.14453125,88409800,0.0,0.0
2022-08-30 00:00:00+07:00,3143.1448923030366,3180.1230675066017,3143.1448923030366,3150.54052734375,157219500,0.0,0.0
2022-08-31 00:00:00+07:00,3143.1448518955217,3217.1012013518866,3135.749216949885,3209.70556640625,191475700,0.0,0.0
2022-09-01 00:00:00+07:00,3194.9139112329153,3246.683349609375,3187.5182771791356,3246.683349609375,139929300,0.0,0.0
2022-09-02 00:00:00+07:00,3261.474834862184,3291.057373046875,3239.2879312236655,3291.057373046875,220616600,0.0,0.0
2022-09-05 00:00:00+07:00,3276.2665122038397,3401.992315155229,3268.8708767361113,3394.5966796875,261126600,0.0,0.0
2022-09-06 00:00:00+07:00,3453.7614055432773,3468.552674946032,3365.0137891267477,3372.409423828125,188042700,0.0,0.0
2022-09-07 00:00:00+07:00,3335.431299047085,3365.013838284753,3298.453125,3298.453125,231936700,0.0,0.0
2022-09-08 00:00:00+07:00,3313.244089673913,3416.782967476223,3313.244089673913,3401.99169921875,250373200,0.0,0.0
2022-09-09 00:00:00+07:00,3431.573862866052,3431.573862866052,3379.8044295900554,3409.386962890625,119286700,0.0,0.0
2022-09-12 00:00:00+07:00,3409.3875973350123,3424.1788667377673,3372.409423828125,3372.409423828125,97988000,0.0,0.0
2022-09-13 00:00:00+07:00,3372.409900382096,3431.5749863537117,3372.409900382096,3387.201171875,141828800,0.0,0.0
2022-09-14 00:00:00+07:00,3342.8273573962883,3409.388079114356,3335.431721649836,3387.201171875,149960600,0.0,0.0
2022-09-15 00:00:00+07:00,3401.9913295654824,3475.947662816906,3394.59569624034,3409.386962890625,295664100,0.0,0.0
2022-09-16 00:00:00+07:00,3409.3873768446183,3416.7830110677087,3328.0354003906255,3328.035400390625,282492200,0.0,0.0
2022-09-19 00:00:00+07:00,3342.8267595220186,3401.991834911789,3328.035490674576,3379.804931640625,134432000,0.0,0.0
2022-09-20 00:00:00+07:00,3379.804968615152,3401.991872129037,3320.639892578125,3320.639892578125,138695500,0.0,0.0
2022-09-21 00:00:00+07:00,3320.6401061341003,3365.013916015625,3305.848836173592,3365.013916015625,159976900,0.0,0.0
2022-09-22 00:00:00+07:00,3328.03561561986,3387.20069323088,3328.03561561986,3372.409423828125,100425300,0.0,0.0
2022-09-23 00:00:00+07:00,3357.6176986694336,3372.408966064453,3313.243896484375,3313.243896484375,139074000,0.0,0.0
2022-09-26 00:00:00+07:00,3313.2441148127755,3357.617919921875,3261.4746755188257,3357.617919921875,280747500,0.0,0.0
2022-09-27 00:00:00+07:00,3328.0357512417218,3365.013926255519,3313.2444812362032,3350.22265625,213704600,0.0,0.0
2022-09-28 00:00:00+07:00,3335.431025952364,3372.409196971792,3313.2441233407076,3342.82666015625,161815300,0.0,0.0
2022-09-29 00:00:00+07:00,3342.826431274414,3357.6176986694336,3298.4526290893555,3313.243896484375,169368600,0.0,0.0
2022-09-30 00:00:00+07:00,3291.0573545596117,3335.4311615873817,3261.4748165410983,3320.639892578125,224229200,0.0,0.0
2022-10-03 00:00:00+07:00,3328.0357512417218,3365.013926255519,3313.2444812362032,3350.22265625,159559600,0.0,0.0
2022-10-04 00:00:00+07:00,3372.409625875539,3438.970342175714,3372.409625875539,3431.57470703125,256367100,0.0,0.0
2022-10-05 00:00:00+07:00,3446.3655301400745,3446.3655301400745,3357.617919921875,3357.617919921875,182246200,0.0,0.0
2022-10-06 00:00:00+07:00,3357.6180557961475,3379.804959248545,3335.4311523437505,3335.43115234375,123346200,0.0,0.0
2022-10-07 00:00:00+07:00,3313.244650900901,3320.640286282376,3276.266473993525,3283.662109375,133678600,0.0,0.0
2022-10-10 00:00:00+07:00,3268.870507142091,3276.266141773634,3209.7054300897453,3231.892333984375,193923600,0.0,0.0
2022-10-11 00:00:00+07:00,3246.6835750123446,3276.26611328125,3231.8923058778923,3276.26611328125,133742200,0.0,0.0
2022-10-12 00:00:00+07:00,3305.8487898393114,3305.8487898393114,3254.079345703125,3254.079345703125,128741800,0.0,0.0
2022-10-13 00:00:00+07:00,3246.683612832256,3268.8705167923854,3217.10107421875,3217.10107421875,104269900,0.0,0.0
2022-10-14 00:00:00+07:00,3239.2880173265517,3246.6836520693064,3157.93603515625,3157.93603515625,180841100,0.0,0.0
2022-10-17 00:00:00+07:00,3157.935899459484,3194.9140715843023,3150.5402650345204,3180.122802734375,145506000,0.0,0.0
2022-10-18 00:00:00+07:00,3165.3311730587125,3209.7049745501895,3165.3311730587125,3172.726806640625,161444100,0.0,0.0
2022-10-19 00:00:00+07:00,3165.3315338844477,3209.7053404342296,3165.3315338844477,3180.122802734375,81682300,0.0,0.0
2022-10-20 00:00:00+07:00,3165.331375017796,3254.0789836631548,3165.331375017796,3246.683349609375,149521700,0.0,0.0
2022-10-21 00:00:00+07:00,3224.496671310666,3298.453016982929,3224.496671310666,3276.26611328125,165052200,0.0,0.0
2022-10-24 00:00:00+07:00,3276.2659608289932,3357.6179372829865,3276.2659608289932,3328.035400390625,186997700,0.0,0.0
2022-10-25 00:00:00+07:00,3372.409773284314,3409.3879506229578,3365.014137816585,3394.5966796875,233948800,0.0,0.0
2022-10-26 00:00:00+07:00,3401.9921012693158,3409.387736272075,3328.0357512417218,3350.22265625,178298500,0.0,0.0
2022-10-27 00:00:00+07:00,3365.013528575068,3401.9916992187505,3350.2222603175956,3401.99169921875,131385300,0.0,0.0
2022-10-28 00:00:00+07:00,3401.991565284152,3424.178466796875,3372.409029933855,3424.178466796875,227256400,0.0,0.0
2022-10-31 00:00:00+07:00,3424.178945102487,3461.1571194556454,3424.178945102487,3438.97021484375,275184000,0.0,0.0
2022-11-01 00:00:00+07:00,3468.5523807378286,3475.9480148118964,3424.1785762934214,3446.365478515625,230590200,0.0,0.0
2022-11-02 00:00:00+07:00,3461.1563961666216,3461.1563961666216,3379.8044295900554,3409.386962890625,163816900,0.0,0.0
2022-11-03 00:00:00+07:00,3424.178945102487,3446.365849714382,3394.59640561996,3438.97021484375,174423000,0.0,0.0
2022-11-04 00:00:00+07:00,3438.9702148437505,3446.365849714382,3409.3876753612235,3438.97021484375,85292300,0.0,0.0
2022-11-07 00:00:00+07:00,3438.9699530042312,3468.552490234375,3409.387415774087,3468.552490234375,112070500,0.0,0.0
2022-11-08 00:00:00+07:00,3468.552893436316,3468.552893436316,3409.387812098383,3416.783447265625,80916300,0.0,0.0
2022-11-09 00:00:00+07:00,3401.9920404905915,3438.9702148437505,3401.9920404905915,3438.97021484375,126493900,0.0,0.0
2022-11-10 00:00:00+07:00,3372.4095612582782,3387.2008312637968,3342.8270212472407,3350.22265625,196277400,0.0,0.0
2022-11-11 00:00:00+07:00,3416.783310231855,3438.9702148437505,3394.59640561996,3438.97021484375,153238500,0.0,0.0
2022-11-14 00:00:00+07:00,3416.783714860808,3431.5749863537117,3365.014264635644,3387.201171875,140187600,0.0,0.0
2022-11-15 00:00:00+07:00,3387.201171875,3409.388079114356,3372.409900382096,3387.201171875,87986300,0.0,0.0
2022-11-16 00:00:00+07:00,3394.5960995834484,3409.3873679912194,3320.639757544593,3342.82666015625,245789200,0.0,0.0
2022-11-17 00:00:00+07:00,3342.826951870316,3453.761474609375,3328.0356821717746,3453.761474609375,214514600,0.0,0.0
2022-11-18 00:00:00+07:00,3453.760762841479,3461.1563961666216,3409.386962890625,3409.386962890625,105313200,0.0,0.0
2022-11-21 00:00:00+07:00,3416.783586090686,3424.179221558415,3372.409773284314,3394.5966796875,82279300,0.0,0.0
2022-11-22 00:00:00+07:00,3379.8054087520427,3453.76176342933,3379.8054087520427,3394.5966796875,154866000,0.0,0.0
2022-11-23 00:00:00+07:00,3431.574570061563,3453.761474609375,3424.178935212293,3453.761474609375,147280600,0.0,0.0
2022-11-24 00:00:00+07:00,3475.9479897709216,3505.5305258540784,3453.761087708554,3490.7392578125,156735700,0.0,0.0
2022-11-25 00:00:00+07:00,3475.9480982730265,3512.92626953125,3468.5524640213816,3512.92626953125,177861100,0.0,0.0
2022-11-28 00:00:00+07:00,3498.1353303901387,3572.091679869846,3498.1353303901387,3564.696044921875,214611600,0.0,0.0
2022-11-29 00:00:00+07:00,3564.695423244201,3594.2779578769328,3542.508522269652,3586.88232421875,184916300,0.0,0.0
2022-11-30 00:00:00+07:00,3557.300331697885,3683.0261230468745,3549.9046969126503,3683.026123046875,560639800,0.0,0.0
2022-12-01 00:00:00+07:00,3697.8171653593117,3716.306251186108,3623.8608220521255,3653.443359375,267382600,0.0,0.0
2022-12-02 00:00:00+07:00,3623.861211296971,3646.0481166722584,3594.2786707965874,3616.465576171875,199981400,0.0,0.0
2022-12-05 00:00:00+07:00,3631.2568464220667,3646.0481166722584,3594.2786707965874,3616.465576171875,88463000,0.0,0.0
2022-12-06 00:00:00+07:00,3594.278076171875,3616.4649778766398,3549.9042727623455,3594.278076171875,151325300,0.0,0.0
2022-12-07 00:00:00+07:00,3579.4873457195376,3579.4873457195376,3505.5309956013652,3520.322265625,253330100,0.0,0.0
2022-12-08 00:00:00+07:00,3520.321985165935,3579.4870605468755,3483.3438130528475,3579.487060546875,154313900,0.0,0.0
2022-12-09 00:00:00+07:00,3572.0914443969727,3579.4870788574217,3520.322003173828,3549.904541015625,203573100,0.0,0.0
2022-12-12 00:00:00+07:00,3549.904155927835,3586.88232421875,3520.321621295103,3586.88232421875,139582400,0.0,0.0
2022-12-13 00:00:00+07:00,3601.6735471422285,3683.0255163795273,3579.486646441147,3675.6298828125,194233200,0.0,0.0
2022-12-14 00:00:00+07:00,3697.817392617344,3697.817392617344,3601.674140409293,3683.026123046875,201275800,0.0,0.0
2022-12-15 00:00:00+07:00,3623.861444477151,3653.4439868810464,3609.0701732752036,3631.257080078125,170702300,0.0,0.0
2022-12-16 00:00:00+07:00,3564.6959664831197,3683.0261230468745,3564.6959664831197,3683.026123046875,594601900,0.0,0.0
2022-12-19 00:00:00+07:00,3675.6298828125,3683.0255163795273,3638.6517149773645,3675.6298828125,82959800,0.0,0.0
2022-12-20 00:00:00+07:00,3646.0483512800724,3675.6308936839678,3616.4658088761776,3631.257080078125,78671600,0.0,0.0
2022-12-21 00:00:00+07:00,3631.2568464220667,3653.4437517973543,3601.6743059216833,3616.465576171875,71277800,0.0,0.0
2022-12-22 00:00:00+07:00,3631.2562058971776,3675.630008820565,3623.860572076613,3668.234375,87321400,0.0,0.0
2022-12-23 00:00:00+07:00,3638.652363761527,3653.443633532915,3609.06982421875,3609.06982421875,53350600,0.0,0.0
2022-12-26 00:00:00+07:00,3623.8611904554386,3646.048095703125,3616.4655553728767,3646.048095703125,43581100,0.0,0.0
2022-12-27 00:00:00+07:00,3646.047632988963,3660.8389012769508,3594.278193981006,3601.673828125,74123800,0.0,0.0
2022-12-28 00:00:00+07:00,3601.6742196617283,3609.069854609699,3557.300409973904,3564.696044921875,117912500,0.0,0.0
2022-12-29 00:00:00+07:00,3564.695657405031,3601.673828125,3549.904389117043,3601.673828125,106690700,0.0,0.0
2022-12-30 00:00:00+07:00,3601.6739190599696,3660.8389937057186,3601.6739190599696,3653.443359375,182091500,0.0,0.0
2023-01-02 00:00:00+07:00,3631.2563647009756,3638.651998844969,3564.695657405031,3601.673828125,100200100,0.0,0.0
2023-01-03 00:00:00+07:00,3572.091056902384,3623.8604925096647,3572.091056902384,3586.88232421875,95136500,0.0,0.0
2023-01-04 00:00:00+07:00,3586.8830996339425,3586.8830996339425,3527.718017578125,3527.718017578125,188071000,0.0,0.0
2023-01-05 00:00:00+07:00,3512.926693620353,3520.322328764817,3379.805261020003,3431.57470703125,292142000,0.0,0.0
2023-01-06 00:00:00+07:00,3365.0140010949335,3431.574717600108,3365.0140010949335,3416.783447265625,175932000,0.0,0.0
2023-01-09 00:00:00+07:00,3387.201044219771,3431.574857026144,3365.014137816585,3394.5966796875,166164900,0.0,0.0
2023-01-10 00:00:00+07:00,3407.326946732153,3422.30420803647,3302.4861176019326,3317.46337890625,282510000,57.0,0.0
2023-01-11 00:00:00+07:00,3302.4864017016266,3317.463664294378,3265.0432452197488,3280.0205078125,211610100,0.0,0.0
2023-01-12 00:00:00+07:00,3354.906527777778,3384.8610503472223,3302.4861132812503,3369.8837890625,210887800,0.0,0.0
2023-01-13 00:00:00+07:00,3377.372140066964,3392.3494001116073,3309.9744698660716,3354.90625,134592100,0.0,0.0
2023-01-16 00:00:00+07:00,3317.463407533359,3392.3497147011544,3309.974776816579,3384.861083984375,172170900,0.0,0.0
2023-01-17 00:00:00+07:00,3384.8611503734924,3429.7929355554415,3377.372519509834,3414.815673828125,150577400,0.0,0.0
2023-01-18 00:00:00+07:00,3414.8154976222827,3459.7472804857334,3414.8154976222827,3444.77001953125,178026000,0.0,0.0
2023-01-19 00:00:00+07:00,3437.281041341852,3467.235560220648,3429.792411622153,3452.25830078125,117204100,0.0,0.0
2023-01-20 00:00:00+07:00,3467.236117061492,3497.1906407510082,3459.747486139113,3482.21337890625,116038300,0.0,0.0
2023-01-24 00:00:00+07:00,3489.7023291649757,3504.679592380276,3437.2819079114247,3459.747802734375,81964700,0.0,0.0
2023-01-25 00:00:00+07:00,3459.747459010074,3459.747459010074,3407.3270429644667,3414.815673828125,84009300,0.0,0.0
2023-01-26 00:00:00+07:00,3414.816087111928,3459.7478777318215,3407.3274553419456,3437.281982421875,113840400,0.0,0.0
2023-01-27 00:00:00+07:00,3444.7705709523166,3504.679624360183,3444.7705709523166,3474.72509765625,178282600,0.0,0.0
2023-01-30 00:00:00+07:00,3482.212819660046,3504.678708819143,3422.303781902454,3452.25830078125,185972400,0.0,0.0
2023-01-31 00:00:00+07:00,3452.259353038005,3459.7479850402565,3422.304825028998,3429.79345703125,280039200,0.0,0.0
2023-02-01 00:00:00+07:00,3467.2358038486577,3512.1675853240185,3459.7471736027646,3504.678955078125,181849300,0.0,0.0
2023-02-02 00:00:00+07:00,3482.213171917459,3504.6790633491846,3444.77001953125,3444.77001953125,145413400,0.0,0.0
2023-02-03 00:00:00+07:00,3482.213301809211,3579.565501644737,3467.236040296053,3557.099609375,198479900,0.0,0.0
2023-02-06 00:00:00+07:00,3579.5658541007383,3602.031748582542,3504.6795391613923,3549.611328125,141366300,0.0,0.0
2023-02-07 00:00:00+07:00,3549.610978618421,3587.054132401316,3534.6337171052633,3557.099609375,140923100,0.0,0.0
2023-02-08 00:00:00+07:00,3527.1451520501696,3587.05419921875,3527.1451520501696,3587.05419921875,168599500,0.0,0.0
2023-02-09 00:00:00+07:00,3587.0542322107262,3624.497387035473,3572.076970280828,3602.031494140625,177400700,0.0,0.0
2023-02-10 00:00:00+07:00,3624.4971044720937,3654.4516259966567,3572.076691804109,3639.474365234375,181146600,0.0,0.0
2023-02-13 00:00:00+07:00,3669.4290313720703,3669.4290313720703,3594.542724609375,3594.542724609375,144569400,0.0,0.0
2023-02-14 00:00:00+07:00,3609.5199814312755,3646.963134765625,3602.031350764406,3646.963134765625,120995200,0.0,0.0
2023-02-15 00:00:00+07:00,3661.9403960993645,3661.9403960993645,3602.031350764406,3646.963134765625,84568100,0.0,0.0
2023-02-16 00:00:00+07:00,3661.9403960993645,3661.9403960993645,3631.9858734318855,3646.963134765625,69966200,0.0,0.0
2023-02-17 00:00:00+07:00,3661.940535248303,3661.940535248303,3617.0087495397347,3654.451904296875,104019300,0.0,0.0
2023-02-20 00:00:00+07:00,3669.429166199731,3669.429166199731,3624.497380491163,3654.451904296875,88432500,0.0,0.0
2023-02-21 00:00:00+07:00,3654.4520511864625,3654.4520511864625,3609.520263671875,3609.520263671875,59319100,0.0,0.0
2023-02-22 00:00:00+07:00,3587.054272050617,3602.0315341468618,3542.1224857618827,3564.58837890625,107327900,0.0,0.0
2023-02-23 00:00:00+07:00,3602.031355285644,3602.031355285644,3542.122309875488,3594.542724609375,139144500,0.0,0.0
2023-02-24 00:00:00+07:00,3594.5429030987393,3624.497427291229,3564.58837890625,3564.58837890625,46409300,0.0,0.0
2023-02-27 00:00:00+07:00,3579.565601245777,3602.031494140625,3564.5883393158783,3602.031494140625,89918800,0.0,0.0
2023-02-28 00:00:00+07:00,3564.5883527669966,3587.054245746621,3497.190673828125,3497.190673828125,273125500,0.0,0.0
2023-03-01 00:00:00+07:00,3542.1221753136588,3557.0994360972263,3519.656284138308,3534.633544921875,115578600,0.0,0.0
2023-03-02 00:00:00+07:00,3557.0995378693774,3579.5654296875,3534.6336460512553,3579.5654296875,59377900,0.0,0.0
2023-03-03 00:00:00+07:00,3594.5429030987393,3594.5429030987393,3542.1224857618827,3564.58837890625,84777000,0.0,0.0
2023-03-06 00:00:00+07:00,3587.05419921875,3594.542830114822,3579.5655683226773,3587.05419921875,78292000,0.0,0.0
2023-03-07 00:00:00+07:00,3572.0768987482243,3631.9859452681108,3572.0768987482243,3624.497314453125,111953700,0.0,0.0
2023-03-08 00:00:00+07:00,3631.9859452681108,3631.9859452681108,3609.520052823153,3624.497314453125,125766100,0.0,0.0
2023-03-09 00:00:00+07:00,3639.4746489653717,3646.963279930321,3602.031494140625,3602.031494140625,79549800,0.0,0.0
2023-03-10 00:00:00+07:00,3609.520263671875,3617.0088949243063,3594.5430011670123,3609.520263671875,125140500,0.0,0.0
2023-03-13 00:00:00+07:00,3602.0315269959888,3646.963313195523,3572.077002862966,3617.0087890625,106769300,0.0,0.0
2023-03-14 00:00:00+07:00,3572.077544971636,3587.0548093111397,3512.1684876136214,3527.145751953125,192444400,0.0,0.0
2023-03-15 00:00:00+07:00,3564.5882791722074,3572.0769100108046,3519.656494140625,3519.656494140625,107761200,0.0,0.0
2023-03-16 00:00:00+07:00,3519.656422395283,3557.09957582502,3474.7246382795984,3542.122314453125,155984500,0.0,0.0
2023-03-17 00:00:00+07:00,3572.0765206473216,3669.4287109375,3557.0992606026784,3669.4287109375,267753300,0.0,0.0
2023-03-20 00:00:00+07:00,3624.497380491163,3654.451904296875,3609.520118588307,3654.451904296875,113829400,0.0,0.0
2023-03-21 00:00:00+07:00,3646.962820870536,3684.4059709821427,3624.4969308035716,3669.4287109375,214639300,0.0,0.0
2023-03-24 00:00:00+07:00,3733.2653629454926,3788.2819051362685,3709.6868448637315,3748.984375,266103900,231.22139,0.0
2023-03-27 00:00:00+07:00,3733.265267545161,3764.7032908508045,3709.686750065928,3725.40576171875,144925200,0.0,0.0
2023-03-28 00:00:00+07:00,3725.405856918239,3756.8438810272537,3725.405856918239,3748.984375,105217100,0.0,0.0
2023-03-29 00:00:00+07:00,3772.562857328482,3788.2818692340174,3748.9843394701793,3780.42236328125,141800500,0.0,0.0
2023-03-30 00:00:00+07:00,3780.422170024671,3780.422170024671,3725.4056311677627,3733.26513671875,98847200,0.0,0.0
2023-03-31 00:00:00+07:00,3717.5458984375,3733.2649085788844,3701.826888296115,3717.5458984375,161561800,0.0,0.0
2023-04-03 00:00:00+07:00,3748.983984375,3772.5625000000005,3741.124479166667,3772.5625,133511700,0.0,0.0
2023-04-04 00:00:00+07:00,3772.562726919087,3788.28173828125,3741.1247041947613,3788.28173828125,88097800,0.0,0.0
2023-04-05 00:00:00+07:00,3780.4221024602098,3835.4386403338513,3772.5625970496894,3796.14111328125,119316500,0.0,0.0
2023-04-06 00:00:00+07:00,3819.7194985634037,3819.7194985634037,3788.281477999096,3804.00048828125,88012300,0.0,0.0
2023-04-10 00:00:00+07:00,3819.719482421875,3819.719482421875,3788.281461990419,3819.719482421875,58886800,0.0,0.0
2023-04-11 00:00:00+07:00,3819.7199526927507,3843.298470919249,3796.141434466252,3835.43896484375,67275600,0.0,0.0
2023-04-12 00:00:00+07:00,3890.455339598124,3890.455339598124,3843.2983051787523,3874.736328125,194839900,0.0,0.0
2023-04-13 00:00:00+07:00,3890.4554178628573,3929.7529473362197,3874.7364060735126,3914.033935546875,141279800,0.0,0.0
2023-04-14 00:00:00+07:00,3969.0506970635774,4008.348228717672,3929.7531654094823,3988.699462890625,190097200,0.0,0.0
2023-04-17 00:00:00+07:00,3988.699356721255,3988.699356721255,3898.315036322645,3921.8935546875,121231300,0.0,0.0
2023-04-18 00:00:00+07:00,3921.8935911852905,3949.4018628669505,3890.45556640625,3890.45556640625,95747700,0.0,0.0
2023-04-26 00:00:00+07:00,4047.6456827192164,4047.6456827192164,3874.7365467583954,3949.40185546875,273336000,0.0,0.0
2023-04-27 00:00:00+07:00,3921.893414365898,4047.6455078125,3921.893414365898,4047.6455078125,125947200,0.0,0.0
2023-04-28 00:00:00+07:00,4067.2939453125005,4145.888997395834,4008.3476562500005,4008.34765625,251912000,0.0,0.0
2023-05-02 00:00:00+07:00,4067.294272413532,4067.294272413532,3969.050449408374,4047.6455078125,84246100,0.0,0.0
2023-05-03 00:00:00+07:00,4106.591471354167,4106.591471354167,3969.0501302083335,4008.34765625,183524700,0.0,0.0
2023-05-04 00:00:00+07:00,4047.6455078125,4067.294272413532,3988.6992140094053,4047.6455078125,140482000,0.0,0.0
2023-05-05 00:00:00+07:00,4106.591796875,4126.240561453349,4027.996738561603,4106.591796875,182599600,0.0,0.0
2023-05-08 00:00:00+07:00,4126.240234375,4126.240234375,3969.0501302083335,4008.34765625,107804200,0.0,0.0
2023-05-09 00:00:00+07:00,3969.050531154726,4027.9968261718755,3949.4017661490093,4027.996826171875,102987300,0.0,0.0
2023-05-10 00:00:00+07:00,3988.6992140094053,4047.6455078125,3969.050449408374,4047.6455078125,108369600,0.0,0.0
2023-05-11 00:00:00+07:00,4067.294272413532,4067.294272413532,4008.347978610437,4047.6455078125,85618800,0.0,0.0
2023-05-12 00:00:00+07:00,4008.347978610437,4067.294272413532,4008.347978610437,4047.6455078125,92625800,0.0,0.0
2023-05-15 00:00:00+07:00,4047.6455078125,4067.294272413532,3949.4016848073425,4047.6455078125,163732600,0.0,0.0
2023-05-16 00:00:00+07:00,4067.294350257287,4086.9431152343755,4008.348055326022,4086.943115234375,73611200,0.0,0.0
2023-05-17 00:00:00+07:00,4126.240645188552,4126.240645188552,4067.294350257287,4086.943115234375,115834500,0.0,0.0
2023-05-19 00:00:00+07:00,4106.591471354167,4283.430338541667,4086.9427083333335,4244.1328125,185672200,0.0,0.0
2023-05-22 00:00:00+07:00,4165.5379194268435,4322.728029593894,4165.5379194268435,4263.78173828125,162655900,0.0,0.0
2023-05-23 00:00:00+07:00,4303.079263583097,4401.323082386363,4303.079263583097,4322.72802734375,255251600,0.0,0.0
2023-05-24 00:00:00+07:00,4342.376467023577,4401.32275390625,4283.430180140904,4401.32275390625,187436100,0.0,0.0
2023-05-25 00:00:00+07:00,4322.727864583334,4381.674153645834,4283.430338541667,4303.0791015625,224391900,0.0,0.0
2023-05-26 00:00:00+07:00,4263.78141784668,4401.32275390625,4263.78141784668,4401.32275390625,154003100,0.0,0.0
2023-05-29 00:00:00+07:00,4401.322916666667,4420.9716796875,4303.0791015625,4362.025390625,125049100,0.0,0.0
2023-05-30 00:00:00+07:00,4322.72802734375,4401.323082386363,4322.72802734375,4322.72802734375,67363200,0.0,0.0
2023-05-31 00:00:00+07:00,4381.67431640625,4381.67431640625,4224.484206400645,4381.67431640625,898453700,0.0,0.0
2023-06-05 00:00:00+07:00,4401.3230846774195,4401.3230846774195,4263.78173828125,4263.78173828125,255472600,0.0,0.0
2023-06-06 00:00:00+07:00,4244.132651232798,4322.727700329702,4204.8351266843465,4283.43017578125,92019300,0.0,0.0
2023-06-07 00:00:00+07:00,4303.0791015625,4303.0791015625,4204.835286458334,4244.1328125,150377000,0.0,0.0
2023-06-08 00:00:00+07:00,4224.484049479167,4303.0791015625,4204.835286458334,4303.0791015625,92794100,0.0,0.0
2023-06-09 00:00:00+07:00,4263.78173828125,4283.4305020521315,4224.484210739487,4263.78173828125,77251000,0.0,0.0
2023-06-12 00:00:00+07:00,4244.1328125,4244.1328125,4224.484049479167,4244.1328125,92314200,0.0,0.0
2023-06-13 00:00:00+07:00,4244.1328125,4362.025390625,4244.1328125,4362.025390625,108831400,0.0,0.0
2023-06-14 00:00:00+07:00,4381.674153645834,4381.674153645834,4303.0791015625,4362.025390625,79137600,0.0,0.0
2023-06-15 00:00:00+07:00,4303.079424137443,4342.376953125,4283.430659643665,4342.376953125,74388400,0.0,0.0
2023-06-16 00:00:00+07:00,4303.0791015625,4362.025390625,4244.1328125,4362.025390625,189062600,0.0,0.0
2023-06-19 00:00:00+07:00,4322.728188631222,4342.376953125,4283.430659643665,4342.376953125,55144200,0.0,0.0
2023-06-20 00:00:00+07:00,4303.0791015625,4362.025390625,4303.0791015625,4362.025390625,102926800,0.0,0.0
2023-06-21 00:00:00+07:00,4322.728025154148,4381.67431640625,4322.728025154148,4381.67431640625,84605400,0.0,0.0
2023-06-22 00:00:00+07:00,4362.025390625,4401.322916666667,4303.0791015625,4303.0791015625,94143200,0.0,0.0
2023-06-23 00:00:00+07:00,4263.781575520834,4303.0791015625,4244.1328125,4244.1328125,123350300,0.0,0.0
2023-06-26 00:00:00+07:00,4263.781413507024,4303.078938055476,4224.483888958573,4283.43017578125,85472100,0.0,0.0
2023-06-27 00:00:00+07:00,4283.4305020521315,4322.728029593894,4263.78173828125,4263.78173828125,110716500,0.0,0.0
2023-07-03 00:00:00+07:00,4322.727864583334,4362.025390625,4283.430338541667,4303.0791015625,168559800,0.0,0.0
2023-07-04 00:00:00+07:00,4322.727700329702,4322.727700329702,4263.781413507024,4283.43017578125,94462600,0.0,0.0
2023-07-05 00:00:00+07:00,4244.132651232798,4283.43017578125,4244.132651232798,4283.43017578125,109632800,0.0,0.0
2023-07-06 00:00:00+07:00,4283.4305020521315,4303.079265823013,4244.1329745103685,4263.78173828125,109446200,0.0,0.0
2023-07-07 00:00:00+07:00,4244.133139534883,4263.781904069767,4224.484375,4224.484375,114043800,0.0,0.0
2023-07-10 00:00:00+07:00,4263.781575520834,4322.727864583334,4244.1328125,4244.1328125,78972100,0.0,0.0
2023-07-11 00:00:00+07:00,4224.484210739487,4283.4305020521315,4224.484210739487,4263.78173828125,122094700,0.0,0.0
2023-07-12 00:00:00+07:00,4283.43017578125,4303.078938055476,4263.781413507024,4283.43017578125,104993700,0.0,0.0
2023-07-13 00:00:00+07:00,4263.781413507024,4303.078938055476,4263.781413507024,4283.43017578125,134905700,0.0,0.0
2023-07-14 00:00:00+07:00,4283.430659643665,4342.376953125,4263.781895149887,4342.376953125,127814200,0.0,0.0
2023-07-17 00:00:00+07:00,4362.025552655549,4420.971843907651,4342.376788904849,4381.67431640625,166951300,0.0,0.0
2023-07-18 00:00:00+07:00,4420.9716796875,4479.91796875,4401.322916666667,4420.9716796875,120810300,0.0,0.0
2023-07-20 00:00:00+07:00,4381.674153645834,4440.620442708334,4362.025390625,4420.9716796875,111117300,0.0,0.0
2023-07-21 00:00:00+07:00,4401.322916666667,4420.9716796875,4381.674153645834,4420.9716796875,63094600,0.0,0.0
2023-07-24 00:00:00+07:00,4401.32275390625,4440.620278494699,4401.32275390625,4401.32275390625,62962500,0.0,0.0
2023-07-25 00:00:00+07:00,4420.972327848452,4479.918625553098,4420.972327848452,4440.62109375,111248100,0.0,0.0
2023-07-26 00:00:00+07:00,4479.918786137115,4479.918786137115,4440.621252925385,4460.27001953125,76200300,0.0,0.0
2023-07-27 00:00:00+07:00,4460.269859651549,4519.216157356195,4440.62109375,4440.62109375,109859200,0.0,0.0
2023-07-28 00:00:00+07:00,4420.972161543997,4479.91845703125,4420.972161543997,4479.91845703125,74036700,0.0,0.0
2023-07-31 00:00:00+07:00,4479.918625553098,4479.918625553098,4440.62109375,4440.62109375,186727400,0.0,0.0
2023-08-01 00:00:00+07:00,4440.620926706415,4519.215987356086,4440.620926706415,4479.91845703125,100137500,0.0,0.0
2023-08-02 00:00:00+07:00,4440.620926706415,4499.567222193668,4440.620926706415,4479.91845703125,90611300,0.0,0.0
2023-08-03 00:00:00+07:00,4460.2696918688325,4519.215987356086,4440.620926706415,4479.91845703125,82775000,0.0,0.0
2023-08-04 00:00:00+07:00,4479.918135159754,4499.566898910454,4381.67431640625,4381.67431640625,150738500,0.0,0.0
2023-08-07 00:00:00+07:00,4401.323396381579,4499.567222193668,4381.674631219162,4479.91845703125,88104900,0.0,0.0
2023-08-08 00:00:00+07:00,4479.91796875,4519.215494791667,4401.322916666667,4420.9716796875,89189600,0.0,0.0
2023-08-09 00:00:00+07:00,4440.620926706415,4499.567222193668,4420.972161543997,4479.91845703125,91930000,0.0,0.0
2023-08-10 00:00:00+07:00,4460.2696918688325,4499.567222193668,4460.2696918688325,4479.91845703125,85474200,0.0,0.0
2023-08-11 00:00:00+07:00,4460.269859651549,4479.918625553098,4440.62109375,4440.62109375,74321000,0.0,0.0
2023-08-14 00:00:00+07:00,4440.62109375,4460.269859651549,4381.674796045354,4440.62109375,127358400,0.0,0.0
2023-08-15 00:00:00+07:00,4440.620607658352,4460.269371409053,4381.67431640625,4381.67431640625,89597300,0.0,0.0
2023-08-16 00:00:00+07:00,4362.025717618779,4381.674482112557,4283.430659643665,4342.376953125,188191900,0.0,0.0
2023-08-18 00:00:00+07:00,4322.728025154148,4401.323080156951,4322.728025154148,4381.67431640625,121561200,0.0,0.0
2023-08-21 00:00:00+07:00,4362.025554865057,4381.67431862571,4322.72802734375,4322.72802734375,91640000,0.0,0.0
2023-08-22 00:00:00+07:00,4322.728025154148,4420.971843907651,4322.728025154148,4381.67431640625,101221500,0.0,0.0
2023-08-23 00:00:00+07:00,4401.32275390625,4420.971516200474,4381.673991612026,4401.32275390625,78686900,0.0,0.0
2023-08-24 00:00:00+07:00,4420.9716796875,4420.9716796875,4362.025390625,4362.025390625,74407500,0.0,0.0
2023-08-25 00:00:00+07:00,4362.025229317802,4401.32275390625,4342.376467023577,4401.32275390625,65096500,0.0,0.0
2023-08-28 00:00:00+07:00,4401.322916666667,4420.9716796875,4362.025390625,4362.025390625,37126600,0.0,0.0
2023-08-29 00:00:00+07:00,4342.376467023577,4401.32275390625,4342.376467023577,4401.32275390625,57547200,0.0,0.0
2023-08-30 00:00:00+07:00,4401.323246606335,4401.323246606335,4322.728188631222,4342.376953125,171282700,0.0,0.0
2023-08-31 00:00:00+07:00,4342.376627604167,4362.025390625,4303.0791015625,4362.025390625,175088200,0.0,0.0
2023-09-01 00:00:00+07:00,4401.323080156951,4401.323080156951,4342.376788904849,4381.67431640625,87366100,0.0,0.0
2023-09-04 00:00:00+07:00,4401.322916666667,4420.9716796875,4381.674153645834,4420.9716796875,43898200,0.0,0.0
2023-09-05 00:00:00+07:00,4420.9716796875,4440.620442708334,4401.322916666667,4420.9716796875,72464300,0.0,0.0
2023-09-06 00:00:00+07:00,4420.971843907651,4440.620607658352,4381.67431640625,4381.67431640625,106367800,0.0,0.0
2023-09-07 00:00:00+07:00,4342.376462603927,4362.0252248781535,4283.43017578125,4283.43017578125,157998600,0.0,0.0
2023-09-08 00:00:00+07:00,4263.7817405629385,4283.430504344334,4165.537921655958,4204.83544921875,243324500,0.0,0.0
2023-09-11 00:00:00+07:00,4204.8354469686055,4263.78173828125,4165.5379194268435,4263.78173828125,80474100,0.0,0.0
2023-09-12 00:00:00+07:00,4283.430668604651,4303.079433139535,4224.484375,4224.484375,121654400,0.0,0.0
2023-09-13 00:00:00+07:00,4204.835286458334,4263.781575520834,4204.835286458334,4244.1328125,59408000,0.0,0.0
2023-09-14 00:00:00+07:00,4185.186683197725,4263.78173828125,4185.186683197725,4263.78173828125,76831700,0.0,0.0
2023-09-15 00:00:00+07:00,4244.133139534883,4283.430668604651,4224.484375,4224.484375,141455400,0.0,0.0
2023-09-18 00:00:00+07:00,4204.835286458334,4244.1328125,4165.537760416667,4185.1865234375,61329000,0.0,0.0
2023-09-19 00:00:00+07:00,4185.186845930232,4224.484375,4165.538081395349,4224.484375,50612700,0.0,0.0
2023-09-20 00:00:00+07:00,4204.835610465116,4283.430668604651,4204.835610465116,4224.484375,98710100,0.0,0.0
2023-09-21 00:00:00+07:00,4263.7817405629385,4263.7817405629385,4204.83544921875,4204.83544921875,68584900,0.0,0.0
2023-09-22 00:00:00+07:00,4204.83544921875,4263.7817405629385,4204.83544921875,4204.83544921875,83184100,0.0,0.0
2023-09-25 00:00:00+07:00,4185.186850493809,4204.835615050118,4086.943027712264,4165.5380859375,120196700,0.0,0.0
2023-09-26 00:00:00+07:00,4126.240645188552,4145.889410165641,4086.9431152343755,4086.943115234375,180280600,0.0,0.0
2023-09-27 00:00:00+07:00,4067.2942677183014,4165.538090610047,4067.2942677183014,4106.591796875,119774700,0.0,0.0
2023-09-29 00:00:00+07:00,4165.538090610047,4185.186855188397,4106.591796875,4106.591796875,140331100,0.0,0.0
2023-10-02 00:00:00+07:00,4126.2412109375,4165.538746279762,4126.2412109375,4126.2412109375,81674600,0.0,0.0
2023-10-03 00:00:00+07:00,4126.240396364041,4165.53792394846,4126.240396364041,4145.88916015625,54462700,0.0,0.0
2023-10-04 00:00:00+07:00,4126.2412109375,4145.88997860863,4086.943675595238,4126.2412109375,121445000,0.0,0.0
2023-10-05 00:00:00+07:00,4126.24072973279,4145.88949511247,4067.29443359375,4067.29443359375,116814800,0.0,0.0
2023-10-06 00:00:00+07:00,4086.9431989734303,4126.24072973279,4067.29443359375,4067.29443359375,70202300,0.0,0.0
2023-10-09 00:00:00+07:00,4086.9431211890246,4106.591886194741,4027.9968261718755,4027.996826171875,144477000,0.0,0.0
2023-10-10 00:00:00+07:00,4027.9969028343903,4126.24072973279,4027.9969028343903,4067.29443359375,98457000,0.0,0.0
2023-10-11 00:00:00+07:00,4047.646140252976,4145.88997860863,4047.646140252976,4126.2412109375,100394800,0.0,0.0
2023-10-12 00:00:00+07:00,4165.5380859375,4224.484379606427,4145.889321381191,4165.5380859375,174022400,0.0,0.0
2023-10-13 00:00:00+07:00,4145.88916015625,4185.18668774067,4126.240396364041,4145.88916015625,84648800,0.0,0.0
2023-10-16 00:00:00+07:00,4185.187513950893,4185.187513950893,4126.2412109375,4126.2412109375,45782300,0.0,0.0
2023-10-17 00:00:00+07:00,4126.240566216627,4145.8893308176575,4047.6455078125,4047.6455078125,127287200,0.0,0.0
2023-10-18 00:00:00+07:00,4027.9967432114686,4106.591801615595,4027.9967432114686,4047.6455078125,77217600,0.0,0.0
2023-10-19 00:00:00+07:00,4008.34798828125,4047.645517578125,3929.7529296875,3929.7529296875,195831400,0.0,0.0
2023-10-20 00:00:00+07:00,3914.0337542543316,4008.3478206219056,3898.3147431930693,3969.05029296875,173353600,0.0,0.0
2023-10-23 00:00:00+07:00,3929.7529296875,3988.6992236328124,3921.893423828125,3929.7529296875,82756100,0.0,0.0
2023-10-24 00:00:00+07:00,3929.752604166667,4008.3476562500005,3890.4550781250005,4008.34765625,104021500,0.0,0.0
2023-10-25 00:00:00+07:00,4008.3481374547105,4086.9431989734303,4008.3481374547105,4067.29443359375,142215000,0.0,0.0
2023-10-26 00:00:00+07:00,4067.293842594798,4067.293842594798,3866.87646484375,3866.87646484375,330618800,0.0,0.0
2023-10-27 00:00:00+07:00,3890.455400390625,3969.050458984375,3882.59589453125,3929.7529296875,129599800,0.0,0.0
2023-10-30 00:00:00+07:00,3914.03391796875,3949.4016943359375,3906.174412109375,3929.7529296875,108523700,0.0,0.0
2023-10-31 00:00:00+07:00,3914.033463016633,3929.752472908266,3898.314453125,3898.314453125,106760300,0.0,0.0
2023-11-01 00:00:00+07:00,3866.8766619759317,3898.3146836180126,3796.14111328125,3796.14111328125,191567200,0.0,0.0
2023-11-02 00:00:00+07:00,3882.59589453125,3988.6992236328124,3859.017376953125,3929.7529296875,208075400,0.0,0.0
2023-11-03 00:00:00+07:00,3949.4013671875005,4067.2939453125005,3949.4013671875005,4008.34765625,125504000,0.0,0.0
2023-11-06 00:00:00+07:00,4008.348055326022,4086.9431152343755,4008.348055326022,4086.943115234375,122333800,0.0,0.0
2023-11-07 00:00:00+07:00,4106.592443266369,4145.88997860863,4067.294907924107,4126.2412109375,137039400,0.0,0.0
2023-11-08 00:00:00+07:00,4086.9430322966505,4126.240561453349,4067.2942677183014,4106.591796875,86713700,0.0,0.0
2023-11-09 00:00:00+07:00,4106.591880211464,4145.889410165641,4086.9431152343755,4086.943115234375,66236400,0.0,0.0
2023-11-10 00:00:00+07:00,4047.6457603717668,4047.6457603717668,3969.0506970635774,3988.699462890625,113811900,0.0,0.0
2023-11-13 00:00:00+07:00,3988.6993863689368,4027.996917269123,3949.40185546875,3949.40185546875,63126900,0.0,0.0
2023-11-14 00:00:00+07:00,3988.6994628906245,4027.9969945447197,3969.0506970635774,3988.699462890625,85419500,0.0,0.0
2023-11-15 00:00:00+07:00,4086.943675595238,4165.538746279762,4067.294907924107,4126.2412109375,193790400,0.0,0.0
2023-11-16 00:00:00+07:00,4145.88997860863,4145.88997860863,4067.294907924107,4126.2412109375,99488800,0.0,0.0
2023-11-17 00:00:00+07:00,4067.2942677183014,4126.240561453349,4067.2942677183014,4106.591796875,70727500,0.0,0.0
2023-11-20 00:00:00+07:00,4067.294907924107,4145.88997860863,4067.294907924107,4126.2412109375,54123600,0.0,0.0
2023-11-21 00:00:00+07:00,4106.591880211464,4126.240645188552,4067.294350257287,4086.943115234375,104110500,0.0,0.0
2023-11-22 00:00:00+07:00,4067.2941049874116,4165.53792394846,4067.2941049874116,4145.88916015625,103585500,0.0,0.0
2023-11-23 00:00:00+07:00,4185.186685437354,4244.132976781542,4165.537921655958,4204.83544921875,174572400,0.0,0.0
2023-11-24 00:00:00+07:00,4244.1328125,4283.430338541667,4224.484049479167,4244.1328125,92571400,0.0,0.0
2023-11-27 00:00:00+07:00,4263.7817405629385,4283.430504344334,4204.83544921875,4204.83544921875,76019100,0.0,0.0
2023-11-28 00:00:00+07:00,4185.186685437354,4263.7817405629385,4185.186685437354,4204.83544921875,147993400,0.0,0.0
2023-11-29 00:00:00+07:00,4204.835615050118,4224.484379606427,4165.5380859375,4165.5380859375,106197800,0.0,0.0
2023-11-30 00:00:00+07:00,4224.484215325089,4224.484215325089,4145.88916015625,4145.88916015625,224426400,0.0,0.0
2023-12-01 00:00:00+07:00,4145.8891578745615,4224.484213000146,4145.8891578745615,4204.83544921875,99499500,0.0,0.0
2023-12-04 00:00:00+07:00,4283.430499822443,4381.67431862571,4283.430499822443,4322.72802734375,235595700,0.0,0.0
2023-12-05 00:00:00+07:00,4263.781413507024,4322.727700329702,4263.781413507024,4283.43017578125,114689900,0.0,0.0
2023-12-06 00:00:00+07:00,4263.78173828125,4283.4305020521315,4244.1329745103685,4263.78173828125,119716700,0.0,0.0
2023-12-07 00:00:00+07:00,4244.1328125,4303.0791015625,4244.1328125,4303.0791015625,102126600,0.0,0.0
2023-12-08 00:00:00+07:00,4263.781904069767,4283.430668604651,4224.484375,4224.484375,130542600,0.0,0.0
2023-12-11 00:00:00+07:00,4185.186850493809,4224.484379606427,4165.5380859375,4165.5380859375,124468600,0.0,0.0
2023-12-12 00:00:00+07:00,4224.484049479167,4244.1328125,4185.1865234375,4185.1865234375,134501600,0.0,0.0
2023-12-13 00:00:00+07:00,4165.5380859375,4204.835615050118,4145.889321381191,4165.5380859375,98881600,0.0,0.0
2023-12-14 00:00:00+07:00,4283.430338541667,4362.025390625,4263.781575520834,4362.025390625,239261700,0.0,0.0
2023-12-15 00:00:00+07:00,4381.674153645834,4401.322916666667,4362.025390625,4362.025390625,252448800,0.0,0.0
2023-12-18 00:00:00+07:00,4381.67431862571,4381.67431862571,4322.72802734375,4322.72802734375,102780900,0.0,0.0
2023-12-19 00:00:00+07:00,4283.430338541667,4362.025390625,4283.430338541667,4362.025390625,135207300,0.0,0.0
2023-12-20 00:00:00+07:00,4479.91796875,4479.91796875,4362.025390625,4362.025390625,138470900,0.0,0.0
2023-12-21 00:00:00+07:00,4362.025552655549,4401.323080156951,4342.376788904849,4381.67431640625,99049600,0.0,0.0
2023-12-22 00:00:00+07:00,4440.621252925385,4479.918786137115,4401.323719713656,4460.27001953125,109411300,0.0,0.0
2023-12-27 00:00:00+07:00,4479.91796875,4499.566731770834,4420.9716796875,4420.9716796875,122236700,0.0,0.0
2023-12-28 00:00:00+07:00,4479.918130799672,4519.215658262828,4460.269367068096,4499.56689453125,121434600,0.0,0.0
2023-12-29 00:00:00+07:00,4519.215658262828,4519.215658262828,4460.269367068096,4499.56689453125,93126000,0.0,0.0
2024-01-02 00:00:00+07:00,4506.746145374449,4526.6875,4486.804790748899,4526.6875,91143100,84.0,0.0
2024-01-03 00:00:00+07:00,4486.804635184152,4506.745989118303,4466.86328125,4466.86328125,83659700,0.0,0.0
2024-01-04 00:00:00+07:00,4466.863007127193,4546.62841796875,4446.921654416804,4546.62841796875,92683500,0.0,0.0
2024-01-05 00:00:00+07:00,4566.569877292799,4666.276643172555,4546.628524116848,4586.51123046875,134929600,0.0,0.0
2024-01-08 00:00:00+07:00,4586.511458333333,4626.394166666667,4486.8046875,4486.8046875,152015000,0.0,0.0
2024-01-09 00:00:00+07:00,4486.8043598375825,4546.62841796875,4486.8043598375825,4546.62841796875,105666200,0.0,0.0
2024-01-10 00:00:00+07:00,4486.8043598375825,4546.62841796875,4486.8043598375825,4546.62841796875,82626400,0.0,0.0
2024-01-11 00:00:00+07:00,4586.51123046875,4626.393936820652,4546.628524116848,4586.51123046875,116804400,0.0,0.0
2024-01-12 00:00:00+07:00,4626.394147302351,4666.27685546875,4606.45279321915,4666.27685546875,109715700,0.0,0.0
2024-01-15 00:00:00+07:00,4666.276803078058,4706.159510796674,4606.452741500134,4646.33544921875,115126700,0.0,0.0
2024-01-16 00:00:00+07:00,4646.33544921875,4686.218156937366,4606.452741500134,4646.33544921875,97074300,0.0,0.0
2024-01-17 00:00:00+07:00,4646.335343530168,4646.335343530168,4586.5112833130415,4606.45263671875,107941600,0.0,0.0
2024-01-18 00:00:00+07:00,4626.393936820652,4626.393936820652,4546.628524116848,4586.51123046875,87259100,0.0,0.0
2024-01-19 00:00:00+07:00,4586.511335701778,4626.39404296875,4546.628628434806,4626.39404296875,75370700,0.0,0.0
2024-01-22 00:00:00+07:00,4606.45263671875,4626.393990124459,4546.628576501624,4606.45263671875,97545600,0.0,0.0
2024-01-23 00:00:00+07:00,4546.62841796875,4586.511123389529,4506.745712547971,4546.62841796875,122999700,0.0,0.0
2024-01-24 00:00:00+07:00,4526.687938588911,4546.62929514657,4446.922512358268,4506.74658203125,104225000,0.0,0.0
2024-01-25 00:00:00+07:00,4446.921768947964,4506.74582861991,4407.0390625,4407.0390625,120478800,0.0,0.0
2024-01-26 00:00:00+07:00,4347.215280277937,4367.156634774626,4307.332571284563,4327.27392578125,185244400,0.0,0.0
2024-01-29 00:00:00+07:00,4307.331926149103,4446.92138671875,4307.331926149103,4446.92138671875,145629600,0.0,0.0
2024-01-30 00:00:00+07:00,4407.039270833333,4506.746041666666,4367.1565625,4486.8046875,150513700,0.0,0.0
2024-01-31 00:00:00+07:00,4566.569770679139,4606.4524760999175,4526.68706525836,4546.62841796875,245117200,0.0,0.0
2024-02-01 00:00:00+07:00,4606.452583644701,4626.393936820652,4566.569877292799,4586.51123046875,156633900,0.0,0.0
2024-02-02 00:00:00+07:00,4626.394147302351,4666.27685546875,4586.511439135951,4666.27685546875,177209700,0.0,0.0
2024-02-05 00:00:00+07:00,4626.393990124459,4646.335343530168,4586.5112833130415,4606.45263671875,113760000,0.0,0.0
2024-02-06 00:00:00+07:00,4706.159510796674,4706.159510796674,4626.394095359442,4646.33544921875,126704300,0.0,0.0
2024-02-07 00:00:00+07:00,4666.27685546875,4706.159563635149,4646.33550138555,4666.27685546875,147005300,0.0,0.0
2024-02-12 00:00:00+07:00,4686.218089503372,4805.8662109375,4666.276735931016,4805.8662109375,171514600,0.0,0.0
2024-02-13 00:00:00+07:00,4825.807511393229,4825.807511393229,4746.042097981771,4785.9248046875,145852200,0.0,0.0
2024-02-15 00:00:00+07:00,5005.280462771046,5005.280462771046,4865.690967793367,4885.63232421875,308685100,0.0,0.0
2024-02-16 00:00:00+07:00,4905.5732421875,4945.4559514735765,4885.631887544461,4905.5732421875,130814400,0.0,0.0
2024-02-19 00:00:00+07:00,4885.631293625129,4925.513998062885,4845.748589187372,4865.68994140625,111382900,0.0,0.0
2024-02-20 00:00:00+07:00,4925.514421735492,5025.22119140625,4925.514421735492,5025.22119140625,160872600,0.0,0.0
2024-02-21 00:00:00+07:00,5045.162545340402,5085.045253208706,4965.397129603795,5025.22119140625,168423000,0.0,0.0
2024-02-22 00:00:00+07:00,4985.33837890625,5025.2210859375,4965.397025390625,4985.33837890625,100256000,0.0,0.0
2024-02-23 00:00:00+07:00,4885.63232421875,4925.5150370695155,4825.808254942602,4885.63232421875,148643000,0.0,0.0
2024-02-26 00:00:00+07:00,4865.690583881578,4945.456003289473,4845.749229029605,4925.5146484375,98920800,0.0,0.0
2024-02-27 00:00:00+07:00,4885.63232421875,4945.456393494898,4885.63232421875,4885.63232421875,99187500,0.0,0.0
2024-02-28 00:00:00+07:00,4865.690206137048,4965.39697265625,4865.690206137048,4965.39697265625,97236700,0.0,0.0
2024-02-29 00:00:00+07:00,4905.573680644133,4945.456393494898,4885.63232421875,4885.63232421875,173774600,0.0,0.0
2024-03-01 00:00:00+07:00,4925.5150370695155,4925.5150370695155,4845.7496113679845,4885.63232421875,76286400,0.0,0.0
2024-03-04 00:00:00+07:00,4885.631678557593,4885.631678557593,4825.8076171875,4825.8076171875,70354900,0.0,0.0
2024-03-05 00:00:00+07:00,4865.690967793367,4925.5150370695155,4845.7496113679845,4885.63232421875,115084600,0.0,0.0
2024-03-06 00:00:00+07:00,4865.690634450604,4945.4560546875,4865.690634450604,4945.4560546875,84108800,0.0,0.0
2024-03-07 00:00:00+07:00,4945.4556193524095,5005.279679263931,4945.4556193524095,4965.39697265625,117724700,0.0,0.0
2024-03-08 00:00:00+07:00,5005.279940867987,5104.986712598425,4985.3385865219,5065.10400390625,163060000,0.0,0.0
2024-03-13 00:00:00+07:00,5065.104106903076,5144.869525909424,5065.104106903076,5104.98681640625,195173100,0.0,0.0
2024-03-14 00:00:00+07:00,5113.267405440168,5133.9688929115855,5009.759968083079,5092.56591796875,271254000,235.0,0.0
2024-03-15 00:00:00+07:00,4968.356269612971,5030.460722983133,4926.95330069953,4947.65478515625,305995800,0.0,0.0
2024-03-18 00:00:00+07:00,4968.3564453125,5051.162386067708,4947.6549601236975,4968.3564453125,110564700,0.0,0.0
2024-03-19 00:00:00+07:00,4968.3564453125,5009.759415690104,4947.6549601236975,4968.3564453125,114338600,0.0,0.0
2024-03-20 00:00:00+07:00,4968.356653432377,5051.16259765625,4968.356653432377,5051.16259765625,120885400,0.0,0.0
2024-03-21 00:00:00+07:00,5113.267055824154,5133.968541880123,5051.16259765625,5051.16259765625,136020000,0.0,0.0
2024-03-22 00:00:00+07:00,5009.7597975127555,5071.8642578125,5009.7597975127555,5071.8642578125,46529200,0.0,0.0
2024-03-25 00:00:00+07:00,5175.37158203125,5175.37158203125,5071.864150390625,5175.37158203125,115729600,0.0,0.0
2024-03-26 00:00:00+07:00,5216.7744140625,5216.7744140625,5133.968470982143,5216.7744140625,120748400,0.0,0.0
2024-03-27 00:00:00+07:00,5216.774554687499,5237.476041015625,5154.670095703124,5175.37158203125,73308900,0.0,0.0
2024-03-28 00:00:00+07:00,5051.162246577996,5133.968185046488,4989.057792726627,5009.75927734375,288926900,0.0,0.0
2024-04-01 00:00:00+07:00,4968.356408227848,4989.057893262131,4823.44601298787,4906.251953125,217207800,0.0,0.0
2024-04-02 00:00:00+07:00,4844.147202815253,4926.953137906112,4657.833848860821,4699.23681640625,412180900,0.0,0.0
2024-04-03 00:00:00+07:00,4616.431499565972,4699.237445746528,4575.028526475695,4657.83447265625,333518700,0.0,0.0
2024-04-04 00:00:00+07:00,4678.535507469846,4761.341445655154,4678.535507469846,4719.9384765625,131936100,0.0,0.0
2024-04-05 00:00:00+07:00,4657.834645499171,4719.93910743916,4657.834645499171,4678.5361328125,178817800,0.0,0.0
2024-04-16 00:00:00+07:00,4450.819650810456,4616.431544794101,4430.1181640625,4430.1181640625,600717500,0.0,0.0
2024-04-17 00:00:00+07:00,4533.625239534198,4554.3267246462265,4388.71484375,4388.71484375,244002000,0.0,0.0
2024-04-18 00:00:00+07:00,4388.714611872146,4554.326484018265,4388.714611872146,4533.625,247410700,0.0,0.0
2024-04-19 00:00:00+07:00,4430.118131664692,4450.8196182612555,4347.312185278436,4368.013671875,258211500,0.0,0.0
2024-04-22 00:00:00+07:00,4305.908903301886,4409.416328862028,4264.5059330778295,4388.71484375,342282800,0.0,0.0
2024-04-23 00:00:00+07:00,4430.117813974056,4471.520784198113,4326.610388413915,4388.71484375,281403100,0.0,0.0
2024-04-24 00:00:00+07:00,4347.311836498206,4430.117776241029,4264.505896755382,4326.6103515625,471241400,0.0,0.0
2024-04-25 00:00:00+07:00,4243.804374620752,4305.9088288834955,4181.69992035801,4264.505859375,479170900,0.0,0.0
2024-04-26 00:00:00+07:00,4181.700431871118,4223.103406444099,3999.52734375,3999.52734375,782589900,0.0,0.0
2024-04-29 00:00:00+07:00,3891.8795859538786,4049.2108883647797,3875.318396226415,3949.84375,700644800,0.0,0.0
2024-04-30 00:00:00+07:00,4016.0881777620507,4181.700061381104,3991.2463952191924,4090.613525390625,565609200,0.0,0.0
2024-05-02 00:00:00+07:00,4065.7719059791884,4074.0525004923848,3891.879421202075,3941.56298828125,636922100,0.0,0.0
2024-05-03 00:00:00+07:00,3941.562820723684,3999.5269798519735,3900.159849917763,3933.2822265625,321697200,0.0,0.0
2024-05-06 00:00:00+07:00,3974.685379697286,4007.80775786143,3916.721217910034,3966.40478515625,262707400,0.0,0.0
2024-05-07 00:00:00+07:00,3949.843043194593,3958.1236365765526,3867.037109375,3867.037109375,304013600,0.0,0.0
2024-05-08 00:00:00+07:00,3850.47608986879,3925.0014335436695,3784.2313399355635,3875.31787109375,572275800,0.0,0.0
2024-05-13 00:00:00+07:00,3850.47608986879,3891.8790585770566,3833.9149023854834,3875.31787109375,320067100,0.0,0.0
2024-05-14 00:00:00+07:00,3908.440353296776,3982.9656990164176,3891.879165359078,3916.720947265625,341458900,0.0,0.0
2024-05-15 00:00:00+07:00,3958.124203757132,4032.649554873898,3941.563014620073,3991.24658203125,298990300,0.0,0.0
2024-05-16 00:00:00+07:00,4082.3329654409863,4107.174748192148,4007.8076171875,4007.8076171875,371295000,0.0,0.0
2024-05-17 00:00:00+07:00,4007.807494124746,4107.1746220782525,3991.2463061324947,4074.05224609375,208991800,0.0,0.0
2024-05-20 00:00:00+07:00,4132.016689696253,4181.70025710743,3991.24658203125,3991.24658203125,335150700,0.0,0.0
2024-05-21 00:00:00+07:00,3982.9655897352427,4032.6491521851626,3875.31787109375,3875.31787109375,271568800,0.0,0.0
2024-05-22 00:00:00+07:00,3850.476030252748,3949.843153614109,3850.476030252748,3908.440185546875,215066000,0.0,0.0
2024-05-27 00:00:00+07:00,3891.879324776786,3908.440513392857,3767.67041015625,3767.67041015625,363719300,0.0,0.0
2024-05-28 00:00:00+07:00,3792.5123482339955,3833.915321467991,3742.8287803532007,3751.109375,258070200,0.0,0.0
2024-05-29 00:00:00+07:00,3709.706597222222,3726.2677873883927,3643.4618365575393,3651.742431640625,465008500,0.0,0.0
2024-05-30 00:00:00+07:00,3643.461334367865,3709.706085901826,3568.9359888921585,3626.900146484375,502927800,0.0,0.0
2024-05-31 00:00:00+07:00,3668.30367718534,3701.426058017713,3585.4977251044065,3593.7783203125,655144100,0.0,0.0
2024-06-03 00:00:00+07:00,3668.3034285320086,3775.951158940397,3643.4616445916113,3751.109375,345770100,0.0,0.0
2024-06-04 00:00:00+07:00,3775.9510402036517,3800.7928233628863,3684.864501953125,3684.864501953125,332902200,0.0,0.0
2024-06-05 00:00:00+07:00,3726.2676169655538,3726.2676169655538,3643.461669921875,3643.461669921875,240788500,0.0,0.0
2024-06-06 00:00:00+07:00,3684.8643636067704,3726.267333984375,3635.1807991536457,3726.267333984375,281534200,0.0,0.0
2024-06-07 00:00:00+07:00,3717.9869163074713,3726.2675107758623,3602.05859375,3602.05859375,375439600,0.0,0.0
2024-06-10 00:00:00+07:00,3602.0586964000354,3668.3034540349786,3577.216912286932,3643.461669921875,181387000,0.0,0.0
2024-06-11 00:00:00+07:00,3626.900701144873,3676.584272393433,3593.7783203125,3593.7783203125,197854400,0.0,0.0
2024-06-12 00:00:00+07:00,3593.7779992816095,3610.339188218391,3568.936215876437,3602.05859375,187332500,0.0,0.0
2024-06-13 00:00:00+07:00,3643.461381598028,3660.0225696962007,3560.655441107164,3568.93603515625,238349600,0.0,0.0
2024-06-14 00:00:00+07:00,3560.6557103207233,3577.2168996710525,3453.0079795435854,3461.28857421875,358893200,0.0,0.0
2024-06-19 00:00:00+07:00,3395.043701171875,3510.9720226753047,3386.763106778773,3395.043701171875,410338400,0.0,0.0
2024-06-20 00:00:00+07:00,3419.8856381275614,3535.81396484375,3419.8856381275614,3535.81396484375,387133400,0.0,0.0
2024-06-21 00:00:00+07:00,3544.0944714245493,3717.9869571720155,3527.533282305743,3676.583984375,532713300,0.0,0.0
2024-06-24 00:00:00+07:00,3676.5840487393466,3734.548211669922,3643.461669921875,3643.461669921875,303830800,0.0,0.0
2024-06-25 00:00:00+07:00,3577.216582833904,3643.461334367865,3544.0942070669234,3626.900146484375,383572500,0.0,0.0
2024-06-26 00:00:00+07:00,3635.1808171392304,3668.3031936051916,3602.058440673269,3618.61962890625,150303400,0.0,0.0
2024-06-27 00:00:00+07:00,3651.7422898638947,3726.2676427182596,3626.9005055791063,3693.145263671875,299430600,0.0,0.0
2024-06-28 00:00:00+07:00,3800.7926481827444,3842.195618206522,3792.5120541779893,3809.0732421875,581319300,0.0,0.0
2024-07-01 00:00:00+07:00,3833.91552734375,3867.037907709571,3775.951361703564,3833.91552734375,261421200,0.0,0.0
2024-07-02 00:00:00+07:00,3817.354067478973,3833.915256491897,3784.231689453125,3784.231689453125,234403100,0.0,0.0
2024-07-03 00:00:00+07:00,3833.9150242017663,3842.195618206522,3775.950866168478,3809.0732421875,176310400,0.0,0.0
2024-07-04 00:00:00+07:00,3875.318245204854,3999.5271633203943,3858.7570561227817,3966.40478515625,422261500,0.0,0.0
2024-07-05 00:00:00+07:00,4016.088274637858,4032.649463399251,3966.4047083536784,3974.685302734375,218278000,0.0,0.0
2024-07-08 00:00:00+07:00,3974.685197368421,3999.5269798519735,3925.001632401316,3933.2822265625,222042100,0.0,0.0
2024-07-09 00:00:00+07:00,3958.1240655479983,4082.332979738835,3933.2822827098307,4032.6494140625,291320400,0.0,0.0
2024-07-10 00:00:00+07:00,4032.6493229502253,4074.0522934117266,4007.8075406733246,4016.088134765625,167619700,0.0,0.0
2024-07-11 00:00:00+07:00,4065.7717769402116,4074.052371190599,4007.8076171875,4007.8076171875,170461300,0.0,0.0
2024-07-12 00:00:00+07:00,4115.455618722099,4123.73621352838,4040.930265465561,4057.491455078125,301125400,0.0,0.0
2024-07-15 00:00:00+07:00,4074.0525277165457,4082.333122285075,3982.9659874627205,3991.24658203125,188713000,0.0,0.0
2024-07-16 00:00:00+07:00,3991.246292985267,4007.807480922965,3916.720947265625,3916.720947265625,189271400,0.0,0.0
2024-07-17 00:00:00+07:00,3933.282393768054,3982.96596084723,3908.4406102284665,3941.56298828125,263325400,0.0,0.0
2024-07-18 00:00:00+07:00,3941.5634406154145,4049.2111816406255,3933.2828451519367,4049.211181640625,296614900,0.0,0.0
2024-07-19 00:00:00+07:00,4032.6496706592793,4065.772049884407,4016.0884810467155,4057.491455078125,135104800,0.0,0.0
2024-07-22 00:00:00+07:00,4074.0528119431006,4090.614002235552,4040.9304313581974,4065.772216796875,140128300,0.0,0.0
2024-07-23 00:00:00+07:00,4057.4913251076464,4065.7719196486823,3958.124190615214,3966.40478515625,170919500,0.0,0.0
2024-07-24 00:00:00+07:00,3949.8434292462084,3974.6852118200836,3941.5628350549164,3958.1240234375,116037600,0.0,0.0
2024-07-25 00:00:00+07:00,3941.5629612699468,3941.5629612699468,3858.7570167054523,3891.87939453125,274397700,0.0,0.0
2024-07-26 00:00:00+07:00,3941.56298828125,3982.96596084723,3925.0017992548583,3941.56298828125,192267300,0.0,0.0
2024-07-29 00:00:00+07:00,3974.6852118200836,3974.6852118200836,3941.5628350549164,3958.1240234375,126109900,0.0,0.0
2024-07-30 00:00:00+07:00,3908.4400762847968,3925.0012630487154,3867.037109375,3867.037109375,201835700,0.0,0.0
2024-07-31 00:00:00+07:00,3850.4759226110814,3900.159482902837,3850.4759226110814,3867.037109375,168490300,0.0,0.0
2024-08-01 00:00:00+07:00,3900.159849917763,3933.2822265625,3883.598661595395,3933.2822265625,169636700,0.0,0.0
2024-08-02 00:00:00+07:00,3916.721345873142,3933.2825354962843,3883.5989666268574,3900.16015625,113328400,0.0,0.0
2024-08-05 00:00:00+07:00,3858.7571054083883,3867.0377000551875,3734.5481857064015,3751.109375,329430900,0.0,0.0
2024-08-06 00:00:00+07:00,3767.670272163723,3850.4762122112775,3742.8284901494567,3809.0732421875,238051800,0.0,0.0
2024-08-07 00:00:00+07:00,3842.19595508658,3842.19595508658,3800.79298143263,3825.634765625,125937500,0.0,0.0
2024-08-08 00:00:00+07:00,3809.073512523471,3883.5988638554522,3800.792917931029,3858.757080078125,131343400,0.0,0.0
2024-08-09 00:00:00+07:00,3891.8788895208777,3916.720669666756,3867.037109375,3867.037109375,98730900,0.0,0.0
2024-08-12 00:00:00+07:00,3908.440246060363,3908.440246060363,3850.47608986879,3875.31787109375,83552800,0.0,0.0
2024-08-13 00:00:00+07:00,3891.8789983199817,3933.2819663872156,3883.598404706535,3908.440185546875,109533400,0.0,0.0
2024-08-14 00:00:00+07:00,3949.8436091886024,4007.807771168309,3941.563014620073,3991.24658203125,262716500,0.0,0.0
2024-08-15 00:00:00+07:00,4016.0885335791927,4032.649723408385,3966.404964091615,3999.52734375,214394900,0.0,0.0
2024-08-16 00:00:00+07:00,4016.0885335791927,4032.649723408385,3999.52734375,3999.52734375,149701700,0.0,0.0
2024-08-19 00:00:00+07:00,3991.24658203125,3991.24658203125,3933.2824200515433,3991.24658203125,196203200,0.0,0.0
2024-08-20 00:00:00+07:00,4024.369176136364,4098.89453125,4007.8079861111114,4098.89453125,310085500,0.0,0.0
2024-08-21 00:00:00+07:00,4132.016491459865,4223.10302734375,4123.735897288602,4223.10302734375,390307000,0.0,0.0
2024-08-22 00:00:00+07:00,4243.804653658725,4264.506139774134,4160.998709197092,4181.7001953125,474043100,0.0,0.0
2024-08-23 00:00:00+07:00,4264.505859375,4305.9088288834955,4243.804374620752,4264.505859375,217759300,0.0,0.0
2024-08-26 00:00:00+07:00,4305.908903301886,4409.416328862028,4305.908903301886,4388.71484375,361169800,0.0,0.0
2024-08-27 00:00:00+07:00,4347.311480978261,4368.012964221015,4223.102581521739,4285.20703125,271088700,0.0,0.0
2024-08-28 00:00:00+07:00,4223.102889866505,4285.207344129248,4160.998435603762,4264.505859375,277561700,0.0,0.0
2024-08-29 00:00:00+07:00,4243.8046875,4285.207660060975,4223.103201219512,4243.8046875,160041900,0.0,0.0
2024-08-30 00:00:00+07:00,4285.207344129248,4285.207344129248,4243.804374620752,4264.505859375,275298000,0.0,0.0
2024-09-02 00:00:00+07:00,4264.505548007247,4326.609997735507,4264.505548007247,4285.20703125,136717200,0.0,0.0
2024-09-03 00:00:00+07:00,4326.609997735507,4347.311480978261,4264.505548007247,4285.20703125,166033900,0.0,0.0
2024-09-04 00:00:00+07:00,4223.10302734375,4285.207483628216,4223.10302734375,4223.10302734375,141890400,0.0,0.0
2024-09-05 00:00:00+07:00,4243.804374620752,4264.505859375,4202.401405112258,4264.505859375,166436800,0.0,0.0
2024-09-06 00:00:00+07:00,4305.908866626794,4347.311836498206,4264.505896755382,4326.6103515625,170520700,0.0,0.0
2024-09-09 00:00:00+07:00,4368.012964221015,4388.714447463768,4264.505548007247,4285.20703125,201448700,0.0,0.0
2024-09-10 00:00:00+07:00,4305.909040178572,4347.31201171875,4243.804582868303,4347.31201171875,202326400,0.0,0.0
2024-09-11 00:00:00+07:00,4326.609997735507,4347.311480978261,4243.804064764493,4285.20703125,165284900,0.0,0.0
2024-09-12 00:00:00+07:00,4285.20703125,4326.609997735507,4264.505548007247,4285.20703125,138542100,0.0,0.0
2024-09-13 00:00:00+07:00,4305.908903301886,4388.71484375,4285.207418189858,4388.71484375,259722600,0.0,0.0
2024-09-17 00:00:00+07:00,4430.117813974056,4430.117813974056,4347.311873525943,4388.71484375,201331600,0.0,0.0
2024-09-18 00:00:00+07:00,4430.1181640625,4450.819650810456,4409.416677314544,4430.1181640625,186877300,0.0,0.0
2024-09-19 00:00:00+07:00,4492.222482186777,4554.326940465856,4471.52099609375,4471.52099609375,332941100,0.0,0.0
2024-09-20 00:00:00+07:00,4471.52082122093,4512.923791787791,4450.8193359375,4450.8193359375,260437400,0.0,0.0
2024-09-23 00:00:00+07:00,4430.117751242898,4554.32666015625,4430.117751242898,4554.32666015625,245292000,0.0,0.0
2024-09-24 00:00:00+07:00,4595.729805924774,4616.431291537047,4575.0283203125,4575.0283203125,195415700,0.0,0.0
2024-09-25 00:00:00+07:00,4471.520961707746,4492.222447641579,4305.909074237089,4409.41650390625,607065900,0.0,0.0
2024-09-26 00:00:00+07:00,4264.506139774134,4305.909112004951,4160.998709197092,4181.7001953125,855266800,0.0,0.0
2024-09-27 00:00:00+07:00,4181.700056487439,4264.505998200061,4140.297085631128,4223.10302734375,304694300,0.0,0.0
2024-09-30 00:00:00+07:00,4181.700481376262,4181.700481376262,4098.89453125,4098.89453125,539169900,0.0,0.0
2024-10-01 00:00:00+07:00,4115.45513200431,4202.4013671875,4115.45513200431,4202.4013671875,197069300,0.0,0.0
2024-10-02 00:00:00+07:00,4140.297090476341,4202.401546833486,4057.491148666814,4090.613525390625,307487600,0.0,0.0
2024-10-03 00:00:00+07:00,4057.491058101499,4107.1746220782525,4024.3686821169968,4074.05224609375,354814800,0.0,0.0
2024-10-04 00:00:00+07:00,4032.6494909215853,4074.0524631076387,4016.0883020471642,4024.368896484375,289960700,0.0,0.0
2024-10-07 00:00:00+07:00,4024.3689603053685,4082.333122285075,3982.9659874627205,3991.24658203125,308452200,0.0,0.0
2024-10-08 00:00:00+07:00,3974.6850000000004,4181.699843750001,3941.562625,4140.296875,527474400,0.0,0.0
2024-10-09 00:00:00+07:00,4140.297168166835,4202.401625689338,4082.3330078124995,4082.3330078125,309336600,0.0,0.0
2024-10-10 00:00:00+07:00,4074.0524631076387,4115.455435293692,4024.368896484375,4024.368896484375,226564700,0.0,0.0
2024-10-11 00:00:00+07:00,4065.772049884407,4090.6138343032526,4049.210860271843,4057.491455078125,104875300,0.0,0.0
2024-10-14 00:00:00+07:00,4057.491455078125,4082.3332394969707,4032.6496706592793,4057.491455078125,125414400,0.0,0.0
2024-10-15 00:00:00+07:00,4082.3328400898754,4132.016404066629,4074.05224609375,4074.05224609375,142372200,0.0,0.0
2024-10-16 00:00:00+07:00,4098.89453125,4115.4557212752525,4074.0527462121213,4098.89453125,118014300,0.0,0.0
2024-10-17 00:00:00+07:00,4107.174651731928,4181.699998235128,4090.6134636201054,4123.73583984375,188127700,0.0,0.0
2024-10-18 00:00:00+07:00,4160.998343577088,4181.699827873491,4107.174484406439,4115.455078125,157113000,0.0,0.0
2024-10-21 00:00:00+07:00,4123.736007170592,4160.998681934181,4115.455412778682,4132.0166015625,110708200,0.0,0.0
2024-10-22 00:00:00+07:00,4107.175023915816,4115.455618722099,4057.491455078125,4057.491455078125,199707500,0.0,0.0
2024-10-23 00:00:00+07:00,3999.5271131727427,4049.210679796007,3982.9659242983216,4024.368896484375,222147300,0.0,0.0
2024-10-24 00:00:00+07:00,3991.24658203125,4057.4913385794866,3982.9659874627205,3991.24658203125,218162100,0.0,0.0
2024-10-25 00:00:00+07:00,3991.2467243186584,4024.369103773585,3949.84375,3949.84375,195647800,0.0,0.0
2024-10-28 00:00:00+07:00,3949.843582794446,3974.685366334034,3900.1600157152707,3941.56298828125,191211000,0.0,0.0
2024-10-29 00:00:00+07:00,3916.7211779005984,3958.124150182846,3891.87939453125,3891.87939453125,203658600,0.0,0.0
2024-10-30 00:00:00+07:00,3833.9153977574306,3933.2825354962843,3833.9153977574306,3900.16015625,296314500,0.0,0.0
2024-10-31 00:00:00+07:00,3900.1599533081053,4032.649463399251,3900.1599533081053,3974.685302734375,307110400,0.0,0.0
2024-11-01 00:00:00+07:00,3949.8435557263965,3991.2465280086435,3891.87939453125,3891.87939453125,235656400,0.0,0.0
2024-11-04 00:00:00+07:00,3900.1595919334286,3949.843153614109,3850.476030252748,3908.440185546875,209831500,0.0,0.0
2024-11-05 00:00:00+07:00,3883.5989666268574,3925.001940684713,3875.3183718152864,3900.16015625,199499300,0.0,0.0
2024-11-06 00:00:00+07:00,3900.15977623981,3916.720964249321,3809.0732421875,3809.0732421875,249059500,0.0,0.0
2024-11-07 00:00:00+07:00,3817.3539760044646,3842.1957589285716,3767.67041015625,3767.67041015625,296218600,0.0,0.0
2024-11-08 00:00:00+07:00,3809.0733674986172,3842.195744607301,3742.82861328125,3742.82861328125,198589900,0.0,0.0
2024-11-11 00:00:00+07:00,3701.4258584334716,3759.390021764644,3618.61991081751,3693.145263671875,507192300,0.0,0.0
2024-11-12 00:00:00+07:00,3668.303175455729,3742.8285221354163,3668.303175455729,3726.267333984375,252380100,0.0,0.0
2024-11-13 00:00:00+07:00,3701.4259075847776,3817.354235786538,3693.145312713223,3792.512451171875,209627200,0.0,0.0
2024-11-14 00:00:00+07:00,3784.231492513021,3800.792680664062,3726.267333984375,3726.267333984375,159871800,0.0,0.0
2024-11-15 00:00:00+07:00,3684.864592072148,3734.5481596057048,3684.864592072148,3701.42578125,106365600,0.0,0.0
2024-11-18 00:00:00+07:00,3676.5839439655174,3693.145132902299,3602.05859375,3602.05859375,253272300,0.0,0.0
2024-11-19 00:00:00+07:00,3602.058273455418,3651.7418358479067,3602.058273455418,3610.3388671875,294838700,0.0,0.0
2024-11-20 00:00:00+07:00,3643.461722358545,3676.584101652714,3585.49755859375,3585.49755859375,298734600,0.0,0.0
2024-11-21 00:00:00+07:00,3544.094223345588,3577.2165992647056,3519.25244140625,3519.25244140625,376788400,0.0,0.0
2024-11-22 00:00:00+07:00,3519.252749356356,3660.0228593306106,3519.252749356356,3643.461669921875,280188100,0.0,0.0
2024-11-25 00:00:00+07:00,3660.022808305369,3751.109348783557,3660.022808305369,3701.42578125,401446400,0.0,0.0
2024-11-26 00:00:00+07:00,3684.864643443714,3701.42583285245,3626.900480513139,3643.461669921875,266677500,0.0,0.0
2024-11-28 00:00:00+07:00,3602.058748240834,3635.181127535003,3585.49755859375,3585.49755859375,277081800,0.0,0.0
2024-11-29 00:00:00+07:00,3544.094223345588,3560.655411305147,3519.25244140625,3519.25244140625,412519800,0.0,0.0
2024-12-02 00:00:00+07:00,3535.8140052411195,3544.094600101169,3444.7274617805756,3453.008056640625,337188900,0.0,0.0
2024-12-03 00:00:00+07:00,3510.971923828125,3519.252517988097,3486.1301413482092,3510.971923828125,384146700,0.0,0.0
2024-12-04 00:00:00+07:00,3510.972054597701,3618.619782686782,3494.4108656609196,3602.05859375,345762200,0.0,0.0
2024-12-05 00:00:00+07:00,3568.9361749926643,3593.7779581132627,3519.252608751467,3527.533203125,183249300,0.0,0.0
2024-12-06 00:00:00+07:00,3519.2524708617316,3568.93603515625,3494.410688714472,3568.93603515625,151433000,0.0,0.0
2024-12-09 00:00:00+07:00,3568.936153611724,3635.180908203125,3560.655559287799,3635.180908203125,158897200,0.0,0.0
2024-12-10 00:00:00+07:00,3610.3388671875,3626.9000546516627,3552.3747110629297,3610.3388671875,196160900,0.0,0.0
2024-12-11 00:00:00+07:00,3593.777770717394,3668.3031161931003,3593.777770717394,3626.900146484375,203980300,0.0,0.0
2024-12-12 00:00:00+07:00,3593.7779581132627,3610.3391468603286,3527.533203125,3527.533203125,226698900,0.0,0.0
2024-12-13 00:00:00+07:00,3502.691625800922,3544.094600101169,3453.008056640625,3453.008056640625,287838100,0.0,0.0
2024-12-16 00:00:00+07:00,3436.446501608456,3544.094223345588,3436.446501608456,3519.25244140625,325441900,0.0,0.0
2024-12-17 00:00:00+07:00,3519.252723785768,3552.3751023625755,3436.44677734375,3436.44677734375,327919000,0.0,0.0
2024-12-18 00:00:00+07:00,3453.0079666321535,3486.130345208961,3419.8855880553465,3436.44677734375,205055500,0.0,0.0
2024-12-19 00:00:00+07:00,3386.76318359375,3403.3243727555773,3353.6408052700945,3386.76318359375,381986300,0.0,0.0
2024-12-20 00:00:00+07:00,3370.2019812673184,3411.60495401016,3353.6407921701816,3361.92138671875,252689600,0.0,0.0
2024-12-23 00:00:00+07:00,3419.8856134482635,3486.1303710937505,3403.3244240368917,3486.13037109375,167689800,0.0,0.0
2024-12-24 00:00:00+07:00,3494.410797991072,3519.252580915179,3453.007826450893,3477.849609375,199536100,0.0,0.0
2024-12-27 00:00:00+07:00,3507.794189453125,3524.905380621189,3490.682998285061,3507.794189453125,143104400,135.0,0.0
2024-12-30 00:00:00+07:00,3490.68310546875,3524.9054888556984,3482.1275096220124,3490.68310546875,153934700,0.0,0.0
2025-01-02 00:00:00+07:00,3507.794447511505,3610.4616020728176,3499.2388512980624,3601.906005859375,181361700,0.0,0.0
2025-01-03 00:00:00+07:00,3610.4614363704823,3627.5726280120484,3550.572265625,3550.572265625,134632300,0.0,0.0
2025-01-06 00:00:00+07:00,3576.238954125381,3576.238954125381,3507.794189453125,3507.794189453125,153048700,0.0,0.0
2025-01-07 00:00:00+07:00,3490.6832544975186,3499.2388507095225,3447.9052734375,3447.9052734375,171997400,0.0,0.0
2025-01-08 00:00:00+07:00,3447.905126235064,3507.794297162224,3447.905126235064,3490.68310546875,133655700,0.0,0.0
2025-01-09 00:00:00+07:00,3482.127658285515,3507.7944469215263,3447.9052734375,3447.9052734375,99300400,0.0,0.0
2025-01-10 00:00:00+07:00,3447.9048917014106,3473.5716774957136,3430.793701171875,3430.793701171875,132774300,0.0,0.0
2025-01-13 00:00:00+07:00,3413.6826349431817,3413.6826349431817,3293.904296875,3293.904296875,413408100,0.0,0.0
2025-01-14 00:00:00+07:00,3268.2376567639803,3353.7936163651316,3251.12646484375,3251.12646484375,293621700,0.0,0.0
2025-01-15 00:00:00+07:00,3285.348869193154,3499.23876953125,3285.348869193154,3499.23876953125,407813500,0.0,0.0
2025-01-16 00:00:00+07:00,3601.905662536621,3627.5724487304688,3533.4608993530273,3559.127685546875,349387500,0.0,0.0
2025-01-17 00:00:00+07:00,3550.572345612393,3584.7947296664884,3490.683173517726,3499.23876953125,268758600,0.0,0.0
2025-01-20 00:00:00+07:00,3533.4610636200387,3610.46142578125,3533.4610636200387,3610.46142578125,167348600,0.0,0.0
2025-01-21 00:00:00+07:00,3653.2394337542178,3747.350988253741,3636.128242027032,3644.683837890625,345223800,0.0,0.0
2025-01-22 00:00:00+07:00,3687.46181720859,3696.017413072183,3619.017050299846,3644.683837890625,193218900,0.0,0.0
2025-01-23 00:00:00+07:00,3644.6838662790697,3713.1286337209303,3644.6838662790697,3678.90625,216018100,0.0,0.0
2025-01-24 00:00:00+07:00,3721.6842119676685,3721.6842119676685,3584.794677734375,3584.794677734375,276421900,0.0,0.0
2025-01-30 00:00:00+07:00,3533.4611134945767,3567.6834971603835,3499.2387298287695,3524.905517578125,220222400,0.0,0.0
2025-01-31 00:00:00+07:00,3567.683446802799,3661.795000555391,3550.572255211419,3610.46142578125,192622700,0.0,0.0
2025-02-03 00:00:00+07:00,3593.3501953124996,3653.239365234375,3550.5722167968747,3636.128173828125,220285800,0.0,0.0
2025-02-04 00:00:00+07:00,3644.683837890625,3678.906221344997,3593.350262709067,3644.683837890625,231917500,0.0,0.0
2025-02-05 00:00:00+07:00,3636.1281537779287,3636.1281537779287,3542.0166015625,3542.0166015625,209834400,0.0,0.0
2025-02-06 00:00:00+07:00,3524.905470225913,3559.12785343199,3370.9047457985675,3396.571533203125,378545500,0.0,0.0
2025-02-07 00:00:00+07:00,3396.5716961654775,3447.9052734375,3370.9049075294665,3447.9052734375,259636200,0.0,0.0
2025-02-10 00:00:00+07:00,3422.238320607683,3465.016299615279,3379.460341600087,3396.571533203125,201999400,0.0,0.0
2025-02-11 00:00:00+07:00,3396.5713201128037,3456.4604869661785,3336.6821532594295,3430.793701171875,276382800,0.0,0.0
2025-02-12 00:00:00+07:00,3388.016099953474,3473.572062073511,3379.4605037414703,3447.9052734375,362571900,0.0,0.0
2025-02-13 00:00:00+07:00,3422.238212719298,3447.904999314693,3388.0158305921054,3413.6826171875,341640600,0.0,0.0
2025-02-14 00:00:00+07:00,3422.238048494171,3430.7936436154064,3293.9041216756395,3302.459716796875,524909600,0.0,0.0
2025-02-17 00:00:00+07:00,3311.0157340454402,3447.9052734375,3311.0157340454402,3447.9052734375,265737100,0.0,0.0
2025-02-18 00:00:00+07:00,3447.9051157756026,3576.2390530873495,3447.9051157756026,3550.572265625,374350700,0.0,0.0
2025-02-19 00:00:00+07:00,3559.1279539800994,3576.239146066542,3430.7940133317784,3439.349609375,348358600,0.0,0.0
2025-02-20 00:00:00+07:00,3396.5716131263985,3439.349593140585,3345.238037109375,3345.238037109375,312753300,0.0,0.0
2025-02-21 00:00:00+07:00,3345.2379002902076,3362.3490915960397,3311.015517678543,3328.126708984375,205268800,0.0,0.0
2025-02-24 00:00:00+07:00,3336.6822659239474,3370.904648138552,3311.015479262994,3353.79345703125,138610800,0.0,0.0
2025-02-25 00:00:00+07:00,3319.5712325246714,3353.7936163651316,3251.12646484375,3251.12646484375,404555100,0.0,0.0
2025-02-26 00:00:00+07:00,3251.126600335406,3302.4601782354384,3216.9042150687173,3268.23779296875,242834100,0.0,0.0
2025-02-27 00:00:00+07:00,3242.5706797197827,3251.126275180785,3088.5699614217456,3105.68115234375,410928000,0.0,0.0
2025-02-28 00:00:00+07:00,2994.4585164388022,3028.680899483817,2874.68017578125,2874.68017578125,1000597600,0.0,0.0
2025-03-03 00:00:00+07:00,3011.569865463215,3199.7929820546665,2968.791884419704,3139.90380859375,744626800,0.0,0.0
2025-03-04 00:00:00+07:00,3148.4594048024524,3182.6817896372618,3080.014635132834,3139.90380859375,338434700,0.0,0.0
2025-03-05 00:00:00+07:00,3174.126128514608,3336.6824531555176,3174.126128514608,3285.348876953125,441151000,0.0,0.0
2025-03-06 00:00:00+07:00,3311.015680626978,3413.682833514636,3311.015680626978,3379.46044921875,434485100,0.0,0.0
2025-03-07 00:00:00+07:00,3362.3492825725884,3362.3492825725884,3259.68212890625,3259.68212890625,243793600,0.0,0.0
2025-03-10 00:00:00+07:00,3242.5708403891704,3259.682032159034,3191.237265079579,3216.904052734375,232192200,0.0,0.0
2025-03-11 00:00:00+07:00,3165.5704387574206,3242.57080078125,3131.348055635719,3242.57080078125,273961800,0.0,0.0
2025-03-12 00:00:00+07:00,3259.681943761046,3353.7934959431236,3259.681943761046,3328.126708984375,271631200,0.0,0.0
2025-03-13 00:00:00+07:00,3388.0160002055923,3396.5715961657074,3251.12646484375,3251.12646484375,209225700,0.0,0.0
2025-03-14 00:00:00+07:00,3208.348388671875,3285.3487499999997,3208.348388671875,3208.348388671875,156131900,0.0,0.0
2025-03-17 00:00:00+07:00,3234.015233610068,3285.3488087467363,3191.237254329512,3276.793212890625,162467700,0.0,0.0
2025-03-18 00:00:00+07:00,3285.3487601902175,3302.4599516495414,2994.4585053817086,3148.459228515625,416894600,0.0,0.0
2025-03-19 00:00:00+07:00,3174.1259765625,3234.015145931604,3148.459189690027,3174.1259765625,352217700,0.0,0.0
2025-03-20 00:00:00+07:00,3191.237316694416,3216.9041047643445,3114.2369524846313,3131.34814453125,313033000,0.0,0.0
2025-03-21 00:00:00+07:00,3080.014595650338,3165.570556640625,3037.236615155194,3165.570556640625,627645600,0.0,0.0
2025-03-24 00:00:00+07:00,3122.792451388288,3199.7928132033417,3011.5697065443214,3088.570068359375,342883200,0.0,0.0
2025-03-25 00:00:00+07:00,3131.3481214021385,3285.3488486842107,3131.3481214021385,3251.12646484375,331285900,0.0,0.0
2025-03-26 00:00:00+07:00,3311.0155371093747,3439.34947265625,3302.45994140625,3422.23828125,540888800,0.0,0.0
2025-03-27 00:00:00+07:00,3422.238377700617,3465.016357421875,3362.349206090856,3465.016357421875,322553200,0.0,0.0
2025-04-08 00:00:00+07:00,2960.236094715831,3208.3483685503948,2951.680499066363,3114.23681640625,734807100,0.0,0.0
2025-04-09 00:00:00+07:00,3088.5699614217456,3174.1259160317663,3080.014365960744,3105.68115234375,366649900,0.0,0.0
2025-04-10 00:00:00+07:00,3353.7936163651316,3362.3492123252468,3225.459676963405,3251.12646484375,417562900,0.0,0.0
2025-04-11 00:00:00+07:00,3258.7301459194214,3303.990286834969,3249.678117736312,3285.88623046875,301200600,208.4,0.0
2025-04-14 00:00:00+07:00,3285.8860756478657,3340.1982421875,3276.83404789126,3340.1982421875,169458300,0.0,0.0
2025-04-15 00:00:00+07:00,3376.4063532139226,3421.666491996951,3331.1462144308944,3340.1982421875,254224400,0.0,0.0
2025-04-16 00:00:00+07:00,3340.198593348673,3349.250622056935,3258.730334974315,3303.990478515625,233772400,0.0,0.0
2025-04-17 00:00:00+07:00,3322.0943167550226,3322.0943167550226,3267.782148088728,3294.938232421875,121059300,0.0,0.0
2025-04-21 00:00:00+07:00,3276.834228515625,3313.0423415378973,3231.574087237785,3276.834228515625,107470200,0.0,0.0
2025-04-22 00:00:00+07:00,3258.7301459194214,3303.990286834969,3258.7301459194214,3285.88623046875,147116900,0.0,0.0
2025-04-23 00:00:00+07:00,3313.042458392204,3430.7188298651513,3294.9384012425203,3403.562744140625,432999900,0.0,0.0
2025-04-24 00:00:00+07:00,3430.7186629471767,3475.978803619303,3367.3544660062,3376.406494140625,272537300,0.0,0.0
2025-04-25 00:00:00+07:00,3412.6148263859877,3430.718883820396,3376.4067115171706,3385.458740234375,136517100,0.0,0.0
2025-04-28 00:00:00+07:00,3430.7186196645102,3485.030787785848,3421.666591644287,3475.978759765625,212945800,0.0,0.0
2025-04-29 00:00:00+07:00,3494.0830344460223,3503.13506303267,3457.8749200994316,3485.031005859375,160631400,0.0,0.0
2025-04-30 00:00:00+07:00,3448.822891512784,3485.031005859375,3412.614777166193,3485.031005859375,226832200,0.0,0.0
2025-05-02 00:00:00+07:00,3548.3951252416236,3548.3951252416236,3485.0309265765945,3512.18701171875,205628100,0.0,0.0
2025-05-05 00:00:00+07:00,3530.291121883096,3548.395178918394,3494.0830078125,3494.0830078125,196917100,0.0,0.0
2025-05-06 00:00:00+07:00,3475.9788981958764,3530.291068480187,3475.9788981958764,3512.18701171875,111333800,0.0,0.0
2025-05-07 00:00:00+07:00,3530.290989400176,3539.343017578125,3503.1349048663283,3539.343017578125,119763100,0.0,0.0
2025-05-08 00:00:00+07:00,3539.343090369393,3584.6032321899734,3421.6667216358837,3430.71875,224121900,0.0,0.0
2025-05-09 00:00:00+07:00,3448.822675704956,3475.978759765625,3403.5625356038413,3475.978759765625,147638100,0.0,0.0
2025-05-14 00:00:00+07:00,3620.811287056846,3702.279541015625,3584.6031741862776,3702.279541015625,461642400,0.0,0.0
2025-05-15 00:00:00+07:00,3747.5396971512737,3901.4241774690795,3738.487668897285,3865.216064453125,537151700,0.0,0.0
2025-05-16 00:00:00+07:00,3901.424230813419,3919.5282875689336,3765.6438051470586,3847.112060546875,289337600,0.0,0.0
2025-05-19 00:00:00+07:00,3829.0078125,3856.1638962765956,3801.851728723404,3829.0078125,145935500,0.0,0.0
2025-05-20 00:00:00+07:00,3829.0078646915827,3874.268004936164,3774.6956963980847,3810.90380859375,209576900,0.0,0.0
2025-05-21 00:00:00+07:00,3810.9039209213615,3901.4242040786385,3810.9039209213615,3856.1640625,256020200,0.0,0.0
2025-05-22 00:00:00+07:00,3874.2680141715114,3901.424098382994,3838.0599018895346,3892.3720703125,208291800,0.0,0.0
2025-05-23 00:00:00+07:00,3937.63232421875,3955.7363808818245,3919.528267555675,3937.63232421875,108182800,0.0,0.0
2025-05-26 00:00:00+07:00,3937.632158067491,3937.632158067491,3856.1639065212676,3910.47607421875,149418600,0.0,0.0
2025-05-27 00:00:00+07:00,3910.4761870709385,3955.736328125,3874.268074227689,3955.736328125,180028000,0.0,0.0
2025-05-28 00:00:00+07:00,3946.6843333040733,4028.152587890625,3910.4762201544945,4028.152587890625,466133500,0.0,0.0
2025-06-02 00:00:00+07:00,3946.684256417411,3973.840340750558,3801.851806640625,3801.851806640625,389541100,0.0,0.0
2025-06-03 00:00:00+07:00,3810.9038347516744,3829.0078909737726,3729.4355817522323,3801.851806640625,277902300,0.0,0.0
2025-06-04 00:00:00+07:00,3829.007963292739,3829.007963292739,3693.2275390625,3693.2275390625,279755300,0.0,0.0
2025-06-05 00:00:00+07:00,3720.383815858422,3747.539902105564,3666.0716433641387,3711.331787109375,230129500,0.0,0.0
2025-06-10 00:00:00+07:00,3711.331654743976,3765.6438253012047,3711.331654743976,3756.591796875,179827500,0.0,0.0
2025-06-11 00:00:00+07:00,3738.4877071896117,3747.5397355363175,3675.123508762669,3684.175537109375,196558700,0.0,0.0
2025-06-12 00:00:00+07:00,3684.175537109375,3711.3316221494933,3675.123508762669,3684.175537109375,113850500,0.0,0.0
2025-06-13 00:00:00+07:00,3638.9153356933593,3666.0714202880863,3602.7072229003907,3620.811279296875,283826000,0.0,0.0
2025-06-16 00:00:00+07:00,3602.707249079731,3629.863333871789,3584.603192551692,3611.75927734375,155450700,0.0,0.0
2025-06-17 00:00:00+07:00,3629.8631665778885,3647.9672222715435,3584.60302734375,3584.60302734375,125769400,0.0,0.0
2025-06-18 00:00:00+07:00,3575.5510514157677,3584.6030793940354,3530.290911524429,3566.4990234375,140882100,0.0,0.0
2025-06-19 00:00:00+07:00,3530.29103489926,3548.3950914884867,3439.770751953125,3439.770751953125,355413000,0.0,0.0
2025-06-20 00:00:00+07:00,3385.4586081794196,3475.9788918205804,3385.4586081794196,3430.71875,516177900,0.0,0.0
2025-06-23 00:00:00+07:00,3376.406520392305,3394.5105768019152,3313.042322958669,3367.3544921875,222067700,0.0,0.0
2025-06-24 00:00:00+07:00,3457.874615058697,3530.2908373635914,3412.6144761181386,3421.66650390625,281594300,0.0,0.0
2025-06-25 00:00:00+07:00,3466.9269441645197,3466.9269441645197,3376.4066584160987,3403.562744140625,164257700,0.0,0.0
2025-06-26 00:00:00+07:00,3421.666858324494,3466.927001953125,3394.5107721473155,3466.927001953125,171427000,0.0,0.0
2025-06-30 00:00:00+07:00,3475.979027406417,3475.979027406417,3376.4067115171706,3385.458740234375,271933200,0.0,0.0
2025-07-01 00:00:00+07:00,3421.6667150548988,3430.718743401605,3322.0944032411317,3349.25048828125,212288800,0.0,0.0
2025-07-02 00:00:00+07:00,3303.9903989045515,3349.250541355299,3294.938370414402,3331.146484375,220273500,0.0,0.0
2025-07-03 00:00:00+07:00,3358.3025698454485,3376.406626825747,3331.146484375,3331.146484375,119674300,0.0,0.0
2025-07-04 00:00:00+07:00,3331.1465109843325,3358.3025966717046,3303.99042529696,3322.094482421875,91141200,0.0,0.0
2025-07-07 00:00:00+07:00,3322.0944032411317,3349.25048828125,3303.9903465477196,3349.25048828125,78783800,0.0,0.0
2025-07-08 00:00:00+07:00,3340.1985395467896,3349.250568109247,3303.99042529696,3322.094482421875,115551200,0.0,0.0
2025-07-09 00:00:00+07:00,3303.9903989045515,3349.250541355299,3303.9903989045515,3331.146484375,92437900,0.0,0.0
2025-07-10 00:00:00+07:00,3340.1982648982557,3512.1867934431525,3331.146237080103,3503.134765625,290117200,0.0,0.0
2025-07-11 00:00:00+07:00,3548.3951252416236,3548.3951252416236,3503.1349833380314,3512.18701171875,255634700,0.0,0.0
2025-07-14 00:00:00+07:00,3512.1867817873676,3521.2388095754795,3394.5104205419148,3421.66650390625,167151400,0.0,0.0
2025-07-15 00:00:00+07:00,3439.7707846730027,3512.18701171875,3421.6667279115654,3512.18701171875,183209300,0.0,0.0
2025-07-16 00:00:00+07:00,3575.551210383779,3584.6032387644973,3512.18701171875,3512.18701171875,241966800,0.0,0.0
2025-07-17 00:00:00+07:00,3557.447126923,3557.447126923,3512.186985359094,3521.239013671875,111359500,0.0,0.0
2025-07-18 00:00:00+07:00,3539.343150400745,3566.4992359536914,3494.0830078125,3494.0830078125,111030000,0.0,0.0
2025-07-21 00:00:00+07:00,3521.239174307482,3530.291203033208,3466.927001953125,3466.927001953125,89765800,0.0,0.0
2025-07-22 00:00:00+07:00,3494.082815806071,3512.186871846517,3466.926731745402,3475.978759765625,84902800,0.0,0.0
2025-07-23 00:00:00+07:00,3475.978865131579,3494.0829217208056,3430.7187236585114,3439.770751953125,132305000,0.0,0.0
2025-07-24 00:00:00+07:00,3466.9269271657436,3575.55126953125,3457.874898635285,3575.55126953125,206654200,0.0,0.0
2025-07-25 00:00:00+07:00,3575.551210383779,3575.551210383779,3503.1349833380314,3512.18701171875,86263700,0.0,0.0
2025-07-28 00:00:00+07:00,3566.4990234375,3575.5510514157677,3548.394967480964,3566.4990234375,94898300,0.0,0.0
2025-07-29 00:00:00+07:00,3557.447292405732,3557.447292405732,3530.2912062041614,3548.395263671875,98887100,0.0,0.0
2025-07-30 00:00:00+07:00,3539.3428651517033,3539.3428651517033,3412.6144761181386,3421.66650390625,206358500,0.0,0.0
2025-07-31 00:00:00+07:00,3421.6666881633255,3430.7187164388897,3349.250461958811,3358.302490234375,163371700,0.0,0.0
2025-08-01 00:00:00+07:00,3439.7709125376005,3439.7709125376005,3385.458740234375,3385.458740234375,134100500,0.0,0.0
2025-08-04 00:00:00+07:00,3367.354518509939,3385.458575061068,3340.1984336832465,3358.302490234375,104446300,0.0,0.0
2025-08-05 00:00:00+07:00,3349.2506253655583,3430.718883820396,3349.2506253655583,3385.458740234375,184822600,0.0,0.0
2025-08-06 00:00:00+07:00,3412.6146598877613,3421.6666881633255,3358.302490234375,3358.302490234375,100168200,0.0,0.0
2025-08-07 00:00:00+07:00,3376.406546785504,3394.5106033366324,3349.250461958811,3358.302490234375,92746000,0.0,0.0
2025-08-08 00:00:00+07:00,3358.3025166279563,3376.4065733213683,3349.25048828125,3349.25048828125,133180100,0.0,0.0
2025-08-11 00:00:00+07:00,3367.3544998769685,3448.82275390625,3367.3544998769685,3448.82275390625,143167900,0.0,0.0
2025-08-12 00:00:00+07:00,3494.0827594521606,3666.0712890625,3466.9266758294757,3666.0712890625,404797800,0.0,0.0
2025-08-13 00:00:00+07:00,3675.123482498468,3711.331595626532,3611.7592845243566,3693.2275390625,292104000,0.0,0.0
2025-08-14 00:00:00+07:00,3693.22759197968,3711.3316488031096,3657.01947833282,3675.12353515625,164408100,0.0,0.0
2025-08-15 00:00:00+07:00,3711.3314908222087,3756.5916309541867,3684.175406743022,3729.435546875,269255400,0.0,0.0
2025-08-19 00:00:00+07:00,3702.27967396349,3711.331702506188,3629.863445621906,3657.01953125,208409700,0.0,0.0
2025-08-20 00:00:00+07:00,3666.0715126129517,3756.591796875,3666.0715126129517,3756.591796875,173260400,0.0,0.0
2025-08-21 00:00:00+07:00,3765.6438253012047,3774.6958537274095,3702.279626317771,3756.591796875,112477700,0.0,0.0
2025-08-22 00:00:00+07:00,3774.6959883527056,3774.6959883527056,3711.331787109375,3711.331787109375,71971500,0.0,0.0
2025-08-25 00:00:00+07:00,3783.747724447001,3865.2159768872475,3774.6956963980847,3810.90380859375,195322200,0.0,0.0
2025-08-26 00:00:00+07:00,3819.955942277428,3819.955942277428,3774.69580078125,3774.69580078125,267465600,0.0,0.0
2025-08-27 00:00:00+07:00,3738.48779296875,3756.5918500775574,3684.1756216423273,3738.48779296875,123874000,0.0,0.0
2025-08-28 00:00:00+07:00,3738.4875228808123,3756.591578681688,3720.383467079937,3747.53955078125,60838200,0.0,0.0
2025-08-29 00:00:00+07:00,3711.331428433642,3729.435484182099,3638.915205439815,3666.0712890625,217276600,0.0,0.0
2025-09-01 00:00:00+07:00,3557.447133739989,3629.8633603810067,3494.0829354290986,3602.707275390625,234206100,0.0,0.0
2025-09-02 00:00:00+07:00,3602.7070830374055,3666.071277965199,3584.60302734375,3584.60302734375,111856000,0.0,0.0
2025-09-03 00:00:00+07:00,3638.915257153381,3647.96728515625,3575.551061133297,3647.96728515625,112507500,0.0,0.0
2025-09-04 00:00:00+07:00,3602.7072229003907,3629.863307495117,3584.6031665039063,3620.811279296875,87402700,0.0,0.0
2025-09-08 00:00:00+07:00,3684.175495793269,3684.175495793269,3521.2389873798074,3530.291015625,143993900,0.0,0.0
2025-09-09 00:00:00+07:00,3503.134976912929,3521.239033641161,3394.5106365435354,3430.71875,327167200,0.0,0.0
2025-09-10 00:00:00+07:00,3457.8748414344395,3521.239040099468,3457.8748414344395,3512.18701171875,117680500,0.0,0.0
2025-09-11 00:00:00+07:00,3620.8113128063724,3729.435652190564,3602.707256242341,3693.2275390625,281910400,0.0,0.0
2025-09-12 00:00:00+07:00,3783.747802734375,3792.7998309705813,3720.383605080928,3783.747802734375,235383800,0.0,0.0
2025-09-15 00:00:00+07:00,3801.851718183877,3819.955773984753,3729.4354949803746,3747.53955078125,157482000,0.0,0.0
2025-09-16 00:00:00+07:00,3765.643878631961,3774.695907186365,3693.2276501967312,3738.48779296875,167511900,0.0,0.0
2025-09-17 00:00:00+07:00,3765.643883293839,3819.9560546875,3729.435769031398,3819.9560546875,245154800,0.0,0.0
2025-09-18 00:00:00+07:00,3865.2161173023896,3865.2161173023896,3810.9039470358457,3847.112060546875,332670300,0.0,0.0
2025-09-19 00:00:00+07:00,3829.0080037913604,3847.112060546875,3783.7478619025737,3847.112060546875,211373200,0.0,0.0
2025-09-22 00:00:00+07:00,3847.1120540912334,3847.1120540912334,3720.3836570152866,3765.643798828125,157592800,0.0,0.0
2025-09-23 00:00:00+07:00,3729.4354949803746,3774.6956344825635,3720.383467079937,3747.53955078125,110771700,0.0,0.0
2025-09-24 00:00:00+07:00,3747.539715883543,3774.69580078125,3711.331602686601,3774.69580078125,124591600,0.0,0.0
2025-09-25 00:00:00+07:00,3774.695820576436,3774.695820576436,3666.071480415963,3684.175537109375,129656800,0.0,0.0
2025-09-26 00:00:00+07:00,3666.071559792698,3693.227645420792,3620.811417079208,3657.01953125,146229200,0.0,0.0
2025-09-29 00:00:00+07:00,3657.0194453713884,3657.0194453713884,3584.603218730371,3602.707275390625,126611800,0.0,0.0
2025-09-30 00:00:00+07:00,3602.707241586538,3602.707241586538,3530.291015625,3530.291015625,217357100,0.0,0.0
2025-10-01 00:00:00+07:00,3494.0828950336286,3566.4991208374345,3439.7707256807744,3448.82275390625,223133600,0.0,0.0
2025-10-02 00:00:00+07:00,3403.562631612197,3430.7187164388897,3358.302490234375,3358.302490234375,379620000,0.0,0.0
2025-10-03 00:00:00+07:00,3358.3022977007113,3394.510408727134,3331.1462144308944,3340.1982421875,214737100,0.0,0.0
2025-10-06 00:00:00+07:00,3349.2503482005636,3385.4584600730022,3294.938180391906,3313.042236328125,190283900,0.0,0.0
2025-10-07 00:00:00+07:00,3340.1984336832465,3367.354518509939,3322.0943771321176,3358.302490234375,155933000,0.0,0.0
2025-10-08 00:00:00+07:00,3376.406520392305,3385.45854859711,3322.094351163474,3367.3544921875,148263700,0.0,0.0
2025-10-09 00:00:00+07:00,3340.1985230124674,3557.447207436043,3294.9383804242225,3494.0830078125,479239500,0.0,0.0
2025-10-10 00:00:00+07:00,3430.7186629471767,3430.7186629471767,3340.198381602924,3376.406494140625,277252300,0.0,0.0
2025-10-13 00:00:00+07:00,3331.1462922643445,3358.302376168673,3313.042236328125,3313.042236328125,181694400,0.0,0.0
2025-10-14 00:00:00+07:00,3294.938223481514,3340.198363913952,3213.469970703125,3213.469970703125,278639100,0.0,0.0
2025-10-15 00:00:00+07:00,3231.57416015625,3249.678217075893,3122.949818638393,3168.2099609375,468733500,0.0,0.0
2025-10-16 00:00:00+07:00,3168.2098820932188,3240.6261079696355,3150.105825624115,3195.365966796875,227629500,0.0,0.0
2025-10-17 00:00:00+07:00,3195.3660463169645,3231.57416015625,3159.1579324776785,3168.2099609375,244442400,0.0,0.0
2025-10-20 00:00:00+07:00,3213.470114003057,3376.406626825747,3204.4180855129075,3331.146484375,391510300,0.0,0.0
2025-10-21 00:00:00+07:00,3421.666801290309,3430.7188298651513,3358.3026012664145,3403.562744140625,293000200,0.0,0.0
2025-10-22 00:00:00+07:00,3430.718743401605,3457.874828441723,3331.146431587838,3349.25048828125,329470700,0.0,0.0
2025-10-23 00:00:00+07:00,3367.354474292376,3457.874755859375,3349.2504179789757,3457.874755859375,225902700,0.0,0.0
2025-10-24 00:00:00+07:00,3457.8749200994316,3539.3431773792613,3457.8749200994316,3485.031005859375,313903600,0.0,0.0
2025-10-27 00:00:00+07:00,3512.187064847798,3557.447207436043,3394.5106941183612,3494.0830078125,332539600,0.0,0.0
2025-10-28 00:00:00+07:00,3485.031005859375,3494.0830344460223,3421.666805752841,3485.031005859375,239026800,0.0,0.0
2025-10-29 00:00:00+07:00,3466.926843795188,3521.239013671875,3430.7187305440634,3521.239013671875,215008600,0.0,0.0
2025-10-30 00:00:00+07:00,3530.290989400176,3611.759243001718,3503.1349048663283,3539.343017578125,287905300,0.0,0.0
2025-10-31 00:00:00+07:00,3557.447133739989,3638.915388711134,3548.395105409862,3602.707275390625,348755700,0.0,0.0
2025-11-03 00:00:00+07:00,3666.071559792698,3666.071559792698,3629.863445621906,3657.01953125,163770500,0.0,0.0
2025-11-04 00:00:00+07:00,3647.967443816908,3666.071500610044,3593.6552734375,3593.6552734375,241154700,0.0,0.0
2025-11-05 00:00:00+07:00,3566.499162070116,3611.759303720752,3539.3430770797345,3602.707275390625,139859100,0.0,0.0
2025-11-06 00:00:00+07:00,3602.7072229003907,3629.863307495117,3575.551138305664,3620.811279296875,130808100,0.0,0.0
2025-11-07 00:00:00+07:00,3620.8113320508796,3629.8633603810067,3602.707275390625,3602.707275390625,87287600,0.0,0.0
2025-11-10 00:00:00+07:00,3629.8632458402913,3638.9152738847806,3557.447021484375,3557.447021484375,148552900,0.0,0.0
2025-11-11 00:00:00+07:00,3566.499155235781,3584.603211861343,3494.0829287335314,3521.239013671875,179000200,0.0,0.0
2025-11-12 00:00:00+07:00,3521.2389873798074,3575.5511568509614,3521.2389873798074,3530.291015625,111115400,0.0,0.0
2025-11-13 00:00:00+07:00,3530.2908490794575,3539.34287689761,3503.134765625,3503.134765625,99373200,0.0,0.0
2025-11-14 00:00:00+07:00,3494.0829026442307,3557.4471003605768,3494.0829026442307,3530.291015625,100717300,0.0,0.0
2025-11-17 00:00:00+07:00,3512.186855567893,3575.5510514157677,3512.186855567893,3566.4990234375,140868100,0.0,0.0
2025-11-18 00:00:00+07:00,3575.551216644364,3611.7593302306364,3557.447159851228,3593.6552734375,205257700,0.0,0.0
2025-11-19 00:00:00+07:00,3611.759251098633,3620.811279296875,3593.6551947021485,3620.811279296875,107451000,0.0,0.0
2025-11-20 00:00:00+07:00,3638.915362135808,3666.071446927867,3611.75927734375,3611.75927734375,183008400,0.0,0.0
2025-11-21 00:00:00+07:00,3602.7070830374055,3620.8111387310605,3566.4989716500945,3584.60302734375,112666100,0.0,0.0
2025-11-24 00:00:00+07:00,3620.8113320508796,3620.8113320508796,3566.499162070116,3602.707275390625,262302000,0.0,0.0
2025-11-25 00:00:00+07:00,3602.7074328390177,3602.7074328390177,3466.927001953125,3466.927001953125,396959100,0.0,0.0
2025-11-26 00:00:00+07:00,3439.770778364116,3466.926863456464,3421.6667216358837,3430.71875,288419400,0.0,0.0
2025-11-27 00:00:00+07:00,3439.7709125376005,3448.8229412548044,3367.3546827999667,3385.458740234375,283451800,0.0,0.0
2025-11-28 00:00:00+07:00,3358.3025698454485,3394.510683806046,3331.146484375,3331.146484375,353872800,0.0,0.0
2025-12-01 00:00:00+07:00,3331.1465109843325,3376.4066537966196,3313.0424538594175,3322.094482421875,299669500,0.0,0.0
2025-12-02 00:00:00+07:00,3340.1984336832465,3376.406546785504,3322.0943771321176,3358.302490234375,277714300,0.0,0.0
2025-12-03 00:00:00+07:00,3340.198320232454,3349.2503482005636,3313.042236328125,3313.042236328125,225357100,0.0,0.0
2025-12-04 00:00:00+07:00,3313.0421589176826,3340.1982421875,3303.990131161077,3340.1982421875,221121100,0.0,0.0
2025-12-05 00:00:00+07:00,3349.250622056935,3349.250622056935,3303.990478515625,3303.990478515625,156161100,0.0,0.0
2025-12-08 00:00:00+07:00,3331.1465109843325,3340.1985395467896,3313.0424538594175,3322.094482421875,124094700,0.0,0.0
2025-12-09 00:00:00+07:00,3349.250541355299,3349.250541355299,3303.9903989045515,3331.146484375,201089800,0.0,0.0
2025-12-10 00:00:00+07:00,3331.1462922643445,3331.1462922643445,3303.9902083600155,3313.042236328125,172677700,0.0,0.0
2025-12-11 00:00:00+07:00,3331.1463980490335,3349.2504545601696,3240.626115493353,3276.834228515625,327591200,0.0,0.0
2025-12-12 00:00:00+07:00,3294.9382586518595,3294.9382586518595,3240.6260895532023,3285.88623046875,169747600,0.0,0.0
2025-12-15 00:00:00+07:00,3303.990142660797,3448.8225872705852,3285.8860870845733,3421.66650390625,312694100,0.0,0.0
2025-12-16 00:00:00+07:00,3439.7705475101625,3448.822575266768,3331.1462144308944,3340.1982421875,237949900,0.0,0.0
2025-12-17 00:00:00+07:00,3340.1983300781253,3421.66658203125,3331.1463020833335,3394.510498046875,273544100,0.0,0.0
2025-12-18 00:00:00+07:00,3394.5104205419148,3457.874615058697,3394.5104205419148,3421.66650390625,262527300,0.0,0.0
2025-12-19 00:00:00+07:00,3439.7708316064327,3448.82286011066,3403.562717589523,3412.61474609375,228583500,0.0,0.0
2025-12-22 00:00:00+07:00,3412.614772715467,3421.666801290309,3394.510715565783,3403.562744140625,161680300,0.0,0.0
2025-12-23 00:00:00+07:00,3403.562717589523,3421.6667745979776,3376.40663207684,3412.61474609375,138427000,0.0,0.0
2025-12-24 00:00:00+07:00,3412.61474609375,3430.718803102205,3394.5106890852953,3412.61474609375,121073600,0.0,0.0
2025-12-29 00:00:00+07:00,3421.66650390625,3430.718531694362,3403.5624483300267,3421.66650390625,238061500,0.0,0.0
2025-12-30 00:00:00+07:00,3465.8111152023566,3465.8111152023566,3428.2413470158813,3437.6337890625,274402200,137.0,0.0
2026-01-02 00:00:00+07:00,3437.633760892428,3447.0262028620796,3400.0639930138223,3418.848876953125,191985100,0.0,0.0
2026-01-05 00:00:00+07:00,3409.45654296875,3437.6338697701444,3371.8867739002235,3409.45654296875,230544800,0.0,0.0
2026-01-06 00:00:00+07:00,3409.4564905581265,3465.811143294625,3409.4564905581265,3456.418701171875,175820800,0.0,0.0
2026-01-07 00:00:00+07:00,3456.4187288851354,3484.5960554793073,3437.6338444890202,3475.20361328125,195024700,0.0,0.0
2026-01-08 00:00:00+07:00,3484.595947265625,3531.558156797507,3475.2035053592485,3484.595947265625,182019700,0.0,0.0
2026-01-09 00:00:00+07:00,3503.380911785623,3512.773353908373,3447.026259049125,3456.418701171875,143474700,0.0,0.0
2026-01-12 00:00:00+07:00,3456.4187288851354,3512.7733820734798,3437.6338444890202,3475.20361328125,215159700,0.0,0.0
2026-01-13 00:00:00+07:00,3475.203640845514,3503.3809676631804,3447.0263140278475,3493.988525390625,227620800,0.0,0.0
2026-01-14 00:00:00+07:00,3512.773409935736,3522.165852208291,3475.203640845514,3493.988525390625,170097000,0.0,0.0
2026-01-15 00:00:00+07:00,3503.3808638487812,3616.090167779573,3503.3808638487812,3587.912841796875,407151300,0.0,0.0
2026-01-19 00:00:00+07:00,3616.0901959737143,3663.052406311035,3578.5204277038574,3606.69775390625,359652500,0.0,0.0
2026-01-20 00:00:00+07:00,3606.6978896103897,3644.267659293831,3587.913004768669,3616.09033203125,170245800,0.0,0.0
2026-01-21 00:00:00+07:00,3616.090167779573,3616.090167779573,3569.12795780841,3587.912841796875,273678200,0.0,0.0
2026-01-22 00:00:00+07:00,3616.0902769233926,3616.0902769233926,3559.735623257054,3578.5205078125,153742700,0.0,0.0
2026-01-23 00:00:00+07:00,3578.5205623478087,3616.09033203125,3531.5583502435065,3616.09033203125,164603900,0.0,0.0
2026-01-26 00:00:00+07:00,3606.6978896103897,3616.09033203125,3569.128119926948,3616.09033203125,120002700,0.0,0.0
2026-01-27 00:00:00+07:00,3616.090167779573,3616.090167779573,3550.3430738199445,3587.912841796875,157633200,0.0,0.0
2026-01-28 00:00:00+07:00,3409.456487204039,3550.343118906685,3324.924508182451,3371.88671875,726740400,0.0,0.0
2026-01-29 00:00:00+07:00,3334.3168551328954,3550.343017578125,3090.113367151331,3550.343017578125,781321200,0.0,0.0
2026-01-30 00:00:00+07:00,3550.343180979331,3653.660046034285,3512.7734118684384,3578.5205078125,532329000,0.0,0.0
2026-02-02 00:00:00+07:00,3625.482746970871,3644.2676316702023,3522.165881124551,3597.305419921875,334659200,0.0,0.0
2026-02-03 00:00:00+07:00,3625.4825812088816,3634.875023129112,3531.558162006579,3569.1279296875,201224300,0.0,0.0
2026-02-04 00:00:00+07:00,3587.912790697674,3644.267441860465,3569.1279069767443,3634.875,251005600,0.0,0.0
2026-02-05 00:00:00+07:00,3616.09033203125,3700.6223138189935,3606.6978896103897,3616.09033203125,342757200,0.0,0.0
2026-02-06 00:00:00+07:00,3569.1279012690147,3616.0901104962386,3540.9505757326806,3550.343017578125,279127200,0.0,0.0
2026-02-09 00:00:00+07:00,3559.735567856847,3569.128009988395,3484.5960308044596,3540.95068359375,215606400,0.0,0.0
2026-02-10 00:00:00+07:00,3522.165692041791,3559.73545942357,3503.380808350901,3550.343017578125,181835800,0.0,0.0
2026-02-11 00:00:00+07:00,3559.7354877672697,3569.1279296875,3512.7732781661184,3569.1279296875,147378100,0.0,0.0
2026-02-12 00:00:00+07:00,3550.3431534981037,3559.735595703125,3531.558269088061,3559.735595703125,185678800,0.0,0.0
2026-02-13 00:00:00+07:00,3550.343017578125,3569.1279012690147,3522.165692041791,3550.343017578125,144473700,0.0,0.0
2026-02-18 00:00:00+07:00,3550.3432081735477,3606.6978622715405,3531.5583234742166,3597.305419921875,135223700,0.0,0.0
2026-02-19 00:00:00+07:00,3616.0902206461374,3616.0902206461374,3540.95068359375,3540.95068359375,154562300,0.0,0.0
2026-02-20 00:00:00+07:00,3559.735543568929,3634.8750801086426,3550.343101501465,3606.69775390625,191533500,0.0,0.0
2026-02-23 00:00:00+07:00,3644.2676056690707,3672.444932517027,3625.482721103766,3663.052490234375,189611200,0.0,0.0
2026-02-24 00:00:00+07:00,3644.267441860465,3653.6598837209303,3625.482558139535,3634.875,191295900,0.0,0.0
2026-02-25 00:00:00+07:00,3644.2675805848553,3738.192002764877,3644.2675805848553,3728.799560546875,263027700,0.0,0.0
2026-02-26 00:00:00+07:00,3728.799532733386,3728.799532733386,3681.8373219936707,3710.0146484375,146158100,0.0,0.0
2026-02-27 00:00:00+07:00,3710.0145922414486,3710.0145922414486,3644.2674982017265,3672.44482421875,263179300,0.0,0.0
2026-03-02 00:00:00+07:00,3606.6977257853405,3606.6977257853405,3569.12795780841,3587.912841796875,204655700,0.0,0.0
2026-03-03 00:00:00+07:00,3587.912894251492,3606.697778514589,3540.95068359375,3540.95068359375,113600400,0.0,0.0
2026-03-04 00:00:00+07:00,3540.950569793784,3540.950569793784,3437.633709667175,3465.81103515625,215656600,0.0,0.0
2026-03-05 00:00:00+07:00,3493.9884453125,3550.34309765625,3493.9884453125,3522.165771484375,96625300,0.0,0.0
2026-03-06 00:00:00+07:00,3522.1659065267368,3522.1659065267368,3447.0263671875,3447.0263671875,136987800,0.0,0.0
2026-03-09 00:00:00+07:00,3371.8866907114407,3409.4564588530725,3343.709364605217,3353.101806640625,215587500,0.0,0.0
2026-03-10 00:00:00+07:00,3381.279242011938,3390.6716843508602,3343.70947265625,3343.70947265625,175353400,0.0,0.0
2026-03-11 00:00:00+07:00,3362.494384765625,3381.2792695967178,3343.709499934532,3362.494384765625,100862200,0.0,0.0
2026-03-12 00:00:00+07:00,3362.494248676033,3390.671574782257,3353.101806640625,3353.101806640625,141366700,0.0,0.0
2026-03-13 00:00:00+07:00,3343.709279291311,3371.886604678597,3296.7470703125,3296.7470703125,159393900,0.0,0.0
2026-03-16 00:00:00+07:00,3287.3547082659843,3296.7471502896014,3221.6076141006647,3268.56982421875,160328700,0.0,0.0
2026-03-17 00:00:00+07:00,3287.3547082659843,3315.5320343368357,3268.56982421875,3268.56982421875,204208500,0.0,0.0
2026-03-25 00:00:00+07:00,3231.0001379325563,3324.924560546875,3202.822811148261,3324.924560546875,379422800,0.0,0.0
2026-03-26 00:00:00+07:00,3324.924614411712,3353.101941652489,3268.5699599301574,3277.96240234375,162060500,0.0,0.0
2026-03-27 00:00:00+07:00,3249.784855000457,3277.962180332831,3212.215087890625,3212.215087890625,207067900,0.0,0.0
2026-03-30 00:00:00+07:00,3146.4681534540086,3184.0379224504745,3127.683268955776,3155.860595703125,317467700,0.0,0.0
2026-03-31 00:00:00+07:00,3146.467988985079,3193.430197775901,3127.68310546875,3127.68310546875,298589200,0.0,0.0
2026-04-01 00:00:00+07:00,3193.430226795709,3230.999994169776,3127.6831338910915,3146.468017578125,279604500,0.0,0.0
2026-04-02 00:00:00+07:00,3137.0756556499437,3184.037866063865,3118.290771484375,3118.290771484375,242569200,0.0,0.0
2026-04-06 00:00:00+07:00,3137.0757647280966,3155.860649546828,3090.113552681269,3108.8984375,184143400,0.0,0.0
2026-04-07 00:00:00+07:00,3108.8983256337074,3118.290767705108,3024.366346991099,3033.7587890625,273842700,0.0,0.0
2026-04-08 00:00:00+07:00,3137.07568359375,3165.2530100930953,3127.6832414273017,3137.07568359375,416112900,0.0,0.0
2026-04-09 00:00:00+07:00,3108.8982730028106,3127.683156827601,3061.936063440835,3080.720947265625,319141400,0.0,0.0
2026-04-10 00:00:00+07:00,3090.1134216848727,3193.4302838080753,3090.1134216848727,3184.037841796875,353451500,0.0,0.0
2026-04-13 00:00:00+07:00,3184.0378135432125,3202.8226973989244,3146.468045831788,3165.2529296875,176083800,0.0,0.0
2026-04-14 00:00:00+07:00,3212.2151443393245,3277.962237936913,3212.2151443393245,3249.784912109375,280543100,0.0,0.0
2026-04-15 00:00:00+07:00,3287.3548440372247,3296.7472864487595,3193.430419921875,3193.430419921875,332898200,0.0,0.0
2026-04-16 00:00:00+07:00,3193.430311812683,3221.6076380933832,3174.64542762555,3202.82275390625,228465700,0.0,0.0
2026-04-17 00:00:00+07:00,3202.8227816656795,3240.39255036557,3202.8227816656795,3221.607666015625,209108800,0.0,0.0
2026-04-20 00:00:00+07:00,3231.0,3259.1773255813955,3212.2151162790697,3231.0,354461400,0.0,0.0
2026-04-21 00:00:00+07:00,3250.0,3300.0,3230.0,3270.0,398239800,209.0,0.0
2026-04-22 00:00:00+07:00,3260.0,3280.0,3240.0,3240.0,223077500,0.0,0.0
2026-04-23 00:00:00+07:00,3240.0,3270.0,3150.0,3160.0,352657300,0.0,0.0
2026-04-24 00:00:00+07:00,3120.0,3150.0,3060.0,3070.0,428089200,0.0,0.0
2026-04-27 00:00:00+07:00,3060.0,3100.0,3050.0,3050.0,216480300,0.0,0.0
2026-04-28 00:00:00+07:00,3050.0,3080.0,3020.0,3070.0,232596600,0.0,0.0
2026-04-29 00:00:00+07:00,3070.0,3110.0,3050.0,3070.0,180641600,0.0,0.0
2026-04-30 00:00:00+07:00,3050.0,3060.0,2980.0,2990.0,382750500,0.0,0.0
2026-05-04 00:00:00+07:00,3010.0,3040.0,3000.0,3040.0,190480000,0.0,0.0
2026-05-05 00:00:00+07:00,3050.0,3170.0,3040.0,3150.0,253157600,0.0,0.0
2026-05-06 00:00:00+07:00,3150.0,3190.0,3130.0,3160.0,185002500,0.0,0.0
2026-05-07 00:00:00+07:00,3200.0,3330.0,3190.0,3310.0,312804400,0.0,0.0
2026-05-08 00:00:00+07:00,3310.0,3360.0,3260.0,3260.0,335638700,0.0,0.0
2026-05-11 00:00:00+07:00,3260.0,3280.0,3200.0,3200.0,196431000,0.0,0.0
2026-05-12 00:00:00+07:00,3200.0,3240.0,3170.0,3220.0,151508100,0.0,0.0
2026-05-13 00:00:00+07:00,3200.0,3210.0,3120.0,3120.0,155231500,0.0,0.0
2026-05-14 00:00:00+07:00,3120.0,3120.0,3120.0,3120.0,0,0.0,0.0
2026-05-15 00:00:00+07:00,3120.0,3120.0,3120.0,3120.0,0,0.0,0.0
2026-05-18 00:00:00+07:00,3040.0,3100.0,3010.0,3060.0,348373200,0.0,0.0
2026-05-19 00:00:00+07:00,3060.0,3140.0,3040.0,3040.0,224758600,0.0,0.0
2026-05-20 00:00:00+07:00,3060.0,3110.0,3030.0,3040.0,273501800,0.0,0.0
2026-05-21 00:00:00+07:00,3050.0,3090.0,3020.0,3020.0,173346000,0.0,0.0
2026-05-22 00:00:00+07:00,3020.0,3070.0,3000.0,3050.0,158122200,0.0,0.0
2026-05-25 00:00:00+07:00,3090.0,3220.0,3080.0,3170.0,242782900,0.0,0.0
2026-05-26 00:00:00+07:00,3150.0,3150.0,3070.0,3070.0,185037400,0.0,0.0
2026-05-27 00:00:00+07:00,3070.0,3070.0,3070.0,3070.0,0,0.0,0.0
2026-05-28 00:00:00+07:00,3070.0,3070.0,3070.0,3070.0,0,0.0,0.0
2026-05-29 00:00:00+07:00,3060.0,3080.0,2950.0,2950.0,1073661600,0.0,0.0
2026-06-02 00:00:00+07:00,3000.0,3040.0,2980.0,3040.0,320974000,0.0,0.0
2026-06-03 00:00:00+07:00,3050.0,3070.0,2900.0,2900.0,411746000,0.0,0.0
2026-06-04 00:00:00+07:00,2900.0,2930.0,2780.0,2810.0,493450500,0.0,0.0
2026-06-05 00:00:00+07:00,2780.0,2830.0,2730.0,2740.0,310053600,0.0,0.0
2026-06-08 00:00:00+07:00,2700.0,2750.0,2590.0,2590.0,626878600,0.0,0.0
2026-06-09 00:00:00+07:00,2540.0,2800.0,2540.0,2790.0,873192700,0.0,0.0
2026-06-10 00:00:00+07:00,2790.0,2910.0,2730.0,2880.0,704423000,0.0,0.0
2026-06-11 00:00:00+07:00,2880.0,2960.0,2780.0,2850.0,465509700,0.0,0.0
2026-06-12 00:00:00+07:00,2880.0,2900.0,2830.0,2850.0,450530000,0.0,0.0
2026-06-15 00:00:00+07:00,2890.0,3050.0,2890.0,2990.0,622216400,0.0,0.0
2026-06-17 00:00:00+07:00,3020.0,3130.0,3010.0,3080.0,512048000,0.0,0.0
2026-06-18 00:00:00+07:00,3040.0,3060.0,2960.0,2960.0,356398400,0.0,0.0
2026-06-19 00:00:00+07:00,2960.0,3000.0,2910.0,2930.0,514857200,0.0,0.0
2026-06-22 00:00:00+07:00,2930.0,2940.0,2870.0,2870.0,250025400,0.0,0.0
2026-06-23 00:00:00+07:00,2870.0,2940.0,2860.0,2910.0,271555000,0.0,0.0
2026-06-24 00:00:00+07:00,2930.0,2980.0,2800.0,2810.0,330171300,0.0,0.0
2026-06-25 00:00:00+07:00,2800.0,2920.0,2790.0,2850.0,343497900,0.0,0.0
2026-06-26 00:00:00+07:00,2850.0,2880.0,2810.0,2870.0,200394100,0.0,0.0
2026-06-29 00:00:00+07:00,2880.0,2890.0,2830.0,2840.0,173099600,0.0,0.0
2026-06-30 00:00:00+07:00,2810.0,2840.0,2730.0,2730.0,346190100,0.0,0.0
2026-07-01 00:00:00+07:00,2700.0,2750.0,2670.0,2670.0,302582100,0.0,0.0
2026-07-02 00:00:00+07:00,2680.0,2730.0,2630.0,2690.0,366662800,0.0,0.0
2026-07-03 00:00:00+07:00,2710.0,2740.0,2700.0,2710.0,219292600,0.0,0.0
2026-07-06 00:00:00+07:00,2710.0,2790.0,2680.0,2790.0,257473000,0.0,0.0
2026-07-07 00:00:00+07:00,2810.0,2890.0,2800.0,2860.0,265534600,0.0,0.0
2026-07-08 00:00:00+07:00,2860.0,2870.0,2770.0,2790.0,253336100,0.0,0.0
2026-07-09 00:00:00+07:00,2770.0,2790.0,2730.0,2780.0,244821900,0.0,0.0
2026-07-10 00:00:00+07:00,2790.0,2810.0,2760.0,2790.0,144957900,0.0,0.0
2026-07-13 00:00:00+07:00,2790.0,2870.0,2780.0,2870.0,211532100,0.0,0.0
2026-07-14 00:00:00+07:00,2880.0,2890.0,2800.0,2800.0,273911200,0.0,0.0
2026-07-15 00:00:00+07:00,2840.0,2870.0,2810.0,2830.0,182403300,0.0,0.0
2026-07-16 00:00:00+07:00,2840.0,2880.0,2830.0,2860.0,197705800,0.0,0.0
2026-07-17 00:00:00+07:00,2860.0,3000.0,2840.0,2970.0,439266600,0.0,0.0
