Date,Open,High,Low,Close,Volume,Dividends,Stock Splits
2015-01-02 00:00:00+07:00,1548.0352915704389,1558.8104792147808,1544.4435623556583,1555.21875,84546800,0.0,0.0
2015-01-05 00:00:00+07:00,1558.8104112413193,1558.8104112413193,1544.4434950086804,1551.626953125,33363200,0.0,0.0
2015-01-06 00:00:00+07:00,1544.4431687290573,1555.218353627167,1533.6679838309476,1540.8514404296875,58600000,0.0,0.0
2015-01-07 00:00:00+07:00,1544.4435084470406,1558.8104248046875,1540.8517793576289,1558.8104248046875,50244400,0.0,0.0
2015-01-08 00:00:00+07:00,1565.993545323202,1576.7687302680863,1562.4018170082404,1573.177001953125,63649600,0.0,0.0
2015-01-09 00:00:00+07:00,1580.360933110955,1612.686497651861,1573.177474324087,1598.319580078125,170824800,0.0,0.0
2015-01-12 00:00:00+07:00,1583.9525837182448,1598.3195005773673,1555.21875,1555.21875,53126800,0.0,0.0
2015-01-13 00:00:00+07:00,1562.4022500681322,1562.4022500681322,1526.4849569631178,1544.443603515625,80360800,0.0,0.0
2015-01-14 00:00:00+07:00,1555.218353627167,1580.3604517227564,1540.8514404296875,1540.8514404296875,59552800,0.0,0.0
2015-01-15 00:00:00+07:00,1565.9940185546875,1573.177477355397,1544.4436421525588,1565.9940185546875,102689600,0.0,0.0
2015-01-16 00:00:00+07:00,1544.443713036653,1562.4023608626605,1537.26025390625,1537.26025390625,95469200,0.0,0.0
2015-01-19 00:00:00+07:00,1530.0762555315778,1565.9935385252768,1530.0762555315778,1540.8514404296875,100006000,0.0,0.0
2015-01-20 00:00:00+07:00,1533.6684155841206,1544.443603515625,1522.8932276526164,1544.443603515625,146990400,0.0,0.0
2015-01-21 00:00:00+07:00,1544.4432425879127,1576.768798828125,1530.076328703374,1576.768798828125,74948000,0.0,0.0
2015-01-22 00:00:00+07:00,1576.7691106622867,1583.952569025213,1562.4021939364345,1580.36083984375,71265600,0.0,0.0
2015-01-23 00:00:00+07:00,1591.1360652043268,1634.2368164062498,1591.1360652043268,1634.23681640625,134785600,0.0,0.0
2015-01-26 00:00:00+07:00,1601.9112416860219,1609.094700168919,1565.993949271537,1594.727783203125,150832800,0.0,0.0
2015-01-27 00:00:00+07:00,1580.3607990617945,1598.3194445056786,1580.3607990617945,1591.135986328125,69340000,0.0,0.0
2015-01-28 00:00:00+07:00,1601.9108981260677,1605.5026265972024,1576.768798828125,1576.768798828125,64691600,0.0,0.0
2015-01-29 00:00:00+07:00,1573.1770703569903,1583.9522557703942,1569.5853418858555,1576.768798828125,48526400,0.0,0.0
2015-01-30 00:00:00+07:00,1598.3194857510653,1616.2781316583805,1580.36083984375,1580.36083984375,98195200,0.0,0.0
2015-02-02 00:00:00+07:00,1580.360666232639,1623.4614116753473,1573.1772086588542,1616.2779541015625,107672400,0.0,0.0
2015-02-03 00:00:00+07:00,1630.6446533203125,1634.2363816315908,1619.8694683864778,1630.6446533203125,79597600,0.0,0.0
2015-02-04 00:00:00+07:00,1637.8285456730769,1645.0120042067306,1609.0947115384615,1634.23681640625,135804000,0.0,0.0
2015-02-05 00:00:00+07:00,1627.0531404622398,1630.644869249132,1612.6862253146703,1616.2779541015625,111271200,0.0,0.0
2015-02-06 00:00:00+07:00,1630.6446533203125,1648.6032948767038,1623.4611966977561,1630.6446533203125,107253600,0.0,0.0
2015-02-09 00:00:00+07:00,1637.828569461138,1698.8879678840312,1637.828569461138,1680.9293212890625,128836000,0.0,0.0
2015-02-10 00:00:00+07:00,1666.5620799731184,1680.9289944556454,1659.3786227318549,1670.15380859375,79794000,0.0,0.0
2015-02-11 00:00:00+07:00,1698.8878581594915,1713.2547745075633,1680.9292127244016,1688.1126708984375,123487600,0.0,0.0
2015-02-12 00:00:00+07:00,1713.254719533738,1720.4381774772758,1688.1126167313562,1691.704345703125,98841600,0.0,0.0
2015-02-13 00:00:00+07:00,1706.071113137638,1716.8462991153494,1702.4793844784008,1709.662841796875,84660800,0.0,0.0
2015-02-16 00:00:00+07:00,1709.662990561969,1716.846448505507,1688.1126167313562,1691.704345703125,85716800,0.0,0.0
2015-02-17 00:00:00+07:00,1691.7045092460437,1702.479697203025,1673.7458626510752,1680.9293212890625,28532800,0.0,0.0
2015-02-18 00:00:00+07:00,1724.0295794025158,1767.1303188875786,1706.0709379504062,1713.25439453125,167238000,0.0,0.0
2015-02-20 00:00:00+07:00,1720.438259211633,1752.7638214932713,1720.438259211633,1734.80517578125,74989600,0.0,0.0
2015-02-23 00:00:00+07:00,1709.6631404194077,1731.2135161389801,1698.8879525596215,1706.0714111328125,118434000,0.0,0.0
2015-02-24 00:00:00+07:00,1695.296223273026,1716.8465989925985,1691.7044939864309,1706.0714111328125,81622800,0.0,0.0
2015-02-25 00:00:00+07:00,1709.662841796875,1713.254570456112,1702.4793844784008,1709.662841796875,62958800,0.0,0.0
2015-02-26 00:00:00+07:00,1695.296223273026,1709.6631404194077,1695.296223273026,1706.0714111328125,76328800,0.0,0.0
2015-02-27 00:00:00+07:00,1709.662991333008,1734.8050941467286,1695.2960754394533,1724.0299072265625,85468000,0.0,0.0
2015-03-02 00:00:00+07:00,1709.662991333008,1727.6216361999514,1709.662991333008,1724.0299072265625,96851600,0.0,0.0
2015-03-03 00:00:00+07:00,1738.396671070772,1738.396671070772,1709.662841796875,1709.662841796875,57682400,0.0,0.0
2015-03-04 00:00:00+07:00,1706.0710987461268,1716.8462846329444,1698.8876414882484,1702.4793701171875,47226000,0.0,0.0
2015-03-05 00:00:00+07:00,1698.8876953125,1720.4380677688955,1695.2959665697676,1698.8876953125,67612800,0.0,0.0
2015-03-06 00:00:00+07:00,1709.6630183448474,1738.3968505859373,1702.479560284575,1738.3968505859375,77888400,0.0,0.0
2015-03-09 00:00:00+07:00,1724.0300996424787,1727.621829016734,1688.112805899927,1695.2962646484375,105046000,0.0,0.0
2015-03-10 00:00:00+07:00,1698.8877511450755,1734.8050397527938,1688.11256456276,1727.62158203125,69672800,0.0,0.0
2015-03-11 00:00:00+07:00,1709.6631404194077,1727.6217868523847,1702.4796818462169,1706.0714111328125,98384400,0.0,0.0
2015-03-12 00:00:00+07:00,1702.4793844784008,1727.6214850930608,1702.4793844784008,1709.662841796875,45096400,0.0,0.0
2015-03-13 00:00:00+07:00,1720.4380277745865,1731.2132137522979,1695.2959271599266,1709.662841796875,68090000,0.0,0.0
2015-03-16 00:00:00+07:00,1709.662991333008,1734.8050941467286,1702.4795333862305,1724.0299072265625,54288000,0.0,0.0
2015-03-17 00:00:00+07:00,1731.2134196813022,1734.8051487677778,1713.2547742489235,1720.438232421875,51684800,0.0,0.0
2015-03-18 00:00:00+07:00,1702.47951976824,1724.0298934361924,1702.47951976824,1716.846435546875,54372400,0.0,0.0
2015-03-19 00:00:00+07:00,1738.3968776014985,1752.7637939453125,1724.0299612576846,1752.7637939453125,74428400,0.0,0.0
2015-03-20 00:00:00+07:00,1738.3968776014985,1767.1307102891267,1734.805148515545,1752.7637939453125,83046000,0.0,0.0
2015-03-23 00:00:00+07:00,1763.538789784394,1763.538789784394,1749.171875,1749.171875,36825600,0.0,0.0
2015-03-24 00:00:00+07:00,1776.6498356220884,1787.616809916052,1762.027203230137,1765.682861328125,59234400,53.228226,0.0
2015-03-25 00:00:00+07:00,1762.027117881854,1780.3054074864376,1754.7158020400207,1758.3714599609375,59409600,0.0,0.0
2015-03-26 00:00:00+07:00,1758.371441726368,1776.649731141403,1747.404468077347,1762.027099609375,49491600,0.0,0.0
2015-03-27 00:00:00+07:00,1740.09322494443,1758.3715151224178,1732.781908873235,1747.404541015625,60455600,0.0,0.0
2015-03-30 00:00:00+07:00,1762.0271848568245,1798.5837654555137,1754.7158687370866,1769.3385009765625,75822800,0.0,0.0
2015-03-31 00:00:00+07:00,1802.2391506646104,1824.173095703125,1791.2721781453533,1824.173095703125,83456000,0.0,0.0
2015-04-01 00:00:00+07:00,1824.1733649539365,1835.140339091936,1769.3384942639382,1794.9281005859375,110690000,0.0,0.0
2015-04-02 00:00:00+07:00,1805.8950747239371,1809.550732769937,1758.3715201259386,1794.9281005859375,56737600,0.0,0.0
2015-04-06 00:00:00+07:00,1798.5835863305313,1802.239244026325,1769.3383247641812,1780.3052978515625,64304400,0.0,0.0
2015-04-07 00:00:00+07:00,1783.9609555473562,1783.9609555473562,1765.6826670683872,1780.3052978515625,95657600,0.0,0.0
2015-04-08 00:00:00+07:00,1783.961151818064,1783.961151818064,1751.0602289361736,1765.682861328125,113430800,0.0,0.0
2015-04-09 00:00:00+07:00,1765.682794189453,1765.682794189453,1747.4045043945312,1754.7158203125,62660800,0.0,0.0
2015-04-10 00:00:00+07:00,1758.3714782714844,1762.0271362304686,1751.0601623535156,1754.7158203125,52790800,0.0,0.0
2015-04-13 00:00:00+07:00,1762.027099609375,1762.027099609375,1747.404468077347,1762.027099609375,80286400,0.0,0.0
2015-04-14 00:00:00+07:00,1740.0930536326478,1754.715684335443,1721.8147652541534,1732.78173828125,104148800,0.0,0.0
2015-04-15 00:00:00+07:00,1740.093152311333,1762.027099609375,1729.126178662312,1762.027099609375,47940400,0.0,0.0
2015-04-16 00:00:00+07:00,1769.3384521484375,1769.3384521484375,1751.0601623535156,1754.7158203125,55566800,0.0,0.0
2015-04-17 00:00:00+07:00,1765.682794189453,1765.682794189453,1743.7488464355467,1754.7158203125,40751200,0.0,0.0
2015-04-20 00:00:00+07:00,1754.7158870341614,1765.682861328125,1740.0932546422102,1765.682861328125,44488800,0.0,0.0
2015-04-21 00:00:00+07:00,1769.3385858731997,1776.6499023437502,1762.0272694026494,1776.64990234375,69309200,0.0,0.0
2015-04-22 00:00:00+07:00,1776.649749565521,1776.649749565521,1758.3714599609375,1758.3714599609375,44750400,0.0,0.0
2015-04-23 00:00:00+07:00,1751.0601623535156,1762.0271362304686,1747.4045043945312,1754.7158203125,64157200,0.0,0.0
2015-04-24 00:00:00+07:00,1758.371428930459,1765.6827446432674,1740.0931396484375,1740.0931396484375,53536400,0.0,0.0
2015-04-27 00:00:00+07:00,1725.4704926215277,1725.4704926215277,1623.1120735677082,1645.0460205078125,308830800,0.0,0.0
2015-04-28 00:00:00+07:00,1593.8670654296875,1604.834040650534,1557.3104813601992,1593.8670654296875,279868000,0.0,0.0
2015-04-29 00:00:00+07:00,1593.8669584012146,1601.178274724156,1513.4424788488598,1542.687744140625,316523200,0.0,0.0
2015-04-30 00:00:00+07:00,1546.3434967750727,1579.2444222383722,1531.7208632358286,1571.93310546875,195589600,0.0,0.0
2015-05-04 00:00:00+07:00,1575.588456736315,1652.3572678533978,1564.621483719589,1634.0789794921875,189657600,0.0,0.0
2015-05-05 00:00:00+07:00,1637.7348447939867,1663.3244517438925,1626.767870386884,1641.3905029296875,153516400,0.0,0.0
2015-05-06 00:00:00+07:00,1612.1451126901727,1666.97998046875,1612.1451126901727,1666.97998046875,128029200,0.0,0.0
2015-05-07 00:00:00+07:00,1626.7676641477035,1659.6685831978818,1615.8006911309774,1634.0789794921875,111124000,0.0,0.0
2015-05-08 00:00:00+07:00,1656.0129255256397,1659.6685831978818,1626.7676641477035,1634.0789794921875,51254800,0.0,0.0
2015-05-11 00:00:00+07:00,1634.0792609396944,1652.3575524490868,1626.7679443359373,1626.7679443359375,34354800,0.0,0.0
2015-05-12 00:00:00+07:00,1634.079150011693,1659.668756387715,1626.767833904258,1648.7017822265625,96191200,0.0,0.0
2015-05-13 00:00:00+07:00,1630.4233892144096,1652.3573361545139,1630.4233892144096,1645.0460205078125,138148400,0.0,0.0
2015-05-15 00:00:00+07:00,1637.73455336758,1641.3902108527755,1597.5223210304296,1601.177978515625,102507600,0.0,0.0
2015-05-18 00:00:00+07:00,1601.1783546241554,1630.4236213752815,1601.1783546241554,1623.1123046875,106922000,0.0,0.0
2015-05-19 00:00:00+07:00,1623.1121095929825,1641.3903991154261,1615.8007937840052,1637.7347412109375,66192000,0.0,0.0
2015-05-20 00:00:00+07:00,1652.3574402802801,1659.668756387715,1634.079150011693,1648.7017822265625,74743200,0.0,0.0
2015-05-21 00:00:00+07:00,1659.6686239919354,1703.5365171370968,1645.0459929435483,1699.880859375,120901600,0.0,0.0
2015-05-22 00:00:00+07:00,1710.8481060670813,1714.5037644133786,1659.6688892189209,1670.6358642578125,83152000,0.0,0.0
2015-05-25 00:00:00+07:00,1645.0459706943666,1652.3572861196749,1626.7676821310959,1630.42333984375,100023600,0.0,0.0
2015-05-26 00:00:00+07:00,1630.423602637816,1652.3575524490868,1626.7679443359373,1626.7679443359375,88446000,0.0,0.0
2015-05-27 00:00:00+07:00,1608.48974609375,1637.7350142045455,1608.48974609375,1608.48974609375,98622000,0.0,0.0
2015-05-28 00:00:00+07:00,1612.1453094482422,1623.112284342448,1571.933068169488,1579.244384765625,160551600,0.0,0.0
2015-05-29 00:00:00+07:00,1571.9327214145883,1582.8996938895737,1568.2770639229263,1575.58837890625,158411600,0.0,0.0
2015-06-01 00:00:00+07:00,1579.244460061332,1582.900118533696,1549.9991922824183,1564.621826171875,116245200,0.0,0.0
2015-06-03 00:00:00+07:00,1553.654718625037,1564.621693109449,1528.0651114947423,1542.687744140625,145928400,0.0,0.0
2015-06-04 00:00:00+07:00,1539.0322265625,1549.9992020486936,1520.7539340855105,1539.0322265625,100190400,0.0,0.0
2015-06-05 00:00:00+07:00,1539.03199471467,1560.9659423828125,1528.0650208805987,1560.9659423828125,67930800,0.0,0.0
2015-06-08 00:00:00+07:00,1546.343341716285,1553.6546577527686,1498.8197874791415,1506.131103515625,97918000,0.0,0.0
2015-06-09 00:00:00+07:00,1476.886100423995,1476.886100423995,1418.3955617933418,1454.9521484375,196405200,0.0,0.0
2015-06-10 00:00:00+07:00,1454.951836926424,1473.2301263350473,1422.0509159909018,1443.98486328125,110615600,0.0,0.0
2015-06-11 00:00:00+07:00,1454.9519869387918,1462.2633034560722,1407.4284295764696,1414.73974609375,106057200,0.0,0.0
2015-06-12 00:00:00+07:00,1418.3952402442392,1458.6074764367306,1414.7395824085581,1447.6405029296875,108184000,0.0,0.0
2015-06-15 00:00:00+07:00,1433.018103966346,1440.3294208233172,1378.1832275390625,1378.1832275390625,92020000,0.0,0.0
2015-06-16 00:00:00+07:00,1389.1499879847022,1414.7395930265257,1367.2160408059965,1396.4613037109375,93402800,0.0,0.0
2015-06-17 00:00:00+07:00,1411.0837383707062,1454.95162661021,1411.0837383707062,1436.67333984375,170708800,0.0,0.0
2015-06-18 00:00:00+07:00,1447.6406704215115,1458.607645197432,1411.0840878351098,1414.73974609375,116189200,0.0,0.0
2015-06-19 00:00:00+07:00,1447.6407934570311,1469.5747448730467,1440.3294763183592,1462.263427734375,139460400,0.0,0.0
2015-06-22 00:00:00+07:00,1473.2300526707393,1476.8857103696741,1451.2961064771303,1458.607421875,51412000,0.0,0.0
2015-06-23 00:00:00+07:00,1462.2632686178483,1473.2302431324822,1443.9849777601253,1469.5745849609375,115338000,0.0,0.0
2015-06-24 00:00:00+07:00,1476.8857656151356,1498.8197126292218,1436.6735294226444,1447.6405029296875,136800000,0.0,0.0
2015-06-25 00:00:00+07:00,1454.952110595703,1487.8530377197264,1443.9851348876953,1462.263427734375,127306400,0.0,0.0
2015-06-26 00:00:00+07:00,1473.2302061779665,1484.1971804175046,1451.29625769889,1476.8858642578125,42988000,0.0,0.0
2015-06-29 00:00:00+07:00,1454.951849502221,1469.5744811555096,1447.6405336755768,1465.9188232421875,51673600,0.0,0.0
2015-06-30 00:00:00+07:00,1480.5415594755714,1487.8528758186606,1454.951952274759,1469.5745849609375,66377600,0.0,0.0
2015-07-01 00:00:00+07:00,1480.5417205810545,1480.5417205810545,1458.607769165039,1462.263427734375,68338800,0.0,0.0
2015-07-02 00:00:00+07:00,1447.6404977803195,1484.1970760070951,1447.6404977803195,1473.2301025390625,88189600,0.0,0.0
2015-07-03 00:00:00+07:00,1480.541467315149,1491.508441147113,1462.2631775952088,1487.852783203125,44312000,0.0,0.0
2015-07-06 00:00:00+07:00,1465.9187737376024,1476.8857471072104,1447.640484788256,1451.296142578125,40962400,0.0,0.0
2015-07-07 00:00:00+07:00,1469.5746324661332,1484.197265625,1462.2633158866995,1484.197265625,76844800,0.0,0.0
2015-07-08 00:00:00+07:00,1462.2634657663316,1469.5747830951634,1447.6408311086684,1454.9521484375,68092000,0.0,0.0
2015-07-09 00:00:00+07:00,1447.6405029296875,1462.2631342724117,1436.6735294226444,1447.6405029296875,67824800,0.0,0.0
2015-07-10 00:00:00+07:00,1458.607769165039,1469.5747448730467,1454.952110595703,1462.263427734375,93061200,0.0,0.0
2015-07-13 00:00:00+07:00,1462.2632686178483,1473.2302431324822,1458.6076104463036,1469.5745849609375,121620800,0.0,0.0
2015-07-14 00:00:00+07:00,1476.8859676408179,1491.5086009837962,1473.2303093050732,1480.5416259765625,93382000,0.0,0.0
2015-07-15 00:00:00+07:00,1487.8530377197264,1487.8530377197264,1454.952110595703,1462.263427734375,58466000,0.0,0.0
2015-07-22 00:00:00+07:00,1491.5083993765024,1520.753662109375,1480.541425851675,1520.753662109375,146678400,0.0,0.0
2015-07-23 00:00:00+07:00,1506.131128896581,1517.0981031361193,1476.8858642578125,1476.8858642578125,80344400,0.0,0.0
2015-07-24 00:00:00+07:00,1469.5747448730467,1476.8860620117186,1454.952110595703,1462.263427734375,101181200,0.0,0.0
2015-07-27 00:00:00+07:00,1458.6074873839373,1469.5744609732903,1392.80564584782,1396.4613037109375,139128000,0.0,0.0
2015-07-28 00:00:00+07:00,1370.8714599609373,1378.1827744140624,1356.2488310546873,1370.8714599609375,107764400,0.0,0.0
2015-07-29 00:00:00+07:00,1381.8388299239307,1396.4614630448189,1370.8718550832648,1389.150146484375,111259600,0.0,0.0
2015-07-30 00:00:00+07:00,1403.7726377952756,1411.0839536171259,1381.8386903297244,1392.8056640625,115432800,0.0,0.0
2015-07-31 00:00:00+07:00,1389.1500061515749,1400.1169798843503,1363.5604007750983,1392.8056640625,226184800,0.0,0.0
2015-08-03 00:00:00+07:00,1374.5273689191367,1422.0509215679365,1374.5273689191367,1418.395263671875,189702800,0.0,0.0
2015-08-04 00:00:00+07:00,1418.3952694389764,1429.362243171752,1385.4943482406495,1392.8056640625,172058000,0.0,0.0
2015-08-05 00:00:00+07:00,1403.7729193239795,1433.0181884765625,1392.805943391761,1433.0181884765625,182880400,0.0,0.0
2015-08-06 00:00:00+07:00,1447.640823052854,1473.230433561364,1425.7068711884167,1433.0181884765625,138502000,0.0,0.0
2015-08-07 00:00:00+07:00,1429.3622743280441,1429.3622743280441,1407.4283263843913,1411.083984375,60834400,0.0,0.0
2015-08-10 00:00:00+07:00,1425.7065852608266,1425.7065852608266,1381.8386903297244,1392.8056640625,64787200,0.0,0.0
2015-08-11 00:00:00+07:00,1407.428327049714,1411.083985042051,1334.3151672029755,1337.9708251953125,166308400,0.0,0.0
2015-08-12 00:00:00+07:00,1316.0367653586648,1316.0367653586648,1246.5792694091797,1286.79150390625,199885200,0.0,0.0
2015-08-13 00:00:00+07:00,1297.7585040081988,1341.6263971014337,1294.1028462504291,1330.659423828125,148333600,0.0,0.0
2015-08-14 00:00:00+07:00,1330.659620496962,1330.659620496962,1308.7256707085505,1316.0369873046875,122529600,0.0,0.0
2015-08-18 00:00:00+07:00,1308.7254499955611,1316.0367653586648,1279.4801885431464,1286.79150390625,83244000,0.0,0.0
2015-08-19 00:00:00+07:00,1286.7915768678163,1297.7585505343031,1261.201971646013,1272.1689453125,92040000,0.0,0.0
2015-08-20 00:00:00+07:00,1257.546313757184,1272.1689453125,1246.5793400906969,1272.1689453125,87566000,0.0,0.0
2015-08-21 00:00:00+07:00,1242.9239501953125,1250.2352675494026,1228.3013154871323,1242.9239501953125,136115600,0.0,0.0
2015-08-24 00:00:00+07:00,1210.0230253727066,1220.9900014334862,1188.0890732511468,1195.400390625,129089600,0.0,0.0
2015-08-25 00:00:00+07:00,1199.056046070772,1264.8579022575827,1199.056046070772,1242.9239501953125,296784800,0.0,0.0
2015-08-26 00:00:00+07:00,1250.2351074218752,1268.5133984660545,1220.989841751188,1250.235107421875,202368000,0.0,0.0
2015-08-27 00:00:00+07:00,1279.4804043240017,1319.692645602756,1272.1690877278647,1316.0369873046875,219296800,0.0,0.0
2015-08-28 00:00:00+07:00,1345.2823207214187,1356.2492961620826,1312.3813943994276,1327.0040283203125,174394000,0.0,0.0
2015-08-31 00:00:00+07:00,1312.381135039277,1334.3150815858944,1308.7254772815074,1330.659423828125,107618400,0.0,0.0
2015-09-01 00:00:00+07:00,1316.0370729987465,1316.0370729987465,1268.5135120293473,1275.8248291015625,74196800,0.0,0.0
2015-09-02 00:00:00+07:00,1272.1688731800425,1297.7584769509056,1257.5462424538352,1286.79150390625,66349600,0.0,0.0
2015-09-03 00:00:00+07:00,1294.1029236012748,1308.7255555063741,1283.1359496724506,1290.447265625,95144800,0.0,0.0
2015-09-04 00:00:00+07:00,1286.7916076487252,1297.7585815775496,1275.824633719901,1290.447265625,41096400,0.0,0.0
2015-09-07 00:00:00+07:00,1286.7915401785715,1290.4471979631696,1272.1689090401787,1279.480224609375,54352800,0.0,0.0
2015-09-08 00:00:00+07:00,1279.4801885431464,1290.447161587802,1272.1688731800425,1286.79150390625,57412800,0.0,0.0
2015-09-09 00:00:00+07:00,1297.7585505343031,1305.0698663119613,1257.546313757184,1272.1689453125,135401200,0.0,0.0
2015-09-10 00:00:00+07:00,1264.8577029206033,1264.8577029206033,1250.2350705168967,1257.54638671875,70959200,0.0,0.0
2015-09-11 00:00:00+07:00,1272.1689820041545,1272.1689820041545,1264.8576660156248,1264.857666015625,46889600,0.0,0.0
2015-09-14 00:00:00+07:00,1272.1689820041545,1272.1689820041545,1257.5463500270953,1264.857666015625,41073600,0.0,0.0
2015-09-15 00:00:00+07:00,1261.201971646013,1272.1689453125,1257.546313757184,1272.1689453125,32625200,0.0,0.0
2015-09-16 00:00:00+07:00,1272.1689820041545,1275.8246399984193,1257.5463500270953,1264.857666015625,32254800,0.0,0.0
2015-09-17 00:00:00+07:00,1261.2020080213601,1275.8246399984193,1257.5463500270953,1264.857666015625,112392000,0.0,0.0
2015-09-18 00:00:00+07:00,1272.1689820041545,1279.4802979926842,1261.2020080213601,1264.857666015625,94615200,0.0,0.0
2015-09-21 00:00:00+07:00,1264.8577029206033,1272.1690191224563,1257.54638671875,1257.54638671875,66774000,0.0,0.0
2015-09-22 00:00:00+07:00,1257.54638671875,1264.8577029206033,1253.8907286178235,1257.54638671875,34276400,0.0,0.0
2015-09-23 00:00:00+07:00,1242.9236673864518,1242.9236673864518,1173.4661683266208,1177.121826171875,75746400,0.0,0.0
2015-09-25 00:00:00+07:00,1169.81050262945,1169.81050262945,1129.5982666015625,1129.5982666015625,138808000,0.0,0.0
2015-09-28 00:00:00+07:00,1129.5981652142598,1136.9094801994654,1100.3529052734375,1100.3529052734375,63378800,0.0,0.0
2015-09-29 00:00:00+07:00,1067.4521641378617,1136.90966796875,1045.5182155596865,1136.90966796875,63959200,0.0,0.0
2015-09-30 00:00:00+07:00,1147.8764117027306,1169.8103558753942,1144.22075434062,1158.8433837890625,118378400,0.0,0.0
2015-10-01 00:00:00+07:00,1169.8105652429467,1188.0888553248678,1158.843591193794,1166.1549072265625,63633600,0.0,0.0
2015-10-02 00:00:00+07:00,1166.154882573926,1169.8105405130293,1122.2869873046875,1122.2869873046875,89269200,0.0,0.0
2015-10-05 00:00:00+07:00,1147.8766926090893,1199.055908203125,1140.5653760956557,1199.055908203125,56322400,0.0,0.0
2015-10-06 00:00:00+07:00,1213.678396846471,1305.0698423921392,1213.678396846471,1301.4141845703125,179906000,0.0,0.0
2015-10-07 00:00:00+07:00,1316.0370437237395,1327.004019088104,1272.1691422662816,1305.070068359375,118109200,0.0,0.0
2015-10-08 00:00:00+07:00,1305.0698423921392,1312.3811580357926,1286.7915532830054,1301.4141845703125,108926400,0.0,0.0
2015-10-09 00:00:00+07:00,1323.3481083125857,1356.249028132512,1319.692450554816,1330.659423828125,177488400,0.0,0.0
2015-10-12 00:00:00+07:00,1316.036859247275,1348.937780728457,1316.036859247275,1341.62646484375,66492800,0.0,0.0
2015-10-13 00:00:00+07:00,1334.3153168236076,1341.6266336281205,1308.7257080078125,1308.7257080078125,123736400,0.0,0.0
2015-10-15 00:00:00+07:00,1308.725500213966,1330.6594471449262,1294.1028689266589,1301.4141845703125,80592800,0.0,0.0
2015-10-16 00:00:00+07:00,1301.4144099045868,1327.004019088104,1301.4144099045868,1305.070068359375,65777200,0.0,0.0
2015-10-19 00:00:00+07:00,1308.725561256617,1337.9708251953125,1308.725561256617,1337.9708251953125,54853200,0.0,0.0
2015-10-20 00:00:00+07:00,1337.970873363598,1352.593505859375,1319.6925827438768,1352.593505859375,65063600,0.0,0.0
2015-10-21 00:00:00+07:00,1334.315112767827,1374.5273490430218,1334.315112767827,1348.937744140625,65543200,0.0,0.0
2015-10-22 00:00:00+07:00,1356.249096613164,1363.560412497871,1341.62646484375,1341.62646484375,66396000,0.0,0.0
2015-10-23 00:00:00+07:00,1367.2161495127575,1381.8387821278673,1345.282200590093,1374.5274658203125,142408000,0.0,0.0
2015-10-26 00:00:00+07:00,1389.1500910268442,1407.42838169825,1385.4944328925628,1400.1170654296875,145286400,0.0,0.0
2015-10-27 00:00:00+07:00,1389.1500364313472,1411.083984375,1378.183062459521,1411.083984375,80484400,0.0,0.0
2015-10-28 00:00:00+07:00,1392.8057192847841,1407.4283515082464,1381.8387451171875,1381.8387451171875,72526000,0.0,0.0
2015-10-29 00:00:00+07:00,1374.527520073785,1378.1831783718533,1308.7256707085505,1316.0369873046875,113545600,0.0,0.0
2015-10-30 00:00:00+07:00,1290.4472347566452,1305.0698663119613,1272.1689453125,1272.1689453125,183069200,0.0,0.0
2015-11-02 00:00:00+07:00,1268.5133984660545,1272.1690566748905,1228.3011581688597,1250.235107421875,84406800,0.0,0.0
2015-11-03 00:00:00+07:00,1272.16895772643,1327.0038265939486,1272.16895772643,1294.1029052734375,133874000,0.0,0.0
2015-11-04 00:00:00+07:00,1297.7585040081988,1337.970739343664,1297.7585040081988,1330.659423828125,104358000,0.0,0.0
2015-11-05 00:00:00+07:00,1334.3152977563543,1337.970956106372,1301.4143726061977,1312.38134765625,76689200,0.0,0.0
2015-11-06 00:00:00+07:00,1301.4143726061977,1327.0039810563196,1301.4143726061977,1312.38134765625,39835600,0.0,0.0
2015-11-09 00:00:00+07:00,1286.7915768678163,1301.4142084231323,1272.1689453125,1272.1689453125,66005200,0.0,0.0
2015-11-10 00:00:00+07:00,1246.579314458938,1272.1689191545759,1228.301025390625,1228.301025390625,122132000,0.0,0.0
2015-11-11 00:00:00+07:00,1217.3343427465597,1220.9900014334862,1191.7447319380735,1195.400390625,122912000,0.0,0.0
2015-11-12 00:00:00+07:00,1195.4001227990905,1235.612359345849,1195.4001227990905,1224.6453857421875,101481200,0.0,0.0
2015-11-13 00:00:00+07:00,1213.6783197496397,1268.51318359375,1210.0226621600325,1268.51318359375,86066400,0.0,0.0
2015-11-16 00:00:00+07:00,1235.6126328412224,1246.5796088723575,1220.9899981330423,1242.9239501953125,54983200,0.0,0.0
2015-11-17 00:00:00+07:00,1246.579394177423,1268.5133424620697,1246.579394177423,1261.2020263671875,75114400,0.0,0.0
2015-11-18 00:00:00+07:00,1272.1690005095109,1272.1690005095109,1250.2350522248641,1261.2020263671875,49671200,0.0,0.0
2015-11-19 00:00:00+07:00,1272.1690120860044,1283.135986328125,1268.5133540052975,1283.135986328125,61782000,0.0,0.0
2015-11-20 00:00:00+07:00,1264.8575260041428,1279.480156362572,1253.8905532353206,1268.51318359375,54798400,0.0,0.0
2015-11-23 00:00:00+07:00,1275.8248291015625,1294.1031217821007,1275.8248291015625,1275.8248291015625,45954000,0.0,0.0
2015-11-24 00:00:00+07:00,1257.546313757184,1279.4802610901581,1257.546313757184,1272.1689453125,26436400,0.0,0.0
2015-11-25 00:00:00+07:00,1275.8248007210698,1308.7257268141632,1272.1691422662816,1305.070068359375,65648400,0.0,0.0
2015-11-26 00:00:00+07:00,1312.3812486180718,1356.2491455078125,1301.4142743956368,1356.2491455078125,114857200,0.0,0.0
2015-11-27 00:00:00+07:00,1348.937931156424,1356.2492478564589,1312.38134765625,1312.38134765625,50550800,0.0,0.0
2015-11-30 00:00:00+07:00,1301.414489028033,1316.037123736213,1242.9239501953125,1242.9239501953125,291126000,0.0,0.0
2015-12-01 00:00:00+07:00,1279.480237639352,1312.3811580357926,1279.480237639352,1301.4141845703125,81230800,0.0,0.0
2015-12-02 00:00:00+07:00,1305.0698423921392,1312.3811580357926,1294.1028689266589,1301.4141845703125,45067200,0.0,0.0
2015-12-03 00:00:00+07:00,1294.1028192693536,1305.0697923140092,1286.79150390625,1286.79150390625,46170000,0.0,0.0
2015-12-04 00:00:00+07:00,1286.7915401785715,1290.4471979631696,1272.1689090401787,1279.480224609375,66563200,0.0,0.0
2015-12-07 00:00:00+07:00,1294.1028462504291,1337.970739343664,1290.4471884926595,1330.659423828125,65284000,0.0,0.0
2015-12-08 00:00:00+07:00,1316.0369873046875,1327.0039621988933,1301.4143541124133,1316.0369873046875,75222000,0.0,0.0
2015-12-09 00:00:00+07:00,1316.0369873046875,1316.0369873046875,1316.0369873046875,1316.0369873046875,0,0.0,0.0
2015-12-10 00:00:00+07:00,1286.791571302817,1297.758544921875,1279.4802555567783,1297.758544921875,79034800,0.0,0.0
2015-12-11 00:00:00+07:00,1305.0698291015626,1308.7254868861608,1279.480224609375,1279.480224609375,45985200,0.0,0.0
2015-12-14 00:00:00+07:00,1242.9237361299818,1261.2020263671875,1235.6124200350996,1261.2020263671875,78568800,0.0,0.0
2015-12-15 00:00:00+07:00,1268.5132512555804,1279.480224609375,1253.8906201171876,1279.480224609375,55228000,0.0,0.0
2015-12-16 00:00:00+07:00,1294.1030743987865,1308.7257080078125,1279.4804407897607,1308.7257080078125,87191200,0.0,0.0
2015-12-17 00:00:00+07:00,1337.970739343664,1337.970739343664,1312.381135039277,1330.659423828125,90298000,0.0,0.0
2015-12-18 00:00:00+07:00,1312.3814144626388,1312.3814144626388,1275.8248291015625,1275.8248291015625,93092000,0.0,0.0
2015-12-21 00:00:00+07:00,1275.8245976837588,1297.758544921875,1275.8245976837588,1297.758544921875,16910000,0.0,0.0
2015-12-22 00:00:00+07:00,1305.0698606679136,1305.0698606679136,1286.791571302817,1297.758544921875,44916000,0.0,0.0
2015-12-23 00:00:00+07:00,1294.1028870488556,1301.4142027948944,1279.4802555567783,1297.758544921875,51713200,0.0,0.0
2015-12-28 00:00:00+07:00,1272.1690877278647,1327.0039621988933,1272.1690877278647,1316.0369873046875,66709200,0.0,0.0
2015-12-29 00:00:00+07:00,1327.0037480602525,1334.3150634765625,1327.0037480602525,1334.3150634765625,43552000,0.0,0.0
2015-12-30 00:00:00+07:00,1334.3152152396538,1352.593505859375,1330.6595571157095,1352.593505859375,104390800,0.0,0.0
2016-01-04 00:00:00+07:00,1345.2821896114865,1367.216138355152,1327.0038989917653,1352.593505859375,60667600,0.0,0.0
2016-01-05 00:00:00+07:00,1352.593173828125,1396.461060546875,1352.593173828125,1370.8714599609375,106152400,0.0,0.0
2016-01-06 00:00:00+07:00,1381.8388195343834,1392.805794292593,1367.2161865234377,1367.2161865234375,106147600,0.0,0.0
2016-01-07 00:00:00+07:00,1337.970739343664,1352.5933703747423,1330.6594238281248,1330.659423828125,92196400,0.0,0.0
2016-01-08 00:00:00+07:00,1330.659538988797,1356.2491455078125,1330.659538988797,1356.2491455078125,97109200,0.0,0.0
2016-01-11 00:00:00+07:00,1330.6594238281248,1337.970739343664,1316.0367927970465,1330.659423828125,62974000,0.0,0.0
2016-01-12 00:00:00+07:00,1345.2822265625,1356.2492012355638,1330.6595936650815,1345.2822265625,77847200,0.0,0.0
2016-01-13 00:00:00+07:00,1356.2492117652282,1381.8388195343834,1345.282237007019,1367.2161865234375,132198400,0.0,0.0
2016-01-14 00:00:00+07:00,1330.659603996073,1385.4944777871199,1330.659603996073,1367.2161865234375,120844000,0.0,0.0
2016-01-15 00:00:00+07:00,1367.2161197302476,1378.1830939526826,1356.2491455078125,1356.2491455078125,41635600,0.0,0.0
2016-01-18 00:00:00+07:00,1352.5934874336674,1363.5604616561025,1352.5934874336674,1356.2491455078125,61618000,0.0,0.0
2016-01-19 00:00:00+07:00,1348.9375166015623,1374.5271171875,1348.9375166015623,1370.8714599609375,33891200,0.0,0.0
2016-01-20 00:00:00+07:00,1363.5605468749998,1374.5275217828416,1359.904888572386,1363.560546875,111518800,0.0,0.0
2016-01-21 00:00:00+07:00,1363.5603207824051,1370.8716361753404,1352.5933476930024,1359.9046630859375,111117200,0.0,0.0
2016-01-22 00:00:00+07:00,1359.9044882812498,1374.5271171875,1356.2488310546873,1370.8714599609375,102318000,0.0,0.0
2016-01-25 00:00:00+07:00,1374.527374507874,1396.4613219734251,1370.8717165969488,1392.8056640625,52867200,0.0,0.0
2016-01-26 00:00:00+07:00,1381.8386903297244,1396.4613219734251,1378.1830324187993,1392.8056640625,68705200,0.0,0.0
2016-01-27 00:00:00+07:00,1396.4613037109375,1403.7726194371728,1381.8386722584669,1396.4613037109375,97861600,0.0,0.0
2016-01-28 00:00:00+07:00,1396.4614630448189,1396.4614630448189,1378.1831716437086,1389.150146484375,84751600,0.0,0.0
2016-01-29 00:00:00+07:00,1389.1499519348145,1403.7725830078125,1378.182978630066,1403.7725830078125,118885600,0.0,0.0
2016-02-01 00:00:00+07:00,1403.7726866883115,1411.0840027648132,1370.8717643440543,1407.4283447265625,73618400,0.0,0.0
2016-02-02 00:00:00+07:00,1400.117121325041,1403.772779605263,1374.5275133634868,1389.150146484375,50634000,0.0,0.0
2016-02-03 00:00:00+07:00,1374.5271171875,1378.1827744140624,1367.2158027343748,1370.8714599609375,62028400,0.0,0.0
2016-02-04 00:00:00+07:00,1385.494294166565,1429.362187385559,1374.5273208618164,1403.7725830078125,176216000,0.0,0.0
2016-02-05 00:00:00+07:00,1403.7727581521738,1520.7538213315217,1403.7727581521738,1513.4425048828125,244064000,0.0,0.0
2016-02-09 00:00:00+07:00,1491.5085339902053,1502.4755085048391,1469.5745849609375,1469.5745849609375,56263200,0.0,0.0
2016-02-10 00:00:00+07:00,1462.262941316794,1476.885570729962,1433.0176824904581,1436.67333984375,56126000,0.0,0.0
2016-02-11 00:00:00+07:00,1436.6738177490233,1465.9190863037109,1436.6738177490233,1462.263427734375,144164400,0.0,0.0
2016-02-12 00:00:00+07:00,1447.6406325313303,1454.951948857246,1411.0840509017512,1422.051025390625,136429600,0.0,0.0
2016-02-15 00:00:00+07:00,1433.0181884765625,1436.6738471206354,1422.051212544344,1433.0181884765625,110414800,0.0,0.0
2016-02-16 00:00:00+07:00,1436.673639385517,1440.3292975010017,1422.0510069235777,1425.7066650390625,90171200,0.0,0.0
2016-02-17 00:00:00+07:00,1422.0509215679365,1433.0178952561212,1414.7396057758135,1418.395263671875,103568000,0.0,0.0
2016-02-18 00:00:00+07:00,1429.3623417165406,1443.9849743683724,1418.395367227667,1422.051025390625,205636800,0.0,0.0
2016-02-19 00:00:00+07:00,1385.4942669612105,1385.4942669612105,1345.2820323000674,1359.9046630859375,381658000,0.0,0.0
2016-02-22 00:00:00+07:00,1348.9378587438705,1385.4944402816448,1348.9378587438705,1374.5274658203125,122025200,0.0,0.0
2016-02-23 00:00:00+07:00,1352.593505859375,1370.8717964790962,1341.6265314875423,1352.593505859375,78939200,0.0,0.0
2016-02-24 00:00:00+07:00,1367.2161495127575,1389.1500984354223,1356.2491750514253,1374.5274658203125,76399200,0.0,0.0
2016-02-25 00:00:00+07:00,1374.5275217828416,1381.8388383880695,1352.5935719671581,1363.560546875,59981600,0.0,0.0
2016-02-26 00:00:00+07:00,1370.8716319544649,1392.8055780657362,1370.8716319544649,1385.4942626953125,59542000,0.0,0.0
2016-02-29 00:00:00+07:00,1385.4943301215847,1396.4613037109375,1370.871698669114,1396.4613037109375,109371200,0.0,0.0
2016-03-01 00:00:00+07:00,1385.494403173053,1396.4613773406497,1370.8717709495907,1381.8387451171875,75571600,0.0,0.0
2016-03-02 00:00:00+07:00,1396.46137061181,1422.0509768795657,1389.1500545353083,1407.4283447265625,125545600,0.0,0.0
2016-03-03 00:00:00+07:00,1418.395263671875,1429.3622373600597,1403.7726320876288,1418.395263671875,80812000,0.0,0.0
2016-03-04 00:00:00+07:00,1418.3953304827364,1429.3623046875,1407.428356277973,1429.3623046875,69759600,0.0,0.0
2016-03-07 00:00:00+07:00,1440.3291333803256,1462.2630795739346,1433.017817982456,1458.607421875,176466000,0.0,0.0
2016-03-08 00:00:00+07:00,1462.263427734375,1465.9190863037109,1447.6407934570311,1462.263427734375,145376000,0.0,0.0
2016-03-10 00:00:00+07:00,1433.0179672996596,1476.8858642578125,1433.0179672996596,1476.8858642578125,124006000,0.0,0.0
2016-03-11 00:00:00+07:00,1476.8858642578125,1476.8858642578125,1476.8858642578125,1476.8858642578125,0,0.0,0.0
2016-03-14 00:00:00+07:00,1476.8858642578125,1476.8858642578125,1476.8858642578125,1476.8858642578125,0,0.0,0.0
2016-03-15 00:00:00+07:00,1498.819757035089,1498.819757035089,1484.197125259137,1487.852783203125,57556000,0.0,0.0
2016-03-16 00:00:00+07:00,1491.508441147113,1491.508441147113,1462.2631775952088,1487.852783203125,46800000,0.0,0.0
2016-03-17 00:00:00+07:00,1498.819812736889,1498.819812736889,1462.2632319384281,1476.8858642578125,75276400,0.0,0.0
2016-03-18 00:00:00+07:00,1487.8528384973506,1487.8528384973506,1462.2632319384281,1476.8858642578125,110007200,0.0,0.0
2016-03-21 00:00:00+07:00,1476.8859490455666,1491.5085822044337,1476.8859490455666,1484.197265625,137365600,0.0,0.0
2016-03-22 00:00:00+07:00,1491.508471442658,1509.7867615338669,1487.8528134244161,1506.131103515625,87624800,0.0,0.0
2016-03-23 00:00:00+07:00,1509.786675578792,1509.786675578792,1491.5083865282013,1498.8197021484375,103693600,0.0,0.0
2016-03-24 00:00:00+07:00,1491.5086481891808,1509.7869404464013,1491.5086481891808,1495.164306640625,115484400,0.0,0.0
2016-03-28 00:00:00+07:00,1487.8527338297727,1495.164049475128,1465.9187868937074,1473.2301025390625,71154000,0.0,0.0
2016-03-29 00:00:00+07:00,1473.2302539301854,1491.5085449218752,1462.2632793351718,1491.508544921875,90892400,0.0,0.0
2016-03-30 00:00:00+07:00,1515.7377210239283,1553.2559814453125,1508.2340689396515,1553.2559814453125,178441600,65.3624,0.0
2016-03-31 00:00:00+07:00,1553.2559713715489,1557.0077973893544,1530.7450152647148,1545.7523193359375,103862400,0.0,0.0
2016-04-01 00:00:00+07:00,1534.4969240698485,1542.0005765102878,1489.4750094272124,1515.73779296875,60710400,0.0,0.0
2016-04-04 00:00:00+07:00,1515.7376861947175,1526.9931640625,1511.98586023879,1526.9931640625,36848800,0.0,0.0
2016-04-05 00:00:00+07:00,1530.7452701430723,1560.7598832831327,1523.2416168580573,1557.008056640625,99461600,0.0,0.0
2016-04-06 00:00:00+07:00,1568.2635365681476,1568.2635365681476,1542.000750070595,1557.008056640625,39915200,0.0,0.0
2016-04-07 00:00:00+07:00,1568.2632754427714,1568.2632754427714,1523.2413632291034,1545.7523193359375,70107200,0.0,0.0
2016-04-08 00:00:00+07:00,1508.2342157509122,1515.7378685655933,1466.9641252701658,1478.2196044921875,181048000,0.0,0.0
2016-04-11 00:00:00+07:00,1478.2196044921877,1478.2196044921877,1478.2196044921877,1478.2196044921875,0,0.0,0.0
2016-04-12 00:00:00+07:00,1429.4456838238302,1448.2048135328043,1418.1902059984457,1433.197509765625,153933200,0.0,0.0
2016-04-13 00:00:00+07:00,1433.197509765625,1433.197509765625,1433.197509765625,1433.197509765625,0,0.0,0.0
2016-04-14 00:00:00+07:00,1433.197509765625,1433.197509765625,1433.197509765625,1433.197509765625,0,0.0,0.0
2016-04-15 00:00:00+07:00,1433.197509765625,1433.197509765625,1433.197509765625,1433.197509765625,0,0.0,0.0
2016-04-18 00:00:00+07:00,1433.197509765625,1433.197509765625,1433.197509765625,1433.197509765625,0,0.0,0.0
2016-04-19 00:00:00+07:00,1433.197509765625,1433.197509765625,1433.197509765625,1433.197509765625,0,0.0,0.0
2016-04-20 00:00:00+07:00,1444.4530279697515,1470.7158102964743,1440.7012019230767,1463.212158203125,88110800,0.0,0.0
2016-04-21 00:00:00+07:00,1463.2120624011077,1489.474843008307,1463.2120624011077,1481.97119140625,78975600,0.0,0.0
2016-04-22 00:00:00+07:00,1481.971212210213,1500.7303414786968,1470.7157346491229,1496.978515625,70598400,0.0,0.0
2016-04-25 00:00:00+07:00,1493.226751125444,1493.226751125444,1429.4457089919451,1451.9566650390625,100451600,0.0,0.0
2016-04-26 00:00:00+07:00,1440.7012746710527,1440.7012746710527,1391.9275336014598,1425.6939697265625,143723600,0.0,0.0
2016-04-27 00:00:00+07:00,1410.6866883116884,1448.2049512987014,1406.934862012987,1444.453125,77419600,0.0,0.0
2016-04-28 00:00:00+07:00,1448.2046289807968,1474.4674072265625,1444.4528035171159,1474.4674072265625,70421200,0.0,0.0
2016-04-29 00:00:00+07:00,1451.9567823657098,1459.460434987755,1433.1976508105975,1448.2049560546875,51991600,0.0,0.0
2016-05-02 00:00:00+07:00,1444.4529875910096,1448.2048135328043,1410.686554114856,1433.197509765625,39910400,0.0,0.0
2016-05-03 00:00:00+07:00,1455.7086460481441,1481.9714308995283,1448.204993233463,1478.2196044921875,87932400,0.0,0.0
2016-05-04 00:00:00+07:00,1466.9638511421756,1470.7156768484215,1440.7010711984537,1455.7083740234375,86007600,0.0,0.0
2016-05-09 00:00:00+07:00,1440.7011088709678,1444.4529346753193,1373.1682443926413,1395.67919921875,173752800,0.0,0.0
2016-05-10 00:00:00+07:00,1395.6793503534225,1425.6939600384424,1388.1756979321676,1418.1903076171875,96082400,0.0,0.0
2016-05-11 00:00:00+07:00,1444.453125,1455.708603896104,1421.9421672077922,1444.453125,61418400,0.0,0.0
2016-05-12 00:00:00+07:00,1451.9567533794202,1451.9567533794202,1418.1903172543175,1425.6939697265625,40284400,0.0,0.0
2016-05-13 00:00:00+07:00,1410.686502436156,1425.6938056535619,1373.1682443926413,1395.67919921875,86747200,0.0,0.0
2016-05-16 00:00:00+07:00,1365.6646576350415,1373.1683096000693,1346.9055277224722,1354.4091796875,132095200,0.0,0.0
2016-05-17 00:00:00+07:00,1328.14646484375,1335.6501171875,1301.8836816406251,1313.13916015625,238361200,0.0,0.0
2016-05-18 00:00:00+07:00,1305.6352761008525,1339.4017056551847,1298.1316250887785,1320.642578125,120478400,0.0,0.0
2016-05-19 00:00:00+07:00,1328.146624176196,1354.4094105299625,1324.3947975542292,1343.1539306640625,128139600,0.0,0.0
2016-05-20 00:00:00+07:00,1343.1536339069235,1343.1536339069235,1301.8835501835263,1305.6353759765625,102942800,0.0,0.0
2016-05-23 00:00:00+07:00,1316.8908846580375,1335.6500140691207,1313.139058775821,1328.1463623046875,60646400,0.0,0.0
2016-05-24 00:00:00+07:00,1331.898188186904,1339.4018399513375,1324.3945364224708,1328.1463623046875,68519600,0.0,0.0
2016-05-25 00:00:00+07:00,1346.9056584802213,1361.9129638671877,1343.15383213348,1361.9129638671875,65183200,0.0,0.0
2016-05-26 00:00:00+07:00,1361.912826538086,1369.4164784749348,1339.401870727539,1350.6573486328125,110522400,0.0,0.0
2016-05-27 00:00:00+07:00,1335.6500547630353,1365.6646627352384,1335.6500547630353,1358.1610107421875,42332800,0.0,0.0
2016-05-30 00:00:00+07:00,1369.4165335189944,1399.4311424728353,1365.6647073997642,1391.927490234375,52332000,0.0,0.0
2016-05-31 00:00:00+07:00,1391.9274395126386,1391.9274395126386,1354.4091796875,1354.4091796875,121300000,0.0,0.0
2016-06-01 00:00:00+07:00,1350.6575078549592,1391.9275983727496,1350.6575078549592,1380.672119140625,54789600,0.0,0.0
2016-06-02 00:00:00+07:00,1380.6718802930216,1388.1755318163532,1369.4164030080242,1384.4237060546875,37745200,0.0,0.0
2016-06-03 00:00:00+07:00,1395.6791617615581,1395.6791617615581,1361.9127304286174,1369.4163818359375,41559200,0.0,0.0
2016-06-06 00:00:00+07:00,1373.1683596382245,1395.6793163536051,1369.4165335189944,1391.927490234375,35986000,0.0,0.0
2016-06-07 00:00:00+07:00,1406.9345922142975,1425.6937201104881,1399.4309410558212,1421.94189453125,89779200,0.0,0.0
2016-06-08 00:00:00+07:00,1399.4311860737048,1425.6939697265625,1399.4311860737048,1425.6939697265625,47643200,0.0,0.0
2016-06-09 00:00:00+07:00,1403.1829685920654,1414.4384469497559,1391.927490234375,1391.927490234375,49185600,0.0,0.0
2016-06-10 00:00:00+07:00,1399.4311424728353,1410.6866208305257,1388.1756641151449,1391.927490234375,38004800,0.0,0.0
2016-06-13 00:00:00+07:00,1380.6719667213397,1384.4237927178651,1354.409184745662,1358.1610107421875,47977600,0.0,0.0
2016-06-14 00:00:00+07:00,1354.409292237008,1358.1611185312934,1335.6501607655814,1346.9056396484375,69002400,0.0,0.0
2016-06-15 00:00:00+07:00,1343.1536966959636,1365.6646525065105,1339.401870727539,1350.6573486328125,53459200,0.0,0.0
2016-06-16 00:00:00+07:00,1354.4094105299625,1365.6648903958624,1335.6502774201292,1343.1539306640625,70762400,0.0,0.0
2016-06-17 00:00:00+07:00,1350.6575839079958,1350.6575839079958,1331.8984507981625,1343.1539306640625,72084000,0.0,0.0
2016-06-20 00:00:00+07:00,1365.664790213929,1380.6720956008955,1343.15383213348,1361.9129638671875,92255600,0.0,0.0
2016-06-21 00:00:00+07:00,1373.1683044433594,1376.920130411784,1350.6573486328125,1350.6573486328125,48328800,0.0,0.0
2016-06-22 00:00:00+07:00,1358.1610005696614,1365.6646525065105,1350.6573486328125,1350.6573486328125,64551200,0.0,0.0
2016-06-23 00:00:00+07:00,1350.657484826963,1365.664790213929,1350.657484826963,1361.9129638671875,39572800,0.0,0.0
2016-06-24 00:00:00+07:00,1373.168314728289,1373.168314728289,1328.1464027699844,1358.1610107421875,108756400,0.0,0.0
2016-06-27 00:00:00+07:00,1350.6573486328125,1354.409174601237,1339.401870727539,1350.6573486328125,30060400,0.0,0.0
2016-06-28 00:00:00+07:00,1350.6574358258927,1425.6939600384424,1339.4019571940103,1418.1903076171875,180226800,0.0,0.0
2016-06-29 00:00:00+07:00,1425.6937472025552,1440.7010498046875,1421.9419215520222,1440.7010498046875,119147200,0.0,0.0
2016-06-30 00:00:00+07:00,1448.2046846805283,1455.7083358964896,1425.6937310326443,1429.445556640625,94406800,0.0,0.0
2016-07-01 00:00:00+07:00,1425.6939502472571,1433.1976026169796,1399.4311669532287,1410.6866455078125,60738800,0.0,0.0
2016-07-11 00:00:00+07:00,1410.6864655484858,1463.2120254359295,1410.6864655484858,1455.7083740234375,214285200,0.0,0.0
2016-07-12 00:00:00+07:00,1466.9639487676598,1526.9931640625,1466.9639487676598,1526.9931640625,210138400,0.0,0.0
2016-07-13 00:00:00+07:00,1485.72314453125,1526.99323187934,1478.2194922861427,1485.72314453125,180907600,0.0,0.0
2016-07-14 00:00:00+07:00,1474.4674806594849,1478.2193063100178,1440.7010498046875,1440.7010498046875,156016400,0.0,0.0
2016-07-15 00:00:00+07:00,1444.4530130233566,1459.4603170547682,1440.7011870155038,1451.9566650390625,101136000,0.0,0.0
2016-07-18 00:00:00+07:00,1440.7011870155038,1455.7084910469152,1436.9493610076509,1451.9566650390625,70528800,0.0,0.0
2016-07-19 00:00:00+07:00,1448.2049210047958,1515.73779296875,1440.7012685643565,1515.73779296875,221550000,0.0,0.0
2016-07-20 00:00:00+07:00,1515.737853857539,1572.0152494215565,1515.737853857539,1564.5115966796875,189806800,0.0,0.0
2016-07-21 00:00:00+07:00,1564.5115388093172,1564.5115388093172,1504.4823190948111,1519.4896240234375,136153200,0.0,0.0
2016-07-22 00:00:00+07:00,1526.9931117905776,1526.9931117905776,1485.7230276881296,1489.474853515625,63128000,0.0,0.0
2016-07-25 00:00:00+07:00,1493.2266793431202,1504.482156825606,1474.4675502056439,1489.474853515625,69858000,0.0,0.0
2016-07-26 00:00:00+07:00,1481.9714308995283,1489.4750837142094,1470.7159516775064,1478.2196044921875,106499600,0.0,0.0
2016-07-27 00:00:00+07:00,1481.971356986773,1549.504228950727,1481.971356986773,1515.73779296875,267820000,0.0,0.0
2016-07-28 00:00:00+07:00,1519.4896191889698,1523.2414454091895,1500.7304880878714,1515.73779296875,103855200,0.0,0.0
2016-07-29 00:00:00+07:00,1515.73779296875,1542.0005765102878,1508.2341405283107,1515.73779296875,184920800,0.0,0.0
2016-08-01 00:00:00+07:00,1534.4968900996926,1598.2779344314647,1530.7450639625295,1583.2706298828125,259045600,0.0,0.0
2016-08-02 00:00:00+07:00,1598.2777099609375,1617.0368380121222,1583.2704075199897,1598.2777099609375,248454400,0.0,0.0
2016-08-03 00:00:00+07:00,1598.278034018098,1598.278034018098,1560.7597703087529,1564.5115966796875,66817200,0.0,0.0
2016-08-04 00:00:00+07:00,1583.2706298828125,1590.7742821571385,1564.5114991969972,1583.2706298828125,138364800,0.0,0.0
2016-08-05 00:00:00+07:00,1594.5260365804036,1710.8326416015625,1590.7742106119792,1710.8326416015625,271034000,0.0,0.0
2016-08-08 00:00:00+07:00,1725.8401161815987,1752.1029005582752,1718.3364635025482,1748.35107421875,167230400,0.0,0.0
2016-08-09 00:00:00+07:00,1748.3511021500926,1793.3730189436574,1748.3511021500926,1770.862060546875,135220000,0.0,0.0
2016-08-10 00:00:00+07:00,1748.3506858132102,1752.1025113192472,1722.0879072709517,1733.3433837890625,68758800,0.0,0.0
2016-08-11 00:00:00+07:00,1718.3361215612767,1725.8397727471338,1658.3069120744199,1677.0660400390625,96170000,0.0,0.0
2016-08-12 00:00:00+07:00,1688.3217426239771,1703.329047002857,1632.0443512031777,1662.0589599609375,221792400,0.0,0.0
2016-08-15 00:00:00+07:00,1654.5550864814913,1680.8178656319913,1635.7959585168485,1677.0660400390625,66988000,0.0,0.0
2016-08-16 00:00:00+07:00,1680.8180187637968,1703.3289743722405,1673.3143668943155,1699.5771484375,101694000,0.0,0.0
2016-08-18 00:00:00+07:00,1703.3292372555388,1718.3365433106537,1699.57741074176,1714.584716796875,122375200,0.0,0.0
2016-08-19 00:00:00+07:00,1714.5844777203022,1744.599085645384,1703.3289997483964,1718.3363037109375,118537600,0.0,0.0
2016-08-22 00:00:00+07:00,1714.584467569987,1722.088119506836,1695.8253377278645,1710.8326416015625,96936400,0.0,0.0
2016-08-23 00:00:00+07:00,1718.3361492325776,1733.3434518459626,1680.8178926991152,1695.8251953125,106780000,0.0,0.0
2016-08-24 00:00:00+07:00,1703.328857421875,1729.5916371618598,1699.5770317447343,1703.328857421875,75942800,0.0,0.0
2016-08-25 00:00:00+07:00,1703.3289896647136,1729.5917714436848,1703.3289896647136,1710.8326416015625,76602000,0.0,0.0
2016-08-26 00:00:00+07:00,1733.3435974121094,1733.3435974121094,1695.8253377278645,1710.8326416015625,37491600,0.0,0.0
2016-08-29 00:00:00+07:00,1680.8178656319913,1688.3215168178483,1658.3069120744199,1677.0660400390625,109065200,0.0,0.0
2016-08-30 00:00:00+07:00,1665.810704943875,1692.0734863281252,1658.3070531198034,1692.073486328125,80098800,0.0,0.0
2016-08-31 00:00:00+07:00,1665.8108154840618,1703.3290770940632,1665.8108154840618,1684.5699462890625,89442400,0.0,0.0
2016-09-01 00:00:00+07:00,1665.8107860556574,1684.5699165292572,1658.3071338662176,1662.0589599609375,50065600,0.0,0.0
2016-09-02 00:00:00+07:00,1632.04413292392,1680.8178656319913,1632.04413292392,1677.0660400390625,42616400,0.0,0.0
2016-09-05 00:00:00+07:00,1695.8251680037054,1699.5769935966339,1677.0660400390625,1677.0660400390625,43328000,0.0,0.0
2016-09-06 00:00:00+07:00,1665.810563260277,1680.8178656319913,1654.5550864814913,1677.0660400390625,53300400,0.0,0.0
2016-09-07 00:00:00+07:00,1669.5625308559106,1692.0734863281252,1669.5625308559106,1692.073486328125,63607200,0.0,0.0
2016-09-08 00:00:00+07:00,1677.0662890842982,1688.3217675345286,1669.5626367841448,1680.818115234375,27072800,0.0,0.0
2016-09-09 00:00:00+07:00,1665.8107403873848,1680.8180443548385,1624.5406544768864,1628.29248046875,99994000,0.0,0.0
2016-09-13 00:00:00+07:00,1602.02978515625,1624.5407423247218,1575.7670017930327,1602.02978515625,83080000,0.0,0.0
2016-09-14 00:00:00+07:00,1579.5188135111107,1620.788901275059,1579.5188135111107,1590.7742919921875,70232000,0.0,0.0
2016-09-15 00:00:00+07:00,1609.5332559572537,1680.8179456150342,1590.7741270999431,1647.051513671875,87249200,0.0,0.0
2016-09-16 00:00:00+07:00,1665.8107860556574,1688.3217426239771,1650.8034816767777,1662.0589599609375,116464800,0.0,0.0
2016-09-19 00:00:00+07:00,1677.0662939670624,1695.825424772063,1669.562641645062,1684.5699462890625,39174800,0.0,0.0
2016-09-20 00:00:00+07:00,1695.8253377278645,1710.8326416015625,1688.3216857910156,1710.8326416015625,45393600,0.0,0.0
2016-09-21 00:00:00+07:00,1684.570095724588,1725.8401871565934,1677.0664427369506,1707.0810546875,64057200,0.0,0.0
2016-09-22 00:00:00+07:00,1725.8401161815987,1748.35107421875,1714.584637163023,1748.35107421875,84429200,0.0,0.0
2016-09-23 00:00:00+07:00,1725.8399658203127,1755.8545739215353,1722.0881398076597,1725.8399658203125,80014800,0.0,0.0
2016-09-26 00:00:00+07:00,1740.8474215396996,1752.1029005582752,1714.584637163023,1748.35107421875,54502000,0.0,0.0
2016-09-27 00:00:00+07:00,1748.3510929188828,1763.3583984374998,1710.8328291223404,1763.3583984375,132846400,0.0,0.0
2016-09-28 00:00:00+07:00,1718.3361492325776,1725.83980053927,1680.8178926991152,1695.8251953125,248204400,0.0,0.0
2016-09-29 00:00:00+07:00,1699.57741074176,1718.3365433106537,1699.57741074176,1714.584716796875,153378800,0.0,0.0
2016-09-30 00:00:00+07:00,1703.3290721348353,1707.080898284912,1673.3144629342216,1680.818115234375,134034000,0.0,0.0
2016-10-03 00:00:00+07:00,1699.5771381521965,1703.3289640642324,1673.3143567679463,1692.073486328125,72856400,0.0,0.0
2016-10-04 00:00:00+07:00,1692.0735936846052,1695.825419834682,1677.0662890842982,1680.818115234375,84598000,0.0,0.0
2016-10-05 00:00:00+07:00,1669.5628440163352,1677.0664972478694,1647.051884321733,1650.8037109375,145494400,0.0,0.0
2016-10-06 00:00:00+07:00,1650.803211508276,1662.058687950378,1632.044084104773,1643.299560546875,103363600,0.0,0.0
2016-10-07 00:00:00+07:00,1624.5407857632417,1643.2999172385678,1624.5407857632417,1635.7962646484375,57687200,0.0,0.0
2016-10-10 00:00:00+07:00,1647.051743533633,1658.3072224188288,1635.7962646484375,1635.7962646484375,56290400,0.0,0.0
2016-10-11 00:00:00+07:00,1639.5479584443403,1650.803436419931,1620.788828485023,1628.29248046875,89322800,0.0,0.0
2016-10-12 00:00:00+07:00,1613.2854447798295,1654.555537553267,1613.2854447798295,1650.8037109375,58748000,0.0,0.0
2016-10-13 00:00:00+07:00,1654.555424616887,1669.5627300555889,1632.0444664588342,1658.3072509765625,74737200,0.0,0.0
2016-10-14 00:00:00+07:00,1658.3069492961868,1707.0806830990157,1654.555123619046,1703.328857421875,94256800,0.0,0.0
2016-10-17 00:00:00+07:00,1688.3219222184066,1718.3365341689562,1688.3219222184066,1707.0810546875,67042000,0.0,0.0
2016-10-18 00:00:00+07:00,1718.3362935384114,1725.8399454752605,1710.8326416015625,1710.8326416015625,56909600,0.0,0.0
2016-10-19 00:00:00+07:00,1707.0810546875,1718.3365341689562,1699.5774016998628,1707.0810546875,51456800,0.0,0.0
2016-10-20 00:00:00+07:00,1710.832497925885,1714.5843235792313,1695.8251953125002,1695.8251953125,53644400,0.0,0.0
2016-10-21 00:00:00+07:00,1710.8327294160636,1710.8327294160636,1684.5699462890625,1684.5699462890625,50378800,0.0,0.0
2016-10-24 00:00:00+07:00,1684.5699413844518,1707.080898284912,1680.818115234375,1680.818115234375,63450800,0.0,0.0
2016-10-25 00:00:00+07:00,1684.5696912249198,1695.8251680037054,1673.314214446134,1677.0660400390625,73782400,0.0,0.0
2016-10-26 00:00:00+07:00,1654.5553077714976,1680.8180904345372,1624.5406990137378,1662.0589599609375,141981200,0.0,0.0
2016-10-27 00:00:00+07:00,1662.0588890900938,1707.080800306981,1662.0588890900938,1699.5771484375,69336400,0.0,0.0
2016-10-28 00:00:00+07:00,1710.8328811813187,1714.5847076751375,1699.5774016998628,1707.0810546875,43510800,0.0,0.0
2016-10-31 00:00:00+07:00,1710.8327780330883,1748.3510407092526,1710.8327780330883,1722.0882568359375,132730800,0.0,0.0
2016-11-01 00:00:00+07:00,1722.0883698244324,1744.5993289071048,1714.584716796875,1714.584716796875,74071200,0.0,0.0
2016-11-02 00:00:00+07:00,1714.584487782354,1733.3436178456184,1714.584487782354,1725.8399658203125,72401600,0.0,0.0
2016-11-03 00:00:00+07:00,1718.3362413072798,1725.8398930160454,1673.3143310546875,1673.3143310546875,91768800,0.0,0.0
2016-11-04 00:00:00+07:00,1650.8034865920606,1692.0735737568623,1643.2998343802785,1665.810791015625,58732400,0.0,0.0
2016-11-07 00:00:00+07:00,1695.825575206044,1710.8328811813187,1669.5627897493132,1707.0810546875,69898800,0.0,0.0
2016-11-08 00:00:00+07:00,1718.3362080057034,1748.350814259078,1714.5843822240315,1737.0953369140625,82063200,0.0,0.0
2016-11-09 00:00:00+07:00,1748.3507655475632,1785.8690223189703,1688.3215547133123,1703.328857421875,114585600,0.0,0.0
2016-11-10 00:00:00+07:00,1740.847502393326,1744.5993289071048,1714.584716796875,1714.584716796875,54770400,0.0,0.0
2016-11-11 00:00:00+07:00,1669.5625663792482,1677.0662183629752,1628.29248046875,1628.29248046875,200151200,0.0,0.0
2016-11-14 00:00:00+07:00,1605.7814143367887,1613.285065805652,1508.233945241563,1549.5040283203125,193930000,0.0,0.0
2016-11-15 00:00:00+07:00,1560.759673059834,1602.0297605686278,1549.5041946483448,1583.2706298828125,84936400,0.0,0.0
2016-11-16 00:00:00+07:00,1590.7743351255772,1643.299902794818,1590.7743351255772,1624.540771484375,51892800,0.0,0.0
2016-11-17 00:00:00+07:00,1632.0444383533722,1635.7962646484375,1602.0298279928504,1635.7962646484375,52244800,0.0,0.0
2016-11-18 00:00:00+07:00,1643.2999220090817,1643.2999220090817,1613.2853115614273,1639.548095703125,42805200,0.0,0.0
2016-11-21 00:00:00+07:00,1605.78173828125,1620.7890442464952,1602.0299117899385,1605.78173828125,82676800,0.0,0.0
2016-11-22 00:00:00+07:00,1605.7816589495137,1639.548095703125,1605.7816589495137,1639.548095703125,71874000,0.0,0.0
2016-11-23 00:00:00+07:00,1617.0371331731112,1639.5480909435025,1605.7816542879157,1635.7962646484375,69157200,0.0,0.0
2016-11-24 00:00:00+07:00,1605.7816222540223,1609.533448474242,1504.482314308091,1515.73779296875,230784000,0.0,0.0
2016-11-25 00:00:00+07:00,1526.9932813221599,1542.000586298299,1504.482323857951,1523.241455078125,112994800,0.0,0.0
2016-11-28 00:00:00+07:00,1523.241455078125,1526.9932813221599,1504.482323857951,1523.241455078125,111426000,0.0,0.0
2016-11-29 00:00:00+07:00,1523.24124817929,1560.7595055236077,1523.24124817929,1549.5040283203125,83037200,0.0,0.0
2016-11-30 00:00:00+07:00,1560.759421502976,1594.5258512951077,1560.759421502976,1575.7667236328125,157626400,0.0,0.0
2016-12-01 00:00:00+07:00,1575.7667236328125,1605.781327892485,1575.7667236328125,1575.7667236328125,112836400,0.0,0.0
2016-12-02 00:00:00+07:00,1598.2780852986273,1617.037217755184,1575.7671263507593,1605.78173828125,74612800,0.0,0.0
2016-12-05 00:00:00+07:00,1590.7740587404637,1609.5331867916484,1590.7740587404637,1598.2777099609375,43111200,0.0,0.0
2016-12-06 00:00:00+07:00,1620.788663622359,1624.5404892325962,1587.0222331302266,1598.2777099609375,95774000,0.0,0.0
2016-12-07 00:00:00+07:00,1598.2780852986273,1605.78173828125,1594.526258807316,1605.78173828125,42293200,0.0,0.0
2016-12-08 00:00:00+07:00,1617.0367821819705,1643.2995605468748,1609.5331312205692,1643.299560546875,62835600,0.0,0.0
2016-12-09 00:00:00+07:00,1620.78873327164,1650.803339443337,1620.78873327164,1647.051513671875,64734800,0.0,0.0
2016-12-13 00:00:00+07:00,1639.5480765327293,1639.5480765327293,1613.285292698109,1624.540771484375,52023200,0.0,0.0
2016-12-14 00:00:00+07:00,1632.0440673828125,1647.05136915185,1620.7885910560344,1632.0440673828125,40252400,0.0,0.0
2016-12-15 00:00:00+07:00,1605.781635425709,1628.2925929316768,1590.7743304217304,1620.7889404296875,55218400,0.0,0.0
2016-12-16 00:00:00+07:00,1620.7890534156977,1628.2927064407704,1613.285400390625,1613.285400390625,70044800,0.0,0.0
2016-12-19 00:00:00+07:00,1613.285292698109,1635.7962502706407,1613.285292698109,1624.540771484375,23188800,0.0,0.0
2016-12-20 00:00:00+07:00,1613.2852879276982,1632.0444191826714,1613.2852879276982,1620.7889404296875,33521600,0.0,0.0
2016-12-21 00:00:00+07:00,1613.285400390625,1624.540879928234,1613.285400390625,1613.285400390625,46268800,0.0,0.0
2016-12-22 00:00:00+07:00,1613.285400390625,1624.540879928234,1605.7817473655525,1613.285400390625,97122800,0.0,0.0
2016-12-23 00:00:00+07:00,1613.2850395609776,1643.2996449481584,1609.53321388758,1617.036865234375,54570000,0.0,0.0
2016-12-27 00:00:00+07:00,1617.037114178693,1628.2925929316768,1613.2852879276982,1620.7889404296875,38650800,0.0,0.0
2016-12-28 00:00:00+07:00,1643.2997242196257,1673.3143310546875,1632.0442466564778,1673.3143310546875,47457600,0.0,0.0
2016-12-29 00:00:00+07:00,1680.817950188985,1737.0953369140625,1665.8106470622977,1737.0953369140625,77951200,0.0,0.0
2016-12-30 00:00:00+07:00,1737.0953369140625,1759.6062916040937,1703.328904879016,1737.0953369140625,136139600,0.0,0.0
2017-01-02 00:00:00+07:00,1737.0953369140625,1737.0953369140625,1737.0953369140625,1737.0953369140625,0,0.0,0.0
2017-01-03 00:00:00+07:00,1737.0952774993088,1737.0952774993088,1680.8178926991152,1695.8251953125,50412000,0.0,0.0
2017-01-04 00:00:00+07:00,1695.8252060675936,1703.328857421875,1669.5624263276088,1703.328857421875,41110400,0.0,0.0
2017-01-05 00:00:00+07:00,1680.8180034722222,1699.5771329752604,1673.314351671007,1688.3216552734375,66554400,0.0,0.0
2017-01-06 00:00:00+07:00,1703.3292281936815,1714.5847076751375,1692.0737487122253,1707.0810546875,54337600,0.0,0.0
2017-01-09 00:00:00+07:00,1714.5844418003396,1714.5844418003396,1684.5698345040537,1692.073486328125,36349200,0.0,0.0
2017-01-10 00:00:00+07:00,1707.080815633138,1710.8326416015625,1688.3216857910156,1710.8326416015625,24804800,0.0,0.0
2017-01-11 00:00:00+07:00,1714.5847076751375,1740.8474931318683,1707.0810546875,1707.0810546875,68727200,0.0,0.0
2017-01-12 00:00:00+07:00,1710.832497925885,1722.0879748859238,1695.8251953125002,1695.8251953125,29136000,0.0,0.0
2017-01-13 00:00:00+07:00,1722.0881826039906,1722.0881826039906,1665.810791015625,1665.810791015625,56228800,0.0,0.0
2017-01-16 00:00:00+07:00,1688.3218376805635,1688.3218376805635,1635.796269397168,1639.548095703125,77629200,0.0,0.0
2017-01-17 00:00:00+07:00,1635.796269397168,1654.5554009269522,1635.796269397168,1639.548095703125,62045200,0.0,0.0
2017-01-18 00:00:00+07:00,1650.8035982572117,1669.5627300555889,1643.2999455378606,1658.3072509765625,94687200,0.0,0.0
2017-01-19 00:00:00+07:00,1665.8109036959136,1677.06638277494,1650.8035982572117,1658.3072509765625,72744000,0.0,0.0
2017-01-20 00:00:00+07:00,1658.3073641690341,1662.059190784801,1643.3000577059659,1650.8037109375,40007200,0.0,0.0
2017-01-23 00:00:00+07:00,1635.7960363574887,1658.3069909862613,1635.7960363574887,1647.051513671875,16690800,0.0,0.0
2017-01-24 00:00:00+07:00,1650.8037109375,1658.3073641690341,1643.3000577059659,1650.8037109375,83274400,0.0,0.0
2017-01-25 00:00:00+07:00,1658.3073641690341,1658.3073641690341,1647.051884321733,1650.8037109375,76550000,0.0,0.0
2017-01-26 00:00:00+07:00,1643.2999172385678,1654.5553961237636,1635.7962646484375,1635.7962646484375,49446000,0.0,0.0
2017-01-27 00:00:00+07:00,1647.051513671875,1654.5551652147992,1643.299687900413,1647.051513671875,24174800,0.0,0.0
2017-01-30 00:00:00+07:00,1658.3071239237884,1662.058949996014,1647.051645707111,1654.5552978515625,35440400,0.0,0.0
2017-01-31 00:00:00+07:00,1635.7962646484375,1654.5553961237636,1635.7962646484375,1635.7962646484375,38055600,0.0,0.0
2017-02-01 00:00:00+07:00,1647.051513671875,1654.5551652147992,1639.5478621289508,1647.051513671875,117245600,0.0,0.0
2017-02-02 00:00:00+07:00,1647.051884321733,1658.3073641690341,1643.3000577059659,1650.8037109375,79610000,0.0,0.0
2017-02-03 00:00:00+07:00,1662.0589599609375,1665.8107860556574,1650.8034816767777,1662.0589599609375,111316000,0.0,0.0
2017-02-06 00:00:00+07:00,1673.314616243132,1710.8328811813187,1673.314616243132,1707.0810546875,198014400,0.0,0.0
2017-02-07 00:00:00+07:00,1707.080815633138,1718.3362935384114,1699.577163696289,1710.8326416015625,117718800,0.0,0.0
2017-02-08 00:00:00+07:00,1703.3290770940632,1703.3290770940632,1677.0662939670624,1684.5699462890625,109655200,0.0,0.0
2017-02-09 00:00:00+07:00,1710.8327780330883,1737.0955619064034,1710.8327780330883,1722.0882568359375,97844000,0.0,0.0
2017-02-10 00:00:00+07:00,1740.8472493489583,1740.8472493489583,1703.3289896647136,1710.8326416015625,96540400,0.0,0.0
2017-02-13 00:00:00+07:00,1737.0954336641137,1740.8472596547488,1714.5844777203022,1718.3363037109375,81397200,0.0,0.0
2017-02-14 00:00:00+07:00,1718.3365433106537,1722.0883698244324,1703.3292372555388,1714.584716796875,79745200,0.0,0.0
2017-02-15 00:00:00+07:00,1714.584716796875,1714.584716796875,1714.584716796875,1714.584716796875,0,0.0,0.0
2017-02-16 00:00:00+07:00,1695.825419834682,1703.3290721348353,1635.7962014334544,1680.818115234375,207778000,0.0,0.0
2017-02-17 00:00:00+07:00,1680.8180904345372,1680.8180904345372,1650.8034816767777,1662.0589599609375,103224000,0.0,0.0
2017-02-20 00:00:00+07:00,1680.8180085920178,1692.0734863281252,1665.810704943875,1692.073486328125,72190000,0.0,0.0
2017-02-21 00:00:00+07:00,1695.8252861809838,1695.8252861809838,1665.810679345922,1673.3143310546875,50008400,0.0,0.0
2017-02-22 00:00:00+07:00,1688.3215440058077,1695.8251953125002,1665.8105900857302,1695.8251953125,106237200,0.0,0.0
2017-02-23 00:00:00+07:00,1673.3143310546875,1692.073460326601,1673.3143310546875,1673.3143310546875,43852800,0.0,0.0
2017-02-24 00:00:00+07:00,1692.0735737568623,1692.0735737568623,1665.810791015625,1665.810791015625,59158000,0.0,0.0
2017-02-27 00:00:00+07:00,1677.0660400390625,1684.5696912249198,1677.0660400390625,1677.0660400390625,30397600,0.0,0.0
2017-02-28 00:00:00+07:00,1695.8251953125002,1710.832497925885,1680.8178926991152,1695.8251953125,43444400,0.0,0.0
2017-03-01 00:00:00+07:00,1710.8325087761564,1710.8325087761564,1684.5697290361716,1703.328857421875,91156400,0.0,0.0
2017-03-02 00:00:00+07:00,1707.080800306981,1718.336278111203,1699.5771484374998,1699.5771484375,57482800,0.0,0.0
2017-03-03 00:00:00+07:00,1688.3215547133123,1707.0806830990157,1680.8179033590309,1703.328857421875,29331600,0.0,0.0
2017-03-06 00:00:00+07:00,1703.3288466191925,1707.0806722725388,1684.5697183524615,1695.8251953125,42578400,0.0,0.0
2017-03-07 00:00:00+07:00,1680.8180187637968,1703.3289743722405,1680.8180187637968,1699.5771484375,86823200,0.0,0.0
2017-03-08 00:00:00+07:00,1707.080800306981,1710.8326262417218,1699.5771484374998,1699.5771484375,33371200,0.0,0.0
2017-03-09 00:00:00+07:00,1707.0810546875,1707.0810546875,1688.3219222184066,1707.0810546875,14298400,0.0,0.0
2017-03-10 00:00:00+07:00,1710.8326416015625,1710.8326416015625,1699.577163696289,1710.8326416015625,22744800,0.0,0.0
2017-03-13 00:00:00+07:00,1680.8180338541667,1710.8326416015625,1680.8180338541667,1710.8326416015625,45914400,0.0,0.0
2017-03-14 00:00:00+07:00,1695.8255842279814,1718.3365433106537,1695.8255842279814,1714.584716796875,32416800,0.0,0.0
2017-03-15 00:00:00+07:00,1725.839955692208,1737.0954336641137,1707.0808257390318,1718.3363037109375,38783600,0.0,0.0
2017-03-16 00:00:00+07:00,1737.0953369140625,1748.350814259078,1729.591685350719,1737.0953369140625,124136800,0.0,0.0
2017-03-17 00:00:00+07:00,1748.3508248277892,1755.8544764364922,1733.3435216103833,1744.5989990234375,115811200,0.0,0.0
2017-03-20 00:00:00+07:00,1759.606333609093,1785.8691147077363,1744.5990301241543,1767.1099853515625,84118000,0.0,0.0
2017-03-21 00:00:00+07:00,1778.3657133458023,1785.8693661447298,1763.3584077479475,1770.862060546875,98651200,0.0,0.0
2017-03-22 00:00:00+07:00,1773.3596720118433,1815.5825213454586,1761.8443494663118,1807.9056396484375,137866400,66.567375,0.0
2017-03-23 00:00:00+07:00,1819.4210184562107,1846.2901052266611,1819.4210184562107,1827.097900390625,164951600,0.0,0.0
2017-03-24 00:00:00+07:00,1838.6132232922466,1838.6132232922466,1804.067254587382,1827.097900390625,101622400,0.0,0.0
2017-03-27 00:00:00+07:00,1796.390380859375,1819.4210267678286,1796.390380859375,1796.390380859375,43376800,0.0,0.0
2017-03-29 00:00:00+07:00,1827.0978438909901,1827.0978438909901,1792.5518762543957,1807.9056396484375,55658000,0.0,0.0
2017-03-30 00:00:00+07:00,1807.9056396484377,1819.420962193969,1784.8749945573747,1807.9056396484375,32161600,0.0,0.0
2017-03-31 00:00:00+07:00,1804.0672628288596,1807.9057038136018,1796.390380859375,1796.390380859375,63985600,0.0,0.0
2017-04-03 00:00:00+07:00,1811.7445104720744,1819.421393991024,1781.0369763962765,1804.067626953125,58964400,0.0,0.0
2017-04-04 00:00:00+07:00,1788.713859915226,1834.7751610289229,1788.713859915226,1804.067626953125,77408800,0.0,0.0
2017-04-05 00:00:00+07:00,1804.067626953125,1804.067626953125,1804.067626953125,1804.067626953125,0,0.0,0.0
2017-04-06 00:00:00+07:00,1827.0981720400528,1907.7054443359373,1815.5828474263549,1907.7054443359375,87415600,0.0,0.0
2017-04-07 00:00:00+07:00,1888.513066526319,1907.7052724869523,1873.1593017578123,1873.1593017578125,79835600,0.0,0.0
2017-04-10 00:00:00+07:00,1876.9976267201278,1884.6745086290034,1834.774776221311,1850.1285400390625,36636800,0.0,0.0
2017-04-11 00:00:00+07:00,1842.4520445478722,1842.4520445478722,1796.3907434341754,1804.067626953125,43113200,0.0,0.0
2017-04-12 00:00:00+07:00,1792.5519398746328,1811.744144798344,1792.5519398746328,1796.390380859375,32561600,0.0,0.0
2017-04-13 00:00:00+07:00,1811.7442705539163,1819.4211530562634,1765.6829755398337,1788.713623046875,56194400,0.0,0.0
2017-04-17 00:00:00+07:00,1796.3904454385079,1796.3904454385079,1769.521357579385,1784.8751220703125,19153200,0.0,0.0
2017-04-18 00:00:00+07:00,1796.3907434341754,1819.421393991024,1784.8754181557513,1804.067626953125,89368000,0.0,0.0
2017-04-19 00:00:00+07:00,1804.067626953125,1804.067626953125,1804.067626953125,1804.067626953125,0,0.0,0.0
2017-04-20 00:00:00+07:00,1796.3904502355613,1804.0673325015252,1758.0060389057417,1769.5213623046875,81478400,0.0,0.0
2017-04-21 00:00:00+07:00,1777.1981886478893,1792.5519526966832,1750.3291015625002,1750.3291015625,38329600,0.0,0.0
2017-04-25 00:00:00+07:00,1777.1981822092296,1796.39038720069,1761.8444182160613,1773.3597412109375,149208000,0.0,0.0
2017-04-26 00:00:00+07:00,1796.3905568677328,1884.674708166788,1796.3905568677328,1815.582763671875,319850400,0.0,0.0
2017-04-27 00:00:00+07:00,1796.390440723281,1819.4210873992206,1796.390440723281,1800.2288818359375,106382000,0.0,0.0
2017-04-28 00:00:00+07:00,1792.5519398746328,1804.0672628288596,1788.7134988898906,1796.390380859375,83747600,0.0,0.0
2017-05-02 00:00:00+07:00,1796.3904430707976,1800.2288841884704,1792.552001953125,1792.552001953125,83054400,0.0,0.0
2017-05-03 00:00:00+07:00,1788.7134427097394,1788.7134427097394,1765.6827975246356,1777.1981201171875,99818800,0.0,0.0
2017-05-04 00:00:00+07:00,1784.8750579051482,1815.5825857830862,1784.8750579051482,1796.390380859375,134070000,0.0,0.0
2017-05-05 00:00:00+07:00,1804.0673114561587,1861.6439277792276,1804.0673114561587,1838.61328125,146848400,0.0,0.0
2017-05-08 00:00:00+07:00,1857.8054219479384,1884.6745086290034,1850.1285400390625,1850.1285400390625,150575200,0.0,0.0
2017-05-09 00:00:00+07:00,1850.1285420735678,1865.4823059082032,1842.45166015625,1842.45166015625,60982800,0.0,0.0
2017-05-10 00:00:00+07:00,1857.805484383121,1857.805484383121,1830.9363967990676,1846.2901611328125,78420400,0.0,0.0
2017-05-12 00:00:00+07:00,1869.320746866862,1869.320746866862,1834.7747782389324,1842.45166015625,97264400,0.0,0.0
2017-05-15 00:00:00+07:00,1857.8054798244202,1861.6439208984377,1834.7748333803158,1861.6439208984375,45706000,0.0,0.0
2017-05-16 00:00:00+07:00,1861.6439277792276,1865.4823688674321,1834.7748401617955,1838.61328125,75918000,0.0,0.0
2017-05-17 00:00:00+07:00,1838.6132191975912,1850.1285420735678,1811.7441324869792,1842.45166015625,84887200,0.0,0.0
2017-05-18 00:00:00+07:00,1842.4518952546296,1865.4825439453123,1819.4212465639466,1865.4825439453125,35564400,0.0,0.0
2017-05-19 00:00:00+07:00,1865.4825013626455,2038.2123625999275,1838.6134118368461,1980.6357421875,113093200,0.0,0.0
2017-05-22 00:00:00+07:00,2026.6968679827844,2042.050632134169,1903.8667547717066,1923.0589599609375,102829200,0.0,0.0
2017-05-23 00:00:00+07:00,1923.0587850765305,1930.7356664540816,1857.8052933673468,1880.8359375,73616400,0.0,0.0
2017-05-24 00:00:00+07:00,1850.1286448817098,1903.8668212890623,1842.4517625378023,1903.8668212890625,50502800,0.0,0.0
2017-05-26 00:00:00+07:00,1915.3822827751253,1919.2207242235725,1857.805661048418,1865.4825439453125,57578000,0.0,0.0
2017-05-29 00:00:00+07:00,1888.512937476278,1903.8667011955972,1865.4822918972989,1896.1898193359375,46570000,0.0,0.0
2017-05-30 00:00:00+07:00,1880.8363535706424,1915.3823274117358,1880.8363535706424,1907.7054443359375,40218400,0.0,0.0
2017-05-31 00:00:00+07:00,1919.220697312128,1934.5744628906252,1896.1900489443826,1934.574462890625,85243600,0.0,0.0
2017-06-01 00:00:00+07:00,1934.5744628906252,1934.5744628906252,1934.5744628906252,1934.574462890625,0,0.0,0.0
2017-06-02 00:00:00+07:00,1972.9588768368678,1972.9588768368678,1919.220697312128,1934.574462890625,59829200,0.0,0.0
2017-06-05 00:00:00+07:00,1934.574397882766,1961.443486742249,1930.7359566171258,1946.0897216796875,47045600,0.0,0.0
2017-06-06 00:00:00+07:00,1930.7359045410158,1953.766551513672,1900.0283752441408,1919.2205810546875,28721200,0.0,0.0
2017-06-07 00:00:00+07:00,1896.1899389451548,1919.2205859768774,1896.1899389451548,1903.8668212890625,49372000,0.0,0.0
2017-06-08 00:00:00+07:00,1896.189881485326,1903.8667635966024,1873.159235151496,1892.3514404296875,71202800,0.0,0.0
2017-06-09 00:00:00+07:00,1888.5132494967409,1911.5438988808473,1873.1594832406697,1876.9979248046875,32254000,0.0,0.0
2017-06-12 00:00:00+07:00,1884.674807932723,1892.3516910607586,1876.9979248046875,1876.9979248046875,25720400,0.0,0.0
2017-06-13 00:00:00+07:00,1865.482174744898,1907.7050223214285,1865.482174744898,1880.8359375,33952400,0.0,0.0
2017-06-14 00:00:00+07:00,1892.351492919922,1926.8974633789064,1888.5130517578127,1919.2205810546875,47202400,0.0,0.0
2017-06-15 00:00:00+07:00,1919.2205810546877,1957.6049926757814,1911.5436987304688,1919.2205810546875,93786800,0.0,0.0
2017-06-16 00:00:00+07:00,1911.543639035884,1919.2205211203657,1892.3514338246805,1915.382080078125,87512000,0.0,0.0
2017-06-19 00:00:00+07:00,1915.3820800781248,1923.0589621626063,1903.8667569514027,1915.382080078125,30677600,0.0,0.0
2017-06-20 00:00:00+07:00,1911.5436368473988,1923.0589599609375,1884.6745495824757,1923.0589599609375,69688000,0.0,0.0
2017-06-21 00:00:00+07:00,1911.5436891570805,1949.9281005859377,1907.705248014195,1949.9281005859375,194634400,0.0,0.0
2017-06-22 00:00:00+07:00,1949.9280981924019,1957.60498046875,1926.8974513633577,1957.60498046875,140644400,0.0,0.0
2017-06-23 00:00:00+07:00,1957.60498046875,1957.60498046875,1957.60498046875,1957.60498046875,0,0.0,0.0
2017-06-26 00:00:00+07:00,1957.60498046875,1957.60498046875,1957.60498046875,1957.60498046875,0,0.0,0.0
2017-06-27 00:00:00+07:00,1957.60498046875,1957.60498046875,1957.60498046875,1957.60498046875,0,0.0,0.0
2017-06-28 00:00:00+07:00,1957.60498046875,1957.60498046875,1957.60498046875,1957.60498046875,0,0.0,0.0
2017-06-29 00:00:00+07:00,1957.60498046875,1957.60498046875,1957.60498046875,1957.60498046875,0,0.0,0.0
2017-06-30 00:00:00+07:00,1957.60498046875,1957.60498046875,1957.60498046875,1957.60498046875,0,0.0,0.0
2017-07-03 00:00:00+07:00,1961.4435031467012,2072.75830078125,1946.089737955729,2072.75830078125,116340400,0.0,0.0
2017-07-04 00:00:00+07:00,2045.8892116970485,2072.75830078125,2026.6970052083332,2072.75830078125,65585600,0.0,0.0
2017-07-05 00:00:00+07:00,2068.919560473587,2068.919560473587,2030.5351530436503,2045.888916015625,156807200,0.0,0.0
2017-07-06 00:00:00+07:00,2045.888916015625,2065.0811197305934,2042.0504752726313,2045.888916015625,68512000,0.0,0.0
2017-07-07 00:00:00+07:00,2011.343132738797,2053.56598476194,2011.343132738797,2034.373779296875,94396000,0.0,0.0
2017-07-10 00:00:00+07:00,1995.9894963621184,2042.0507924320134,1995.9894963621184,2011.34326171875,44828000,0.0,0.0
2017-07-11 00:00:00+07:00,1995.9893199060693,2003.666201905708,1976.7971149069724,1992.15087890625,49422400,0.0,0.0
2017-07-12 00:00:00+07:00,1972.9589008410621,2034.3739639022626,1972.9589008410621,2030.5355224609375,33112400,0.0,0.0
2017-07-13 00:00:00+07:00,2042.0510181028453,2057.40478515625,2003.6666004693332,2057.40478515625,102872000,0.0,0.0
2017-07-14 00:00:00+07:00,2065.0812943236856,2080.43505859375,2026.6968836485241,2080.43505859375,23547200,0.0,0.0
2017-07-17 00:00:00+07:00,2080.435240237972,2084.273681640625,2065.0814746273595,2084.273681640625,28083200,0.0,0.0
2017-07-18 00:00:00+07:00,2072.758238505083,2076.5966796875,2061.2429149578325,2076.5966796875,17110400,0.0,0.0
2017-07-19 00:00:00+07:00,2084.273323445562,2084.273323445562,2034.373593786644,2045.888916015625,47982400,0.0,0.0
2017-07-20 00:00:00+07:00,2045.8892116970485,2072.75830078125,2042.0507703993055,2072.75830078125,31556800,0.0,0.0
2017-07-21 00:00:00+07:00,2045.8893612682589,2072.7584523168102,2003.6665039062498,2003.66650390625,62956800,0.0,0.0
2017-07-24 00:00:00+07:00,1999.8278682155574,2038.2122802734375,1995.9894270097693,2038.2122802734375,68629600,0.0,0.0
2017-07-25 00:00:00+07:00,2011.343128218633,2049.7275390625,2011.343128218633,2049.7275390625,56757200,0.0,0.0
2017-07-26 00:00:00+07:00,2026.6968925561796,2065.0813034000466,2026.6968925561796,2049.7275390625,114075600,0.0,0.0
2017-07-27 00:00:00+07:00,2049.727477000584,2065.0812408732477,2042.0505950642523,2053.56591796875,74731600,0.0,0.0
2017-07-28 00:00:00+07:00,2065.0812408732477,2065.0812408732477,2030.5352721597546,2053.56591796875,87392800,0.0,0.0
2017-07-31 00:00:00+07:00,2057.404407766712,2095.788818359375,2042.0506435296475,2095.788818359375,85417600,0.0,0.0
2017-08-01 00:00:00+07:00,2099.6276445531134,2099.6276445531134,2057.40478515625,2057.40478515625,29979200,0.0,0.0
2017-08-02 00:00:00+07:00,2038.2122802734375,2072.7582511255296,2034.3738390676494,2038.2122802734375,65299600,0.0,0.0
2017-08-03 00:00:00+07:00,2026.6970870535715,2042.0508528645832,2011.3433212425596,2015.1817626953125,75375200,0.0,0.0
2017-08-04 00:00:00+07:00,2003.6663195170588,2045.889172993472,2003.6663195170588,2007.5047607421875,62769600,0.0,0.0
2017-08-07 00:00:00+07:00,2003.6663144308882,2030.5354029385821,2003.6663144308882,2022.8585205078125,71766800,0.0,0.0
2017-08-08 00:00:00+07:00,2022.8585080052665,2061.242919921875,2019.0200668136056,2061.242919921875,58065600,0.0,0.0
2017-08-09 00:00:00+07:00,2065.0816686829526,2072.758552209655,2034.3741345761428,2057.40478515625,49458800,0.0,0.0
2017-08-10 00:00:00+07:00,2072.758001216581,2072.758001216581,2038.2120345296375,2045.888916015625,41486400,0.0,0.0
2017-08-11 00:00:00+07:00,2034.3739041415129,2042.0507867986507,2019.0201388272374,2026.697021484375,111049200,0.0,0.0
2017-08-14 00:00:00+07:00,2026.696897110849,2042.050661482901,2026.696897110849,2034.373779296875,77951600,0.0,0.0
2017-08-15 00:00:00+07:00,2045.889222568139,2045.889222568139,2038.212339931861,2042.05078125,47208800,0.0,0.0
2017-08-16 00:00:00+07:00,2045.888916015625,2045.888916015625,2034.373593786644,2045.888916015625,40337200,0.0,0.0
2017-08-17 00:00:00+07:00,2045.888916015625,2045.888916015625,2045.888916015625,2045.888916015625,0,0.0,0.0
2017-08-18 00:00:00+07:00,2026.6970270753816,2026.6970270753816,2007.504820379592,2011.34326171875,143414400,0.0,0.0
2017-08-21 00:00:00+07:00,2003.6663735129619,2034.3739041415129,2003.6663735129619,2026.697021484375,56732800,0.0,0.0
2017-08-22 00:00:00+07:00,2042.050661482901,2042.050661482901,2034.373779296875,2034.373779296875,37080400,0.0,0.0
2017-08-23 00:00:00+07:00,2049.7276038908017,2053.5660450965897,2026.6969566560736,2038.2122802734375,46171200,0.0,0.0
2017-08-24 00:00:00+07:00,2042.0507867986507,2042.0507867986507,2026.6970214843752,2026.697021484375,84711600,0.0,0.0
2017-08-25 00:00:00+07:00,2049.7276090155065,2049.7276090155065,2022.8585205078125,2022.8585205078125,45026400,0.0,0.0
2017-08-28 00:00:00+07:00,2034.3739639022626,2038.2124053435878,2026.6970810196126,2030.5355224609375,15407600,0.0,0.0
2017-08-29 00:00:00+07:00,2022.8585857362239,2030.5354684145395,2011.34326171875,2011.34326171875,83386400,0.0,0.0
2017-08-30 00:00:00+07:00,2011.34326171875,2022.8585857362239,2007.504820379592,2011.34326171875,48228400,0.0,0.0
2017-08-31 00:00:00+07:00,2007.504820379592,2022.8585857362239,2007.504820379592,2011.34326171875,69100800,0.0,0.0
2017-09-01 00:00:00+07:00,2011.34326171875,2011.34326171875,2011.34326171875,2011.34326171875,0,0.0,0.0
2017-09-04 00:00:00+07:00,2003.6665039062498,2015.1818286413431,1992.1511791711564,2003.66650390625,69268400,0.0,0.0
2017-09-05 00:00:00+07:00,1995.9894370668019,2007.5047607421873,1976.7972309411596,2007.5047607421875,53423200,0.0,0.0
2017-09-06 00:00:00+07:00,1980.6354961616191,1999.82770058179,1965.2817326254826,1988.3123779296875,126368400,0.0,0.0
2017-09-07 00:00:00+07:00,2003.6660774802062,2003.6660774802062,1980.6354329114683,1999.82763671875,45544400,0.0,0.0
2017-09-08 00:00:00+07:00,2007.5047506271335,2045.8891626850136,1995.9894270097693,2038.2122802734375,92788000,0.0,0.0
2017-09-11 00:00:00+07:00,2038.2123454700818,2042.0507867986507,2026.6970214843752,2026.697021484375,51046400,0.0,0.0
2017-09-12 00:00:00+07:00,2042.0507867986507,2045.8892281272197,2022.8585801558063,2026.697021484375,51482000,0.0,0.0
2017-09-13 00:00:00+07:00,2057.404430548954,2057.404430548954,2011.3431373277092,2019.02001953125,22269800,0.0,2.0
2017-09-14 00:00:00+07:00,2034.3739097536975,2042.0507924320134,2011.34326171875,2011.34326171875,32387000,0.0,0.0
2017-09-15 00:00:00+07:00,2011.343132738797,2049.727543668927,2003.6662505527713,2034.373779296875,96577000,0.0,0.0
2017-09-18 00:00:00+07:00,2011.3431373277092,2034.3737839383318,1995.9893729206274,2019.02001953125,31203000,0.0,0.0
2017-09-19 00:00:00+07:00,2026.6970214843752,2034.3739041415129,2003.6663735129619,2026.697021484375,65627600,0.0,0.0
2017-09-20 00:00:00+07:00,2019.0201388272374,2034.3739041415129,2011.3432561700995,2026.697021484375,152308200,0.0,0.0
2017-09-21 00:00:00+07:00,2026.6970214843752,2026.6970214843752,2026.6970214843752,2026.697021484375,0,0.0,0.0
2017-09-22 00:00:00+07:00,2026.6970214843752,2042.0507867986507,2011.3432561700995,2026.697021484375,88331600,0.0,0.0
2017-09-25 00:00:00+07:00,2026.6969017347908,2042.0506661418726,2011.3431373277092,2019.02001953125,55045800,0.0,0.0
2017-09-26 00:00:00+07:00,2026.6970270753816,2026.6970270753816,2011.34326171875,2011.34326171875,94085400,0.0,0.0
2017-09-27 00:00:00+07:00,2019.0201388272374,2026.6970214843752,2003.6663735129619,2026.697021484375,121814200,0.0,0.0
2017-09-28 00:00:00+07:00,2026.6969017347908,2034.3737839383318,2019.02001953125,2019.02001953125,56049600,0.0,0.0
2017-09-29 00:00:00+07:00,2019.0200059174604,2080.4350631316797,2019.0200059174604,2065.081298828125,175719200,0.0,0.0
2017-10-02 00:00:00+07:00,2065.0816686829526,2072.758552209655,2034.3741345761428,2057.40478515625,41590800,0.0,0.0
2017-10-03 00:00:00+07:00,2057.40478515625,2072.758552209655,2042.0510181028453,2057.40478515625,59653400,0.0,0.0
2017-10-04 00:00:00+07:00,2065.0814291588345,2065.0814291588345,2042.05078125,2042.05078125,43641800,0.0,0.0
2017-10-05 00:00:00+07:00,2049.7276694557886,2057.4045521129265,2019.0201388272374,2026.697021484375,77918000,0.0,0.0
2017-10-06 00:00:00+07:00,2026.6970214843752,2034.3739041415129,2019.0201388272374,2026.697021484375,22471200,0.0,0.0
2017-10-09 00:00:00+07:00,2042.0507867986507,2042.0507867986507,2019.0201388272374,2026.697021484375,21028600,0.0,0.0
2017-10-10 00:00:00+07:00,2042.0510181028453,2065.0816686829526,2026.6972510494404,2057.40478515625,53161200,0.0,0.0
2017-10-11 00:00:00+07:00,2065.081298828125,2080.4350631316797,2049.72753452457,2065.081298828125,117588400,0.0,0.0
2017-10-12 00:00:00+07:00,2072.7581720037774,2111.1425825964398,2049.72752564818,2095.788818359375,167578400,0.0,0.0
2017-10-13 00:00:00+07:00,2103.465704998847,2149.5269978090405,2080.43505859375,2080.43505859375,98661000,0.0,0.0
2017-10-16 00:00:00+07:00,2111.142331340253,2187.9111433889893,2111.142331340253,2126.49609375,177292000,0.0,0.0
2017-10-17 00:00:00+07:00,2172.5573756533586,2172.5573756533586,2134.172969723087,2157.20361328125,112955000,0.0,0.0
2017-10-18 00:00:00+07:00,2180.234499227032,2180.234499227032,2157.2038531084363,2172.5576171875,152454400,0.0,0.0
2017-10-19 00:00:00+07:00,2172.557873578909,2172.557873578909,2126.4965759058578,2141.850341796875,78878400,0.0,0.0
2017-10-20 00:00:00+07:00,2141.850206831811,2187.911501602388,2134.1733243700482,2180.234619140625,55557200,0.0,0.0
2017-10-23 00:00:00+07:00,2172.5575038992242,2180.2343855384443,2118.819332424685,2134.173095703125,65908600,0.0,0.0
2017-10-24 00:00:00+07:00,2118.8194647149726,2149.5269931891025,2095.788818359375,2095.788818359375,44982200,0.0,0.0
2017-10-25 00:00:00+07:00,2134.173092215402,2164.8806187220985,2134.173092215402,2149.52685546875,166683400,0.0,0.0
2017-10-26 00:00:00+07:00,2164.8804944673043,2180.234256839413,2141.8498509091414,2157.20361328125,91155200,0.0,0.0
2017-10-27 00:00:00+07:00,2149.5268589815646,2187.911267177664,2134.173095703125,2134.173095703125,63364400,0.0,0.0
2017-10-30 00:00:00+07:00,2180.234499227032,2187.9113812665632,2141.8500890293726,2172.5576171875,107043000,0.0,0.0
2017-10-31 00:00:00+07:00,2187.9115068151596,2195.588389295213,2149.527094414894,2164.880859375,78930400,0.0,0.0
2017-11-01 00:00:00+07:00,2180.234619140625,2180.234619140625,2157.2039717553366,2180.234619140625,43310400,0.0,0.0
2017-11-02 00:00:00+07:00,2195.588486294566,2280.0341973058953,2187.9116034753542,2233.972900390625,68625800,0.0,0.0
2017-11-03 00:00:00+07:00,2257.0036755792025,2264.680558829472,2187.911726326778,2226.296142578125,78730200,0.0,0.0
2017-11-06 00:00:00+07:00,2195.5884921064016,2257.0035548226647,2195.5884921064016,2218.619140625,59551800,0.0,0.0
2017-11-07 00:00:00+07:00,2218.618905050713,2233.9726690995067,2172.557612904331,2187.911376953125,56480400,0.0,0.0
2017-11-08 00:00:00+07:00,2195.588497999238,2210.942263719512,2180.2347322789633,2203.265380859375,80597600,0.0,0.0
2017-11-09 00:00:00+07:00,2203.265145345627,2210.942027385159,2172.5576171875,2172.5576171875,170971800,0.0,0.0
2017-11-10 00:00:00+07:00,2180.2346243351067,2187.9115068151596,2157.203976894947,2164.880859375,84111200,0.0,0.0
2017-11-13 00:00:00+07:00,2180.2346243351067,2180.2346243351067,2134.173329454787,2164.880859375,33709000,0.0,0.0
2017-11-14 00:00:00+07:00,2149.5268589815646,2180.2343855384443,2134.173095703125,2134.173095703125,59334000,0.0,0.0
2017-11-15 00:00:00+07:00,2164.8809906334004,2164.8809906334004,2126.4965759058578,2141.850341796875,81461200,0.0,0.0
2017-11-16 00:00:00+07:00,2126.4964419082858,2187.911501602388,2126.4964419082858,2180.234619140625,79021400,0.0,0.0
2017-11-17 00:00:00+07:00,2203.265124220083,2272.3570619133957,2187.9113602882358,2249.326416015625,96578200,0.0,0.0
2017-11-20 00:00:00+07:00,2264.6801716711384,2295.3876994226116,2241.6495258575337,2280.033935546875,53410000,0.0,0.0
2017-11-21 00:00:00+07:00,2287.7106966585725,2287.7106966585725,2249.326288996516,2272.35693359375,191716800,0.0,0.0
2017-11-22 00:00:00+07:00,2303.064585540254,2333.7721133474574,2264.68017578125,2264.68017578125,72659600,0.0,0.0
2017-11-23 00:00:00+07:00,2310.741584521812,2310.741584521812,2264.680290478188,2287.7109375,55739600,0.0,0.0
2017-11-24 00:00:00+07:00,2303.0647021812083,2303.0647021812083,2264.680290478188,2287.7109375,36058400,0.0,0.0
2017-11-27 00:00:00+07:00,2287.710817484743,2295.3876994226116,2264.6801716711384,2280.033935546875,122810200,0.0,0.0
2017-11-28 00:00:00+07:00,2272.3570536090065,2287.710817484743,2272.3570536090065,2280.033935546875,68486600,0.0,0.0
2017-11-29 00:00:00+07:00,2295.3875781909837,2295.3875781909837,2272.35693359375,2272.35693359375,139273800,0.0,0.0
2017-11-30 00:00:00+07:00,2272.35693359375,2333.7719858530404,2264.6800520613388,2272.35693359375,167540000,0.0,0.0
2017-12-01 00:00:00+07:00,2272.35693359375,2272.35693359375,2272.35693359375,2272.35693359375,0,0.0,0.0
2017-12-04 00:00:00+07:00,2303.0647021812083,2303.0647021812083,2272.357172818792,2287.7109375,73258000,0.0,0.0
2017-12-05 00:00:00+07:00,2295.387451171875,2310.741213387071,2280.0336889566784,2295.387451171875,65673400,0.0,0.0
2017-12-06 00:00:00+07:00,2303.064332279473,2310.741213387071,2287.7105700642765,2295.387451171875,47704000,0.0,0.0
2017-12-07 00:00:00+07:00,2287.710700002657,2295.38758154629,2257.003173828125,2257.003173828125,50580000,0.0,0.0
2017-12-08 00:00:00+07:00,2303.064332279473,2310.741213387071,2264.6799267414817,2295.387451171875,33166400,0.0,0.0
2017-12-11 00:00:00+07:00,2310.741213387071,2318.4180944946697,2287.7105700642765,2295.387451171875,17030400,0.0,0.0
2017-12-12 00:00:00+07:00,2318.418466862416,2318.418466862416,2272.357172818792,2287.7109375,51088800,0.0,0.0
2017-12-13 00:00:00+07:00,2272.3568078490803,2303.064332279473,2272.3568078490803,2295.387451171875,54077800,0.0,0.0
2017-12-14 00:00:00+07:00,2303.064332279473,2318.4180944946697,2280.0336889566784,2295.387451171875,122524400,0.0,0.0
2017-12-15 00:00:00+07:00,2272.3570536090065,2295.3876994226116,2241.6495258575337,2280.033935546875,94872200,0.0,0.0
2017-12-18 00:00:00+07:00,2249.3262825520833,2303.064453125,2241.649401041667,2303.064453125,33166000,0.0,0.0
2017-12-19 00:00:00+07:00,2264.6799267414817,2310.741213387071,2257.0030456338836,2295.387451171875,70926400,0.0,0.0
2017-12-20 00:00:00+07:00,2310.741584521812,2310.741584521812,2264.680290478188,2287.7109375,79075800,0.0,0.0
2017-12-21 00:00:00+07:00,2318.4185706967214,2364.4798668032786,2303.0648053278687,2341.44921875,88489000,0.0,0.0
2017-12-22 00:00:00+07:00,2341.4492131832753,2364.4798611817996,2318.4185651847515,2356.802978515625,158513400,0.0,0.0
2017-12-25 00:00:00+07:00,2356.802978515625,2356.802978515625,2356.802978515625,2356.802978515625,0,0.0,0.0
2017-12-26 00:00:00+07:00,2356.802978515625,2356.802978515625,2356.802978515625,2356.802978515625,0,0.0,0.0
2017-12-27 00:00:00+07:00,2356.8025924682615,2471.955813598633,2356.8025924682615,2456.60205078125,53968200,0.0,0.0
2017-12-28 00:00:00+07:00,2448.925172433913,2487.3095795253535,2410.5407653424722,2441.248291015625,251049600,0.0,0.0
2017-12-29 00:00:00+07:00,2471.955813598633,2479.6326950073244,2395.1869995117186,2456.60205078125,78314600,0.0,0.0
2018-01-01 00:00:00+07:00,2456.60205078125,2456.60205078125,2456.60205078125,2456.60205078125,0,0.0,0.0
2018-01-02 00:00:00+07:00,2448.925426701831,2471.9560733479298,2402.8641334096337,2410.541015625,59351600,0.0,0.0
2018-01-03 00:00:00+07:00,2410.5410298929587,2410.5410298929587,2349.125971806514,2364.479736328125,84278000,0.0,0.0
2018-01-04 00:00:00+07:00,2379.8336099740413,2402.8642578125,2372.156727361222,2402.8642578125,90123000,0.0,0.0
2018-01-05 00:00:00+07:00,2372.156727361222,2410.5411404253196,2372.156727361222,2402.8642578125,75378600,0.0,0.0
2018-01-08 00:00:00+07:00,2418.217526986396,2441.248170100552,2402.863764910292,2433.5712890625,73784000,0.0,0.0
2018-01-09 00:00:00+07:00,2448.9254219924346,2456.602304193038,2387.5103643876087,2425.894775390625,67352000,0.0,0.0
2018-01-10 00:00:00+07:00,2433.5716575912284,2433.5716575912284,2395.187246588212,2425.894775390625,68746400,0.0,0.0
2018-01-11 00:00:00+07:00,2433.571521865325,2479.6328125,2433.571521865325,2479.6328125,89346200,0.0,0.0
2018-01-12 00:00:00+07:00,2479.6331756968557,2533.3713559751154,2456.6025270061727,2487.31005859375,84306400,0.0,0.0
2018-01-15 00:00:00+07:00,2502.663569752763,2518.017333984375,2471.956041289539,2518.017333984375,38412200,0.0,0.0
2018-01-16 00:00:00+07:00,2502.6636884973404,2548.7249833776596,2502.6636884973404,2525.6943359375,46720000,0.0,0.0
2018-01-17 00:00:00+07:00,2525.694473078221,2525.694473078221,2464.279409903067,2487.31005859375,56945400,0.0,0.0
2018-01-18 00:00:00+07:00,2502.6636989182693,2510.3405814302887,2471.9561688701924,2494.98681640625,53685800,0.0,0.0
2018-01-19 00:00:00+07:00,2510.3403395897835,2510.3403395897835,2471.955930727554,2479.6328125,50158600,0.0,0.0
2018-01-22 00:00:00+07:00,2502.6634578173375,2502.6634578173375,2471.955930727554,2479.6328125,91243800,0.0,0.0
2018-01-23 00:00:00+07:00,2510.340576171875,2510.340576171875,2479.633046188121,2510.340576171875,111192600,0.0,0.0
2018-01-24 00:00:00+07:00,2518.017572206439,2533.371337890625,2502.6638065222537,2533.371337890625,84633200,0.0,0.0
2018-01-25 00:00:00+07:00,2533.3708556005563,2541.047736981164,2479.632685936302,2502.663330078125,65155800,0.0,0.0
2018-01-26 00:00:00+07:00,2518.017333984375,2533.3710982159873,2494.986687636957,2518.017333984375,69599800,0.0,0.0
2018-01-29 00:00:00+07:00,2525.694341163752,2533.3712236596903,2425.894868716552,2510.340576171875,101413600,0.0,0.0
2018-01-30 00:00:00+07:00,2479.6329368449146,2487.3098190023293,2448.9254082152565,2471.9560546875,102154200,0.0,0.0
2018-01-31 00:00:00+07:00,2448.925160413871,2510.340211458733,2441.2482790332633,2502.663330078125,79788400,0.0,0.0
2018-02-01 00:00:00+07:00,2518.017333984375,2533.3710982159873,2494.986687636957,2518.017333984375,72274400,0.0,0.0
2018-02-02 00:00:00+07:00,2518.017463942308,2525.694346454327,2494.98681640625,2494.98681640625,60042800,0.0,0.0
2018-02-05 00:00:00+07:00,2471.9561688701924,2502.6636989182693,2448.925521334135,2494.98681640625,63620600,0.0,0.0
2018-02-06 00:00:00+07:00,2456.602414330218,2487.3099445093458,2433.571766695872,2464.279296875,92415600,0.0,0.0
2018-02-07 00:00:00+07:00,2487.309933894231,2502.6636989182693,2479.6330513822118,2494.98681640625,57427400,0.0,0.0
2018-02-08 00:00:00+07:00,2518.0174586678136,2533.3712236596903,2471.9561636921826,2510.340576171875,79067200,0.0,0.0
2018-02-09 00:00:00+07:00,2479.633041057181,2525.6943359375,2471.9561585771276,2525.6943359375,211953600,0.0,0.0
2018-02-12 00:00:00+07:00,2525.694216100181,2533.3710982159873,2479.632923405345,2518.017333984375,72517000,0.0,0.0
2018-02-13 00:00:00+07:00,2518.017448310045,2548.7249781674846,2518.017448310045,2541.048095703125,75870600,0.0,0.0
2018-02-14 00:00:00+07:00,2548.724853515625,2556.401735604528,2525.694207248918,2548.724853515625,26730800,0.0,0.0
2018-02-15 00:00:00+07:00,2571.7554997823327,2571.7554997823327,2502.66356098221,2548.724853515625,65557000,0.0,0.0
2018-02-16 00:00:00+07:00,2548.724853515625,2548.724853515625,2548.724853515625,2548.724853515625,0,0.0,0.0
2018-02-19 00:00:00+07:00,2564.078722748433,2602.463134765625,2541.0480755381177,2602.463134765625,49342200,0.0,0.0
2018-02-20 00:00:00+07:00,2617.816729972376,2779.03125,2587.1092023480664,2779.03125,79298400,0.0,0.0
2018-02-21 00:00:00+07:00,2732.9697321111503,2740.6466133811255,2686.9084444912996,2702.26220703125,83845600,0.0,0.0
2018-02-22 00:00:00+07:00,2725.2929864413495,2725.2929864413495,2633.17040661798,2648.524169921875,39301400,0.0,0.0
2018-02-23 00:00:00+07:00,2633.170534368147,2671.5549444901317,2610.1398882949566,2625.49365234375,62711800,0.0,0.0
2018-02-26 00:00:00+07:00,2640.847438582455,2640.847438582455,2548.724853515625,2548.724853515625,66541400,0.0,0.0
2018-02-27 00:00:00+07:00,2587.109375,2617.8169046735907,2556.40184532641,2587.109375,92994400,0.0,0.0
2018-02-28 00:00:00+07:00,2602.4630281379427,2602.4630281379427,2548.724853515625,2548.724853515625,81356600,0.0,0.0
2018-03-01 00:00:00+07:00,2579.4324976679104,2594.7862625349812,2556.401850367304,2571.755615234375,50682200,0.0,0.0
2018-03-02 00:00:00+07:00,2556.4018403449945,2602.463134765625,2525.694310731241,2602.463134765625,49761400,0.0,0.0
2018-03-05 00:00:00+07:00,2571.755630817819,2587.109395777926,2518.017453457447,2525.6943359375,44376600,0.0,0.0
2018-03-06 00:00:00+07:00,2541.0479941042317,2548.724876261646,2456.602290372671,2471.9560546875,77337000,0.0,0.0
2018-03-07 00:00:00+07:00,2464.2788132147084,2494.986337366917,2364.479359720032,2433.5712890625,116997600,0.0,0.0
2018-03-08 00:00:00+07:00,2456.6025270061727,2510.3407072844325,2456.6025270061727,2487.31005859375,86635600,0.0,0.0
2018-03-09 00:00:00+07:00,2471.9562927999614,2510.3407072844325,2456.6025270061727,2487.31005859375,46391000,0.0,0.0
2018-03-12 00:00:00+07:00,2518.0172027496246,2556.401611328125,2502.6634393182244,2556.401611328125,78310600,0.0,0.0
2018-03-13 00:00:00+07:00,2525.694341163752,2541.048106155629,2471.9561636921826,2510.340576171875,79622600,0.0,0.0
2018-03-14 00:00:00+07:00,2525.694216100181,2525.694216100181,2448.925394942121,2518.017333984375,41997000,0.0,0.0
2018-03-15 00:00:00+07:00,2510.34022064209,2510.34022064209,2456.60205078125,2456.60205078125,66507000,0.0,0.0
2018-03-16 00:00:00+07:00,2425.8944080244482,2441.248170100552,2364.479359720032,2433.5712890625,155572000,0.0,0.0
2018-03-19 00:00:00+07:00,2464.2790489551085,2494.9865760448915,2433.571521865325,2479.6328125,95158400,0.0,0.0
2018-03-20 00:00:00+07:00,2441.248761212384,2502.663824387538,2410.541229624807,2487.31005859375,77864800,0.0,0.0
2018-03-21 00:00:00+07:00,2518.017333984375,2525.694216100181,2487.3098055211512,2518.017333984375,113297400,0.0,0.0
2018-03-22 00:00:00+07:00,2533.370864868164,2533.370864868164,2441.2482879638674,2456.60205078125,183372000,0.0,0.0
2018-03-23 00:00:00+07:00,2395.187233113354,2471.9560546875,2364.479704483696,2471.9560546875,90662600,0.0,0.0
2018-03-26 00:00:00+07:00,2410.5408765479874,2479.6328125,2410.5408765479874,2479.6328125,42673400,0.0,0.0
2018-03-27 00:00:00+07:00,2494.986457824707,2502.6633392333983,2441.2482879638674,2456.60205078125,55450200,0.0,0.0
2018-03-28 00:00:00+07:00,2441.248549241286,2448.925431471605,2372.15660916842,2395.187255859375,76203200,0.0,0.0
2018-03-29 00:00:00+07:00,2410.6360205237174,2418.513916015625,2371.2465430641796,2418.513916015625,78477600,99.51275,0.0
2018-03-30 00:00:00+07:00,2418.513916015625,2418.513916015625,2418.513916015625,2418.513916015625,0,0.0,0.0
2018-04-02 00:00:00+07:00,2387.002296325879,2465.78125,2387.002296325879,2465.78125,31435200,0.0,0.0
2018-04-03 00:00:00+07:00,2434.269634540264,2457.9033203125,2418.5138440254404,2457.9033203125,47967200,0.0,0.0
2018-04-04 00:00:00+07:00,2465.7814347116573,2465.7814347116573,2379.1245791786596,2394.88037109375,38287200,0.0,0.0
2018-04-05 00:00:00+07:00,2442.14781518076,2442.14781518076,2371.2467495787378,2410.63623046875,54709000,0.0,0.0
2018-04-06 00:00:00+07:00,2379.12451171875,2402.758198921254,2363.368720250414,2379.12451171875,45831200,0.0,0.0
2018-04-09 00:00:00+07:00,2410.6363755027846,2410.6363755027846,2363.3689955909654,2387.002685546875,32505800,0.0,0.0
2018-04-10 00:00:00+07:00,2379.124466765873,2481.537109375,2379.124466765873,2481.537109375,87487000,0.0,0.0
2018-04-11 00:00:00+07:00,2505.1707907730006,2544.5602686153434,2497.292895204532,2536.682373046875,58578400,0.0,0.0
2018-04-12 00:00:00+07:00,2520.9263045171338,2528.80419921875,2473.6589363074377,2528.80419921875,56053600,0.0,0.0
2018-04-13 00:00:00+07:00,2552.4378833235983,2552.4378833235983,2497.292620412286,2528.80419921875,33896200,0.0,0.0
2018-04-16 00:00:00+07:00,2528.80419921875,2528.80419921875,2528.80419921875,2528.80419921875,0,0.0,0.0
2018-04-17 00:00:00+07:00,2528.80419921875,2528.80419921875,2528.80419921875,2528.80419921875,0,0.0,0.0
2018-04-18 00:00:00+07:00,2505.1707907730006,2536.682373046875,2489.4149996360634,2536.682373046875,28595200,0.0,0.0
2018-04-19 00:00:00+07:00,2536.682373046875,2536.682373046875,2536.682373046875,2536.682373046875,0,0.0,0.0
2018-04-20 00:00:00+07:00,2536.682373046875,2536.682373046875,2536.682373046875,2536.682373046875,0,0.0,0.0
2018-04-23 00:00:00+07:00,2481.536796569824,2520.92626953125,2473.6589019775392,2520.92626953125,62793000,0.0,0.0
2018-04-24 00:00:00+07:00,2520.926881067961,2520.926881067961,2434.27001953125,2434.27001953125,49193400,0.0,0.0
2018-04-25 00:00:00+07:00,2434.27001953125,2434.27001953125,2434.27001953125,2434.27001953125,0,0.0,0.0
2018-04-26 00:00:00+07:00,2434.27001953125,2434.27001953125,2434.27001953125,2434.27001953125,0,0.0,0.0
2018-04-27 00:00:00+07:00,2434.27001953125,2434.27001953125,2434.27001953125,2434.27001953125,0,0.0,0.0
2018-04-30 00:00:00+07:00,2205.810478344298,2253.0778457373904,2166.4210055167214,2245.199951171875,94666400,0.0,0.0
2018-05-01 00:00:00+07:00,2245.199951171875,2245.199951171875,2245.199951171875,2245.199951171875,0,0.0,0.0
2018-05-02 00:00:00+07:00,2245.2000554402666,2276.711635165744,2197.932685852051,2268.833740234375,53590000,0.0,0.0
2018-05-03 00:00:00+07:00,2253.0782069742245,2260.956102802806,2158.54345703125,2158.54345703125,104380400,0.0,0.0
2018-05-04 00:00:00+07:00,2158.5433943838443,2174.2991855837263,2079.764438384434,2087.642333984375,54995600,0.0,0.0
2018-05-07 00:00:00+07:00,2079.764433019301,2166.4212843951054,2079.764433019301,2142.78759765625,66820800,0.0,0.0
2018-05-08 00:00:00+07:00,2142.78759765625,2150.6654932358683,2103.398119758157,2142.78759765625,106457400,0.0,0.0
2018-05-09 00:00:00+07:00,2119.153703962054,2260.955810546875,2119.153703962054,2260.955810546875,111977600,0.0,0.0
2018-05-10 00:00:00+07:00,2260.955810546875,2260.955810546875,2260.955810546875,2260.955810546875,0,0.0,0.0
2018-05-11 00:00:00+07:00,2284.5895300971138,2355.490584479438,2253.0779503716362,2268.833740234375,103564000,0.0,0.0
2018-05-14 00:00:00+07:00,2300.345319959852,2300.345319959852,2190.054790920681,2268.833740234375,73256600,0.0,0.0
2018-05-15 00:00:00+07:00,2205.8108320027372,2268.833998631387,2142.7876653740877,2158.54345703125,117942000,0.0,0.0
2018-05-16 00:00:00+07:00,2111.2760820597628,2166.4213528598316,2079.7644987454382,2158.54345703125,171743000,0.0,0.0
2018-05-17 00:00:00+07:00,2190.055082862057,2205.8108748250934,2111.276123046875,2111.276123046875,108035800,0.0,0.0
2018-05-18 00:00:00+07:00,2134.909702076631,2174.299179974724,2095.5202241785387,2142.78759765625,73179600,0.0,0.0
2018-05-21 00:00:00+07:00,2119.153985069932,2134.909776780489,2079.7645057935392,2103.398193359375,93035200,0.0,0.0
2018-05-22 00:00:00+07:00,2127.0319234913795,2134.9098195043107,2056.130859375,2056.130859375,95244600,0.0,0.0
2018-05-23 00:00:00+07:00,2079.764637626845,2166.4214975279638,2079.764637626845,2134.909912109375,98477800,0.0,0.0
2018-05-24 00:00:00+07:00,2205.810791015625,2229.4444780622207,2158.5434169224327,2205.810791015625,105512200,0.0,0.0
2018-05-25 00:00:00+07:00,2221.5665823800223,2229.4444780622207,2190.0549996512277,2205.810791015625,87283000,0.0,0.0
2018-05-28 00:00:00+07:00,2253.0781862420554,2339.7350395590574,2237.322394729873,2323.979248046875,129253400,0.0,0.0
2018-05-29 00:00:00+07:00,2323.979248046875,2323.979248046875,2323.979248046875,2323.979248046875,0,0.0,0.0
2018-05-30 00:00:00+07:00,2276.7117044383085,2402.7580271753773,2253.0780189251077,2284.589599609375,170628800,0.0,0.0
2018-05-31 00:00:00+07:00,2331.857193317819,2331.857193317819,2213.688754467254,2221.566650390625,211020800,0.0,0.0
2018-06-01 00:00:00+07:00,2221.566650390625,2221.566650390625,2221.566650390625,2221.566650390625,0,0.0,0.0
2018-06-04 00:00:00+07:00,2237.322394729873,2339.7350395590574,2237.322394729873,2323.979248046875,80221000,0.0,0.0
2018-06-05 00:00:00+07:00,2347.6129009220876,2347.6129009220876,2292.4676314373405,2316.101318359375,73520200,0.0,0.0
2018-06-06 00:00:00+07:00,2300.3454931473975,2323.97917972083,2300.3454931473975,2308.223388671875,72158600,0.0,0.0
2018-06-07 00:00:00+07:00,2323.979248046875,2331.857143802966,2308.223456534693,2323.979248046875,49787600,0.0,0.0
2018-06-08 00:00:00+07:00,2331.857049516637,2331.857049516637,2190.054931640625,2190.054931640625,134418800,0.0,0.0
2018-06-11 00:00:00+07:00,2190.054931640625,2190.054931640625,2190.054931640625,2190.054931640625,0,0.0,0.0
2018-06-12 00:00:00+07:00,2190.054931640625,2190.054931640625,2190.054931640625,2190.054931640625,0,0.0,0.0
2018-06-13 00:00:00+07:00,2190.054931640625,2190.054931640625,2190.054931640625,2190.054931640625,0,0.0,0.0
2018-06-14 00:00:00+07:00,2190.054931640625,2190.054931640625,2190.054931640625,2190.054931640625,0,0.0,0.0
2018-06-15 00:00:00+07:00,2190.054931640625,2190.054931640625,2190.054931640625,2190.054931640625,0,0.0,0.0
2018-06-18 00:00:00+07:00,2190.054931640625,2190.054931640625,2190.054931640625,2190.054931640625,0,0.0,0.0
2018-06-19 00:00:00+07:00,2190.054931640625,2190.054931640625,2190.054931640625,2190.054931640625,0,0.0,0.0
2018-06-20 00:00:00+07:00,2158.543498935984,2158.543498935984,2048.2529551947296,2111.276123046875,170142400,0.0,0.0
2018-06-21 00:00:00+07:00,2111.276123046875,2134.9098109914294,2071.886643139284,2111.276123046875,109648600,0.0,0.0
2018-06-22 00:00:00+07:00,2111.276123046875,2119.154019028393,2079.764539120802,2111.276123046875,90954000,0.0,0.0
2018-06-25 00:00:00+07:00,2127.0319150099112,2134.9098109914294,2071.886643139284,2111.276123046875,59331600,0.0,0.0
2018-06-26 00:00:00+07:00,2071.8865427844926,2127.03181198408,2071.8865427844926,2087.642333984375,55935600,0.0,0.0
2018-06-27 00:00:00+07:00,2095.520441228693,2111.2762340198865,2079.7646484375,2079.7646484375,51148600,0.0,0.0
2018-06-28 00:00:00+07:00,2119.153992638221,2119.153992638221,2024.6192420372597,2048.2529296875,109565000,0.0,0.0
2018-06-29 00:00:00+07:00,2127.0318737169255,2158.54345703125,2079.7644987454382,2158.54345703125,82868000,0.0,0.0
2018-07-02 00:00:00+07:00,2197.9329876077586,2197.9329876077586,2056.130859375,2056.130859375,55579800,0.0,0.0
2018-07-03 00:00:00+07:00,2040.3746665984745,2071.886244460999,1993.1072998046875,1993.1072998046875,74286400,0.0,0.0
2018-07-04 00:00:00+07:00,2016.7414772727273,2087.6425448330965,1977.3519952947443,2079.7646484375,54066400,0.0,0.0
2018-07-05 00:00:00+07:00,2048.2529633620693,2079.764547413793,2000.9855872844828,2056.130859375,49814600,0.0,0.0
2018-07-06 00:00:00+07:00,2016.741195436508,2040.3748813205295,1985.2296142578125,1985.2296142578125,51696400,0.0,0.0
2018-07-09 00:00:00+07:00,2000.9855748039274,2056.130846550492,1985.2297828763374,2024.6192626953125,111683800,0.0,0.0
2018-07-10 00:00:00+07:00,2048.252984571827,2071.8866728553476,2008.8635040992915,2032.4971923828125,87662000,0.0,0.0
2018-07-11 00:00:00+07:00,1985.2294402835876,2008.8631240964876,1969.4736510749876,2000.9852294921875,71600600,0.0,0.0
2018-07-12 00:00:00+07:00,1985.2298158157703,2032.4971923828125,1985.2298158157703,2032.4971923828125,69482600,0.0,0.0
2018-07-13 00:00:00+07:00,2024.619373668324,2095.520441228693,2024.619373668324,2079.7646484375,71123600,0.0,0.0
2018-07-16 00:00:00+07:00,2064.00830078125,2087.6419836146233,2008.8630408367128,2064.00830078125,57879600,0.0,0.0
2018-07-17 00:00:00+07:00,2032.4967721328433,2040.3746665984745,1985.2294053390563,1993.1072998046875,84860000,0.0,0.0
2018-07-18 00:00:00+07:00,1993.1074042320251,2024.618983745575,1985.2295093536377,2016.7410888671875,46293000,0.0,0.0
2018-07-19 00:00:00+07:00,2024.6189486634498,2056.1305276309745,2008.8631591796877,2008.8631591796875,69942000,0.0,0.0
2018-07-20 00:00:00+07:00,2024.6189133050873,2032.4968079093874,1977.3515456792877,2000.9852294921875,101994800,0.0,0.0
2018-07-23 00:00:00+07:00,2016.7410888671875,2071.8863530158997,2008.8631939888,2016.7410888671875,80140200,0.0,0.0
2018-07-24 00:00:00+07:00,2048.2529633620693,2056.130859375,2016.7413793103449,2056.130859375,38980400,0.0,0.0
2018-07-25 00:00:00+07:00,2064.008563774433,2064.008563774433,2032.4969826481058,2040.3748779296875,62149400,0.0,0.0
2018-07-26 00:00:00+07:00,2048.252512225668,2064.00830078125,2040.3746179478771,2064.00830078125,57947800,0.0,0.0
2018-07-27 00:00:00+07:00,2071.886474609375,2071.886474609375,2048.2527885872146,2071.886474609375,35688800,0.0,0.0
2018-07-30 00:00:00+07:00,2071.8866760934593,2119.154052734375,2064.00877998664,2119.154052734375,54608200,0.0,0.0
2018-07-31 00:00:00+07:00,2119.153950856144,2119.153950856144,2071.8865764876055,2095.520263671875,66929400,0.0,0.0
2018-08-01 00:00:00+07:00,2111.276042829241,2205.810791015625,2103.3981471470424,2205.810791015625,110824000,0.0,0.0
2018-08-02 00:00:00+07:00,2205.8108585438827,2260.9561300074797,2182.17717077377,2221.566650390625,61392400,0.0,0.0
2018-08-03 00:00:00+07:00,2205.81058078342,2276.711635165744,2205.81058078342,2268.833740234375,63550400,0.0,0.0
2018-08-06 00:00:00+07:00,2276.711772761933,2339.7349360217786,2268.833877354452,2300.345458984375,102478600,0.0,0.0
2018-08-07 00:00:00+07:00,2300.345319959852,2339.734794616699,2268.833740234375,2268.833740234375,102967800,0.0,0.0
2018-08-08 00:00:00+07:00,2276.7118065739655,2308.223388671875,2237.3223289515786,2308.223388671875,48967400,0.0,0.0
2018-08-09 00:00:00+07:00,2268.833843427835,2316.101215165915,2268.833843427835,2292.467529296875,28914800,0.0,0.0
2018-08-10 00:00:00+07:00,2308.223422718697,2339.7350052814095,2300.3455270780187,2316.101318359375,36267800,0.0,0.0
2018-08-13 00:00:00+07:00,2268.833850406137,2284.5896410339574,2158.5433160113944,2182.177001953125,82658400,0.0,0.0
2018-08-14 00:00:00+07:00,2166.4214293752902,2174.2993254821095,2111.276156627556,2119.154052734375,122915000,0.0,0.0
2018-08-15 00:00:00+07:00,2127.031806497013,2150.6654932358683,2056.1307462804457,2142.78759765625,82042800,0.0,0.0
2018-08-16 00:00:00+07:00,2127.0319150099112,2134.9098109914294,2079.764539120802,2111.276123046875,42463600,0.0,0.0
2018-08-17 00:00:00+07:00,2111.276123046875,2111.276123046875,2111.276123046875,2111.276123046875,0,0.0,0.0
2018-08-20 00:00:00+07:00,2190.055117695748,2190.055117695748,2111.276156627556,2119.154052734375,81139200,0.0,0.0
2018-08-21 00:00:00+07:00,2127.0319150099112,2134.9098109914294,2103.398227065357,2111.276123046875,62399200,0.0,0.0
2018-08-22 00:00:00+07:00,2111.276123046875,2111.276123046875,2111.276123046875,2111.276123046875,0,0.0,0.0
2018-08-23 00:00:00+07:00,2142.7876653740877,2158.54345703125,2111.2760820597628,2158.54345703125,98059800,0.0,0.0
2018-08-24 00:00:00+07:00,2142.787808464022,2158.5436011733163,2127.032015754728,2134.909912109375,75683200,0.0,0.0
2018-08-27 00:00:00+07:00,2150.6659657468076,2197.933349609375,2134.910171125952,2197.933349609375,84503200,0.0,0.0
2018-08-28 00:00:00+07:00,2205.810791015625,2213.6886866978234,2174.29920828683,2205.810791015625,80591200,0.0,0.0
2018-08-29 00:00:00+07:00,2197.932895333426,2213.6886866978234,2182.177103969029,2205.810791015625,55272600,0.0,0.0
2018-08-30 00:00:00+07:00,2205.8108320027372,2213.688727831319,2142.7876653740877,2158.54345703125,52753200,0.0,0.0
2018-08-31 00:00:00+07:00,2111.2761478147645,2174.29931640625,2103.398251740829,2174.29931640625,110408200,0.0,0.0
2018-09-03 00:00:00+07:00,2174.2992908990204,2174.2992908990204,2111.276123046875,2111.276123046875,55590200,0.0,0.0
2018-09-04 00:00:00+07:00,2119.1538466536954,2127.0317419944154,2032.4969979057746,2071.886474609375,59803000,0.0,0.0
2018-09-05 00:00:00+07:00,2048.2525610641055,2056.130455529737,1953.7178274765315,1993.1072998046875,83838600,0.0,0.0
2018-09-06 00:00:00+07:00,1953.7177808921756,2064.00830078125,1953.7177808921756,2064.00830078125,96306200,0.0,0.0
2018-09-07 00:00:00+07:00,2048.2528559846696,2095.520229584316,2032.4970647847877,2087.642333984375,75525400,0.0,0.0
2018-09-10 00:00:00+07:00,2048.2527885872146,2079.764369950095,2024.6191025650544,2071.886474609375,37301800,0.0,0.0
2018-09-11 00:00:00+07:00,2071.886474609375,2071.886474609375,2071.886474609375,2071.886474609375,0,0.0,0.0
2018-09-12 00:00:00+07:00,2071.886317114737,2087.6421065984987,2008.8631591796877,2008.8631591796875,46357000,0.0,0.0
2018-09-13 00:00:00+07:00,2040.3748932464946,2087.642265290815,2032.4969979057746,2071.886474609375,36668600,0.0,0.0
2018-09-14 00:00:00+07:00,2103.398052300347,2127.03173828125,2079.7643663194444,2127.03173828125,30656000,0.0,0.0
2018-09-17 00:00:00+07:00,2095.520361138869,2103.3982572333757,2024.6192962883056,2032.4971923828125,88368200,0.0,0.0
2018-09-18 00:00:00+07:00,2032.496843405331,2056.1305276309745,1993.1073696959254,2008.8631591796875,101172800,0.0,0.0
2018-09-19 00:00:00+07:00,2032.4968786239624,2032.4968786239624,2008.8631939888,2016.7410888671875,42616400,0.0,0.0
2018-09-20 00:00:00+07:00,2024.6192348065892,2103.398193359375,2024.6192348065892,2103.398193359375,99827000,0.0,0.0
2018-09-21 00:00:00+07:00,2127.0318737169255,2190.055040345575,2119.1539778883443,2158.54345703125,124841800,0.0,0.0
2018-09-24 00:00:00+07:00,2158.54331958912,2174.2991102430556,2103.398052300347,2127.03173828125,81188200,0.0,0.0
2018-09-25 00:00:00+07:00,2103.398125184257,2127.03181198408,2056.1307515846106,2087.642333984375,46091400,0.0,0.0
2018-09-26 00:00:00+07:00,2071.8867520419035,2119.154130415483,2071.8867520419035,2079.7646484375,32016600,0.0,0.0
2018-09-27 00:00:00+07:00,2079.764438384434,2119.153916384139,2064.0086471845516,2087.642333984375,82349800,0.0,0.0
2018-09-28 00:00:00+07:00,2079.764572200279,2127.031948841194,2079.764572200279,2119.154052734375,101686800,0.0,0.0
2018-10-01 00:00:00+07:00,2079.764539120802,2142.787706972948,2079.764539120802,2111.276123046875,66513400,0.0,0.0
2018-10-02 00:00:00+07:00,2111.2761533278826,2111.2761533278826,2024.6192962883056,2032.4971923828125,120652800,0.0,0.0
2018-10-03 00:00:00+07:00,2016.7413461538463,2071.8866173377405,2016.7413461538463,2048.2529296875,68383400,0.0,0.0
2018-10-04 00:00:00+07:00,2016.7415913654618,2024.6194882067332,1961.5963134765625,1961.5963134765625,116478400,0.0,0.0
2018-10-05 00:00:00+07:00,1961.5961364502928,2000.985617101905,1945.8403441896478,1977.3519287109375,67792400,0.0,0.0
2018-10-08 00:00:00+07:00,1977.352073915543,1985.22997062437,1953.7183837890625,1953.7183837890625,55327600,0.0,0.0
2018-10-09 00:00:00+07:00,1953.717861866388,2008.8631240964876,1953.717861866388,2000.9852294921875,40331400,0.0,0.0
2018-10-10 00:00:00+07:00,2016.7411920849422,2056.1306684928513,2008.8632968033603,2040.3748779296875,39230800,0.0,0.0
2018-10-11 00:00:00+07:00,1969.4740325806151,2000.985617101905,1953.7182403199702,1977.3519287109375,64054000,0.0,0.0
2018-10-12 00:00:00+07:00,1977.3516144752502,2040.3747735023499,1977.3516144752502,2016.7410888671875,70448200,0.0,0.0
2018-10-15 00:00:00+07:00,2048.252632889093,2056.1305276309745,2008.8631591796877,2008.8631591796875,40880400,0.0,0.0
2018-10-16 00:00:00+07:00,2016.7413461538463,2048.2529296875,2016.7413461538463,2048.2529296875,29777600,0.0,0.0
2018-10-17 00:00:00+07:00,2079.764369950095,2095.520160631535,2056.1306839279346,2071.886474609375,43108000,0.0,0.0
2018-10-18 00:00:00+07:00,2048.2529296875,2079.7645132211537,2016.7413461538463,2048.2529296875,39270000,0.0,0.0
2018-10-19 00:00:00+07:00,2032.4971923828125,2048.252984571827,2008.8635040992915,2032.4971923828125,47990000,0.0,0.0
2018-10-22 00:00:00+07:00,2032.4971923828125,2056.1308806663337,2008.8635040992915,2032.4971923828125,36415600,0.0,0.0
2018-10-23 00:00:00+07:00,2032.4971586591073,2040.3750546229023,2024.6192626953123,2024.6192626953125,25707400,0.0,0.0
2018-10-24 00:00:00+07:00,2024.6188776672122,2040.3746665984745,1993.1072998046875,1993.1072998046875,33969400,0.0,0.0
2018-10-25 00:00:00+07:00,1969.4738203954512,2040.3748779296875,1969.4738203954512,2040.3748779296875,62781600,0.0,0.0
2018-10-26 00:00:00+07:00,2040.3750884773197,2048.252984571827,2016.7414001937984,2032.4971923828125,39723200,0.0,0.0
2018-10-29 00:00:00+07:00,2024.618983745575,2048.2526683807373,2016.7410888671875,2016.7410888671875,40472000,0.0,0.0
2018-10-30 00:00:00+07:00,2048.2529633620693,2056.130859375,2024.619275323276,2056.130859375,34731200,0.0,0.0
2018-10-31 00:00:00+07:00,2071.886602916857,2158.54345703125,2064.0087070882755,2158.54345703125,111265400,0.0,0.0
2018-11-01 00:00:00+07:00,2174.2990342506487,2316.101145180039,2166.421139199016,2276.711669921875,185151800,0.0,0.0
2018-11-02 00:00:00+07:00,2308.2232826309973,2363.3685487689395,2237.3222261679293,2339.73486328125,143785200,0.0,0.0
2018-11-05 00:00:00+07:00,2331.857143802966,2331.857143802966,2284.58976926642,2323.979248046875,56013400,0.0,0.0
2018-11-06 00:00:00+07:00,2355.490796562766,2355.490796562766,2284.5897357966624,2316.101318359375,124000800,0.0,0.0
2018-11-07 00:00:00+07:00,2323.979214000053,2331.8571096407313,2268.833944515306,2316.101318359375,92281000,0.0,0.0
2018-11-08 00:00:00+07:00,2331.8573111979167,2371.2467928059896,2323.979414876302,2363.368896484375,130444200,0.0,0.0
2018-11-09 00:00:00+07:00,2284.589564973508,2308.223250128406,2253.077984766977,2276.711669921875,123465600,0.0,0.0
2018-11-12 00:00:00+07:00,2276.7123227136535,2276.7123227136535,2197.933349609375,2197.933349609375,65689800,0.0,0.0
2018-11-13 00:00:00+07:00,2142.787355222902,2260.955775547695,2142.787355222902,2253.077880859375,85750000,0.0,0.0
2018-11-14 00:00:00+07:00,2292.467318564967,2300.3452131304825,2245.199951171875,2245.199951171875,68203400,0.0,0.0
2018-11-15 00:00:00+07:00,2284.5898025100296,2347.6129694758233,2253.0782190271325,2331.857177734375,115193000,0.0,0.0
2018-11-16 00:00:00+07:00,2355.4906882471687,2402.7580599176804,2323.9791071334944,2347.61279296875,113146000,0.0,0.0
2018-11-19 00:00:00+07:00,2363.3688630068978,2387.002551636967,2300.345693326714,2355.490966796875,52926800,0.0,0.0
2018-11-20 00:00:00+07:00,2355.490966796875,2355.490966796875,2355.490966796875,2355.490966796875,0,0.0,0.0
2018-11-21 00:00:00+07:00,2276.711738717515,2308.223319876235,2221.566471689755,2292.467529296875,121808800,0.0,0.0
2018-11-22 00:00:00+07:00,2292.4675976229205,2331.8570752453074,2260.9560155250106,2308.223388671875,89601400,0.0,0.0
2018-11-23 00:00:00+07:00,2316.1012497993365,2331.857040614298,2292.4675635768945,2300.345458984375,82350000,0.0,0.0
2018-11-26 00:00:00+07:00,2284.58976926642,2331.857143802966,2284.58976926642,2323.979248046875,62934800,0.0,0.0
2018-11-27 00:00:00+07:00,2323.9791071334944,2363.3685835255874,2316.1012118550757,2347.61279296875,61028800,0.0,0.0
2018-11-28 00:00:00+07:00,2363.368761217272,2363.368761217272,2308.2234901222023,2331.857177734375,67675000,0.0,0.0
2018-11-29 00:00:00+07:00,2363.368853400735,2410.63623046875,2363.368853400735,2410.63623046875,141202600,0.0,0.0
2018-11-30 00:00:00+07:00,2387.002448829445,2402.758240570893,2331.857177734375,2331.857177734375,148482800,0.0,0.0
2018-12-03 00:00:00+07:00,2379.1245791786596,2434.2698508814765,2379.1245791786596,2394.88037109375,136684600,0.0,0.0
2018-12-04 00:00:00+07:00,2387.0025419347426,2410.63623046875,2379.1246457567404,2410.63623046875,60153200,0.0,0.0
2018-12-05 00:00:00+07:00,2394.880582198845,2394.880582198845,2371.2468922429352,2387.002685546875,73322400,0.0,0.0
2018-12-06 00:00:00+07:00,2331.857278166806,2371.246759216921,2331.857278166806,2355.490966796875,74092000,0.0,0.0
2018-12-07 00:00:00+07:00,2387.0025854492187,2402.758378092448,2355.4910001627604,2363.368896484375,41692800,0.0,0.0
2018-12-10 00:00:00+07:00,2323.9790729561237,2371.2464439315027,2316.1011777935605,2339.73486328125,41105200,0.0,0.0
2018-12-11 00:00:00+07:00,2347.61279296875,2355.4906882471687,2331.8570024119126,2347.61279296875,55657400,0.0,0.0
2018-12-12 00:00:00+07:00,2355.490966796875,2379.1246554269437,2339.735174376829,2355.490966796875,80631400,0.0,0.0
2018-12-13 00:00:00+07:00,2363.368680879667,2426.391845703125,2347.612889673803,2426.391845703125,92920000,0.0,0.0
2018-12-14 00:00:00+07:00,2410.6363755027846,2410.6363755027846,2371.2468922429352,2387.002685546875,68756400,0.0,0.0
2018-12-17 00:00:00+07:00,2347.6129694758233,2387.002448829445,2331.857177734375,2331.857177734375,78685000,0.0,0.0
2018-12-18 00:00:00+07:00,2284.5897357966624,2316.101318359375,2284.5897357966624,2316.101318359375,98608800,0.0,0.0
2018-12-19 00:00:00+07:00,2316.1011777935605,2355.4906536063763,2316.1011777935605,2339.73486328125,89550000,0.0,0.0
2018-12-20 00:00:00+07:00,2339.7349360217786,2339.7349360217786,2292.4675635768945,2300.345458984375,61216000,0.0,0.0
2018-12-21 00:00:00+07:00,2284.589564973508,2300.3453550767736,2260.9558798186094,2276.711669921875,98207400,0.0,0.0
2018-12-24 00:00:00+07:00,2276.711669921875,2276.711669921875,2276.711669921875,2276.711669921875,0,0.0,0.0
2018-12-25 00:00:00+07:00,2276.711669921875,2276.711669921875,2276.711669921875,2276.711669921875,0,0.0,0.0
2018-12-26 00:00:00+07:00,2253.077984766977,2284.589564973508,2237.322194663711,2276.711669921875,52356800,0.0,0.0
2018-12-27 00:00:00+07:00,2308.223319876235,2316.101215165915,2284.589634007195,2292.467529296875,48514400,0.0,0.0
2018-12-28 00:00:00+07:00,2316.1013522907842,2347.6129353151487,2308.223456534693,2323.979248046875,97081600,0.0,0.0
2018-12-31 00:00:00+07:00,2323.979248046875,2323.979248046875,2323.979248046875,2323.979248046875,0,0.0,0.0
2019-01-01 00:00:00+07:00,2323.979248046875,2323.979248046875,2323.979248046875,2323.979248046875,0,0.0,0.0
2019-01-02 00:00:00+07:00,2331.8570752453074,2331.8570752453074,2284.589702098443,2308.223388671875,45319200,0.0,0.0
2019-01-03 00:00:00+07:00,2292.4673897879466,2316.10107421875,2237.3221261160716,2260.955810546875,74174000,0.0,0.0
2019-01-04 00:00:00+07:00,2260.9559449061453,2347.61279296875,2253.0780496277266,2347.61279296875,78514000,0.0,0.0
2019-01-07 00:00:00+07:00,2363.3685487689395,2387.0022342566285,2339.73486328125,2339.73486328125,53624800,0.0,0.0
2019-01-08 00:00:00+07:00,2339.7350052814095,2355.490796562766,2316.101318359375,2316.101318359375,80073200,0.0,0.0
2019-01-09 00:00:00+07:00,2363.3689955909654,2387.002685546875,2331.857408983086,2387.002685546875,104903400,0.0,0.0
2019-01-10 00:00:00+07:00,2402.758158894328,2426.391845703125,2379.1244720855316,2426.391845703125,130603200,0.0,0.0
2019-01-11 00:00:00+07:00,2442.147636908989,2457.903428114854,2418.5139501001927,2426.391845703125,88899400,0.0,0.0
2019-01-14 00:00:00+07:00,2442.147636908989,2442.147636908989,2410.6360544972604,2426.391845703125,71320000,0.0,0.0
2019-01-15 00:00:00+07:00,2442.1475297976763,2457.9033203125,2410.635948768029,2457.9033203125,86697200,0.0,0.0
2019-01-16 00:00:00+07:00,2457.9033203125,2465.7812155699116,2418.5138440254404,2457.9033203125,78625600,0.0,0.0
2019-01-17 00:00:00+07:00,2457.9034226190474,2536.682378472222,2457.9034226190474,2481.537109375,101961200,0.0,0.0
2019-01-18 00:00:00+07:00,2489.415004960317,2497.292900545635,2465.781318204365,2481.537109375,56790000,0.0,0.0
2019-01-21 00:00:00+07:00,2465.7812155699116,2489.4149013421475,2457.9033203125,2457.9033203125,111624400,0.0,0.0
2019-01-22 00:00:00+07:00,2434.2698092552923,2457.9034967237903,2410.6361217867943,2442.147705078125,123558000,0.0,0.0
2019-01-23 00:00:00+07:00,2387.002551636967,2426.3920326870816,2355.490966796875,2355.490966796875,162196000,0.0,0.0
2019-01-24 00:00:00+07:00,2355.490966796875,2363.3688630068978,2339.735174376829,2355.490966796875,179821400,0.0,0.0
2019-01-25 00:00:00+07:00,2355.4908310712394,2371.246622583422,2300.345560778602,2323.979248046875,143184800,0.0,0.0
2019-01-28 00:00:00+07:00,2323.978969029018,2339.734758649554,2229.444231305804,2260.955810546875,207013400,0.0,0.0
2019-01-29 00:00:00+07:00,2260.9557403029057,2284.589423999452,2221.566267475329,2245.199951171875,162587800,0.0,0.0
2019-01-30 00:00:00+07:00,2245.200123754041,2308.2232851225754,2245.200123754041,2284.589599609375,175565200,0.0,0.0
2019-01-31 00:00:00+07:00,2308.223316576657,2355.4906882471687,2292.4675260198196,2347.61279296875,214008600,0.0,0.0
2019-02-01 00:00:00+07:00,2363.368787263569,2402.758267051295,2355.490891306024,2394.88037109375,104295400,0.0,0.0
2019-02-04 00:00:00+07:00,2363.368692203444,2394.8802747661566,2316.101318359375,2316.101318359375,80919200,0.0,0.0
2019-02-05 00:00:00+07:00,2316.101318359375,2316.101318359375,2316.101318359375,2316.101318359375,0,0.0,0.0
2019-02-06 00:00:00+07:00,2347.613070586852,2371.246759216921,2339.735174376829,2355.490966796875,60281400,0.0,0.0
2019-02-07 00:00:00+07:00,2355.4908245162455,2379.12451171875,2339.73503304791,2379.12451171875,31622800,0.0,0.0
2019-02-08 00:00:00+07:00,2363.3689955909654,2387.002685546875,2339.7353056350557,2387.002685546875,46828400,0.0,0.0
2019-02-11 00:00:00+07:00,2394.8801613729506,2402.758056640625,2371.2464755699284,2402.758056640625,72358200,0.0,0.0
2019-02-12 00:00:00+07:00,2418.513814906881,2418.513814906881,2323.9790729561237,2339.73486328125,82644200,0.0,0.0
2019-02-13 00:00:00+07:00,2339.7348658068427,2355.4906561489765,2284.589599609375,2284.589599609375,75046400,0.0,0.0
2019-02-14 00:00:00+07:00,2316.10107421875,2323.978969029018,2260.955810546875,2260.955810546875,95699000,0.0,0.0
2019-02-15 00:00:00+07:00,2253.0779157366073,2276.711600167411,2237.3221261160716,2260.955810546875,92002800,0.0,0.0
2019-02-18 00:00:00+07:00,2300.345424586555,2300.345424586555,2260.9559481381552,2292.467529296875,86216800,0.0,0.0
2019-02-19 00:00:00+07:00,2292.467425028483,2308.2232148912217,2245.2000554402666,2268.833740234375,92714200,0.0,0.0
2019-02-20 00:00:00+07:00,2284.589637433979,2284.589637433979,2190.0548938160214,2237.322265625,192881200,0.0,0.0
2019-02-21 00:00:00+07:00,2245.200224476056,2308.223388671875,2237.3223289515786,2308.223388671875,100203800,0.0,0.0
2019-02-22 00:00:00+07:00,2292.4675327354753,2300.345428036972,2221.566475022007,2237.322265625,167596800,0.0,0.0
2019-02-25 00:00:00+07:00,2253.0780189251077,2284.589599609375,2245.200123754041,2284.589599609375,91520000,0.0,0.0
2019-02-26 00:00:00+07:00,2292.467529296875,2292.467529296875,2253.078052848475,2292.467529296875,94091000,0.0,0.0
2019-02-27 00:00:00+07:00,2268.833740234375,2292.467425028483,2253.0779503716362,2268.833740234375,72356800,0.0,0.0
2019-02-28 00:00:00+07:00,2276.7115294339364,2284.589423999452,2237.3220566063596,2245.199951171875,84980200,0.0,0.0
2019-03-01 00:00:00+07:00,2253.0779157366073,2276.711600167411,2245.200020926339,2260.955810546875,47003200,0.0,0.0
2019-03-04 00:00:00+07:00,2260.9559515294895,2260.9559515294895,2237.322265625,2237.322265625,29659800,0.0,0.0
2019-03-05 00:00:00+07:00,2221.5665133908497,2245.2001997035186,2142.787559015288,2190.054931640625,223113200,0.0,0.0
2019-03-06 00:00:00+07:00,2205.8106503975264,2229.4443359375,2166.421174497571,2229.4443359375,94977600,0.0,0.0
2019-03-07 00:00:00+07:00,2229.4443359375,2229.4443359375,2229.4443359375,2229.4443359375,0,0.0,0.0
2019-03-08 00:00:00+07:00,2221.5666928498645,2221.5666928498645,2174.29931640625,2174.29931640625,71523400,0.0,0.0
2019-03-11 00:00:00+07:00,2190.055040345575,2190.055040345575,2150.665561202669,2158.54345703125,53912400,0.0,0.0
2019-03-12 00:00:00+07:00,2150.665637161652,2166.4214293752902,2103.3982605207366,2119.154052734375,60509600,0.0,0.0
2019-03-13 00:00:00+07:00,2142.787706972948,2142.787706972948,2095.5203310838388,2111.276123046875,55730600,0.0,0.0
2019-03-14 00:00:00+07:00,2142.7877321105075,2182.177212480186,2119.1540438887005,2174.29931640625,44212200,0.0,0.0
2019-03-15 00:00:00+07:00,2182.1769985145247,2237.322265625,2182.1769985145247,2237.322265625,71744400,0.0,0.0
2019-03-18 00:00:00+07:00,2253.078056227993,2276.7117421324824,2213.6885797205105,2237.322265625,52140200,0.0,0.0
2019-03-19 00:00:00+07:00,2260.956081998146,2331.857143802966,2253.0781862420554,2323.979248046875,158696000,0.0,0.0
2019-03-20 00:00:00+07:00,2331.857177734375,2347.6129694758233,2300.345594251478,2331.857177734375,51652800,0.0,0.0
2019-03-21 00:00:00+07:00,2363.3688630068978,2371.246759216921,2347.613070586852,2355.490966796875,68829800,0.0,0.0
2019-03-22 00:00:00+07:00,2355.4906882471687,2363.3685835255874,2339.7348976903313,2347.61279296875,45259400,0.0,0.0
2019-03-25 00:00:00+07:00,2284.589494977679,2308.2231794084823,2260.955810546875,2260.955810546875,45751600,0.0,0.0
2019-03-26 00:00:00+07:00,2292.4675635768945,2316.1012497993365,2292.4675635768945,2300.345458984375,28799400,0.0,0.0
2019-03-27 00:00:00+07:00,2339.734830334937,2339.734830334937,2276.711669921875,2276.711669921875,38906600,0.0,0.0
2019-03-28 00:00:00+07:00,2300.345560778602,2323.979248046875,2284.58976926642,2323.979248046875,47868600,0.0,0.0
2019-03-29 00:00:00+07:00,2331.857278166806,2363.3688630068978,2308.223589536737,2355.490966796875,71140200,0.0,0.0
2019-04-01 00:00:00+07:00,2363.368896484375,2371.2467928059896,2347.613103841146,2363.368896484375,57890600,0.0,0.0
2019-04-02 00:00:00+07:00,2371.2464439315027,2371.2464439315027,2308.2232826309973,2339.73486328125,36872800,0.0,0.0
2019-04-03 00:00:00+07:00,2339.73486328125,2339.73486328125,2339.73486328125,2339.73486328125,0,0.0,0.0
2019-04-04 00:00:00+07:00,2363.368647572272,2426.3918115075326,2363.368647572272,2418.513916015625,119083400,0.0,0.0
2019-04-05 00:00:00+07:00,2418.51399038959,2418.51399038959,2379.12451171875,2379.12451171875,40534200,0.0,0.0
2019-04-08 00:00:00+07:00,2394.8804817708333,2394.8804817708333,2323.979414876302,2363.368896484375,45862600,0.0,0.0
2019-04-09 00:00:00+07:00,2387.0023340479947,2434.26970699944,2379.124438556087,2418.513916015625,61437800,0.0,0.0
2019-04-10 00:00:00+07:00,2410.636094655422,2418.51399038959,2371.2466159845817,2379.12451171875,30552600,0.0,0.0
2019-04-11 00:00:00+07:00,2387.002448829445,2394.8803447001687,2331.857177734375,2331.857177734375,70389000,0.0,0.0
2019-04-12 00:00:00+07:00,2316.1012841963525,2331.8570752453074,2300.3454931473975,2308.223388671875,53372400,0.0,0.0
2019-04-15 00:00:00+07:00,2331.8571096407313,2347.6129009220876,2308.223422718697,2316.101318359375,48251000,0.0,0.0
2019-04-16 00:00:00+07:00,2323.979103963883,2402.758056640625,2316.101208696209,2402.758056640625,143066800,0.0,0.0
2019-04-17 00:00:00+07:00,2402.758056640625,2402.758056640625,2402.758056640625,2402.758056640625,0,0.0,0.0
2019-04-18 00:00:00+07:00,2457.9033203125,2560.315958658854,2450.025425055088,2457.9033203125,243343400,0.0,0.0
2019-04-19 00:00:00+07:00,2457.9033203125,2457.9033203125,2457.9033203125,2457.9033203125,0,0.0,0.0
2019-04-22 00:00:00+07:00,2457.9034967237903,2481.5371841922884,2410.6361217867943,2442.147705078125,69981800,0.0,0.0
2019-04-23 00:00:00+07:00,2426.3918115075326,2450.0254979832553,2418.513916015625,2418.513916015625,65384600,0.0,0.0
2019-04-24 00:00:00+07:00,2426.3918115075326,2434.26970699944,2402.75812503181,2418.513916015625,55408400,0.0,0.0
2019-04-25 00:00:00+07:00,2410.63623046875,2418.5141266467526,2379.1246457567404,2410.63623046875,111185200,0.0,0.0
2019-04-26 00:00:00+07:00,2379.1247440078882,2457.903709041262,2355.491054497876,2434.27001953125,150697400,0.0,0.0
2019-04-29 00:00:00+07:00,2426.3919469704583,2457.9035306973474,2418.514051038736,2450.025634765625,112773000,0.0,0.0
2019-04-30 00:00:00+07:00,2465.781605544599,2481.5373985512742,2434.27001953125,2434.27001953125,103243000,0.0,0.0
2019-05-01 00:00:00+07:00,2434.27001953125,2434.27001953125,2434.27001953125,2434.27001953125,0,0.0,0.0
2019-05-02 00:00:00+07:00,2426.391845703125,2434.2697413060573,2402.758158894328,2426.391845703125,68943800,0.0,0.0
2019-05-03 00:00:00+07:00,2426.392022824755,2426.392022824755,2387.0025419347426,2410.63623046875,60141600,0.0,0.0
2019-05-06 00:00:00+07:00,2363.3686864098836,2387.002373273983,2308.2234170603197,2371.24658203125,100956600,0.0,0.0
2019-05-07 00:00:00+07:00,2418.5141266467526,2418.5141266467526,2379.1246457567404,2410.63623046875,68861800,0.0,0.0
2019-05-08 00:00:00+07:00,2363.3686864098836,2387.002373273983,2347.6128951671512,2371.24658203125,79916800,0.0,0.0
2019-05-09 00:00:00+07:00,2347.613103841146,2387.0025854492187,2347.613103841146,2363.368896484375,90947000,0.0,0.0
2019-05-10 00:00:00+07:00,2379.1246554269437,2387.002551636967,2323.979381956783,2355.490966796875,65009400,0.0,0.0
2019-05-13 00:00:00+07:00,2387.002373273983,2410.6360601380816,2363.3686864098836,2371.24658203125,83342800,0.0,0.0
2019-05-14 00:00:00+07:00,2347.61279296875,2371.246478804006,2331.8570024119126,2347.61279296875,85983800,0.0,0.0
2019-05-15 00:00:00+07:00,2371.2464439315027,2394.8801294191917,2339.73486328125,2339.73486328125,112972400,0.0,0.0
2019-05-16 00:00:00+07:00,2316.101318359375,2347.6129009220876,2284.5897357966624,2316.101318359375,86481000,0.0,0.0
2019-05-17 00:00:00+07:00,2363.36855399735,2363.36855399735,2229.4443359375,2229.4443359375,59716600,0.0,0.0
2019-05-20 00:00:00+07:00,2205.81061445718,2292.4674600251406,2197.9327194055472,2276.711669921875,93447200,0.0,0.0
2019-05-21 00:00:00+07:00,2292.467494780442,2316.1011802936423,2229.4443334119073,2284.589599609375,128877200,0.0,0.0
2019-05-22 00:00:00+07:00,2308.223354391856,2331.857040614298,2276.711772761933,2300.345458984375,88253000,0.0,0.0
2019-05-23 00:00:00+07:00,2316.101615679146,2394.880582198845,2308.2237190271762,2387.002685546875,65668800,0.0,0.0
2019-05-24 00:00:00+07:00,2394.880263291396,2450.0255325119215,2387.002367688464,2426.391845703125,99151200,0.0,0.0
2019-05-27 00:00:00+07:00,2472.3305648260516,2512.993896484375,2447.9325658310577,2512.993896484375,144611000,120.60814,0.0
2019-05-28 00:00:00+07:00,2504.8611328125,2504.8611328125,2391.00380859375,2399.136474609375,298780800,0.0,0.0
2019-05-29 00:00:00+07:00,2423.5342799306704,2456.06494140625,2407.268949192881,2456.06494140625,89397400,0.0,0.0
2019-05-30 00:00:00+07:00,2456.06494140625,2456.06494140625,2456.06494140625,2456.06494140625,0,0.0,0.0
2019-05-31 00:00:00+07:00,2472.330275346091,2529.258933002087,2456.0649445872355,2496.728271484375,173453000,0.0,0.0
2019-06-03 00:00:00+07:00,2496.728271484375,2496.728271484375,2496.728271484375,2496.728271484375,0,0.0,0.0
2019-06-04 00:00:00+07:00,2496.728271484375,2496.728271484375,2496.728271484375,2496.728271484375,0,0.0,0.0
2019-06-05 00:00:00+07:00,2496.728271484375,2496.728271484375,2496.728271484375,2496.728271484375,0,0.0,0.0
2019-06-06 00:00:00+07:00,2496.728271484375,2496.728271484375,2496.728271484375,2496.728271484375,0,0.0,0.0
2019-06-07 00:00:00+07:00,2496.728271484375,2496.728271484375,2496.728271484375,2496.728271484375,0,0.0,0.0
2019-06-10 00:00:00+07:00,2553.656982421875,2586.187644618332,2545.5243168727607,2553.656982421875,208042400,0.0,0.0
2019-06-11 00:00:00+07:00,2561.78955078125,2569.9222160218255,2537.391555059524,2561.78955078125,107140400,0.0,0.0
2019-06-12 00:00:00+07:00,2569.9222160218255,2569.9222160218255,2537.391555059524,2561.78955078125,69330800,0.0,0.0
2019-06-13 00:00:00+07:00,2561.7895000811204,2569.922165160743,2504.8608445237624,2545.524169921875,63482400,0.0,0.0
2019-06-14 00:00:00+07:00,2561.7895000811204,2561.7895000811204,2537.3915048422527,2545.524169921875,61672200,0.0,0.0
2019-06-17 00:00:00+07:00,2569.9222631209936,2569.9222631209936,2537.3916015625,2537.3916015625,47269400,0.0,0.0
2019-06-18 00:00:00+07:00,2529.258985774532,2561.7896479709893,2529.258985774532,2553.656982421875,104106200,0.0,0.0
2019-06-19 00:00:00+07:00,2569.922557675353,2602.4532229623824,2561.789891353595,2594.320556640625,156615200,0.0,0.0
2019-06-20 00:00:00+07:00,2602.4530758647797,2618.718407588935,2578.0550782785476,2586.187744140625,93589200,0.0,0.0
2019-06-21 00:00:00+07:00,2602.4532229623824,2610.5858892841397,2569.922557675353,2594.320556640625,145919600,0.0,0.0
2019-06-24 00:00:00+07:00,2569.922557675353,2610.5858892841397,2569.922557675353,2594.320556640625,70252200,0.0,0.0
2019-06-25 00:00:00+07:00,2610.5857417268576,2610.5857417268576,2578.0550782785476,2586.187744140625,59303200,0.0,0.0
2019-06-26 00:00:00+07:00,2553.6570806923155,2602.4530758647797,2553.6570806923155,2586.187744140625,72115200,0.0,0.0
2019-06-27 00:00:00+07:00,2594.3202156066895,2618.7182113647464,2594.3202156066895,2602.452880859375,63152000,0.0,0.0
2019-06-28 00:00:00+07:00,2610.585693359375,2618.718359070775,2594.3203619365754,2610.585693359375,61888000,0.0,0.0
2019-07-01 00:00:00+07:00,2618.7182113647464,2626.850876617432,2594.3202156066895,2602.452880859375,61455600,0.0,0.0
2019-07-02 00:00:00+07:00,2618.718359070775,2618.718359070775,2594.3203619365754,2610.585693359375,64875600,0.0,0.0
2019-07-03 00:00:00+07:00,2586.1876962251754,2610.585693359375,2586.1876962251754,2610.585693359375,93933600,0.0,0.0
2019-07-04 00:00:00+07:00,2618.718359070775,2618.718359070775,2602.453027647975,2610.585693359375,31578600,0.0,0.0
2019-07-05 00:00:00+07:00,2578.0548302403654,2610.585490558856,2512.9935096033846,2545.524169921875,186756200,0.0,0.0
2019-07-08 00:00:00+07:00,2521.1262245783732,2561.78955078125,2512.9935593377977,2561.78955078125,105905600,0.0,0.0
2019-07-09 00:00:00+07:00,2545.5243661614913,2578.055028987836,2537.391700454905,2569.92236328125,88590800,0.0,0.0
2019-07-10 00:00:00+07:00,2586.187744140625,2602.4530758647797,2578.0550782785476,2586.187744140625,100964600,0.0,0.0
2019-07-11 00:00:00+07:00,2610.585546112061,2618.7182113647464,2594.3202156066895,2602.452880859375,70231200,0.0,0.0
2019-07-12 00:00:00+07:00,2618.7184083542957,2643.1164059476587,2610.5857424898413,2626.85107421875,73474000,0.0,0.0
2019-07-15 00:00:00+07:00,2651.248779296875,2659.3814442640432,2634.983449362538,2651.248779296875,89444800,0.0,0.0
2019-07-16 00:00:00+07:00,2626.85107421875,2643.1164059476587,2594.3204107609326,2626.85107421875,146626400,0.0,0.0
2019-07-17 00:00:00+07:00,2602.4532229623824,2618.7185556058976,2586.1878903188676,2594.320556640625,128231000,0.0,0.0
2019-07-18 00:00:00+07:00,2569.922313520103,2586.187644618332,2545.5243168727607,2553.656982421875,142262000,0.0,0.0
2019-07-19 00:00:00+07:00,2537.391555059524,2569.9222160218255,2537.391555059524,2561.78955078125,104530000,0.0,0.0
2019-07-22 00:00:00+07:00,2537.391698904743,2545.5243646063605,2521.126367501507,2529.259033203125,82851000,0.0,0.0
2019-07-23 00:00:00+07:00,2545.524413269836,2553.657079126928,2504.861083984375,2504.861083984375,74981800,0.0,0.0
2019-07-24 00:00:00+07:00,2504.861083984375,2545.524413269836,2504.861083984375,2504.861083984375,65565800,0.0,0.0
2019-07-25 00:00:00+07:00,2512.99360539363,2537.3916015625,2504.8609400040064,2537.3916015625,77462000,0.0,0.0
2019-07-26 00:00:00+07:00,2488.5958007812496,2529.2591308593746,2480.463134765625,2521.12646484375,62727400,0.0,0.0
2019-07-29 00:00:00+07:00,2545.5242669521235,2545.5242669521235,2496.728274614383,2537.3916015625,55206400,0.0,0.0
2019-07-30 00:00:00+07:00,2537.3917489681603,2594.3204100027024,2512.993751381928,2586.187744140625,87075600,0.0,0.0
2019-07-31 00:00:00+07:00,2561.789891353595,2594.320556640625,2537.391892388323,2594.320556640625,59008800,0.0,0.0
2019-08-01 00:00:00+07:00,2561.789696009596,2569.922361711214,2512.9937017998895,2529.259033203125,96731000,0.0,0.0
2019-08-02 00:00:00+07:00,2504.860936863803,2521.126267622659,2472.330275346091,2496.728271484375,103727000,0.0,0.0
2019-08-05 00:00:00+07:00,2472.330268834175,2488.5955995501895,2382.870949896096,2415.401611328125,129862600,0.0,0.0
2019-08-06 00:00:00+07:00,2374.7384765624997,2407.2691406249996,2309.6771484375,2358.47314453125,157132400,0.0,0.0
2019-08-07 00:00:00+07:00,2366.6056655572384,2407.2689931441323,2366.6056655572384,2391.003662109375,103932800,0.0,0.0
2019-08-08 00:00:00+07:00,2423.53447265625,2447.9324707031246,2391.00380859375,2439.7998046875,85711800,0.0,0.0
2019-08-09 00:00:00+07:00,2439.7995097525168,2456.0648398175335,2423.5341796875,2423.5341796875,39017600,0.0,0.0
2019-08-12 00:00:00+07:00,2439.7997057115713,2439.7997057115713,2391.0037115973396,2407.26904296875,69256600,0.0,0.0
2019-08-13 00:00:00+07:00,2456.0649862484056,2456.0649862484056,2374.7383310746172,2391.003662109375,68067800,0.0,0.0
2019-08-14 00:00:00+07:00,2439.7998046875,2447.9324707031246,2391.00380859375,2439.7998046875,107613000,0.0,0.0
2019-08-15 00:00:00+07:00,2391.0037115973396,2407.26904296875,2374.738380225929,2407.26904296875,57456400,0.0,0.0
2019-08-16 00:00:00+07:00,2407.2691406249996,2415.4018066406247,2382.871142578125,2399.136474609375,47693000,0.0,0.0
2019-08-19 00:00:00+07:00,2423.53432417889,2423.53432417889,2382.870996591996,2391.003662109375,38551200,0.0,0.0
2019-08-20 00:00:00+07:00,2415.4018066406247,2423.53447265625,2374.7384765624997,2399.136474609375,75396200,0.0,0.0
2019-08-21 00:00:00+07:00,2382.8709940662848,2391.0036595750435,2350.34033203125,2350.34033203125,49841400,0.0,0.0
2019-08-22 00:00:00+07:00,2374.738328557526,2382.8709940662848,2325.942335504974,2350.34033203125,77652800,0.0,0.0
2019-08-23 00:00:00+07:00,2358.472947177156,2358.472947177156,2325.9422858367816,2334.074951171875,44535800,0.0,0.0
2019-08-26 00:00:00+07:00,2309.6771976119235,2309.6771976119235,2277.146532856826,2293.411865234375,78614600,0.0,0.0
2019-08-27 00:00:00+07:00,2293.411718402469,2317.8097154067505,2285.279052734375,2285.279052734375,153201600,0.0,0.0
2019-08-28 00:00:00+07:00,2285.2791990456003,2309.6771976119235,2260.881200479277,2293.411865234375,96082400,0.0,0.0
2019-08-29 00:00:00+07:00,2293.4115244727254,2309.676854433525,2285.278859492326,2301.544189453125,63748800,0.0,0.0
2019-08-30 00:00:00+07:00,2317.809814453125,2358.47314453125,2301.544482421875,2358.47314453125,106370600,0.0,0.0
2019-09-02 00:00:00+07:00,2350.3402818420623,2350.3402818420623,2317.8096205016877,2334.074951171875,37622200,0.0,0.0
2019-09-03 00:00:00+07:00,2334.075044936028,2342.207710597826,2220.217725670856,2244.61572265625,96998200,0.0,0.0
2019-09-04 00:00:00+07:00,2269.0136216366764,2269.0136216366764,2228.350295084048,2252.748291015625,74434600,0.0,0.0
2019-09-05 00:00:00+07:00,2277.1468273969535,2285.2794946376566,2252.748825674843,2269.01416015625,78642800,0.0,0.0
2019-09-06 00:00:00+07:00,2285.2791990456003,2325.9425299894724,2269.013866668052,2293.411865234375,88646000,0.0,0.0
2019-09-09 00:00:00+07:00,2301.5448291190637,2301.5448291190637,2252.748825674843,2269.01416015625,55841400,0.0,0.0
2019-09-10 00:00:00+07:00,2244.6158681017287,2293.411865234375,2244.6158681017287,2293.411865234375,52070400,0.0,0.0
2019-09-11 00:00:00+07:00,2277.146388767482,2325.9423828125,2260.8810574191434,2325.9423828125,80777800,0.0,0.0
2019-09-12 00:00:00+07:00,2358.473045509178,2382.8710425316867,2309.6770514641607,2325.9423828125,84564600,0.0,0.0
2019-09-13 00:00:00+07:00,2350.340429517958,2358.473095364041,2317.8097661336265,2342.207763671875,28700200,0.0,0.0
2019-09-16 00:00:00+07:00,2293.4118164062497,2309.6771484375,2252.7484863281247,2277.146484375,66615800,0.0,0.0
2019-09-17 00:00:00+07:00,2252.748825674843,2309.677496359767,2252.748825674843,2269.01416015625,70992200,0.0,0.0
2019-09-18 00:00:00+07:00,2301.5444344414605,2342.207763671875,2293.411768595378,2342.207763671875,53708400,0.0,0.0
2019-09-19 00:00:00+07:00,2334.0749984526296,2334.0749984526296,2301.54433645329,2309.677001953125,35941600,0.0,0.0
2019-09-20 00:00:00+07:00,2309.676854433525,2325.942184394324,2269.0135295315263,2301.544189453125,104743400,0.0,0.0
2019-09-23 00:00:00+07:00,2293.4118164062497,2309.6771484375,2260.88115234375,2277.146484375,49012600,0.0,0.0
2019-09-24 00:00:00+07:00,2252.7484376756406,2269.0137693556094,2228.350440155688,2260.881103515625,52110000,0.0,0.0
2019-09-25 00:00:00+07:00,2269.013719641644,2277.146385303442,2236.483056994452,2244.61572265625,37565400,0.0,0.0
2019-09-26 00:00:00+07:00,2277.146339953785,2309.677001953125,2260.8810089541153,2309.677001953125,45471400,0.0,0.0
2019-09-27 00:00:00+07:00,2277.1468273969535,2293.41216187836,2260.8814929155465,2269.01416015625,44329400,0.0,0.0
2019-09-30 00:00:00+07:00,2244.61615843414,2269.01416015625,2244.61615843414,2269.01416015625,58294000,0.0,0.0
2019-10-01 00:00:00+07:00,2244.61572265625,2293.411716627038,2244.61572265625,2244.61572265625,31243400,0.0,0.0
2019-10-02 00:00:00+07:00,2236.483051402359,2260.881048326748,2114.493066780412,2122.625732421875,129586200,0.0,0.0
2019-10-03 00:00:00+07:00,2122.6257305145264,2122.6257305145264,2041.2990741729734,2081.96240234375,146789000,0.0,0.0
2019-10-04 00:00:00+07:00,2098.2277336120605,2122.6257305145264,2057.564405441284,2081.96240234375,69121800,0.0,0.0
2019-10-07 00:00:00+07:00,2106.3603486789493,2106.3603486789493,2057.5643560454605,2065.697021484375,36656400,0.0,0.0
2019-10-08 00:00:00+07:00,2065.69716796875,2114.4931640625,2065.69716796875,2114.4931640625,104992000,0.0,0.0
2019-10-09 00:00:00+07:00,2098.2278810493676,2106.3605472549852,2081.9625486381324,2090.09521484375,55131400,0.0,0.0
2019-10-10 00:00:00+07:00,2090.0950698560227,2147.0237293462646,2090.0950698560227,2122.625732421875,120255400,0.0,0.0
2019-10-11 00:00:00+07:00,2114.492727963979,2163.288713993917,2106.360063625656,2130.758056640625,96816400,0.0,0.0
2019-10-14 00:00:00+07:00,2155.1565921667852,2171.4219249378552,2114.49326023911,2147.02392578125,65272800,0.0,0.0
2019-10-15 00:00:00+07:00,2130.7584474512832,2147.0237791112168,2114.4931157913497,2138.89111328125,94139600,0.0,0.0
2019-10-16 00:00:00+07:00,2147.023828125,2163.2891601562496,2130.7584960937497,2155.156494140625,118973800,0.0,0.0
2019-10-17 00:00:00+07:00,2155.1564458590833,2179.554443359375,2155.1564458590833,2179.554443359375,150037800,0.0,0.0
2019-10-18 00:00:00+07:00,2171.421970494119,2236.4833029433807,2163.289303937961,2203.95263671875,117544400,0.0,0.0
2019-10-21 00:00:00+07:00,2212.0849609375,2220.2176262350645,2179.5542997472426,2212.0849609375,83622800,0.0,0.0
2019-10-22 00:00:00+07:00,2228.3504392742675,2228.3504392742675,2195.819775927198,2220.2177734375,62050200,0.0,0.0
2019-10-23 00:00:00+07:00,2220.217539649128,2309.676854433525,2195.819544707929,2301.544189453125,98440400,0.0,0.0
2019-10-24 00:00:00+07:00,2317.8096699962152,2358.4729975400087,2301.5443389786983,2350.34033203125,132797200,0.0,0.0
2019-10-25 00:00:00+07:00,2366.6058105468746,2366.6058105468746,2269.013818359375,2277.146484375,105735200,0.0,0.0
2019-10-28 00:00:00+07:00,2277.146484375,2301.544482421875,2252.7484863281247,2277.146484375,46389600,0.0,0.0
2019-10-29 00:00:00+07:00,2309.677001953125,2325.942332952795,2277.146339953785,2309.677001953125,91735400,0.0,0.0
2019-10-30 00:00:00+07:00,2301.5443840705625,2301.5443840705625,2269.013721398187,2285.279052734375,47667200,0.0,0.0
2019-10-31 00:00:00+07:00,2293.411718402469,2293.411718402469,2244.6157243939056,2285.279052734375,78160000,0.0,0.0
2019-11-01 00:00:00+07:00,2285.2794946376566,2285.2794946376566,2252.748825674843,2269.01416015625,24366800,0.0,0.0
2019-11-04 00:00:00+07:00,2277.1462357954542,2285.278900923295,2236.48291015625,2236.48291015625,56584800,0.0,0.0
2019-11-05 00:00:00+07:00,2260.881105211046,2342.207763671875,2252.7484393649634,2342.207763671875,94253000,0.0,0.0
2019-11-06 00:00:00+07:00,2334.075498081877,2342.2081653225805,2220.2181567120297,2269.01416015625,113175200,0.0,0.0
2019-11-07 00:00:00+07:00,2285.2791503906246,2285.2791503906246,2203.9524902343746,2277.146484375,78753600,0.0,0.0
2019-11-08 00:00:00+07:00,2269.0136744539504,2325.942332952795,2228.3503469547754,2309.677001953125,76355000,0.0,0.0
2019-11-11 00:00:00+07:00,2301.5445314231492,2309.6771976119235,2269.013866668052,2293.411865234375,45212000,0.0,0.0
2019-11-12 00:00:00+07:00,2277.146387066281,2309.6770497386565,2252.7483900619995,2285.279052734375,52900800,0.0,0.0
2019-11-13 00:00:00+07:00,2277.1462357954542,2277.1462357954542,2203.9522496448863,2236.48291015625,75148400,0.0,0.0
2019-11-14 00:00:00+07:00,2236.48291015625,2244.615575284091,2179.5542542613634,2236.48291015625,66698600,0.0,0.0
2019-11-15 00:00:00+07:00,2252.7484376756406,2285.2791010355777,2252.7484376756406,2260.881103515625,47017200,0.0,0.0
2019-11-18 00:00:00+07:00,2260.8814929155465,2285.2794946376566,2236.4834911934363,2269.01416015625,61287000,0.0,0.0
2019-11-19 00:00:00+07:00,2285.279054441652,2325.9423828125,2260.8810574191434,2325.9423828125,67006200,0.0,0.0
2019-11-20 00:00:00+07:00,2325.942332952795,2342.207663952465,2293.411670953455,2309.677001953125,46727600,0.0,0.0
2019-11-21 00:00:00+07:00,2277.14629382622,2342.207616506969,2260.8809631560325,2334.074951171875,60944600,0.0,0.0
2019-11-22 00:00:00+07:00,2309.676854433525,2334.074849374724,2293.4115244727254,2301.544189453125,40452800,0.0,0.0
2019-11-25 00:00:00+07:00,2277.1468273969535,2293.41216187836,2252.748825674843,2269.01416015625,47676200,0.0,0.0
2019-11-26 00:00:00+07:00,2277.146286947202,2293.4116175682534,2244.6156257050993,2252.748291015625,173533200,0.0,0.0
2019-11-27 00:00:00+07:00,2220.217725670856,2269.013719641644,2212.085060009058,2244.61572265625,72928800,0.0,0.0
2019-11-28 00:00:00+07:00,2228.350636387223,2244.6159694995386,2203.95263671875,2203.95263671875,56275200,0.0,0.0
2019-11-29 00:00:00+07:00,2203.9528222306226,2277.1468273969535,2203.9528222306226,2269.01416015625,53250600,0.0,0.0
2019-12-02 00:00:00+07:00,2269.0136744539504,2325.942332952795,2252.7483434542805,2309.677001953125,74561000,0.0,0.0
2019-12-03 00:00:00+07:00,2293.411624496407,2334.074951171875,2285.278959161313,2334.074951171875,79039000,0.0,0.0
2019-12-04 00:00:00+07:00,2301.544189453125,2325.942184394324,2293.4115244727254,2301.544189453125,65802200,0.0,0.0
2019-12-05 00:00:00+07:00,2309.6769551665943,2342.207616506969,2301.5442898315005,2334.074951171875,74217800,0.0,0.0
2019-12-06 00:00:00+07:00,2342.207616506969,2350.3402818420623,2317.8096205016877,2334.074951171875,53720600,0.0,0.0
2019-12-09 00:00:00+07:00,2342.2078125,2374.7384765624997,2342.2078125,2358.47314453125,72098600,0.0,0.0
2019-12-10 00:00:00+07:00,2342.2078125,2407.2691406249996,2342.2078125,2399.136474609375,132230000,0.0,0.0
2019-12-11 00:00:00+07:00,2391.003662109375,2407.2689931441323,2382.870996591996,2391.003662109375,68454200,0.0,0.0
2019-12-12 00:00:00+07:00,2382.8709465967468,2423.5342733304797,2366.6056159032537,2374.73828125,79738600,0.0,0.0
2019-12-13 00:00:00+07:00,2407.2691406249996,2423.53447265625,2391.00380859375,2399.136474609375,127472400,0.0,0.0
2019-12-16 00:00:00+07:00,2391.003662109375,2415.401658661511,2391.003662109375,2391.003662109375,96037400,0.0,0.0
2019-12-17 00:00:00+07:00,2391.003662109375,2407.2689931441323,2382.870996591996,2391.003662109375,100790000,0.0,0.0
2019-12-18 00:00:00+07:00,2391.0037132085754,2456.0650387380606,2382.87104751739,2447.932373046875,123281600,0.0,0.0
2019-12-19 00:00:00+07:00,2447.9323256643193,2472.330322265625,2431.6669945967824,2472.330322265625,112903200,0.0,0.0
2019-12-20 00:00:00+07:00,2456.065088841822,2504.861083984375,2456.065088841822,2504.861083984375,150472200,0.0,0.0
2019-12-23 00:00:00+07:00,2537.391895479369,2537.391895479369,2496.7285638210456,2512.993896484375,131246800,0.0,0.0
2019-12-26 00:00:00+07:00,2529.2589361728765,2545.5242669521235,2521.1262707832534,2537.3916015625,140936400,0.0,0.0
2019-12-27 00:00:00+07:00,2545.524462890625,2545.524462890625,2512.993798828125,2521.12646484375,58182800,0.0,0.0
2019-12-30 00:00:00+07:00,2512.993602243231,2537.391598381515,2488.5956061049474,2496.728271484375,78005800,0.0,0.0
2020-01-02 00:00:00+07:00,2496.7284667968747,2529.2591308593746,2488.5958007812496,2521.12646484375,37379800,0.0,0.0
2020-01-03 00:00:00+07:00,2521.1265628160395,2545.5245618110334,2480.4632311577166,2512.993896484375,70294600,0.0,0.0
2020-01-06 00:00:00+07:00,2488.595653333162,2496.7283188669303,2447.9323256643193,2472.330322265625,61892000,0.0,0.0
2020-01-07 00:00:00+07:00,2512.9936499344676,2512.9936499344676,2464.1976567318566,2472.330322265625,70895600,0.0,0.0
2020-01-08 00:00:00+07:00,2456.0651367187497,2456.0651367187497,2399.136474609375,2439.7998046875,105080600,0.0,0.0
2020-01-09 00:00:00+07:00,2456.065088841822,2512.993749841467,2447.9324229847302,2504.861083984375,75587000,0.0,0.0
2020-01-10 00:00:00+07:00,2504.8612301527105,2512.993896484375,2488.595897489381,2512.993896484375,64231800,0.0,0.0
2020-01-13 00:00:00+07:00,2512.993896484375,2521.1265628160395,2488.595897489381,2512.993896484375,75399600,0.0,0.0
2020-01-14 00:00:00+07:00,2537.3917968749997,2537.3917968749997,2504.8611328125,2521.12646484375,104134400,0.0,0.0
2020-01-15 00:00:00+07:00,2521.1263659109477,2537.3916973039213,2472.330371732026,2488.595703125,89795200,0.0,0.0
2020-01-16 00:00:00+07:00,2472.3302721440396,2496.7282682507243,2447.932276037355,2456.06494140625,145432200,0.0,0.0
2020-01-17 00:00:00+07:00,2464.197898494387,2521.1265628160395,2447.9325658310577,2512.993896484375,130500200,0.0,0.0
2020-01-20 00:00:00+07:00,2537.3915471311475,2537.3915471311475,2472.3302254098357,2480.462890625,24031800,0.0,0.0
2020-01-21 00:00:00+07:00,2521.1264156985594,2521.1264156985594,2480.4630864130986,2504.861083984375,39166600,0.0,0.0
2020-01-22 00:00:00+07:00,2521.1262707832534,2553.6569323417466,2512.99360539363,2537.3916015625,122175200,0.0,0.0
2020-01-23 00:00:00+07:00,2537.391698904743,2545.5243646063605,2504.8610360982716,2529.259033203125,83127800,0.0,0.0
2020-01-24 00:00:00+07:00,2545.5240289826497,2602.4526813880125,2512.9933704653,2578.0546875,154702000,0.0,0.0
2020-01-27 00:00:00+07:00,2586.187893469357,2594.3205598010213,2504.8612301527105,2512.993896484375,98280000,0.0,0.0
2020-01-28 00:00:00+07:00,2488.5958007812496,2545.524462890625,2472.33046875,2521.12646484375,69349600,0.0,0.0
2020-01-29 00:00:00+07:00,2545.5242669521235,2578.054928510617,2529.2589361728765,2537.3916015625,109661000,0.0,0.0
2020-01-30 00:00:00+07:00,2537.3916973039213,2545.5243630004084,2472.330371732026,2488.595703125,85395600,0.0,0.0
2020-01-31 00:00:00+07:00,2496.7282682507243,2504.860933619619,2423.5342799306704,2456.06494140625,157661000,0.0,0.0
2020-02-03 00:00:00+07:00,2407.2691406249996,2464.197802734375,2391.00380859375,2439.7998046875,87271800,0.0,0.0
2020-02-04 00:00:00+07:00,2472.330370120432,2496.7283671939886,2439.7997073556894,2447.932373046875,138857400,0.0,0.0
2020-02-05 00:00:00+07:00,2472.3304205560066,2504.861083984375,2456.065088841822,2504.861083984375,130211200,0.0,0.0
2020-02-06 00:00:00+07:00,2537.3917474127434,2553.657079126928,2496.728418127283,2504.861083984375,111029400,0.0,0.0
2020-02-07 00:00:00+07:00,2496.7285638210456,2521.1265628160395,2496.7285638210456,2512.993896484375,86438600,0.0,0.0
2020-02-10 00:00:00+07:00,2504.8612301527105,2521.1265628160395,2472.3305648260516,2512.993896484375,78553800,0.0,0.0
2020-02-11 00:00:00+07:00,2512.9937017998895,2545.5243646063605,2496.728370396654,2529.259033203125,98520200,0.0,0.0
2020-02-12 00:00:00+07:00,2545.5242669521235,2569.9222631209936,2529.2589361728765,2537.3916015625,104678800,0.0,0.0
2020-02-13 00:00:00+07:00,2545.5243168727607,2586.187644618332,2537.3916513236463,2553.656982421875,87904000,0.0,0.0
2020-02-14 00:00:00+07:00,2521.1261746830073,2553.6568350014977,2521.1261746830073,2545.524169921875,41345200,0.0,0.0
2020-02-17 00:00:00+07:00,2553.656982421875,2561.7896479709893,2537.3916513236463,2553.656982421875,29816600,0.0,0.0
2020-02-18 00:00:00+07:00,2537.3915048422527,2553.6568350014977,2537.3915048422527,2545.524169921875,65442000,0.0,0.0
2020-02-19 00:00:00+07:00,2553.6570806923155,2586.187744140625,2537.3917489681603,2586.187744140625,121614200,0.0,0.0
2020-02-20 00:00:00+07:00,2610.585546112061,2618.7182113647464,2578.0548851013186,2602.452880859375,114537600,0.0,0.0
2020-02-21 00:00:00+07:00,2586.1876946944226,2602.4530261075947,2545.5243661614913,2569.92236328125,91798000,0.0,0.0
2020-02-24 00:00:00+07:00,2537.391698904743,2545.5243646063605,2488.595704695036,2529.259033203125,128768800,0.0,0.0
2020-02-25 00:00:00+07:00,2529.2589361728765,2569.9222631209936,2504.8609400040064,2537.3916015625,105951800,0.0,0.0
2020-02-26 00:00:00+07:00,2521.1263659109477,2521.1263659109477,2488.595703125,2488.595703125,198171000,0.0,0.0
2020-02-27 00:00:00+07:00,2488.5956483179207,2504.8609793526784,2358.4730000398595,2391.003662109375,223088600,0.0,0.0
2020-02-28 00:00:00+07:00,2306.7118788257085,2486.122802734375,2238.3648601938357,2486.122802734375,188868200,176.67085,0.0
2020-03-02 00:00:00+07:00,2443.406105974595,2477.5796179462677,2375.05908203125,2375.05908203125,101550200,0.0,0.0
2020-03-03 00:00:00+07:00,2426.319166395399,2511.752939860026,2400.6890343560112,2460.49267578125,96445200,0.0,0.0
2020-03-04 00:00:00+07:00,2477.579570247178,2563.013348531563,2469.0361924187396,2554.469970703125,92555400,0.0,0.0
2020-03-05 00:00:00+07:00,2580.100012528269,2614.273522627981,2563.013257478413,2597.186767578125,104748600,0.0,0.0
2020-03-06 00:00:00+07:00,2528.8398572198275,2528.8398572198275,2469.0362119477372,2477.57958984375,72311200,0.0,0.0
2020-03-09 00:00:00+07:00,2392.1456154942966,2392.1456154942966,2246.908203125,2246.908203125,113132400,0.0,0.0
2020-03-10 00:00:00+07:00,2272.5383167613636,2392.1455965909095,2272.5383167613636,2349.4287109375,114052000,0.0,0.0
2020-03-11 00:00:00+07:00,2366.5155507740956,2409.232437972184,2263.9950214986834,2332.342041015625,97168800,0.0,0.0
2020-03-12 00:00:00+07:00,2212.7349497279306,2281.081975202152,2127.301167885153,2195.648193359375,91578200,0.0,0.0
2020-03-13 00:00:00+07:00,2118.7575587475394,2212.7347085306965,2050.410540723425,2170.017822265625,238623800,0.0,0.0
2020-03-16 00:00:00+07:00,2170.017822265625,2170.017822265625,2170.017822265625,2170.017822265625,0,0.0,0.0
2020-03-17 00:00:00+07:00,2024.780203840851,2024.780203840851,1888.086181640625,1888.086181640625,186380400,0.0,0.0
2020-03-18 00:00:00+07:00,1913.716588288835,1930.8033435414138,1759.935791015625,1759.935791015625,215103400,0.0,0.0
2020-03-19 00:00:00+07:00,1708.6756314016832,1708.6756314016832,1636.9112548828125,1636.9112548828125,167876200,0.0,0.0
2020-03-20 00:00:00+07:00,1619.8243780435469,1619.8243780435469,1524.1385498046875,1524.1385498046875,478236600,0.0,0.0
2020-03-23 00:00:00+07:00,1486.5477044898344,1486.5477044898344,1418.2006835937502,1418.20068359375,59985800,0.0,0.0
2020-03-24 00:00:00+07:00,1418.2005855580069,1445.539392026595,1319.097412109375,1319.097412109375,237296200,0.0,0.0
2020-03-26 00:00:00+07:00,1298.5932857504893,1565.146644404537,1291.7585842465394,1527.5557861328125,386557200,0.0,0.0
2020-03-27 00:00:00+07:00,1541.225405797302,1785.5660189115085,1537.8080545649354,1688.1715087890625,396812000,0.0,0.0
2020-03-30 00:00:00+07:00,1653.9979969853941,1653.9979969853941,1571.9815673828125,1571.9815673828125,39766600,0.0,0.0
2020-03-31 00:00:00+07:00,1589.068137926933,1647.163102109208,1520.7211212419038,1599.3201904296875,208047600,0.0,0.0
2020-04-01 00:00:00+07:00,1589.068084518201,1667.6671510642625,1517.3037194109274,1575.398681640625,152367000,0.0,0.0
2020-04-02 00:00:00+07:00,1561.7294996402138,1623.2418212890625,1489.9651243832236,1623.2418212890625,132225200,0.0,0.0
2020-04-03 00:00:00+07:00,1640.3284748134329,1717.2188720703125,1640.3284748134329,1717.2188720703125,105225600,0.0,0.0
2020-04-06 00:00:00+07:00,1717.2190563495344,1785.5660834679238,1674.502164400541,1777.022705078125,113980400,0.0,0.0
2020-04-07 00:00:00+07:00,1845.3696122332317,1913.7166349085367,1698.4235134813264,1751.3924560546875,191464600,0.0,0.0
2020-04-08 00:00:00+07:00,1768.4791305829895,1768.4791305829895,1630.076416015625,1630.076416015625,155834800,0.0,0.0
2020-04-09 00:00:00+07:00,1640.3285181343683,1674.5020289288343,1575.3988476248828,1595.9029541015625,163570800,0.0,0.0
2020-04-13 00:00:00+07:00,1599.3201519242868,1599.3201519242868,1527.5557861328125,1527.5557861328125,115331000,0.0,0.0
2020-04-14 00:00:00+07:00,1530.9733315098467,1585.6509504923413,1503.6345220185995,1561.7294921875,132848000,0.0,0.0
2020-04-15 00:00:00+07:00,1585.650821200284,1602.7375757390803,1503.6343994140625,1503.6343994140625,124661000,0.0,0.0
2020-04-16 00:00:00+07:00,1503.6343782474764,1503.6343782474764,1418.2006067561424,1438.7047119140625,215224000,0.0,0.0
2020-04-17 00:00:00+07:00,1442.122068640304,1510.4690861114084,1442.122068640304,1496.7996826171875,163407600,0.0,0.0
2020-04-20 00:00:00+07:00,1520.7212553744457,1548.0600644598292,1459.2089349323335,1493.3824462890625,120672000,0.0,0.0
2020-04-21 00:00:00+07:00,1493.3825543283046,1507.0519598599137,1452.374337733477,1486.5478515625,92203200,0.0,0.0
2020-04-22 00:00:00+07:00,1479.7130080734967,1537.8079760579064,1452.374199610245,1534.390625,126786800,0.0,0.0
2020-04-23 00:00:00+07:00,1534.3905105251736,1561.7293169487848,1530.9731597222221,1537.807861328125,115336400,0.0,0.0
2020-04-24 00:00:00+07:00,1537.807942328052,1537.807942328052,1462.626220703125,1462.626220703125,131631400,0.0,0.0
2020-04-27 00:00:00+07:00,1472.8783003106175,1486.5477044898344,1397.6965773249249,1418.20068359375,205382600,0.0,0.0
2020-04-28 00:00:00+07:00,1431.870087772967,1448.9568429969881,1390.8618752353163,1418.20068359375,157370600,0.0,0.0
2020-04-29 00:00:00+07:00,1435.2875793457033,1442.1222821044923,1366.9405517578125,1366.9405517578125,192650200,0.0,0.0
2020-04-30 00:00:00+07:00,1390.8618604719907,1530.973251821749,1387.44450946346,1524.1385498046875,229509600,0.0,0.0
2020-05-04 00:00:00+07:00,1524.1384191979896,1524.1384191979896,1448.9567034527972,1466.04345703125,80572600,0.0,0.0
2020-05-05 00:00:00+07:00,1469.4608773326422,1503.6343861078199,1421.6179650473932,1442.1220703125,185282400,0.0,0.0
2020-05-06 00:00:00+07:00,1452.3742015545183,1455.7915526169995,1421.6180419921875,1421.6180419921875,138733000,0.0,0.0
2020-05-08 00:00:00+07:00,1435.287353515625,1472.8782127743675,1428.4526518322173,1435.287353515625,127482200,0.0,0.0
2020-05-11 00:00:00+07:00,1462.62630670065,1462.62630670065,1431.8701460457298,1445.53955078125,83552200,0.0,0.0
2020-05-12 00:00:00+07:00,1445.5395121205775,1445.5395121205775,1366.940436993454,1370.3577880859375,188578000,0.0,0.0
2020-05-13 00:00:00+07:00,1363.5230859009703,1384.0271924558722,1332.7669260686175,1370.3577880859375,134821600,0.0,0.0
2020-05-14 00:00:00+07:00,1356.6884623467167,1370.3578675089002,1332.7670033128954,1349.853759765625,141388800,0.0,0.0
2020-05-15 00:00:00+07:00,1349.8536178913523,1363.5230216168343,1257.5851427443483,1284.9239501953125,227234200,0.0,0.0
2020-05-18 00:00:00+07:00,1298.5933234101983,1298.5933234101983,1250.7504114950857,1271.2545166015625,158710600,0.0,0.0
2020-05-19 00:00:00+07:00,1284.92390402364,1366.940323429404,1284.92390402364,1319.097412109375,199655000,0.0,0.0
2020-05-20 00:00:00+07:00,1315.6800966005067,1407.9485709075552,1308.8453947999847,1390.86181640625,237644400,0.0,0.0
2020-05-26 00:00:00+07:00,1411.3659444669397,1421.617997332317,1387.4444877810593,1401.1138916015625,180545000,0.0,0.0
2020-05-27 00:00:00+07:00,1418.200653892944,1435.287408759124,1370.3577402676399,1404.53125,124329600,0.0,0.0
2020-05-28 00:00:00+07:00,1418.2005470115823,1483.130210609703,1418.2005470115823,1466.04345703125,265460200,0.0,0.0
2020-05-29 00:00:00+07:00,1466.043472597263,1534.3904876367624,1452.374069589363,1527.5557861328125,350546800,0.0,0.0
2020-06-02 00:00:00+07:00,1554.8948253284802,1705.258280964641,1548.0601227995637,1578.8162841796875,207635400,0.0,0.0
2020-06-03 00:00:00+07:00,1595.9028531298225,1691.5886773003472,1568.5640462239583,1660.83251953125,296607800,0.0,0.0
2020-06-04 00:00:00+07:00,1674.5016950482293,1708.6751990288055,1612.9893878831924,1616.40673828125,169836200,0.0,0.0
2020-06-05 00:00:00+07:00,1616.4068319104383,1664.2497402545105,1571.9812741623712,1657.4150390625,185391000,0.0,0.0
2020-06-08 00:00:00+07:00,1708.6754789806546,1819.7393851143972,1691.588724190848,1794.1092529296875,292605200,0.0,0.0
2020-06-09 00:00:00+07:00,1811.196210382109,1862.456480487263,1759.9359402769549,1802.65283203125,147413600,0.0,0.0
2020-06-10 00:00:00+07:00,1777.0224887824593,1785.5658661323748,1677.9193115234375,1677.9193115234375,289644200,0.0,0.0
2020-06-11 00:00:00+07:00,1640.3285331156717,1664.2499908902753,1561.7294575705457,1602.7376708984375,364783800,0.0,0.0
2020-06-12 00:00:00+07:00,1568.563952861388,1674.5018233160788,1513.8863423041284,1671.08447265625,289959400,0.0,0.0
2020-06-15 00:00:00+07:00,1657.4153111344676,1677.9194180763375,1602.737692622815,1612.98974609375,169814600,0.0,0.0
2020-06-16 00:00:00+07:00,1647.1631767918223,1725.7622495432993,1647.1631767918223,1717.2188720703125,146116600,0.0,0.0
2020-06-17 00:00:00+07:00,1742.848971619898,1777.022480867347,1671.0846022002552,1674.501953125,213944600,0.0,0.0
2020-06-18 00:00:00+07:00,1653.9980326925572,1698.4235996863656,1633.493924849261,1647.163330078125,152175200,0.0,0.0
2020-06-19 00:00:00+07:00,1667.6673583984375,1691.5888164082512,1647.163251532883,1667.6673583984375,126356800,0.0,0.0
2020-06-22 00:00:00+07:00,1667.6673068801977,1677.9193599962643,1640.3284985706862,1643.745849609375,66825000,0.0,0.0
2020-06-23 00:00:00+07:00,1657.4153624596327,1657.4153624596327,1602.7377422547788,1636.9112548828125,95010400,0.0,0.0
2020-06-24 00:00:00+07:00,1671.0846637022148,1777.022546268204,1671.0846637022148,1759.935791015625,278417000,0.0,0.0
2020-06-25 00:00:00+07:00,1734.3056270162858,1777.022514381219,1688.171388662158,1717.2188720703125,146123000,0.0,0.0
2020-06-26 00:00:00+07:00,1751.3921752929687,1759.9355517578124,1701.8405917968748,1708.67529296875,85829000,0.0,0.0
2020-06-29 00:00:00+07:00,1701.8409137185286,1708.6756161832616,1664.2500501624968,1688.1715087890625,99123000,0.0,0.0
2020-06-30 00:00:00+07:00,1717.2191254586885,1725.7625041923138,1691.5889892578125,1691.5889892578125,113994400,0.0,0.0
2020-07-01 00:00:00+07:00,1708.675407455536,1717.2187844928137,1677.9192501213363,1705.258056640625,67747600,0.0,0.0
2020-07-02 00:00:00+07:00,1701.8405917968748,1717.2186694335937,1695.005890625,1708.67529296875,80606600,0.0,0.0
2020-07-03 00:00:00+07:00,1695.005890625,1734.3054223632812,1674.5017871093748,1708.67529296875,57839800,0.0,0.0
2020-07-06 00:00:00+07:00,1708.6754108297414,1759.9356731546336,1708.6754108297414,1734.3055419921875,90019000,0.0,0.0
2020-07-07 00:00:00+07:00,1751.3923388188427,1759.9357160813738,1725.76220703125,1725.76220703125,80447600,0.0,0.0
2020-07-08 00:00:00+07:00,1725.762426873519,1828.2829670838269,1717.21904852266,1802.65283203125,149466800,0.0,0.0
2020-07-09 00:00:00+07:00,1828.2827625093005,1845.369517299107,1777.0224981398808,1794.1092529296875,98277200,0.0,0.0
2020-07-10 00:00:00+07:00,1794.1092582370923,1802.652635657269,1751.3923711362092,1768.4791259765625,77850000,0.0,0.0
2020-07-13 00:00:00+07:00,1794.1092529296873,1819.7393851143972,1785.565875534784,1794.1092529296875,72688200,0.0,0.0
2020-07-14 00:00:00+07:00,1811.1959228515625,1819.7392998461453,1777.0224148732311,1811.1959228515625,78259800,0.0,0.0
2020-07-15 00:00:00+07:00,1828.2829670838269,1853.913102136404,1794.109453680391,1802.65283203125,60755400,0.0,0.0
2020-07-16 00:00:00+07:00,1802.65283203125,1828.2829670838269,1794.109453680391,1802.65283203125,43859400,0.0,0.0
2020-07-17 00:00:00+07:00,1802.652635657269,1811.1960130774455,1768.4791259765625,1768.4791259765625,60177000,0.0,0.0
2020-07-20 00:00:00+07:00,1768.4790074965533,1785.5657611921722,1725.7621232575061,1742.848876953125,52111600,0.0,0.0
2020-07-21 00:00:00+07:00,1759.9356608840656,1862.4561848190597,1734.305529900317,1811.1959228515625,145051400,0.0,0.0
2020-07-22 00:00:00+07:00,1836.82620843984,1888.0864747218823,1811.196075298819,1853.9129638671875,119245000,0.0,0.0
2020-07-23 00:00:00+07:00,1870.99950208162,1973.5200227436267,1853.9127486379523,1947.889892578125,145829600,0.0,0.0
2020-07-24 00:00:00+07:00,1947.8899383544922,1947.8899383544922,1896.6296768188477,1913.7164306640625,66603400,0.0,0.0
2020-07-27 00:00:00+07:00,1922.2600669049202,2007.69384765625,1896.6299326795213,2007.69384765625,58848200,0.0,0.0
2020-07-28 00:00:00+07:00,2016.237022986779,2050.410531850962,1973.5201369065505,1999.1502685546875,74524600,0.0,0.0
2020-07-29 00:00:00+07:00,1999.1501529091283,1999.1501529091283,1939.346515856291,1947.889892578125,69737200,0.0,0.0
2020-07-30 00:00:00+07:00,1956.433586383688,1982.063720703125,1922.260073957772,1982.063720703125,52644600,0.0,0.0
2020-08-03 00:00:00+07:00,1999.1503784179688,2007.6937561035156,1862.4563354492188,1879.5430908203125,259720800,0.0,0.0
2020-08-04 00:00:00+07:00,1888.0863414815724,1913.7164728139014,1862.4562101492434,1905.173095703125,89173800,0.0,0.0
2020-08-05 00:00:00+07:00,1896.6296322471217,1947.889892578125,1862.456125359786,1947.889892578125,133844600,0.0,0.0
2020-08-06 00:00:00+07:00,1947.8900098924512,2007.6936505470442,1947.8900098924512,1973.5201416015625,90911200,0.0,0.0
2020-08-07 00:00:00+07:00,1947.890208277209,1982.063720703125,1922.260073957772,1982.063720703125,57228800,0.0,0.0
2020-08-10 00:00:00+07:00,1982.063720703125,1990.607098809604,1930.8034520642511,1982.063720703125,50162400,0.0,0.0
2020-08-11 00:00:00+07:00,1990.606923378661,2084.5840742677824,1982.0635460251044,2041.8671875,117978200,0.0,0.0
2020-08-12 00:00:00+07:00,2050.410870807927,2144.388035719957,2033.3241135511942,2101.671142578125,92910400,0.0,0.0
2020-08-13 00:00:00+07:00,2135.8440809013427,2135.8440809013427,2067.4970703125,2067.4970703125,85989200,0.0,0.0
2020-08-14 00:00:00+07:00,2076.040857592064,2084.5842356068465,2033.3239675181535,2058.9541015625,66653400,0.0,0.0
2020-08-18 00:00:00+07:00,2058.954249436293,2127.301278463224,2058.954249436293,2101.671142578125,115981200,0.0,0.0
2020-08-19 00:00:00+07:00,2110.214362472784,2135.844496429944,2076.040850529905,2084.584228515625,64511800,0.0,0.0
2020-08-24 00:00:00+07:00,2067.4973999023437,2110.214288330078,2024.7805114746095,2050.41064453125,132486400,0.0,0.0
2020-08-25 00:00:00+07:00,2067.497458984375,2144.3878603515623,2067.497458984375,2135.844482421875,132365800,0.0,0.0
2020-08-26 00:00:00+07:00,2135.8443132535676,2170.017822265625,2110.214181494525,2170.017822265625,78703400,0.0,0.0
2020-08-27 00:00:00+07:00,2170.0176614428324,2170.0176614428324,2118.7574017237102,2152.930908203125,93450200,0.0,0.0
2020-08-28 00:00:00+07:00,2144.387780614646,2170.017913450678,2118.7576477786147,2127.301025390625,75655000,0.0,0.0
2020-08-31 00:00:00+07:00,2127.301005387507,2152.9311379825367,2016.237097475709,2033.3238525390625,222818800,0.0,0.0
2020-09-01 00:00:00+07:00,2041.8671775350765,2093.12744140625,2007.6936682876276,2093.12744140625,85330800,0.0,0.0
2020-09-02 00:00:00+07:00,2093.127526805234,2118.7576597865227,2067.4973938239455,2076.040771484375,93203600,0.0,0.0
2020-09-03 00:00:00+07:00,2076.040696914226,2101.6708289748954,2033.3238101464433,2041.8671875,129014800,0.0,0.0
2020-09-04 00:00:00+07:00,2033.323650118671,2041.8670267998418,1999.1501433939873,2024.7802734375,106844400,0.0,0.0
2020-09-07 00:00:00+07:00,2024.7804002028247,2033.3237774188703,1973.5201369065505,1999.1502685546875,100673600,0.0,0.0
2020-09-08 00:00:00+07:00,2016.2370554393303,2050.4105648535565,2007.6936780857739,2041.8671875,60346000,0.0,0.0
2020-09-09 00:00:00+07:00,2016.2370277834145,2016.2370277834145,1964.9767643651921,1973.5201416015625,98282200,0.0,0.0
2020-09-10 00:00:00+07:00,1888.0863116597022,1888.0863116597022,1836.8260498046877,1836.8260498046875,172775200,0.0,0.0
2020-09-11 00:00:00+07:00,1725.7624444830908,1888.0866348057577,1725.7624444830908,1870.9998779296875,271155800,0.0,0.0
2020-09-14 00:00:00+07:00,1870.9998874830162,1973.5204292629076,1870.9998874830162,1964.97705078125,143569800,0.0,0.0
2020-09-15 00:00:00+07:00,1964.9769357017483,1990.607069645684,1913.7166678138765,1939.3468017578125,128927400,0.0,0.0
2020-09-16 00:00:00+07:00,1964.9768552526964,1964.9768552526964,1922.259967095029,1930.8033447265625,57936000,0.0,0.0
2020-09-17 00:00:00+07:00,1913.7164728139014,1964.9767354785595,1888.0863414815724,1905.173095703125,76432000,0.0,0.0
2020-09-18 00:00:00+07:00,1905.173095703125,1939.3466041462304,1879.542964370796,1905.173095703125,91596600,0.0,0.0
2020-09-21 00:00:00+07:00,1905.173391681828,1922.2601485578982,1845.3697426155823,1870.9998779296875,52930000,0.0,0.0
2020-09-22 00:00:00+07:00,1811.1959228515625,1853.9128078244767,1802.6525458569797,1811.1959228515625,113596600,0.0,0.0
2020-09-23 00:00:00+07:00,1811.1962186373198,1836.8263538067158,1751.392569908729,1777.022705078125,84710800,0.0,0.0
2020-09-24 00:00:00+07:00,1725.7621649380387,1759.9356731546336,1708.6754108297414,1734.3055419921875,121965000,0.0,0.0
2020-09-25 00:00:00+07:00,1777.0223331629675,1828.2825927734375,1734.3054501542422,1828.2825927734375,140455600,0.0,0.0
2020-09-28 00:00:00+07:00,1845.3695672785195,1853.912944904809,1759.935791015625,1759.935791015625,99702600,0.0,0.0
2020-09-29 00:00:00+07:00,1777.0224272629312,1794.1091813712285,1717.2187878838902,1734.3055419921875,111325600,0.0,0.0
2020-09-30 00:00:00+07:00,1742.8492687594505,1759.936026296308,1660.8328325825353,1695.00634765625,151529800,0.0,0.0
2020-10-01 00:00:00+07:00,1708.6756779597356,1777.022705078125,1701.8409752478967,1777.022705078125,78954200,0.0,0.0
2020-10-02 00:00:00+07:00,1768.4793266883264,1785.5660834679238,1708.6756779597356,1777.022705078125,99143400,0.0,0.0
2020-10-05 00:00:00+07:00,1794.1090863664574,1836.8259693751827,1768.4789565612223,1828.2825927734375,74300800,0.0,0.0
2020-10-06 00:00:00+07:00,1879.5430908203125,1896.6298461914064,1862.4563354492188,1879.5430908203125,89104400,0.0,0.0
2020-10-07 00:00:00+07:00,1845.3697344805744,1896.6300048828125,1836.8263560802013,1896.6300048828125,88748600,0.0,0.0
2020-10-08 00:00:00+07:00,1896.6299332085007,1905.1733112860165,1853.9130428209219,1862.4564208984375,88763400,0.0,0.0
2020-10-09 00:00:00+07:00,1862.4564912813203,1905.1733832831856,1862.4564912813203,1896.6300048828125,90248600,0.0,0.0
2020-10-12 00:00:00+07:00,1905.173254123264,1930.8033875868057,1896.6298763020834,1922.260009765625,77947000,0.0,0.0
2020-10-13 00:00:00+07:00,1922.2600457951885,1939.3468017578125,1888.0865338699407,1939.3468017578125,69863400,0.0,0.0
2020-10-14 00:00:00+07:00,1956.4333871288216,1973.5201416015625,1922.25987818334,1973.5201416015625,109787200,0.0,0.0
2020-10-15 00:00:00+07:00,1947.8899383544922,1964.976692199707,1913.7164306640625,1913.7164306640625,77289200,0.0,0.0
2020-10-16 00:00:00+07:00,1913.7164728139014,1930.803227035454,1862.4562101492434,1905.173095703125,67817800,0.0,0.0
2020-10-19 00:00:00+07:00,1913.7163856907894,1956.4332692999587,1905.1730089689556,1947.889892578125,58936200,0.0,0.0
2020-10-20 00:00:00+07:00,1956.4334776211629,1964.9768552526964,1913.7165894634954,1930.8033447265625,77213200,0.0,0.0
2020-10-21 00:00:00+07:00,1939.3464399657098,1956.4331927407381,1870.9994288655967,1888.086181640625,113901800,0.0,0.0
2020-10-22 00:00:00+07:00,1879.5431770534692,1896.6299332085007,1845.369664743406,1862.4564208984375,138701400,0.0,0.0
2020-10-23 00:00:00+07:00,1888.0866264824394,1905.1733832831856,1870.9998696816933,1896.6300048828125,65900200,0.0,0.0
2020-10-26 00:00:00+07:00,1922.25987818334,1999.1502733106736,1922.25987818334,1973.5201416015625,188574400,0.0,0.0
2020-10-27 00:00:00+07:00,1964.9767643651921,1999.1502733106736,1947.8900098924512,1973.5201416015625,112695800,0.0,0.0
2020-11-02 00:00:00+07:00,1939.346659257322,2058.953942207113,1913.7165271966526,2041.8671875,216862800,0.0,0.0
2020-11-03 00:00:00+07:00,2041.8672668457032,2050.41064453125,2016.2371337890627,2050.41064453125,75963400,0.0,0.0
2020-11-04 00:00:00+07:00,2033.3236597964637,2058.9537899619654,1947.889892578125,1947.889892578125,152817400,0.0,0.0
2020-11-05 00:00:00+07:00,2007.6936780857739,2050.4105648535565,1990.606923378661,2041.8671875,175877400,0.0,0.0
2020-11-06 00:00:00+07:00,2041.8669413416837,2084.5838229597107,2024.780188694473,2067.4970703125,164219000,0.0,0.0
2020-11-09 00:00:00+07:00,2135.8446570915903,2152.931414348323,2067.4976280646597,2101.671142578125,122653200,0.0,0.0
2020-11-10 00:00:00+07:00,2187.104901960784,2229.8217945772058,2152.931387867647,2178.5615234375,249588800,0.0,0.0
2020-11-11 00:00:00+07:00,2195.6482804840684,2221.2784160539213,2170.0181449142156,2178.5615234375,166490200,0.0,0.0
2020-11-12 00:00:00+07:00,2178.561127079643,2187.104504048583,2084.5839804213056,2110.214111328125,136150600,0.0,0.0
2020-11-13 00:00:00+07:00,2084.58421484375,2135.844482421875,2076.0408369140623,2135.844482421875,122043800,0.0,0.0
2020-11-16 00:00:00+07:00,2152.9313256048385,2204.1915952620966,2101.6710559475805,2118.7578125,133917600,0.0,0.0
2020-11-17 00:00:00+07:00,2144.3878603515623,2178.5613720703122,2118.7577265625,2135.844482421875,106261600,0.0,0.0
2020-11-18 00:00:00+07:00,2101.6708042415107,2170.017822265625,2101.6708042415107,2170.017822265625,124936000,0.0,0.0
2020-11-19 00:00:00+07:00,2135.844234421319,2170.01774217206,2118.7574805459485,2161.474365234375,94808200,0.0,0.0
2020-11-20 00:00:00+07:00,2144.3875315832715,2170.0176614428324,2135.8441549634176,2152.930908203125,100573600,0.0,0.0
2020-11-23 00:00:00+07:00,2152.9309844970703,2195.6478691101074,2144.387607574463,2187.1044921875,106905400,0.0,0.0
2020-11-24 00:00:00+07:00,2204.1915715436526,2221.278327912208,2178.5614369908194,2195.648193359375,140929200,0.0,0.0
2020-11-25 00:00:00+07:00,2221.2779124760536,2272.538171994732,2221.2779124760536,2229.8212890625,197704000,0.0,0.0
2020-11-26 00:00:00+07:00,2255.4518108155203,2298.168701171875,2238.3650546729787,2298.168701171875,132275400,0.0,0.0
2020-11-27 00:00:00+07:00,2315.2552159818492,2323.798593162594,2263.9949528973802,2272.538330078125,124346800,0.0,0.0
2020-11-30 00:00:00+07:00,2238.3647576735425,2263.994888486598,2127.300857483634,2161.474365234375,307900800,0.0,0.0
2020-12-01 00:00:00+07:00,2161.474276370929,2263.9947954082854,2161.474276370929,2229.8212890625,176568000,0.0,0.0
2020-12-02 00:00:00+07:00,2229.8214441744008,2272.538330078125,2212.7346898129113,2272.538330078125,114721600,0.0,0.0
2020-12-03 00:00:00+07:00,2272.5383347195816,2281.0817119177755,2229.8214487286123,2246.908203125,155342400,0.0,0.0
2020-12-04 00:00:00+07:00,2221.2781501538825,2255.45166015625,2195.6480176521072,2255.45166015625,74976000,0.0,0.0
2020-12-07 00:00:00+07:00,2281.0818663639807,2306.711999693913,2263.9951108106925,2289.625244140625,133585800,0.0,0.0
2020-12-08 00:00:00+07:00,2281.081787109375,2298.168542068996,2255.4516546699438,2281.081787109375,70350400,0.0,0.0
2020-12-10 00:00:00+07:00,2315.2552068373734,2340.8853382783777,2298.1684525433707,2323.798583984375,187847000,0.0,0.0
2020-12-11 00:00:00+07:00,2340.8857511963793,2349.4291298503804,2289.6254792723707,2315.255615234375,94541800,0.0,0.0
2020-12-14 00:00:00+07:00,2298.168701171875,2323.7988353856877,2281.081945029333,2298.168701171875,94645200,0.0,0.0
2020-12-15 00:00:00+07:00,2289.625244140625,2298.1686219172693,2255.4517330340486,2289.625244140625,135663800,0.0,0.0
2020-12-16 00:00:00+07:00,2323.7989938883766,2332.3423725423777,2298.1688579263723,2315.255615234375,97361800,0.0,0.0
2020-12-17 00:00:00+07:00,2315.255202414773,2349.4287109375,2315.255202414773,2349.4287109375,109966000,0.0,0.0
2020-12-18 00:00:00+07:00,2323.7987552472014,2332.3421330238457,2289.625244140625,2289.625244140625,142797800,0.0,0.0
2020-12-21 00:00:00+07:00,2315.2553774705575,2323.7987552472014,2281.0818663639807,2289.625244140625,83174600,0.0,0.0
2020-12-22 00:00:00+07:00,2246.908130645752,2263.994884490967,2170.017738342285,2187.1044921875,165929800,0.0,0.0
2020-12-23 00:00:00+07:00,2221.2780857837106,2255.4515947957675,2118.7575587475394,2170.017822265625,110032400,0.0,0.0
2020-12-28 00:00:00+07:00,2221.2779124760536,2246.9080422353927,2152.930899784483,2229.8212890625,75527000,0.0,0.0
2020-12-29 00:00:00+07:00,2246.9084624650413,2255.451840649319,2187.1048151750974,2195.648193359375,57422600,0.0,0.0
2020-12-30 00:00:00+07:00,2229.821380735857,2229.821380735857,2161.474365234375,2161.474365234375,88941400,0.0,0.0
2021-01-04 00:00:00+07:00,2170.0180513822115,2229.8216984675482,2127.3011606069713,2221.2783203125,61058000,0.0,0.0
2021-01-05 00:00:00+07:00,2238.3650842807638,2238.3650842807638,2187.1048151750974,2195.648193359375,69928200,0.0,0.0
2021-01-06 00:00:00+07:00,2195.648193359375,2229.8217060964857,2144.3879242537087,2195.648193359375,87109000,0.0,0.0
2021-01-07 00:00:00+07:00,2204.1914854307433,2229.8216189822638,2195.6481075802367,2212.73486328125,80114200,0.0,0.0
2021-01-08 00:00:00+07:00,2212.734856758409,2246.908368059697,2204.1914789330867,2238.364990234375,93635600,0.0,0.0
2021-01-11 00:00:00+07:00,2246.9081086764368,2340.88525390625,2238.364731837363,2340.88525390625,212763000,0.0,0.0
2021-01-12 00:00:00+07:00,2357.9723260454134,2392.145838017086,2332.342192066659,2375.05908203125,168626000,0.0,0.0
2021-01-13 00:00:00+07:00,2409.232264990411,2417.7756418166177,2366.515380859375,2366.515380859375,107392200,0.0,0.0
2021-01-14 00:00:00+07:00,2409.232268618841,2409.232268618841,2332.341877067176,2340.88525390625,70295000,0.0,0.0
2021-01-15 00:00:00+07:00,2349.4289695995003,2366.515725742042,2263.9951888867913,2298.168701171875,77235600,0.0,0.0
2021-01-18 00:00:00+07:00,2255.451482118682,2375.0587576855823,2255.451482118682,2366.515380859375,119006800,0.0,0.0
2021-01-19 00:00:00+07:00,2392.1459173387098,2400.6892956149195,2340.8856476814517,2383.6025390625,77834600,0.0,0.0
2021-01-20 00:00:00+07:00,2392.145722987288,2545.926519465042,2392.145722987288,2520.29638671875,220934600,0.0,0.0
2021-01-21 00:00:00+07:00,2520.2964793238148,2520.2964793238148,2460.492834051724,2477.57958984375,82052000,0.0,0.0
2021-01-22 00:00:00+07:00,2486.1228078206377,2511.752939860026,2434.862543741862,2460.49267578125,117367200,0.0,0.0
2021-01-25 00:00:00+07:00,2477.57974703018,2494.66650390625,2400.689341087864,2494.66650390625,100647600,0.0,0.0
2021-01-26 00:00:00+07:00,2494.6662539724575,2545.926519465042,2477.5794988082625,2520.29638671875,206712400,0.0,0.0
2021-01-27 00:00:00+07:00,2528.8400176583905,2528.8400176583905,2451.9496117160743,2494.66650390625,171581400,0.0,0.0
2021-01-28 00:00:00+07:00,2443.405931405142,2477.579440935284,2357.972157579787,2409.232421875,135745000,0.0,0.0
2021-01-29 00:00:00+07:00,2426.319124287072,2469.036010278042,2246.908203125,2246.908203125,334227600,0.0,0.0
2021-02-01 00:00:00+07:00,2272.538488587337,2298.1686219172693,2118.7576886077427,2289.625244140625,242540200,0.0,0.0
2021-02-02 00:00:00+07:00,2323.798775337838,2323.798775337838,2187.10472972973,2212.73486328125,160482800,0.0,0.0
2021-02-03 00:00:00+07:00,2255.4518329326925,2272.5385892427885,2204.191564002404,2221.2783203125,167044600,0.0,0.0
2021-02-04 00:00:00+07:00,2246.908203125,2281.0817119177755,2204.19131713403,2246.908203125,139040400,0.0,0.0
2021-02-05 00:00:00+07:00,2289.6252571863074,2289.6252571863074,2204.1914789330867,2238.364990234375,97199600,0.0,0.0
2021-02-08 00:00:00+07:00,2255.451580323194,2281.0817119177755,2238.364825926806,2246.908203125,125050800,0.0,0.0
2021-02-09 00:00:00+07:00,2255.4518329326925,2289.6253455528845,2204.191564002404,2221.2783203125,208380400,0.0,0.0
2021-02-10 00:00:00+07:00,2246.9084547776442,2246.9084547776442,2212.734942157452,2221.2783203125,102693600,0.0,0.0
2021-02-11 00:00:00+07:00,2238.3650766225965,2238.3650766225965,2221.2783203125,2221.2783203125,35879400,0.0,0.0
2021-02-15 00:00:00+07:00,2238.3650766225965,2246.9084547776442,2221.2783203125,2221.2783203125,48995200,0.0,0.0
2021-02-16 00:00:00+07:00,2221.278241131757,2238.3649968327704,2204.1914854307433,2212.73486328125,63202000,0.0,0.0
2021-02-17 00:00:00+07:00,2204.191331277682,2212.7347085306965,2152.9310677595963,2170.017822265625,117413600,0.0,0.0
2021-02-18 00:00:00+07:00,2135.844482421875,2187.10475,2127.3011044921873,2135.844482421875,113989000,0.0,0.0
2021-02-19 00:00:00+07:00,2135.844630821078,2187.104901960784,2118.75787377451,2178.5615234375,102020400,0.0,0.0
2021-02-22 00:00:00+07:00,2204.191659007353,2221.2784160539213,2178.5615234375,2178.5615234375,107680600,0.0,0.0
2021-02-23 00:00:00+07:00,2152.9309882966895,2178.5611191097455,2152.9309882966895,2161.474365234375,89107800,0.0,0.0
2021-02-24 00:00:00+07:00,2170.0181449142156,2187.104901960784,2161.474766390931,2178.5615234375,82498600,0.0,0.0
2021-02-25 00:00:00+07:00,2195.6479589454684,2212.734713489791,2144.3876953125,2144.3876953125,133614800,0.0,0.0
2021-02-26 00:00:00+07:00,2110.2145212064916,2161.4747929766895,2084.5843853213923,2101.671142578125,246190600,0.0,0.0
2021-03-01 00:00:00+07:00,2127.300922350285,2255.451580323194,2127.300922350285,2246.908203125,220785400,0.0,0.0
2021-03-02 00:00:00+07:00,2272.5384151574335,2272.5384151574335,2221.2781501538825,2255.45166015625,163296600,0.0,0.0
2021-03-03 00:00:00+07:00,2281.0817926580257,2281.0817926580257,2229.8215276544743,2255.45166015625,78532200,0.0,0.0
2021-03-04 00:00:00+07:00,2263.995123710341,2272.5385015356633,2229.8216124090527,2238.364990234375,120612600,0.0,0.0
2021-03-05 00:00:00+07:00,2229.8216189822638,2246.908374683277,2204.1914854307433,2212.73486328125,87239000,0.0,0.0
2021-03-08 00:00:00+07:00,2238.3650842807638,2246.9084624650413,2178.5614369908194,2195.648193359375,54098000,0.0,0.0
2021-03-09 00:00:00+07:00,2178.5614369908194,2229.8217060964857,2178.5614369908194,2195.648193359375,111838800,0.0,0.0
2021-03-10 00:00:00+07:00,2221.2783203125,2221.2783203125,2204.191564002404,2221.2783203125,51903000,0.0,0.0
2021-03-12 00:00:00+07:00,2238.3650546729787,2306.7120792431456,2238.3650546729787,2298.168701171875,159202400,0.0,0.0
2021-03-15 00:00:00+07:00,2315.2552159818492,2315.2552159818492,2263.9949528973802,2272.538330078125,79922400,0.0,0.0
2021-03-16 00:00:00+07:00,2272.5385015356633,2298.1686350116292,2221.278234583731,2238.364990234375,112248400,0.0,0.0
2021-03-17 00:00:00+07:00,2255.451418821839,2272.538171994732,2229.8212890625,2229.8212890625,50841200,0.0,0.0
2021-03-18 00:00:00+07:00,2263.994943955365,2340.8853382783777,2263.994943955365,2323.798583984375,152427600,0.0,0.0
2021-03-19 00:00:00+07:00,2323.7989938883766,2323.7989938883766,2289.6254792723707,2315.255615234375,150713800,0.0,0.0
2021-03-22 00:00:00+07:00,2306.7120061910377,2332.34213959316,2263.9951171875,2263.9951171875,115979200,0.0,0.0
2021-03-23 00:00:00+07:00,2306.7119195488062,2306.7119195488062,2263.9950321497545,2281.081787109375,97289600,0.0,0.0
2021-03-24 00:00:00+07:00,2297.080705100924,2305.9156308897736,2261.741001945525,2270.575927734375,115254200,110.1359,0.0
2021-03-25 00:00:00+07:00,2279.411064147949,2288.245990753174,2235.236431121826,2261.7412109375,71666600,0.0,0.0
2021-03-26 00:00:00+07:00,2279.410853523225,2288.2457793120743,2244.071150367826,2270.575927734375,84478000,0.0,0.0
2021-03-29 00:00:00+07:00,2261.740931372549,2297.0806334252447,2252.906005859375,2252.906005859375,79520400,0.0,0.0
2021-03-30 00:00:00+07:00,2261.7411067193675,2270.57603291749,2217.566475728755,2235.236328125,41180600,0.0,0.0
2021-03-31 00:00:00+07:00,2208.731550511306,2235.2363291174415,2164.55691950108,2173.391845703125,159155800,0.0,0.0
2021-04-01 00:00:00+07:00,2208.731620542465,2235.2363999889744,2173.3919146137855,2191.061767578125,77715200,0.0,0.0
2021-04-05 00:00:00+07:00,2226.4010142131024,2226.4010142131024,2191.061315574799,2199.896240234375,39468400,0.0,0.0
2021-04-06 00:00:00+07:00,2199.896554407371,2226.401332171315,2173.3917766434265,2217.56640625,29650600,0.0,0.0
2021-04-07 00:00:00+07:00,2226.4014019268775,2235.236328125,2208.7315495306325,2235.236328125,46420200,0.0,0.0
2021-04-08 00:00:00+07:00,2208.7314803286854,2252.906109935259,2191.0616284860557,2217.56640625,88449600,0.0,0.0
2021-04-09 00:00:00+07:00,2252.9061453683034,2314.7506277901784,2235.2362932477677,2288.245849609375,126420200,0.0,0.0
2021-04-12 00:00:00+07:00,2270.575748504154,2297.0805237785216,2217.5661979554193,2226.401123046875,48429000,0.0,0.0
2021-04-13 00:00:00+07:00,2191.0614226810517,2244.070973229787,2191.0614226810517,2226.401123046875,76327000,0.0,0.0
2021-04-14 00:00:00+07:00,2244.0712543231225,2261.7411067193675,2208.7315495306325,2235.236328125,80914000,0.0,0.0
2021-04-15 00:00:00+07:00,2261.7408234126983,2261.7408234126983,2199.8963477725074,2226.401123046875,68337400,0.0,0.0
2021-04-16 00:00:00+07:00,2244.070973229787,2244.070973229787,2208.731272863963,2226.401123046875,63194400,0.0,0.0
2021-04-19 00:00:00+07:00,2208.731164893951,2217.5660895535266,2191.061315574799,2199.896240234375,43598600,0.0,0.0
2021-04-20 00:00:00+07:00,2191.061767578125,2208.731620542465,2182.2268410959555,2191.061767578125,63882600,0.0,0.0
2021-04-21 00:00:00+07:00,2173.3918108258927,2182.226736886161,2164.556884765625,2164.556884765625,65425600,0.0,0.0
2021-04-22 00:00:00+07:00,2182.226736886161,2199.8965890066966,2155.7219587053573,2164.556884765625,71452000,0.0,0.0
2021-04-23 00:00:00+07:00,2138.052140894944,2173.391845703125,2129.217214692899,2173.391845703125,104928400,0.0,0.0
2021-04-26 00:00:00+07:00,2155.721745064069,2164.556670248758,2102.712193955936,2111.547119140625,115305000,0.0,0.0
2021-04-27 00:00:00+07:00,2111.5469839553202,2146.8866824315596,2102.71205933626,2138.0517578125,96850800,0.0,0.0
2021-04-28 00:00:00+07:00,2155.7220616494455,2217.566547024635,2155.7220616494455,2191.061767578125,161162600,0.0,0.0
2021-04-29 00:00:00+07:00,2199.896240234375,2217.5660895535266,2173.3914662556476,2199.896240234375,82870600,0.0,0.0
2021-04-30 00:00:00+07:00,2199.896413208502,2208.731338562753,2164.556711791498,2182.2265625,69941600,0.0,0.0
2021-05-03 00:00:00+07:00,2155.7216070506197,2173.3914562887394,2120.38190857438,2138.0517578125,65334000,0.0,0.0
2021-05-04 00:00:00+07:00,2138.0520719934684,2155.721923828125,2111.547294241483,2155.721923828125,56355200,0.0,0.0
2021-05-05 00:00:00+07:00,2173.3914562887394,2173.3914562887394,2138.0517578125,2138.0517578125,45851800,0.0,0.0
2021-05-06 00:00:00+07:00,2164.5570605870626,2164.5570605870626,2129.217353475437,2146.88720703125,37091000,0.0,0.0
2021-05-07 00:00:00+07:00,2164.556884765625,2164.556884765625,2102.71240234375,2102.71240234375,65331800,0.0,0.0
2021-05-10 00:00:00+07:00,2129.216969510003,2129.216969510003,2102.712193955936,2111.547119140625,35481400,0.0,0.0
2021-05-11 00:00:00+07:00,2120.382183527542,2120.382183527542,2067.3726289393535,2085.04248046875,69381800,0.0,0.0
2021-05-17 00:00:00+07:00,2111.5470470315795,2120.3819719145567,2076.20734749967,2093.877197265625,95099800,0.0,0.0
2021-05-18 00:00:00+07:00,2111.5472577628443,2120.382183527542,2058.5377031746557,2085.04248046875,73965200,0.0,0.0
2021-05-19 00:00:00+07:00,2049.7025786412446,2067.3724284571176,1987.85810428569,2005.5279541015625,98436000,0.0,0.0
2021-05-20 00:00:00+07:00,1996.693115234375,2032.0328163889658,1979.0232646570796,1996.693115234375,69610000,0.0,0.0
2021-05-21 00:00:00+07:00,2023.198136358302,2085.0426208758045,2005.5282836390154,2058.537841796875,140453000,0.0,0.0
2021-05-24 00:00:00+07:00,2076.2075885275135,2076.2075885275135,2032.0329589843752,2032.032958984375,54897600,0.0,0.0
2021-05-25 00:00:00+07:00,2040.8678516452594,2102.712331998146,2040.8678516452594,2085.04248046875,90594400,0.0,0.0
2021-05-27 00:00:00+07:00,2120.3822180706525,2120.3822180706525,2032.0329589843752,2032.032958984375,353889800,0.0,0.0
2021-05-28 00:00:00+07:00,2058.5375618770204,2085.042337351832,2040.8677115604794,2049.70263671875,78305800,0.0,0.0
2021-05-31 00:00:00+07:00,2076.2074534098306,2155.7217814127603,2058.5376027425127,2120.382080078125,96660000,0.0,0.0
2021-06-02 00:00:00+07:00,2173.391775662782,2191.0616274974386,2146.8869979107967,2155.721923828125,157335600,0.0,0.0
2021-06-03 00:00:00+07:00,2182.22666796875,2217.56637109375,2164.55681640625,2208.7314453125,86426400,0.0,0.0
2021-06-04 00:00:00+07:00,2208.731515066964,2235.2362932477677,2164.556884765625,2164.556884765625,76307800,0.0,0.0
2021-06-07 00:00:00+07:00,2191.0616629464284,2191.0616629464284,2146.887032645089,2164.556884765625,42514400,0.0,0.0
2021-06-08 00:00:00+07:00,2173.391632080078,2173.391632080078,2120.382080078125,2120.382080078125,57084000,0.0,0.0
2021-06-09 00:00:00+07:00,2146.887067096989,2182.22677190517,2120.3822884908536,2173.391845703125,47078600,0.0,0.0
2021-06-10 00:00:00+07:00,2182.2268410959555,2208.731620542465,2164.5569881316155,2191.061767578125,43543600,0.0,0.0
2021-06-11 00:00:00+07:00,2217.56640625,2226.401332171315,2199.896554407371,2217.56640625,77757800,0.0,0.0
2021-06-14 00:00:00+07:00,2226.401332171315,2226.401332171315,2199.896554407371,2217.56640625,50043400,0.0,0.0
2021-06-15 00:00:00+07:00,2226.4014019268775,2235.236328125,2199.89662333251,2235.236328125,107187800,0.0,0.0
2021-06-16 00:00:00+07:00,2235.2362580926297,2244.0711840139443,2191.0616284860557,2217.56640625,90051600,0.0,0.0
2021-06-17 00:00:00+07:00,2208.731620542465,2217.566547024635,2191.061767578125,2191.061767578125,146517200,0.0,0.0
2021-06-18 00:00:00+07:00,2182.2268410959555,2191.061767578125,2102.7125027564266,2191.061767578125,201335400,0.0,0.0
2021-06-21 00:00:00+07:00,2155.7220646395226,2155.7220646395226,2102.712505672977,2129.21728515625,138949200,0.0,0.0
2021-06-22 00:00:00+07:00,2146.886861082996,2208.731338562753,2129.217010374494,2182.2265625,96680600,0.0,0.0
2021-06-23 00:00:00+07:00,2199.8966971116442,2199.8966971116442,2129.21728515625,2129.21728515625,66074200,0.0,0.0
2021-06-24 00:00:00+07:00,2155.721745064069,2155.721745064069,2111.547119140625,2111.547119140625,52248000,0.0,0.0
2021-06-25 00:00:00+07:00,2120.382183527542,2129.2171092922404,2085.04248046875,2085.04248046875,61052000,0.0,0.0
2021-06-28 00:00:00+07:00,2058.5379146107457,2085.0426946271928,2005.5283545778507,2014.36328125,127109000,0.0,0.0
2021-06-29 00:00:00+07:00,2067.372574447037,2067.372574447037,2014.3630212560877,2040.8677978515625,96970800,0.0,0.0
2021-06-30 00:00:00+07:00,2067.3726289393535,2102.712331998146,2049.7027774099574,2085.04248046875,146560200,0.0,0.0
2021-07-01 00:00:00+07:00,2102.712193955936,2120.382044325314,2085.0423435865587,2111.547119140625,87385400,0.0,0.0
2021-07-02 00:00:00+07:00,2111.5473284040177,2129.2171805245534,2093.8774762834823,2102.71240234375,80422400,0.0,0.0
2021-07-05 00:00:00+07:00,2111.5471859141294,2111.5471859141294,2049.702707665598,2067.37255859375,29242400,0.0,0.0
2021-07-06 00:00:00+07:00,2085.0424255106873,2085.0424255106873,2032.0328723197374,2040.8677978515625,56066200,0.0,0.0
2021-07-07 00:00:00+07:00,2040.8678848930028,2058.5377367102583,2005.528181258492,2032.032958984375,96691000,0.0,0.0
2021-07-08 00:00:00+07:00,2067.3726289393535,2085.04248046875,2032.0329258805614,2085.04248046875,81459000,0.0,0.0
2021-07-09 00:00:00+07:00,2085.0424255106873,2085.0424255106873,2040.8677978515625,2040.8677978515625,50822400,0.0,0.0
2021-07-12 00:00:00+07:00,2076.207412193561,2076.207412193561,2040.8677115604794,2049.70263671875,39692600,0.0,0.0
2021-07-13 00:00:00+07:00,2067.372574447037,2085.0424255106873,2040.8677978515625,2040.8677978515625,65117000,0.0,0.0
2021-07-14 00:00:00+07:00,2049.7029879385964,2058.5379146107457,1996.6934279057016,2014.36328125,59225200,0.0,0.0
2021-07-15 00:00:00+07:00,2023.1982037483378,2085.042690325798,2005.5283504404922,2076.207763671875,94438400,0.0,0.0
2021-07-16 00:00:00+07:00,2076.207763671875,2085.042690325798,2058.5379103640294,2076.207763671875,39567600,0.0,0.0
2021-07-19 00:00:00+07:00,2049.7028108016307,2067.372662618886,2032.0329589843752,2032.032958984375,31460200,0.0,0.0
2021-07-21 00:00:00+07:00,2058.5374977337156,2102.7121221486022,2049.7025728507383,2093.877197265625,87100200,0.0,0.0
2021-07-22 00:00:00+07:00,2111.5469839553202,2155.7216070506197,2102.71205933626,2138.0517578125,55171400,0.0,0.0
2021-07-23 00:00:00+07:00,2120.382044325314,2138.0518946946913,2102.712193955936,2111.547119140625,37457600,0.0,0.0
2021-07-26 00:00:00+07:00,2111.547112826643,2120.3820379849135,2049.70263671875,2049.70263671875,77160200,0.0,0.0
2021-07-27 00:00:00+07:00,2067.3727681565183,2085.0426208758045,2032.0330627179453,2058.537841796875,79279400,0.0,0.0
2021-07-28 00:00:00+07:00,2032.0329258805614,2085.04248046875,2032.0329258805614,2085.04248046875,41266000,0.0,0.0
2021-07-29 00:00:00+07:00,2085.0425144361416,2085.0425144361416,2032.0329589843752,2032.032958984375,68168400,0.0,0.0
2021-07-30 00:00:00+07:00,2058.5379146107457,2058.5379146107457,2014.36328125,2014.36328125,92132400,0.0,0.0
2021-08-02 00:00:00+07:00,2040.8676537333083,2040.8676537333083,1987.85810428569,2005.5279541015625,68571000,0.0,0.0
2021-08-03 00:00:00+07:00,2014.3630212560877,2049.7027233833874,1996.6931701924377,2040.8677978515625,70957400,0.0,0.0
2021-08-04 00:00:00+07:00,2058.537841796875,2085.0426208758045,2040.8679890775884,2058.537841796875,67410400,0.0,0.0
2021-08-05 00:00:00+07:00,2076.2072854790804,2146.8866824315596,2067.3723608600203,2138.0517578125,140254000,0.0,0.0
2021-08-06 00:00:00+07:00,2146.8868198793803,2155.721745064069,2102.712193955936,2111.547119140625,63682000,0.0,0.0
2021-08-09 00:00:00+07:00,2120.3820379849135,2129.2169631431843,2049.70263671875,2049.70263671875,50317400,0.0,0.0
2021-08-10 00:00:00+07:00,2049.70263671875,2076.207412193561,2040.8677115604794,2049.70263671875,54893400,0.0,0.0
2021-08-12 00:00:00+07:00,2076.20734749967,2102.7121221486022,2058.5374977337156,2093.877197265625,51328800,0.0,0.0
2021-08-13 00:00:00+07:00,2111.547154744466,2138.0519307454424,2085.0423787434893,2120.382080078125,41771600,0.0,0.0
2021-08-16 00:00:00+07:00,2120.382044325314,2138.0518946946913,2067.372493217181,2111.547119140625,53074000,0.0,0.0
2021-08-18 00:00:00+07:00,2120.38190857438,2182.2263809077995,2093.8771347172,2138.0517578125,141229400,0.0,0.0
2021-08-19 00:00:00+07:00,2155.7218132345083,2155.7218132345083,2049.702707665598,2067.37255859375,101976800,0.0,0.0
2021-08-20 00:00:00+07:00,2085.04248046875,2102.712331998146,2049.7027774099574,2085.04248046875,62841600,0.0,0.0
2021-08-23 00:00:00+07:00,2085.0423435865587,2120.382044325314,2085.0423435865587,2111.547119140625,46346200,0.0,0.0
2021-08-24 00:00:00+07:00,2102.712473595091,2111.5473999547344,2049.7029154372317,2058.537841796875,85217600,0.0,0.0
2021-08-25 00:00:00+07:00,2076.2076241629466,2111.5473284040177,2067.3726981026784,2102.71240234375,60726800,0.0,0.0
2021-08-26 00:00:00+07:00,2067.3727681565183,2093.8775472354478,2058.537841796875,2058.537841796875,55050200,0.0,0.0
2021-08-27 00:00:00+07:00,2058.5375618770204,2076.207412193561,2040.8677115604794,2049.70263671875,35765000,0.0,0.0
2021-08-30 00:00:00+07:00,2067.3726981026784,2102.71240234375,2058.537772042411,2102.71240234375,65062000,0.0,0.0
2021-08-31 00:00:00+07:00,2120.382220158812,2155.721923828125,2102.712368324155,2155.721923828125,135700400,0.0,0.0
2021-09-01 00:00:00+07:00,2155.7217814127603,2155.7217814127603,2120.382080078125,2120.382080078125,70082000,0.0,0.0
2021-09-02 00:00:00+07:00,2138.0517578125,2155.7216070506197,2111.5469839553202,2138.0517578125,51554400,0.0,0.0
2021-09-03 00:00:00+07:00,2155.7219587053573,2173.3918108258927,2120.382254464286,2164.556884765625,50760000,0.0,0.0
2021-09-06 00:00:00+07:00,2191.061767578125,2235.2363999889744,2164.5569881316155,2191.061767578125,51684400,0.0,0.0
2021-09-07 00:00:00+07:00,2208.7314453125,2244.0711484375,2199.89651953125,2208.7314453125,70448400,0.0,0.0
2021-09-08 00:00:00+07:00,2226.401296875,2226.401296875,2164.55681640625,2208.7314453125,84660600,0.0,0.0
2021-09-09 00:00:00+07:00,2226.4014363927167,2244.0712890625,2164.5569520484746,2244.0712890625,93331600,0.0,0.0
2021-09-10 00:00:00+07:00,2217.566547024635,2226.4014735068045,2182.2268410959555,2191.061767578125,107576800,0.0,0.0
2021-09-13 00:00:00+07:00,2155.7219932990347,2199.8966243092605,2138.052140894944,2173.391845703125,104806600,0.0,0.0
2021-09-14 00:00:00+07:00,2173.391775662782,2191.0616274974386,2146.8869979107967,2155.721923828125,84931400,0.0,0.0
2021-09-15 00:00:00+07:00,2182.226736886161,2191.0616629464284,2155.7219587053573,2164.556884765625,135497800,0.0,0.0
2021-09-16 00:00:00+07:00,2182.22677190517,2191.0616981072153,2164.55691950108,2173.391845703125,61344200,0.0,0.0
2021-09-17 00:00:00+07:00,2164.5565316696798,2173.3914562887394,2138.0517578125,2138.0517578125,82452800,0.0,0.0
2021-09-20 00:00:00+07:00,2129.21728515625,2146.8871381450986,2093.877579178553,2129.21728515625,57569200,0.0,0.0
2021-09-21 00:00:00+07:00,2129.216969510003,2129.216969510003,2093.8772687712476,2111.547119140625,45153400,0.0,0.0
2021-09-22 00:00:00+07:00,2111.5474999196244,2155.7221338091563,2102.712573141718,2146.88720703125,26711200,0.0,0.0
2021-09-23 00:00:00+07:00,2164.5570605870626,2164.5570605870626,2129.217353475437,2146.88720703125,40606000,0.0,0.0
2021-09-24 00:00:00+07:00,2146.8868198793803,2155.721745064069,2093.8772687712476,2111.547119140625,50278400,0.0,0.0
2021-09-27 00:00:00+07:00,2120.382183527542,2129.2171092922404,2085.04248046875,2085.04248046875,68500800,0.0,0.0
2021-09-28 00:00:00+07:00,2102.71240234375,2129.2171805245534,2085.042550223214,2102.71240234375,64652200,0.0,0.0
2021-09-29 00:00:00+07:00,2102.712229410807,2138.0519307454424,2093.8773040771484,2120.382080078125,56467400,0.0,0.0
2021-09-30 00:00:00+07:00,2138.052140894944,2173.391845703125,2120.3822884908536,2173.391845703125,82812000,0.0,0.0
2021-10-01 00:00:00+07:00,2173.391775662782,2191.0616274974386,2138.0520719934684,2155.721923828125,74975400,0.0,0.0
2021-10-04 00:00:00+07:00,2182.226736886161,2297.0807756696427,2173.3918108258927,2288.245849609375,156691600,0.0,0.0
2021-10-05 00:00:00+07:00,2279.410853523225,2314.7505566786235,2252.9060761566757,2270.575927734375,94886200,0.0,0.0
2021-10-06 00:00:00+07:00,2288.2457811760178,2358.9251875443892,2279.4108553799715,2332.42041015625,168775800,0.0,0.0
2021-10-07 00:00:00+07:00,2350.0899166277986,2411.934388118004,2341.254992129198,2367.759765625,253196600,0.0,0.0
2021-10-08 00:00:00+07:00,2376.594974241395,2464.9442297894025,2376.594974241395,2438.439453125,223592000,0.0,0.0
2021-10-11 00:00:00+07:00,2438.439453125,2447.274378679801,2403.0997509057975,2438.439453125,123020200,0.0,0.0
2021-10-12 00:00:00+07:00,2464.9443708147323,2491.449148995536,2447.2745186941966,2473.779296875,191044200,0.0,0.0
2021-10-13 00:00:00+07:00,2500.2839707925286,2509.118896484375,2456.1093423332964,2509.118896484375,134998000,0.0,0.0
2021-10-14 00:00:00+07:00,2517.953927176339,2535.623779296875,2491.449148995536,2535.623779296875,104307800,0.0,0.0
2021-10-15 00:00:00+07:00,2535.6237442976944,2544.458670236014,2500.2840405444167,2526.788818359375,84353000,0.0,0.0
2021-10-18 00:00:00+07:00,2544.458705357143,2588.6333356584823,2526.7888532366073,2535.623779296875,152951600,0.0,0.0
2021-10-19 00:00:00+07:00,2562.1285925971138,2562.1285925971138,2491.449183146159,2544.458740234375,99358000,0.0,0.0
2021-10-21 00:00:00+07:00,2535.623779296875,2588.6333356584823,2517.953927176339,2535.623779296875,189264000,0.0,0.0
2021-10-22 00:00:00+07:00,2509.119035508898,2553.2936664157446,2500.2841093275283,2544.458740234375,65782600,0.0,0.0
2021-10-25 00:00:00+07:00,2535.6234631990133,2562.128238075658,2517.95361328125,2517.95361328125,76296200,0.0,0.0
2021-10-26 00:00:00+07:00,2509.1190011160716,2544.458705357143,2509.1190011160716,2535.623779296875,55872800,0.0,0.0
2021-10-27 00:00:00+07:00,2544.458670236014,2553.2935961743337,2517.9538924210556,2526.788818359375,82925200,0.0,0.0
2021-10-28 00:00:00+07:00,2517.953714934108,2526.7886402496665,2473.7790883563166,2482.614013671875,99023600,0.0,0.0
2021-10-29 00:00:00+07:00,2535.623779296875,2579.798409598214,2526.7888532366073,2535.623779296875,160952400,0.0,0.0
2021-11-01 00:00:00+07:00,2562.1285574776784,2562.1285574776784,2526.7888532366073,2535.623779296875,65621400,0.0,0.0
2021-11-02 00:00:00+07:00,2535.623565565225,2544.458490880783,2473.7790883563166,2482.614013671875,51923400,0.0,0.0
2021-11-03 00:00:00+07:00,2464.9440635279607,2562.128238075658,2447.2742136101974,2517.95361328125,107556600,0.0,0.0
2021-11-04 00:00:00+07:00,2562.1285574776784,2579.798409598214,2535.623779296875,2535.623779296875,103726400,0.0,0.0
2021-11-05 00:00:00+07:00,2562.128450635453,2562.128450635453,2473.779193716989,2509.118896484375,48035600,0.0,0.0
2021-11-08 00:00:00+07:00,2544.458705357143,2544.458705357143,2473.779296875,2473.779296875,50517400,0.0,0.0
2021-11-09 00:00:00+07:00,2491.4492205255683,2509.1190731534093,2420.7698100142047,2429.604736328125,120574200,0.0,0.0
2021-11-10 00:00:00+07:00,2429.604633037861,2526.788818359375,2429.604633037861,2526.788818359375,156118000,0.0,0.0
2021-11-11 00:00:00+07:00,2517.953995965344,2553.293701171875,2482.614290758813,2553.293701171875,86362400,0.0,0.0
2021-11-12 00:00:00+07:00,2570.9633763272996,2570.9633763272996,2491.4490451006823,2509.118896484375,56807000,0.0,0.0
2021-11-15 00:00:00+07:00,2509.119317237367,2526.7891715841088,2491.449462890625,2491.449462890625,40131000,0.0,0.0
2021-11-16 00:00:00+07:00,2491.4492170604453,2553.293701171875,2482.614290758813,2553.293701171875,76140200,0.0,0.0
2021-11-17 00:00:00+07:00,2553.293701171875,2562.1286274735075,2526.7889222669764,2553.293701171875,72789600,0.0,0.0
2021-11-18 00:00:00+07:00,2544.458705357143,2553.293631417411,2526.7888532366073,2535.623779296875,30911600,0.0,0.0
2021-11-19 00:00:00+07:00,2535.6236412311423,2579.798269127155,2526.7887156519396,2562.12841796875,101125800,0.0,0.0
2021-11-22 00:00:00+07:00,2597.468017578125,2650.4775689572703,2553.2933914288374,2597.468017578125,92374400,0.0,0.0
2021-11-23 00:00:00+07:00,2553.2935961743337,2570.9634480509726,2509.118966482736,2526.788818359375,63127600,0.0,0.0
2021-11-24 00:00:00+07:00,2517.9538924210556,2535.6237442976944,2509.118966482736,2526.788818359375,56217000,0.0,0.0
2021-11-25 00:00:00+07:00,2553.2933914288374,2606.3029428079826,2535.623540969122,2597.468017578125,97473400,0.0,0.0
2021-11-26 00:00:00+07:00,2588.6332277109923,2588.6332277109923,2500.2839707925286,2509.118896484375,78633400,0.0,0.0
2021-11-29 00:00:00+07:00,2509.1190011160716,2570.9634835379466,2447.2745186941966,2535.623779296875,112673000,0.0,0.0
2021-11-30 00:00:00+07:00,2562.1285574776784,2562.1285574776784,2456.109444754464,2473.779296875,219340400,0.0,0.0
2021-12-01 00:00:00+07:00,2473.7791588449645,2517.9537866814817,2456.109307710358,2500.283935546875,93119800,0.0,0.0
2021-12-02 00:00:00+07:00,2500.2841093275283,2562.1285925971138,2473.7793307834204,2544.458740234375,70416400,0.0,0.0
2021-12-03 00:00:00+07:00,2544.458670236014,2553.2935961743337,2509.118966482736,2526.788818359375,46109400,0.0,0.0
2021-12-06 00:00:00+07:00,2526.7888532366073,2562.1285574776784,2509.1190011160716,2535.623779296875,52050400,0.0,0.0
2021-12-07 00:00:00+07:00,2535.6237107368365,2579.79833984375,2535.6237107368365,2579.79833984375,64289400,0.0,0.0
2021-12-08 00:00:00+07:00,2570.9634480509726,2579.798373989292,2526.788818359375,2526.788818359375,56064200,0.0,0.0
2021-12-09 00:00:00+07:00,2562.1283166586945,2597.468017578125,2517.953690509407,2597.468017578125,42688600,0.0,0.0
2021-12-10 00:00:00+07:00,2544.458740234375,2553.2936664157446,2509.119035508898,2544.458740234375,93532200,0.0,0.0
2021-12-13 00:00:00+07:00,2544.4583881578947,2553.2933131167765,2517.95361328125,2517.95361328125,50091200,0.0,0.0
2021-12-14 00:00:00+07:00,2517.953927176339,2544.458705357143,2509.1190011160716,2535.623779296875,65061400,0.0,0.0
2021-12-15 00:00:00+07:00,2526.7887504027062,2588.6332303076674,2517.9538247019973,2570.96337890625,75677400,0.0,0.0
2021-12-16 00:00:00+07:00,2579.798269127155,2588.6331947063577,2544.458566810345,2562.12841796875,69082400,0.0,0.0
2021-12-17 00:00:00+07:00,2553.2935961743337,2553.2935961743337,2500.2840405444167,2526.788818359375,83945200,0.0,0.0
2021-12-20 00:00:00+07:00,2509.1188611141783,2526.788712248785,2500.283935546875,2500.283935546875,57932600,0.0,0.0
2021-12-21 00:00:00+07:00,2526.788818359375,2562.128522112653,2509.118966482736,2526.788818359375,49859600,0.0,0.0
2021-12-22 00:00:00+07:00,2535.6240987574797,2544.4590259308507,2491.449462890625,2491.449462890625,34814400,0.0,0.0
2021-12-23 00:00:00+07:00,2491.4490099795717,2526.788712248785,2491.4490099795717,2500.283935546875,44565000,0.0,0.0
2021-12-24 00:00:00+07:00,2509.119317237367,2526.7891715841088,2456.109754197141,2491.449462890625,54902200,0.0,0.0
2021-12-27 00:00:00+07:00,2491.449148995536,2509.1190011160716,2464.9443708147323,2473.779296875,34096400,0.0,0.0
2021-12-28 00:00:00+07:00,2491.449462890625,2491.449462890625,2464.9446813705117,2491.449462890625,39835400,0.0,0.0
2021-12-29 00:00:00+07:00,2500.2839707925286,2517.9538221762214,2473.779193716989,2509.118896484375,20860200,0.0,0.0
2021-12-30 00:00:00+07:00,2509.1187896185497,2517.953714934108,2482.614013671875,2482.614013671875,34951600,0.0,0.0
2022-01-03 00:00:00+07:00,2509.119317237367,2517.954244410738,2482.6145357172536,2491.449462890625,30999600,0.0,0.0
2022-01-04 00:00:00+07:00,2500.2840750558034,2544.458705357143,2491.449148995536,2535.623779296875,44541400,0.0,0.0
2022-01-05 00:00:00+07:00,2526.7886402496665,2535.623565565225,2447.274312409642,2482.614013671875,98910200,0.0,0.0
2022-01-06 00:00:00+07:00,2500.283864302992,2500.283864302992,2456.1092377252003,2482.614013671875,65651200,0.0,0.0
2022-01-07 00:00:00+07:00,2482.6145357172536,2509.119317237367,2482.6145357172536,2491.449462890625,68452800,0.0,0.0
2022-01-10 00:00:00+07:00,2500.284390063996,2509.119317237367,2491.449462890625,2491.449462890625,44378600,0.0,0.0
2022-01-11 00:00:00+07:00,2509.119317237367,2509.119317237367,2473.7796085438827,2491.449462890625,50367600,0.0,0.0
2022-01-12 00:00:00+07:00,2491.4491146060973,2526.788818359375,2491.4491146060973,2526.788818359375,34249200,0.0,0.0
2022-01-13 00:00:00+07:00,2526.788538240132,2535.6234631990133,2509.1186883223686,2517.95361328125,35763800,0.0,0.0
2022-01-14 00:00:00+07:00,2500.2840750558034,2553.293631417411,2500.2840750558034,2535.623779296875,43651400,0.0,0.0
2022-01-17 00:00:00+07:00,2562.1285925971138,2570.9635187784834,2526.7888878716367,2544.458740234375,43188000,0.0,0.0
2022-01-18 00:00:00+07:00,2535.6236412311423,2562.12841796875,2509.1188644935346,2562.12841796875,64484800,0.0,0.0
2022-01-19 00:00:00+07:00,2535.623565565225,2544.458490880783,2473.7790883563166,2482.614013671875,103093600,0.0,0.0
2022-01-20 00:00:00+07:00,2509.1190011160716,2535.623779296875,2482.614222935268,2535.623779296875,53067000,0.0,0.0
2022-01-21 00:00:00+07:00,2535.6237107368365,2579.79833984375,2517.953859094071,2579.79833984375,76806800,0.0,0.0
2022-01-24 00:00:00+07:00,2570.96337890625,2570.96337890625,2544.4586018041236,2570.96337890625,44476800,0.0,0.0
2022-01-25 00:00:00+07:00,2544.458774870242,2562.1286274735075,2526.7889222669764,2553.293701171875,69268000,0.0,0.0
2022-01-26 00:00:00+07:00,2579.7983414767978,2641.642822265625,2553.293563995872,2641.642822265625,140636400,0.0,0.0
2022-01-27 00:00:00+07:00,2641.642926550859,2685.8175574296356,2615.1381480235927,2668.147705078125,113618000,0.0,0.0
2022-01-28 00:00:00+07:00,2694.652378855188,2703.4873046875,2668.147601358252,2703.4873046875,121145200,0.0,0.0
2022-01-31 00:00:00+07:00,2747.661932189329,2747.661932189329,2632.8078964386495,2641.642822265625,101700800,0.0,0.0
2022-02-02 00:00:00+07:00,2659.312673919576,2659.312673919576,2632.8078964386495,2641.642822265625,68769000,0.0,0.0
2022-02-03 00:00:00+07:00,2641.642822265625,2641.642822265625,2597.468193130748,2641.642822265625,60204000,0.0,0.0
2022-02-04 00:00:00+07:00,2632.8078964386495,2659.312673919576,2615.138044784699,2641.642822265625,36629400,0.0,0.0
2022-02-07 00:00:00+07:00,2703.48708984375,2703.48708984375,2641.6426139322916,2650.4775390625,68867800,0.0,0.0
2022-02-08 00:00:00+07:00,2685.8176613729506,2729.9922939613216,2668.1478083376023,2694.652587890625,158581800,0.0,0.0
2022-02-09 00:00:00+07:00,2721.1571915716613,2729.992117518322,2685.817487785016,2712.322265625,107360800,0.0,0.0
2022-02-10 00:00:00+07:00,2721.157017976335,2738.826868742415,2703.487167210255,2729.991943359375,107679400,0.0,0.0
2022-02-11 00:00:00+07:00,2747.6617941254553,2747.6617941254553,2703.487167210255,2729.991943359375,81582600,0.0,0.0
2022-02-14 00:00:00+07:00,2721.157123272236,2756.496826171875,2694.6523460975063,2756.496826171875,76263200,0.0,0.0
2022-02-15 00:00:00+07:00,2756.4969652393197,2791.836669921875,2712.3223343861255,2791.836669921875,67804400,0.0,0.0
2022-02-16 00:00:00+07:00,2800.671525894457,2800.671525894457,2738.8270442501,2774.166748046875,74785000,0.0,0.0
2022-02-17 00:00:00+07:00,2783.001673996069,2783.001673996069,2712.322266402518,2774.166748046875,103038800,0.0,0.0
2022-02-18 00:00:00+07:00,2765.331822097681,2809.5064518436507,2738.8270442501,2774.166748046875,81303200,0.0,0.0
2022-02-21 00:00:00+07:00,2774.166748046875,2800.671525894457,2774.166748046875,2774.166748046875,31720800,0.0,0.0
2022-02-22 00:00:00+07:00,2765.331856863839,2791.836635044643,2747.6620047433034,2783.001708984375,69476600,0.0,0.0
2022-02-23 00:00:00+07:00,2800.671561104911,2809.5064871651784,2765.331856863839,2783.001708984375,85991000,0.0,0.0
2022-02-24 00:00:00+07:00,2729.992397556057,2783.0019586736503,2703.4876169972604,2721.157470703125,170297000,0.0,0.0
2022-02-25 00:00:00+07:00,2729.992397556057,2738.827324408989,2703.4876169972604,2721.157470703125,163299800,0.0,0.0
2022-03-01 00:00:00+07:00,2712.3222305198124,2774.1667113459966,2703.4873046875,2703.4873046875,149532200,0.0,0.0
2022-03-02 00:00:00+07:00,2703.487514408299,2729.9922939613216,2668.1478083376023,2694.652587890625,110824000,0.0,0.0
2022-03-04 00:00:00+07:00,2721.1571563521243,2729.992082184436,2685.8174530228757,2703.4873046875,104914600,0.0,0.0
2022-03-07 00:00:00+07:00,2668.147705078125,2694.6524836053914,2650.4778527266144,2668.147705078125,137667600,0.0,0.0
2022-03-08 00:00:00+07:00,2694.6524836053914,2721.1572621326573,2668.147705078125,2668.147705078125,104072200,0.0,0.0
2022-03-09 00:00:00+07:00,2676.9827348552767,2729.9922939613216,2676.9827348552767,2694.652587890625,115109200,0.0,0.0
2022-03-10 00:00:00+07:00,2721.1571915716613,2738.8270434649835,2685.817487785016,2712.322265625,105803000,0.0,0.0
2022-03-11 00:00:00+07:00,2729.992082184436,2729.992082184436,2685.8174530228757,2703.4873046875,122401600,0.0,0.0
2022-03-14 00:00:00+07:00,2703.4872023059474,2765.3316807900705,2694.652276808216,2738.826904296875,173513400,0.0,0.0
2022-03-15 00:00:00+07:00,2756.4967908460612,2783.0015676811195,2747.661865234375,2747.661865234375,146735400,0.0,0.0
2022-03-16 00:00:00+07:00,2756.4972729952833,2844.8465445656448,2756.4972729952833,2809.5068359375,291909800,0.0,0.0
2022-03-17 00:00:00+07:00,2827.1766902515724,2862.516398879717,2809.5068359375,2809.5068359375,235559000,0.0,0.0
2022-03-18 00:00:00+07:00,2818.3412377390573,2827.176163249211,2783.0015356984422,2800.67138671875,212233400,0.0,0.0
2022-03-21 00:00:00+07:00,2841.6338217741522,2860.1460942287067,2813.86541309232,2832.377685546875,162364400,180.3178,0.0
2022-03-22 00:00:00+07:00,2850.889925183225,2869.4021974246743,2832.3776529417755,2841.6337890625,112672400,0.0,0.0
2022-03-23 00:00:00+07:00,2841.6336603195336,2887.9143388263665,2832.377524618167,2878.658203125,183894800,0.0,0.0
2022-03-24 00:00:00+07:00,2850.8898455983835,2934.195068359375,2850.8898455983835,2934.195068359375,210909800,0.0,0.0
2022-03-25 00:00:00+07:00,2943.451302498009,2952.7074386693866,2878.6583492983677,2906.4267578125,136083000,0.0,0.0
2022-03-28 00:00:00+07:00,2915.68310546875,2924.9392423115078,2887.9146949404762,2915.68310546875,95354400,0.0,0.0
2022-03-29 00:00:00+07:00,2952.70734008404,2971.219611808705,2915.6827966347105,2934.195068359375,160112200,0.0,0.0
2022-03-30 00:00:00+07:00,2943.4515159970238,2952.707652839782,2906.4269686259922,2915.68310546875,82476000,0.0,0.0
2022-03-31 00:00:00+07:00,2934.195100808445,2952.707372737836,2906.426692914359,2924.93896484375,69174000,0.0,0.0
2022-04-01 00:00:00+07:00,2924.9392423115078,2924.9392423115078,2878.6585580977185,2915.68310546875,62912400,0.0,0.0
2022-04-04 00:00:00+07:00,2897.17041015625,2924.9388166433705,2878.658139164836,2897.17041015625,82013800,0.0,0.0
2022-04-05 00:00:00+07:00,2887.914274660543,2915.6826811476635,2887.914274660543,2897.17041015625,82378200,0.0,0.0
2022-04-06 00:00:00+07:00,2887.9144696661238,2887.9144696661238,2832.3776529417755,2841.6337890625,129476400,0.0,0.0
2022-04-07 00:00:00+07:00,2841.6339999112215,2878.658547141335,2823.1217262961645,2850.89013671875,136162800,0.0,0.0
2022-04-08 00:00:00+07:00,2887.9146839488635,2887.9146839488635,2841.6339999112215,2850.89013671875,94622400,0.0,0.0
2022-04-11 00:00:00+07:00,2850.889925183225,2869.4021974246743,2832.3776529417755,2841.6337890625,107966400,0.0,0.0
2022-04-12 00:00:00+07:00,2841.6339999112215,2869.402410333807,2823.1217262961645,2850.89013671875,92691200,0.0,0.0
2022-04-13 00:00:00+07:00,2841.633724274373,2869.4021320034385,2832.3775883646845,2860.14599609375,90558600,0.0,0.0
2022-04-14 00:00:00+07:00,2860.14606130395,2869.4021974246743,2832.3776529417755,2841.6337890625,63275600,0.0,0.0
2022-04-18 00:00:00+07:00,2841.6341004418546,2860.146374711834,2804.6095519018954,2823.121826171875,101496000,0.0,0.0
2022-04-19 00:00:00+07:00,2823.1216481023102,2841.6339212046205,2804.609375,2804.609375,104508400,0.0,0.0
2022-04-20 00:00:00+07:00,2832.3776684414806,2924.939030155255,2823.121532270103,2906.4267578125,164354800,0.0,0.0
2022-04-21 00:00:00+07:00,2961.9634789156626,3110.0616528614455,2934.195071300828,3073.037109375,337363200,0.0,0.0
2022-04-22 00:00:00+07:00,3036.0128398791544,3082.293523413897,2989.732156344411,3063.78125,168301800,0.0,0.0
2022-04-25 00:00:00+07:00,3036.012662661474,3128.5740243279824,2971.2197094949183,3045.268798828125,179082600,0.0,0.0
2022-04-26 00:00:00+07:00,3054.524773694798,3119.317723439839,3045.268638016935,3091.54931640625,131930600,0.0,0.0
2022-04-27 00:00:00+07:00,3063.7810711614266,3119.3178881613317,3045.268798828125,3045.268798828125,118272800,0.0,0.0
2022-04-28 00:00:00+07:00,3248.903823596805,3359.9774585915675,3211.879278598551,3313.69677734375,443163800,0.0,0.0
2022-05-09 00:00:00+07:00,3193.367095122466,3211.8793681376687,3082.29345703125,3082.29345703125,351637800,0.0,0.0
2022-05-10 00:00:00+07:00,2897.1705420223284,3026.7564448603875,2897.1705420223284,2998.988037109375,498444800,0.0,0.0
2022-05-11 00:00:00+07:00,2998.9884155273435,3036.0129638671874,2961.9638671875,2961.9638671875,198922600,0.0,0.0
2022-05-12 00:00:00+07:00,2952.707652839782,2980.4760633680557,2860.1462844122025,2915.68310546875,162727200,0.0,0.0
2022-05-13 00:00:00+07:00,2915.6829599233774,2924.9390963040864,2869.4022780198316,2887.91455078125,165507800,0.0,0.0
2022-05-17 00:00:00+07:00,2887.914485469745,2961.963574840764,2887.914485469745,2906.4267578125,149548800,0.0,0.0
2022-05-18 00:00:00+07:00,2952.707372737836,2971.219644667227,2887.9144209849683,2924.93896484375,162519200,0.0,0.0
2022-05-19 00:00:00+07:00,2887.9144209849683,2934.195100808445,2869.4021490555774,2924.93896484375,127740400,0.0,0.0
2022-05-20 00:00:00+07:00,2943.451593017578,2980.476141357422,2943.451593017578,2961.9638671875,106866400,0.0,0.0
2022-05-23 00:00:00+07:00,2980.4760633680557,2989.7322002108135,2887.9146949404762,2915.68310546875,144005200,0.0,0.0
2022-05-24 00:00:00+07:00,2943.4512042217075,2980.4757476710374,2924.938932497043,2934.195068359375,134555000,0.0,0.0
2022-05-25 00:00:00+07:00,2924.939030155255,2980.475847183519,2897.1706216411226,2906.4267578125,132635400,0.0,0.0
2022-05-27 00:00:00+07:00,2961.963493441358,3008.244173026379,2943.4512216073495,2998.988037109375,155078600,0.0,0.0
2022-05-30 00:00:00+07:00,3036.0126953125,3036.0126953125,2961.9636051829266,3036.0126953125,117617200,0.0,0.0
2022-05-31 00:00:00+07:00,3063.780959185432,3147.086181640625,3045.2686875287222,3147.086181640625,262054000,0.0,0.0
2022-06-02 00:00:00+07:00,3082.293376643483,3091.54951290968,2980.47587771532,3036.0126953125,203021800,0.0,0.0
2022-06-03 00:00:00+07:00,3063.78110411109,3073.0372403772867,3036.0126953125,3036.0126953125,147960000,0.0,0.0
2022-06-06 00:00:00+07:00,3036.0125155770706,3091.549329886407,2971.219565549511,3017.500244140625,148785000,0.0,0.0
2022-06-07 00:00:00+07:00,3036.012565888554,3091.5493811182228,3017.5002941453313,3073.037109375,132673800,0.0,0.0
2022-06-08 00:00:00+07:00,3045.268814086914,3119.317903791155,3017.5004054478236,3110.061767578125,153409200,0.0,0.0
2022-06-09 00:00:00+07:00,3110.061734977745,3147.0862794417653,3091.549462745734,3119.31787109375,216804400,0.0,0.0
2022-06-10 00:00:00+07:00,3063.7811372622805,3082.293409994983,3017.5004554305237,3026.756591796875,165119600,0.0,0.0
2022-06-13 00:00:00+07:00,2961.963493441358,2998.988037109375,2943.4512216073495,2998.988037109375,122467200,0.0,0.0
2022-06-14 00:00:00+07:00,2961.9636051829266,3036.0126953125,2961.9636051829266,3036.0126953125,100136600,0.0,0.0
2022-06-15 00:00:00+07:00,3008.2441582737197,3082.293245246611,3008.2441582737197,3073.037109375,142400800,0.0,0.0
2022-06-16 00:00:00+07:00,3147.086097831157,3147.086097831157,3073.037013176306,3100.805419921875,186692600,0.0,0.0
2022-06-17 00:00:00+07:00,3026.7564776630225,3054.524885714977,2989.73193359375,2989.73193359375,156836200,0.0,0.0
2022-06-20 00:00:00+07:00,2998.9880859375,3054.52490234375,2980.4758138020834,3054.52490234375,74978200,0.0,0.0
2022-06-21 00:00:00+07:00,3073.0371744791664,3091.5494466145833,3036.012630208333,3054.52490234375,62996600,0.0,0.0
2022-06-22 00:00:00+07:00,3036.0125155770706,3063.780922731739,3008.244108422402,3017.500244140625,88306600,0.0,0.0
2022-06-23 00:00:00+07:00,3017.500244140625,3045.2686512952932,2998.9879727041794,3017.500244140625,48817400,0.0,0.0
2022-06-24 00:00:00+07:00,3036.012565888554,3073.037109375,3017.5002941453313,3073.037109375,60638400,0.0,0.0
2022-06-27 00:00:00+07:00,3110.061751994681,3110.061751994681,2989.73198182822,3045.268798828125,76574400,0.0,0.0
2022-06-28 00:00:00+07:00,3017.500276442308,3036.012548076923,2961.9634615384616,3008.244140625,110131200,0.0,0.0
2022-06-29 00:00:00+07:00,2998.988483932783,3008.2446212288714,2943.45166015625,2943.45166015625,113216400,0.0,0.0
2022-06-30 00:00:00+07:00,2961.9634759463725,2998.988019395702,2924.938932497043,2934.195068359375,125507600,0.0,0.0
2022-07-01 00:00:00+07:00,2915.682726408306,2934.1949976870887,2804.6090987356083,2813.865234375,191672200,0.0,0.0
2022-07-04 00:00:00+07:00,2804.609361803209,2841.6339078336146,2693.535723711993,2739.81640625,246417000,0.0,0.0
2022-07-05 00:00:00+07:00,2758.3285957286557,2860.1460942287067,2758.3285957286557,2832.377685546875,90919800,0.0,0.0
2022-07-06 00:00:00+07:00,2832.3776036259346,2832.3776036259346,2721.303972111192,2786.096923828125,180812800,0.0,0.0
2022-07-07 00:00:00+07:00,2776.8409189551767,2795.3531917482114,2749.072509765625,2749.072509765625,120444800,0.0,0.0
2022-07-08 00:00:00+07:00,2795.353125326609,2795.353125326609,2739.8163082671404,2767.584716796875,57156600,0.0,0.0
2022-07-11 00:00:00+07:00,2767.584716796875,2786.0969891500313,2739.8163082671404,2767.584716796875,22860800,0.0,0.0
2022-07-12 00:00:00+07:00,2767.5847825586598,2767.5847825586598,2730.5602369725907,2749.072509765625,51524400,0.0,0.0
2022-07-13 00:00:00+07:00,2739.8163257087626,2749.0724619442653,2693.53564453125,2693.53564453125,142494200,0.0,0.0
2022-07-14 00:00:00+07:00,2684.2795082957473,2730.56018947326,2665.767235824742,2693.53564453125,158438200,0.0,0.0
2022-07-15 00:00:00+07:00,2702.791665532448,2739.816208895906,2656.510986328125,2656.510986328125,191949400,0.0,0.0
2022-07-18 00:00:00+07:00,2675.0232755699935,2721.303955078125,2675.0232755699935,2721.303955078125,152078400,0.0,0.0
2022-07-19 00:00:00+07:00,2721.3041005760733,2758.3286461621424,2693.5356913865216,2749.072509765625,128963600,0.0,0.0
2022-07-20 00:00:00+07:00,2795.353061338014,2943.451236773141,2795.353061338014,2924.93896484375,215712600,0.0,0.0
2022-07-21 00:00:00+07:00,2961.9635087025317,2961.9635087025317,2860.146013090882,2924.93896484375,125699200,0.0,0.0
2022-07-22 00:00:00+07:00,2934.1951663266323,2934.1951663266323,2878.6583492983677,2906.4267578125,54461200,0.0,0.0
2022-07-25 00:00:00+07:00,2915.6827459304664,2924.938881631833,2878.658203125,2878.658203125,30750600,0.0,0.0
2022-07-26 00:00:00+07:00,2897.1709075927733,2971.2200042724608,2887.9147705078126,2961.9638671875,58317600,0.0,0.0
2022-07-27 00:00:00+07:00,2980.4757652753665,3008.244173026379,2961.963493441358,2998.988037109375,87439200,0.0,0.0
2022-07-28 00:00:00+07:00,2971.2194505774455,3036.012398097826,2971.2194505774455,2980.4755859375,94427400,0.0,0.0
2022-07-29 00:00:00+07:00,3045.268976586103,3091.549660120846,3017.5005664652567,3063.78125,132709400,0.0,0.0
2022-08-01 00:00:00+07:00,3036.0124963264107,3045.2686319859426,2952.707275390625,2952.707275390625,95909000,0.0,0.0
2022-08-02 00:00:00+07:00,2961.963637232416,3026.756591796875,2952.707500866065,3026.756591796875,57458200,0.0,0.0
2022-08-03 00:00:00+07:00,3026.756494140625,3054.52490234375,2980.4758138020834,3054.52490234375,55822800,0.0,0.0
2022-08-04 00:00:00+07:00,3073.0371744791664,3073.0371744791664,3017.5003580729167,3054.52490234375,75188600,0.0,0.0
2022-08-05 00:00:00+07:00,3063.781038411458,3073.0371744791664,3026.756494140625,3054.52490234375,64150800,0.0,0.0
2022-08-08 00:00:00+07:00,3054.524773694798,3091.54931640625,3045.268638016935,3091.54931640625,82522000,0.0,0.0
2022-08-09 00:00:00+07:00,3119.3178062776547,3184.1107577433627,3110.061670353982,3137.830078125,117148200,0.0,0.0
2022-08-10 00:00:00+07:00,3091.549715263899,3184.111083984375,3054.5251677757087,3184.111083984375,79950200,0.0,0.0
2022-08-11 00:00:00+07:00,3193.3670750950787,3211.8793479941805,3119.3179834986713,3156.342529296875,106627400,0.0,0.0
2022-08-12 00:00:00+07:00,3156.342349972345,3174.8546218196902,3119.3178062776547,3137.830078125,62626200,0.0,0.0
2022-08-15 00:00:00+07:00,3128.5739746093745,3165.5985186875923,3110.061702570266,3128.573974609375,44464800,0.0,0.0
2022-08-16 00:00:00+07:00,3165.598665746426,3202.6232115446296,3137.830256397773,3156.342529296875,109260400,0.0,0.0
2022-08-18 00:00:00+07:00,3248.904042088708,3258.1601789607557,3174.8549471123274,3184.111083984375,116693200,0.0,0.0
2022-08-19 00:00:00+07:00,3184.110724954044,3202.6229966107535,3147.086181640625,3147.086181640625,48290200,0.0,0.0
2022-08-22 00:00:00+07:00,3119.3179834986713,3165.598665746426,3091.549574150018,3156.342529296875,121399800,0.0,0.0
2022-08-23 00:00:00+07:00,3147.086022418478,3211.8789699388585,3128.5737516983695,3193.36669921875,95553400,0.0,0.0
2022-08-24 00:00:00+07:00,3184.1105638586955,3221.135105298913,3165.598293138587,3193.36669921875,60958200,0.0,0.0
2022-08-25 00:00:00+07:00,3165.5986000706084,3193.3670088431577,3119.3179187830265,3174.854736328125,77254800,0.0,0.0
2022-08-26 00:00:00+07:00,3193.366860782399,3202.6229966107535,3147.086181640625,3147.086181640625,82356600,0.0,0.0
2022-08-29 00:00:00+07:00,3110.0618146929824,3184.110905519006,3091.5495419864765,3165.5986328125,62683800,0.0,0.0
2022-08-30 00:00:00+07:00,3193.367154336389,3239.6478377325684,3174.854880977917,3202.623291015625,109649400,0.0,0.0
2022-08-31 00:00:00+07:00,3147.086216123764,3276.672119140625,3128.5739442642125,3276.672119140625,151631600,0.0,0.0
2022-09-01 00:00:00+07:00,3276.6722648043597,3313.6968101693806,3211.8793104155725,3304.440673828125,120967800,0.0,0.0
2022-09-02 00:00:00+07:00,3322.952798789504,3332.20893471928,3230.391439491746,3276.672119140625,90044600,0.0,0.0
2022-09-05 00:00:00+07:00,3276.6722323454956,3332.209049842877,3258.1599598463686,3313.69677734375,60491000,0.0,0.0
2022-09-06 00:00:00+07:00,3322.9528317546033,3332.208967776204,3258.1598796033995,3267.416015625,65296200,0.0,0.0
2022-09-07 00:00:00+07:00,3248.903679302377,3285.92822265625,3230.39140762544,3285.92822265625,97771400,0.0,0.0
2022-09-08 00:00:00+07:00,3295.184504844623,3369.233594841131,3267.416096095932,3313.69677734375,96931000,0.0,0.0
2022-09-09 00:00:00+07:00,3359.97705078125,3369.2331859073693,3313.696375150654,3359.97705078125,128510800,0.0,0.0
2022-09-12 00:00:00+07:00,3387.745573537551,3406.257844431199,3359.9771671970793,3397.001708984375,110819000,0.0,0.0
2022-09-13 00:00:00+07:00,3424.770249462632,3517.3316075562166,3415.5141136532734,3498.8193359375,185487800,0.0,0.0
2022-09-14 00:00:00+07:00,3434.026578513525,3480.3072601646504,3406.2581695228496,3443.28271484375,119631200,0.0,0.0
2022-09-15 00:00:00+07:00,3480.307194184492,3517.3317388034757,3443.282649565508,3461.794921875,156750600,0.0,0.0
2022-09-16 00:00:00+07:00,3434.026597243089,3443.282733623798,3341.4652334359976,3369.233642578125,167812600,0.0,0.0
2022-09-19 00:00:00+07:00,3424.7705408938855,3443.2828140879064,3387.7459945058436,3415.514404296875,137396600,0.0,0.0
2022-09-20 00:00:00+07:00,3452.5387367580247,3471.0510088049846,3406.258056640625,3406.258056640625,140752200,0.0,0.0
2022-09-21 00:00:00+07:00,3387.745688384434,3434.0263671875,3369.2334168632074,3434.0263671875,71044400,0.0,0.0
2022-09-22 00:00:00+07:00,3434.026464711065,3443.2826007345448,3397.001920617145,3406.258056640625,96479200,0.0,0.0
2022-09-23 00:00:00+07:00,3406.258056640625,3424.770328687585,3387.745784593665,3406.258056640625,61877000,0.0,0.0
2022-09-26 00:00:00+07:00,3378.489584433066,3471.050942910684,3313.6966334987333,3424.770263671875,133769600,0.0,0.0
2022-09-27 00:00:00+07:00,3424.770377256016,3461.794921875,3406.258104946524,3461.794921875,130959400,0.0,0.0
2022-09-28 00:00:00+07:00,3498.819532825101,3554.3563508064517,3434.026578513525,3443.28271484375,133085000,0.0,0.0
2022-09-29 00:00:00+07:00,3461.7948070629222,3471.050942910684,3406.2579919763516,3424.770263671875,67945200,0.0,0.0
2022-09-30 00:00:00+07:00,3443.2827938494697,3489.5634765625,3415.514384221651,3489.5634765625,113501000,0.0,0.0
2022-10-03 00:00:00+07:00,3452.5386387087265,3471.0509102299525,3415.5140956662735,3434.0263671875,54662400,0.0,0.0
2022-10-04 00:00:00+07:00,3443.2828140879064,3471.0512238789383,3415.514404296875,3415.514404296875,90247000,0.0,0.0
2022-10-05 00:00:00+07:00,3443.2825029481132,3508.0754532724054,3434.0263671875,3434.0263671875,75891600,0.0,0.0
2022-10-06 00:00:00+07:00,3443.2826821171243,3452.538818359375,3415.5142733903735,3452.538818359375,43279200,0.0,0.0
2022-10-07 00:00:00+07:00,3452.5389303920756,3489.5634765625,3434.0266573068634,3489.5634765625,51267000,0.0,0.0
2022-10-10 00:00:00+07:00,3471.051123834425,3480.3072601646504,3434.026578513525,3443.28271484375,55465000,0.0,0.0
2022-10-11 00:00:00+07:00,3489.5633964948756,3489.5633964948756,3424.7704421832996,3443.28271484375,71925600,0.0,0.0
2022-10-12 00:00:00+07:00,3471.051203477288,3517.3318861903185,3443.2827938494697,3489.5634765625,118731400,0.0,0.0
2022-10-13 00:00:00+07:00,3517.331819962071,3535.8440926987137,3452.538865383822,3508.07568359375,58832000,0.0,0.0
2022-10-14 00:00:00+07:00,3572.8684887175864,3572.8684887175864,3471.0509929251166,3480.30712890625,106401600,0.0,0.0
2022-10-17 00:00:00+07:00,3498.8193359375,3508.075471746858,3443.282521081349,3498.8193359375,60905200,0.0,0.0
2022-10-18 00:00:00+07:00,3517.33154296875,3545.099949886924,3498.819271689967,3517.33154296875,67904400,0.0,0.0
2022-10-19 00:00:00+07:00,3471.051138120465,3545.100229067035,3452.538865383822,3508.07568359375,71544800,0.0,0.0
2022-10-20 00:00:00+07:00,3461.795166015625,3674.6863125887785,3461.795166015625,3665.43017578125,102422400,0.0,0.0
2022-10-21 00:00:00+07:00,3702.4546157910627,3869.06507350166,3674.6862061726297,3832.04052734375,183987800,0.0,0.0
2022-10-24 00:00:00+07:00,3822.784277939215,3887.5772318025915,3795.015869140625,3795.015869140625,102168000,0.0,0.0
2022-10-25 00:00:00+07:00,3804.2720383175424,3869.0649927414424,3785.7597656249995,3785.759765625,83305200,0.0,0.0
2022-10-26 00:00:00+07:00,3785.759064319087,3795.015198950674,3702.4538526348038,3776.5029296875,80531400,0.0,0.0
2022-10-27 00:00:00+07:00,3776.5029296875,3822.783602845435,3720.9661218979777,3776.5029296875,84531200,0.0,0.0
2022-10-28 00:00:00+07:00,3748.734525792739,3785.759064319087,3739.478391161152,3776.5029296875,102437400,0.0,0.0
2022-10-31 00:00:00+07:00,3813.528234689721,3906.0895996093745,3785.7598252138255,3906.089599609375,173874600,0.0,0.0
2022-11-01 00:00:00+07:00,3924.601825420673,3924.601825420673,3785.759779710036,3850.552734375,111898000,0.0,0.0
2022-11-02 00:00:00+07:00,3841.2967865520313,3850.5529233870966,3693.1985971909894,3730.22314453125,127515400,0.0,0.0
2022-11-03 00:00:00+07:00,3683.9423300253375,3776.5036951013512,3683.9423300253375,3767.24755859375,119598600,0.0,0.0
2022-11-04 00:00:00+07:00,3711.710530999846,3757.9912109375,3702.454395012315,3757.9912109375,70781200,0.0,0.0
2022-11-07 00:00:00+07:00,3767.247460342035,3795.015869140625,3702.4545064786585,3795.015869140625,98034400,0.0,0.0
2022-11-08 00:00:00+07:00,3804.271890875154,3804.271890875154,3730.2228029749076,3757.9912109375,39585800,0.0,0.0
2022-11-09 00:00:00+07:00,3720.966666987377,3757.9912109375,3720.966666987377,3757.9912109375,68010400,0.0,0.0
2022-11-10 00:00:00+07:00,3720.9667316096843,3757.9912762028152,3702.4544593131186,3739.47900390625,61964000,0.0,0.0
2022-11-11 00:00:00+07:00,3813.528156381145,3869.064974192521,3785.759747475457,3859.808837890625,102008200,0.0,0.0
2022-11-14 00:00:00+07:00,3906.0895043349847,3906.0895043349847,3757.9913240758383,3795.015869140625,61055200,0.0,0.0
2022-11-15 00:00:00+07:00,3813.528141673018,3813.528141673018,3739.479051543445,3795.015869140625,83000800,0.0,0.0
2022-11-16 00:00:00+07:00,3739.478642578125,3767.247048339844,3665.429560546875,3702.4541015625,128257800,0.0,0.0
2022-11-17 00:00:00+07:00,3646.917902166193,3711.710859818892,3646.917902166193,3665.43017578125,167562600,0.0,0.0
2022-11-18 00:00:00+07:00,3683.9423300253375,3785.7598316089525,3674.6861935177362,3767.24755859375,111646200,0.0,0.0
2022-11-21 00:00:00+07:00,3767.2474123510983,3776.503548499381,3711.7105954614017,3739.47900390625,52311600,0.0,0.0
2022-11-22 00:00:00+07:00,3720.96669921875,3795.0157877604165,3720.96669921875,3748.735107421875,79850600,0.0,0.0
2022-11-23 00:00:00+07:00,3748.734525792739,3813.527468213848,3748.734525792739,3776.5029296875,78250600,0.0,0.0
2022-11-24 00:00:00+07:00,3785.7597656249995,3813.528174663814,3776.5036292787286,3785.759765625,59701400,0.0,0.0
2022-11-25 00:00:00+07:00,3785.7598316089525,3785.7598316089525,3739.479149070946,3767.24755859375,77984800,0.0,0.0
2022-11-28 00:00:00+07:00,3767.2473795572914,3804.2719238281247,3748.735107421875,3748.735107421875,64779000,0.0,0.0
2022-11-29 00:00:00+07:00,3795.0160139698096,3869.065106925318,3776.5037407309323,3822.784423828125,72261000,0.0,0.0
2022-11-30 00:00:00+07:00,3822.7839245286523,3998.650497327791,3822.7839245286523,3896.8330078125,347136800,0.0,0.0
2022-12-01 00:00:00+07:00,3896.833416278546,3943.1140981820913,3850.552734375,3850.552734375,141493000,0.0,0.0
2022-12-02 00:00:00+07:00,3850.552330760095,3896.8330078125,3822.7839245286523,3896.8330078125,70811400,0.0,0.0
2022-12-05 00:00:00+07:00,3943.1134866648704,4072.6993758979884,3915.345081829202,4026.418701171875,146472800,0.0,0.0
2022-12-06 00:00:00+07:00,4026.419400556372,4072.700083321388,3970.882581238353,4035.675537109375,139360200,0.0,0.0
2022-12-07 00:00:00+07:00,3933.857245387801,3961.6256494728914,3841.2958984375,3841.2958984375,200886200,0.0,0.0
2022-12-08 00:00:00+07:00,3730.222688437694,3785.75950265761,3693.1981456244166,3720.966552734375,279908400,0.0,0.0
2022-12-09 00:00:00+07:00,3683.9421712649555,3720.9667156997793,3637.661490721426,3674.68603515625,241338200,0.0,0.0
2022-12-12 00:00:00+07:00,3637.661458537806,3702.4544107255024,3619.1491864841787,3683.942138671875,183717600,0.0,0.0
2022-12-13 00:00:00+07:00,3619.149491743608,3702.4547230113635,3619.149491743608,3665.43017578125,224176000,0.0,0.0
2022-12-14 00:00:00+07:00,3730.222818805944,3739.4789548327576,3683.942138671875,3683.942138671875,162689200,0.0,0.0
2022-12-15 00:00:00+07:00,3665.43017578125,3711.710859818892,3665.43017578125,3665.43017578125,82673400,0.0,0.0
2022-12-16 00:00:00+07:00,3637.661506275139,3739.47900390625,3637.661506275139,3739.47900390625,770252400,0.0,0.0
2022-12-19 00:00:00+07:00,3702.4541015625,3730.222507324219,3665.429560546875,3702.4541015625,100871400,0.0,0.0
2022-12-20 00:00:00+07:00,3702.454281327736,3720.966552734375,3683.9420099210975,3720.966552734375,56633800,0.0,0.0
2022-12-21 00:00:00+07:00,3748.7347778320313,3748.7347778320313,3702.4541015625,3702.4541015625,37945200,0.0,0.0
2022-12-22 00:00:00+07:00,3739.4789548327576,3739.4789548327576,3683.942138671875,3683.942138671875,78836200,0.0,0.0
2022-12-23 00:00:00+07:00,3665.429899047544,3702.4544434823674,3665.429899047544,3674.68603515625,38571200,0.0,0.0
2022-12-26 00:00:00+07:00,3693.1981456244166,3720.966552734375,3683.9420099210975,3720.966552734375,19578800,0.0,0.0
2022-12-27 00:00:00+07:00,3720.96668277913,3720.96668277913,3656.173730591434,3683.942138671875,43282000,0.0,0.0
2022-12-28 00:00:00+07:00,3702.4543781328325,3702.4543781328325,3646.9175624608397,3693.1982421875,30258400,0.0,0.0
2022-12-29 00:00:00+07:00,3665.429834351504,3693.1982421875,3656.1736984061718,3693.1982421875,56981400,0.0,0.0
2022-12-30 00:00:00+07:00,3702.4544434823674,3720.9667156997793,3674.6860351562495,3674.68603515625,40655800,0.0,0.0
2023-01-02 00:00:00+07:00,3674.6858552956883,3693.1981266070015,3656.173583984375,3656.173583984375,5985400,0.0,0.0
2023-01-03 00:00:00+07:00,3646.91759456462,3693.1982746986887,3646.91759456462,3683.942138671875,13815200,0.0,0.0
2023-01-04 00:00:00+07:00,3711.710693359375,3730.2229661442097,3693.1984205745403,3711.710693359375,38575800,0.0,0.0
2023-01-05 00:00:00+07:00,3720.9663495944656,3720.9663495944656,3600.6365920205153,3637.6611328125,84945800,0.0,0.0
2023-01-06 00:00:00+07:00,3600.6371080048234,3628.4055175781255,3554.3564253826535,3628.405517578125,44097000,0.0,0.0
2023-01-09 00:00:00+07:00,3609.892854273779,3646.9173963688945,3554.3560411311055,3600.63671875,67250600,0.0,0.0
2023-01-10 00:00:00+07:00,3517.3315890330186,3535.843860554245,3397.001824145047,3434.0263671875,214538800,0.0,0.0
2023-01-11 00:00:00+07:00,3359.9774585915675,3397.002003589822,3295.184504844623,3313.69677734375,193915000,0.0,0.0
2023-01-12 00:00:00+07:00,3332.2089684527855,3498.8194168754244,3332.2089684527855,3406.258056640625,219659400,0.0,0.0
2023-01-13 00:00:00+07:00,3378.489438090727,3415.513979878023,3350.7210317502554,3397.001708984375,107483800,0.0,0.0
2023-01-16 00:00:00+07:00,3369.2336242019487,3461.7949875042004,3369.2336242019487,3443.28271484375,145710000,0.0,0.0
2023-01-17 00:00:00+07:00,3480.307161458333,3637.6614746093746,3471.051025390625,3609.89306640625,146238000,0.0,0.0
2023-01-18 00:00:00+07:00,3572.8682918848167,3619.1489692408377,3517.3314790575914,3535.84375,95360600,0.0,0.0
2023-01-19 00:00:00+07:00,3554.35625,3637.6614746093746,3526.5878417968747,3609.89306640625,81704200,0.0,0.0
2023-01-20 00:00:00+07:00,3646.9175624608397,3702.4543781328325,3628.4052905701756,3693.1982421875,93227400,0.0,0.0
2023-01-24 00:00:00+07:00,3646.917902166193,3693.198586203835,3628.4056285511365,3665.43017578125,35028000,0.0,0.0
2023-01-25 00:00:00+07:00,3628.4058976320875,3646.9181726200063,3591.38134765625,3591.38134765625,72767800,0.0,0.0
2023-01-26 00:00:00+07:00,3619.1488624165077,3656.1734032084923,3609.8927272185115,3637.6611328125,70558600,0.0,0.0
2023-01-27 00:00:00+07:00,3665.430011397288,3757.991375321462,3665.430011397288,3711.710693359375,216788400,0.0,0.0
2023-01-30 00:00:00+07:00,3711.710546752316,3748.7350908595713,3656.173730591434,3683.942138671875,82589400,0.0,0.0
2023-01-31 00:00:00+07:00,3711.710546752316,3739.4789548327576,3656.173730591434,3683.942138671875,167297000,0.0,0.0
2023-02-01 00:00:00+07:00,3683.942722595844,3720.967272571682,3582.1252101622904,3591.38134765625,165628800,0.0,0.0
2023-02-02 00:00:00+07:00,3600.63671875,3609.892854273779,3545.0999056073265,3600.63671875,99351800,0.0,0.0
2023-02-03 00:00:00+07:00,3609.8930823953083,3683.9421712649555,3609.8930823953083,3674.68603515625,108125400,0.0,0.0
2023-02-06 00:00:00+07:00,3674.6858552956883,3720.9665335739714,3609.892905706092,3656.173583984375,109098400,0.0,0.0
2023-02-07 00:00:00+07:00,3683.9423300253375,3785.7598316089525,3665.430057010135,3767.24755859375,118132000,0.0,0.0
2023-02-08 00:00:00+07:00,3748.734525792739,3785.759064319087,3739.478391161152,3776.5029296875,75656000,0.0,0.0
2023-02-09 00:00:00+07:00,3813.528141673018,3850.552686737805,3795.015869140625,3795.015869140625,121757400,0.0,0.0
2023-02-10 00:00:00+07:00,3869.064892815155,3869.064892815155,3757.9912595285955,3813.528076171875,81114600,0.0,0.0
2023-02-13 00:00:00+07:00,3906.089619659571,3906.089619659571,3795.0159811858393,3832.04052734375,56771800,0.0,0.0
2023-02-14 00:00:00+07:00,3869.0643025225904,3869.0643025225904,3804.2713596573794,3841.2958984375,39570600,0.0,0.0
2023-02-15 00:00:00+07:00,3813.528174663814,3832.0404473563567,3739.479083893643,3785.759765625,75595200,0.0,0.0
2023-02-16 00:00:00+07:00,3785.7598316089525,3804.272104624155,3748.735285578547,3767.24755859375,49569000,0.0,0.0
2023-02-17 00:00:00+07:00,3767.2473956358085,3813.528076171875,3739.478987314169,3813.528076171875,58521000,0.0,0.0
2023-02-20 00:00:00+07:00,3813.5278641081204,3813.5278641081204,3776.5033217381383,3804.271728515625,40696400,0.0,0.0
2023-02-21 00:00:00+07:00,3813.527468213848,3813.527468213848,3767.246795055913,3776.5029296875,52604400,0.0,0.0
2023-02-22 00:00:00+07:00,3748.7347778320313,3767.247048339844,3683.9418310546876,3702.4541015625,75513400,0.0,0.0
2023-02-23 00:00:00+07:00,3693.1985971909894,3739.479281366315,3674.686323520859,3730.22314453125,177505200,0.0,0.0
2023-02-24 00:00:00+07:00,3748.735107421875,3785.7596516927083,3730.222835286458,3748.735107421875,54138200,0.0,0.0
2023-02-27 00:00:00+07:00,3730.2228029749076,3757.9912109375,3720.966666987377,3757.9912109375,47901800,0.0,0.0
2023-02-28 00:00:00+07:00,3730.222507324219,3757.990913085938,3702.4541015625,3702.4541015625,146440400,0.0,0.0
2023-03-01 00:00:00+07:00,3757.9912762028152,3776.503548499381,3720.9667316096843,3739.47900390625,89565600,0.0,0.0
2023-03-02 00:00:00+07:00,3757.9913565861857,3813.528174663814,3757.9913565861857,3785.759765625,72991800,0.0,0.0
2023-03-03 00:00:00+07:00,3776.503366954291,3795.0156383609296,3711.7104170310554,3720.966552734375,88630600,0.0,0.0
2023-03-06 00:00:00+07:00,3767.2473795572914,3785.7596516927083,3730.222835286458,3748.735107421875,53728800,0.0,0.0
2023-03-07 00:00:00+07:00,3757.9914220861483,3804.272104624155,3748.735285578547,3767.24755859375,80065800,0.0,0.0
2023-03-08 00:00:00+07:00,3795.0155929231296,3804.271728515625,3767.247186145643,3804.271728515625,104838200,0.0,0.0
2023-03-09 00:00:00+07:00,3850.552911931818,3887.577459161932,3832.0406383167615,3869.065185546875,83286000,0.0,0.0
2023-03-10 00:00:00+07:00,3859.8081678275603,3859.8081678275603,3804.2713596573794,3841.2958984375,107531000,0.0,0.0
2023-03-13 00:00:00+07:00,3804.272117725317,3841.2966638832277,3785.7598446463617,3832.04052734375,92827600,0.0,0.0
2023-03-14 00:00:00+07:00,3776.5035323520146,3804.2719406781325,3646.917626830132,3674.68603515625,191898400,0.0,0.0
2023-03-15 00:00:00+07:00,3720.966552734375,3767.2472312509717,3646.91746710782,3720.966552734375,262828600,0.0,0.0
2023-03-16 00:00:00+07:00,3730.223201538706,3730.223201538706,3637.6618317734774,3646.91796875,135467400,0.0,0.0
2023-03-17 00:00:00+07:00,3683.942187016553,3748.7351400545326,3674.6860508682703,3739.47900390625,224171600,0.0,0.0
2023-03-20 00:00:00+07:00,3720.9663720703124,3739.478642578125,3702.4541015625,3702.4541015625,46333000,0.0,0.0
2023-03-21 00:00:00+07:00,3739.4789713541663,3887.5771484375,3730.222835286458,3887.5771484375,131331000,0.0,0.0
2023-03-24 00:00:00+07:00,3933.8580350263405,4054.1878102153814,3915.345761920334,4035.675537109375,222156200,0.0,0.0
2023-03-27 00:00:00+07:00,4047.091126685049,4056.8197111241957,3969.262451171875,3969.262451171875,151825600,264.6684,0.0
2023-03-28 00:00:00+07:00,3969.263151041667,3998.4489095052086,3930.348806423611,3940.077392578125,103951000,0.0,0.0
2023-03-29 00:00:00+07:00,3988.719936499849,4037.3628625547253,3969.262766077899,4027.63427734375,107454600,0.0,0.0
2023-03-30 00:00:00+07:00,4027.634382401818,4047.0915533312955,3978.9914550781245,3978.991455078125,97186200,0.0,0.0
2023-03-31 00:00:00+07:00,3998.4485909598216,4017.90576171875,3969.2628348214284,4017.90576171875,92013200,0.0,0.0
2023-04-03 00:00:00+07:00,4047.091690172209,4095.734619140625,4047.091690172209,4095.734619140625,101724400,0.0,2.0
2023-04-04 00:00:00+07:00,4086.0058945875903,4124.920236440806,3969.262869027945,4047.091552734375,94482600,0.0,2.0
2023-04-05 00:00:00+07:00,4008.177554481908,4086.0062448601975,4008.177554481908,4066.549072265625,42655500,0.0,0.0
2023-04-06 00:00:00+07:00,4066.5486181876513,4066.5486181876513,4008.1771069218,4027.63427734375,47999400,0.0,0.0
2023-04-10 00:00:00+07:00,4008.176788928462,4027.6339578067555,3930.348113415288,3969.262451171875,74787800,0.0,0.0
2023-04-11 00:00:00+07:00,3969.262451171875,3969.262451171875,3930.348113415288,3969.262451171875,37744800,0.0,0.0
2023-04-12 00:00:00+07:00,3969.2629038986647,4066.5487593863772,3969.2629038986647,4008.17724609375,111901500,0.0,0.0
2023-04-13 00:00:00+07:00,4027.6345584032015,4047.0917301829268,3988.72021484375,3988.72021484375,67928500,0.0,0.0
2023-04-14 00:00:00+07:00,4008.177554481908,4086.0062448601975,4008.177554481908,4066.549072265625,142479800,0.0,0.0
2023-04-17 00:00:00+07:00,4066.5489019626525,4086.0060737423782,3988.72021484375,3988.72021484375,95789900,0.0,0.0
2023-04-18 00:00:00+07:00,4008.1771069218,4086.0057886096015,3988.719936499849,4027.63427734375,106962300,0.0,0.0
2023-04-26 00:00:00+07:00,4202.748920147235,4222.206091073844,4027.6343818077676,4047.091552734375,207338000,0.0,0.0
2023-04-27 00:00:00+07:00,4027.6343818077676,4066.548723660983,4027.6343818077676,4047.091552734375,51076300,0.0,0.0
2023-04-28 00:00:00+07:00,4066.5486181876513,4066.5486181876513,4008.1771069218,4027.63427734375,116957800,0.0,0.0
2023-05-02 00:00:00+07:00,4086.0061035156245,4086.0061035156245,4027.6345877511158,4086.006103515625,98024100,0.0,0.0
2023-05-03 00:00:00+07:00,4086.0062448601975,4086.0062448601975,4008.177554481908,4066.549072265625,110683000,0.0,0.0
2023-05-04 00:00:00+07:00,4027.6342773437505,4066.5486181876513,3988.719936499849,4027.63427734375,100945900,0.0,0.0
2023-05-05 00:00:00+07:00,4027.6342773437505,4047.0914477657007,3988.719936499849,4027.63427734375,64499500,0.0,0.0
2023-05-08 00:00:00+07:00,4027.6345584032015,4047.0917301829268,3988.72021484375,3988.72021484375,64678000,0.0,0.0
2023-05-09 00:00:00+07:00,3969.2627291537747,3988.7198993947245,3930.348388671875,3930.348388671875,93531000,0.0,0.0
2023-05-10 00:00:00+07:00,3930.348736241533,3988.7202521263084,3930.348736241533,3949.805908203125,58148200,0.0,0.0
2023-05-11 00:00:00+07:00,3949.8052822935815,3969.262451171875,3910.8909445369945,3969.262451171875,63262300,0.0,0.0
2023-05-12 00:00:00+07:00,3949.80509765625,3949.80509765625,3891.43359375,3891.43359375,105407300,0.0,0.0
2023-05-15 00:00:00+07:00,3930.348388671875,3930.348388671875,3891.434048189975,3930.348388671875,76451700,0.0,0.0
2023-05-16 00:00:00+07:00,3949.8057491937,3949.8057491937,3875.8684987161823,3883.6513671875,42752200,0.0,0.0
2023-05-17 00:00:00+07:00,3883.6507265625,3949.80509765625,3875.867859375,3891.43359375,63396700,0.0,0.0
2023-05-19 00:00:00+07:00,3949.805908203125,3969.263080164717,3910.8915642799416,3949.805908203125,78499800,0.0,0.0
2023-05-22 00:00:00+07:00,3969.2632092927633,4086.0062448601975,3949.806036698191,4066.549072265625,120027200,0.0,0.0
2023-05-23 00:00:00+07:00,4047.0917301829268,4086.0060737423782,3969.2630430640243,3988.72021484375,165534100,0.0,0.0
2023-05-24 00:00:00+07:00,3988.7202521263084,4008.1774240879004,3930.348736241533,3949.805908203125,125575300,0.0,0.0
2023-05-25 00:00:00+07:00,3930.3484252339977,4027.6342773437505,3930.3484252339977,4027.63427734375,76424100,0.0,0.0
2023-05-26 00:00:00+07:00,4027.6345584032015,4047.0917301829268,3969.2630430640243,3988.72021484375,42313700,0.0,0.0
2023-05-29 00:00:00+07:00,4027.6344171912924,4027.6344171912924,3969.2629038986647,4008.17724609375,60646900,0.0,0.0
2023-05-30 00:00:00+07:00,3969.2629038986647,4047.091588288835,3969.2629038986647,4008.17724609375,49086100,0.0,0.0
2023-05-31 00:00:00+07:00,4027.634239876624,4047.091410117574,3930.348388671875,3930.348388671875,393735900,0.0,0.0
2023-06-05 00:00:00+07:00,3969.263080164717,4008.1774240879004,3949.805908203125,3949.805908203125,149191300,0.0,0.0
2023-06-06 00:00:00+07:00,3930.348388671875,3969.2627291537747,3852.519707708075,3930.348388671875,244590500,0.0,0.0
2023-06-07 00:00:00+07:00,3891.4339435634324,3949.8054527168842,3891.4339435634324,3910.89111328125,130408700,0.0,0.0
2023-06-08 00:00:00+07:00,3891.4339435634324,3949.8054527168842,3891.4339435634324,3910.89111328125,173484200,0.0,0.0
2023-06-09 00:00:00+07:00,3910.8915277248475,3988.72021484375,3891.434355945122,3988.72021484375,150849200,0.0,0.0
2023-06-12 00:00:00+07:00,3969.262451171875,3988.7196200501685,3930.348113415288,3969.262451171875,91080300,0.0,0.0
2023-06-13 00:00:00+07:00,3969.262451171875,4027.6339578067555,3930.348113415288,3969.262451171875,143804700,0.0,0.0
2023-06-14 00:00:00+07:00,3988.7198993947245,4008.1770696356743,3930.348388671875,3930.348388671875,96670300,0.0,0.0
2023-06-15 00:00:00+07:00,3930.3486995045732,4008.1773866234757,3930.3486995045732,3988.72021484375,94097900,0.0,0.0
2023-06-16 00:00:00+07:00,3988.7200749962076,4008.17724609375,3949.8057328011223,4008.17724609375,103942500,0.0,0.0
2023-06-19 00:00:00+07:00,3969.2630430640243,4008.1773866234757,3969.2630430640243,3988.72021484375,36211300,0.0,0.0
2023-06-20 00:00:00+07:00,3969.262451171875,3988.7196200501685,3930.348113415288,3969.262451171875,44316800,0.0,0.0
2023-06-21 00:00:00+07:00,3930.348113415288,3969.262451171875,3930.348113415288,3969.262451171875,58061600,0.0,0.0
2023-06-22 00:00:00+07:00,3969.263080164717,4008.1774240879004,3949.805908203125,3949.805908203125,60457300,0.0,0.0
2023-06-23 00:00:00+07:00,3949.805908203125,3988.7202521263084,3930.348736241533,3949.805908203125,47276900,0.0,0.0
2023-06-26 00:00:00+07:00,3969.2630430640243,4027.6345584032015,3949.805871284299,3988.72021484375,74263700,0.0,0.0
2023-06-27 00:00:00+07:00,4027.6343818077676,4086.0058945875903,4008.17721088116,4047.091552734375,101592900,0.0,0.0
2023-07-03 00:00:00+07:00,3988.719938759492,4163.83447265625,3988.719938759492,4163.83447265625,227354700,0.0,0.0
2023-07-04 00:00:00+07:00,4202.749135044643,4202.749135044643,4066.5489315941218,4086.006103515625,119841200,0.0,0.0
2023-07-05 00:00:00+07:00,4124.920551318128,4144.377723730006,4086.0062064943722,4105.46337890625,78430000,0.0,0.0
2023-07-06 00:00:00+07:00,4124.919921875,4163.834260760614,4086.0055829893868,4124.919921875,90981000,0.0,0.0
2023-07-07 00:00:00+07:00,4105.463101581462,4124.9202726790045,4008.17724609375,4008.17724609375,128515100,0.0,0.0
2023-07-10 00:00:00+07:00,4027.6342773437505,4066.5486181876513,4008.1771069218,4027.63427734375,82685700,0.0,0.0
2023-07-11 00:00:00+07:00,4047.0918616706163,4124.920551318128,4027.6346892587385,4105.46337890625,100578900,0.0,0.0
2023-07-12 00:00:00+07:00,4124.919921875,4183.29143020342,4086.0055829893868,4124.919921875,123947700,0.0,0.0
2023-07-13 00:00:00+07:00,4183.291643089223,4183.291643089223,4105.462961357331,4163.83447265625,101281200,0.0,0.0
2023-07-14 00:00:00+07:00,4202.7490234375,4222.206194842303,4163.834680627894,4202.7490234375,122343600,0.0,0.0
2023-07-17 00:00:00+07:00,4222.205843477471,4261.120183048692,4183.29150390625,4183.29150390625,99897600,0.0,0.0
2023-07-18 00:00:00+07:00,4183.291643089223,4222.205983955169,4124.9201317903035,4163.83447265625,65073800,0.0,0.0
2023-07-20 00:00:00+07:00,4202.748815752262,4319.491838412047,4202.748815752262,4300.03466796875,132054000,0.0,0.0
2023-07-21 00:00:00+07:00,4319.4921875,4338.949359515766,4241.663499436937,4319.4921875,111275700,0.0,0.0
2023-07-24 00:00:00+07:00,4319.491978870738,4377.8634920987215,4280.57763671875,4280.57763671875,54865000,0.0,0.0
2023-07-25 00:00:00+07:00,4319.4921875,4338.949359515766,4280.577843468469,4319.4921875,65237300,0.0,0.0
2023-07-26 00:00:00+07:00,4319.492047365471,4358.406390134529,4300.034875980942,4338.94921875,88526700,0.0,0.0
2023-07-27 00:00:00+07:00,4338.948940972222,4436.234791666667,4338.948940972222,4377.86328125,86556200,0.0,0.0
2023-07-28 00:00:00+07:00,4377.863351922286,4455.692033734238,4377.863351922286,4436.23486328125,121968500,0.0,0.0
2023-07-31 00:00:00+07:00,4514.063898744542,4514.063898744542,4377.8636949031115,4455.6923828125,189375700,0.0,0.0
2023-08-01 00:00:00+07:00,4397.32080078125,4455.692315835869,4358.406457411505,4397.32080078125,114702500,0.0,0.0
2023-08-02 00:00:00+07:00,4377.863351922286,4475.149204187225,4358.406181469298,4436.23486328125,133546200,0.0,0.0
2023-08-03 00:00:00+07:00,4455.691966089709,4533.520646720097,4436.234795932112,4514.0634765625,68587500,0.0,0.0
2023-08-04 00:00:00+07:00,4514.063616071428,4533.520786830357,4475.149274553572,4494.6064453125,47144200,0.0,0.0
2023-08-07 00:00:00+07:00,4552.977888131649,4611.349399517952,4533.520717669548,4572.43505859375,104342100,0.0,0.0
2023-08-08 00:00:00+07:00,4591.89208984375,4630.806429588189,4572.434919971531,4591.89208984375,66473200,0.0,0.0
2023-08-09 00:00:00+07:00,4591.89208984375,4630.806429588189,4552.977750099311,4591.89208984375,64495400,0.0,0.0
2023-08-10 00:00:00+07:00,4611.349331524581,4669.720842050209,4591.892161349372,4650.263671875,78859600,0.0,0.0
2023-08-11 00:00:00+07:00,4650.263952070148,4689.1782947652955,4591.892438027427,4611.349609375,46568600,0.0,0.0
2023-08-14 00:00:00+07:00,4611.349469866072,4630.806640625,4514.063616071428,4630.806640625,86460500,0.0,0.0
2023-08-15 00:00:00+07:00,4591.892157192889,4611.3493273504855,4514.0634765625,4514.0634765625,116815700,0.0,0.0
2023-08-16 00:00:00+07:00,4494.606306404903,4514.0634765625,4416.777625774515,4514.0634765625,163744100,0.0,0.0
2023-08-18 00:00:00+07:00,4455.692103794643,4533.520786830357,4455.692103794643,4494.6064453125,104894600,0.0,0.0
2023-08-21 00:00:00+07:00,4514.063824436695,4572.435339407859,4514.063824436695,4533.52099609375,61845800,0.0,0.0
2023-08-22 00:00:00+07:00,4514.063616071428,4630.806640625,4514.063616071428,4630.806640625,93617200,0.0,0.0
2023-08-23 00:00:00+07:00,4630.806711571848,4630.806711571848,4552.97802734375,4552.97802734375,40844700,0.0,0.0
2023-08-24 00:00:00+07:00,4591.892299107143,4630.806640625,4572.435128348215,4630.806640625,42648300,0.0,0.0
2023-08-25 00:00:00+07:00,4591.89208984375,4611.349259715969,4533.520580227092,4591.89208984375,65093100,0.0,0.0
2023-08-28 00:00:00+07:00,4630.806363932292,4689.177872721354,4591.892024739584,4669.720703125,63980400,0.0,0.0
2023-08-29 00:00:00+07:00,4669.720982142857,4689.178152901785,4630.806640625,4630.806640625,50839300,0.0,0.0
2023-08-30 00:00:00+07:00,4611.349331524581,4747.5495227510455,4611.349331524581,4650.263671875,65727400,0.0,0.0
2023-08-31 00:00:00+07:00,4669.721051607884,4728.092564752982,4591.892367414419,4689.17822265625,159062900,0.0,0.0
2023-09-01 00:00:00+07:00,4728.0927734375,4767.0071172518,4708.63560153035,4728.0927734375,50796000,0.0,0.0
2023-09-04 00:00:00+07:00,4728.092633356814,4786.464147348873,4708.635462026127,4747.5498046875,56317700,0.0,0.0
2023-09-05 00:00:00+07:00,4747.5498046875,4786.464147348873,4728.092633356814,4747.5498046875,24893100,0.0,0.0
2023-09-06 00:00:00+07:00,4708.63525390625,4767.0067653183105,4708.63525390625,4708.63525390625,40547800,0.0,0.0
2023-09-07 00:00:00+07:00,4669.720910904255,4689.178081366356,4533.520717669548,4572.43505859375,124351400,0.0,0.0
2023-09-08 00:00:00+07:00,4591.89208984375,4611.349259715969,4494.606240482653,4591.89208984375,81980400,0.0,0.0
2023-09-11 00:00:00+07:00,4591.892438027427,4611.349609375,4533.5209239847045,4611.349609375,74510600,0.0,0.0
2023-09-12 00:00:00+07:00,4630.806569980054,4630.806569980054,4552.977888131649,4572.43505859375,54076800,0.0,0.0
2023-09-13 00:00:00+07:00,4533.520856286726,4552.97802734375,4494.606514172676,4552.97802734375,69884000,0.0,0.0
2023-09-14 00:00:00+07:00,4533.52099609375,4572.435339407859,4494.60665277964,4533.52099609375,59132600,0.0,0.0
2023-09-15 00:00:00+07:00,4591.892438027427,4650.263952070148,4552.978095332279,4611.349609375,165106200,0.0,0.0
2023-09-18 00:00:00+07:00,4591.89208984375,4630.806429588189,4572.434919971531,4591.89208984375,53450400,0.0,0.0
2023-09-19 00:00:00+07:00,4591.892024739584,4728.092211914063,4572.4348551432295,4669.720703125,84608400,0.0,0.0
2023-09-20 00:00:00+07:00,4747.54994534465,4767.0071172518,4708.63560153035,4728.0927734375,64864900,0.0,0.0
2023-09-21 00:00:00+07:00,4708.635042317708,4728.092211914063,4650.263533528646,4669.720703125,60535000,0.0,0.0
2023-09-22 00:00:00+07:00,4669.720703125,4708.635042317708,4650.263533528646,4669.720703125,51069900,0.0,0.0
2023-09-25 00:00:00+07:00,4669.720703125,4708.635042317708,4650.263533528646,4669.720703125,40650900,0.0,0.0
2023-09-26 00:00:00+07:00,4650.263952070148,4669.721123417721,4552.978095332279,4611.349609375,109786400,0.0,0.0
2023-09-27 00:00:00+07:00,4611.349194335938,4708.635042317708,4591.892024739584,4669.720703125,75050600,0.0,0.0
2023-09-29 00:00:00+07:00,4708.635393704616,4708.635393704616,4669.721051607884,4689.17822265625,71554100,0.0,0.0
2023-10-02 00:00:00+07:00,4689.178083435563,4747.549594847624,4689.178083435563,4708.63525390625,33296500,0.0,0.0
2023-10-03 00:00:00+07:00,4669.721257716049,4728.0927734375,4669.721257716049,4728.0927734375,37093100,0.0,0.0
2023-10-04 00:00:00+07:00,4728.092494419643,4767.0068359375,4650.263811383928,4767.0068359375,69154000,0.0,0.0
2023-10-05 00:00:00+07:00,4786.464006696428,4825.378348214285,4747.549665178572,4767.0068359375,69566800,0.0,0.0
2023-10-06 00:00:00+07:00,4786.46407789808,4786.46407789808,4689.17822265625,4689.17822265625,25913600,0.0,0.0
2023-10-09 00:00:00+07:00,4689.177939204847,4708.635109077066,4591.89208984375,4591.89208984375,45321700,0.0,0.0
2023-10-10 00:00:00+07:00,4591.892024739584,4728.092211914063,4591.892024739584,4669.720703125,42820800,0.0,0.0
2023-10-11 00:00:00+07:00,4630.806572023502,4805.921106259685,4630.806572023502,4708.63525390625,72955000,0.0,0.0
2023-10-12 00:00:00+07:00,4728.0927734375,4805.921461066101,4708.63560153035,4728.0927734375,91341800,0.0,0.0
2023-10-13 00:00:00+07:00,4728.0927734375,4786.464289158951,4689.1784296232,4728.0927734375,39914700,0.0,0.0
2023-10-16 00:00:00+07:00,4689.17822265625,4728.092564752982,4650.263880559517,4689.17822265625,53416400,0.0,0.0
2023-10-17 00:00:00+07:00,4669.720703125,4689.177872721354,4611.349194335938,4669.720703125,74702300,0.0,0.0
2023-10-18 00:00:00+07:00,4611.349540514823,4630.806711571848,4533.520856286726,4552.97802734375,80637400,0.0,0.0
2023-10-19 00:00:00+07:00,4494.606726767194,4514.063898744542,4436.235210835153,4455.6923828125,160277800,0.0,0.0
2023-10-20 00:00:00+07:00,4416.777899966033,4514.063756793478,4397.320728600544,4475.1494140625,82132000,0.0,0.0
2023-10-23 00:00:00+07:00,4436.234512665199,4455.691681580397,4377.863005919604,4416.77734375,73897500,0.0,0.0
2023-10-24 00:00:00+07:00,4436.235071331522,4514.063756793478,4416.777899966033,4475.1494140625,72469200,0.0,0.0
2023-10-25 00:00:00+07:00,4533.520856286726,4591.892369457799,4494.606514172676,4552.97802734375,90426500,0.0,0.0
2023-10-26 00:00:00+07:00,4514.063545093201,4552.9778859991775,4436.23486328125,4436.23486328125,86348700,0.0,0.0
2023-10-27 00:00:00+07:00,4475.149204187225,4494.606374640213,4436.23486328125,4436.23486328125,90177000,0.0,0.0
2023-10-30 00:00:00+07:00,4436.235210835153,4455.6923828125,4377.8636949031115,4455.6923828125,81547000,0.0,0.0
2023-10-31 00:00:00+07:00,4514.063188325991,4552.977526156388,4397.320174834802,4416.77734375,99449400,0.0,0.0
2023-11-01 00:00:00+07:00,4436.235144150995,4436.235144150995,4377.863629096377,4397.32080078125,74281200,0.0,0.0
2023-11-02 00:00:00+07:00,4475.149070610434,4611.349259715969,4455.691900738215,4591.89208984375,115678200,0.0,0.0
2023-11-03 00:00:00+07:00,4611.349682721969,4650.264026036078,4533.52099609375,4533.52099609375,53379500,0.0,0.0
2023-11-06 00:00:00+07:00,4591.892438027427,4611.349609375,4552.978095332279,4611.349609375,58266100,0.0,0.0
2023-11-07 00:00:00+07:00,4630.806569980054,4650.263740442155,4514.063547207447,4572.43505859375,56161300,0.0,0.0
2023-11-08 00:00:00+07:00,4494.606514172676,4552.97802734375,4455.692172058627,4552.97802734375,63442400,0.0,0.0
2023-11-09 00:00:00+07:00,4533.520717669548,4591.892229055851,4514.063547207447,4572.43505859375,45026200,0.0,0.0
2023-11-10 00:00:00+07:00,4552.977957589285,4552.977957589285,4494.6064453125,4494.6064453125,59611500,0.0,0.0
2023-11-13 00:00:00+07:00,4552.9781677508045,4552.9781677508045,4514.063824436695,4533.52099609375,17444600,0.0,0.0
2023-11-14 00:00:00+07:00,4533.52099609375,4591.892511064914,4514.063824436695,4533.52099609375,50587800,0.0,0.0
2023-11-15 00:00:00+07:00,4591.892438027427,4650.263952070148,4572.435266679852,4611.349609375,74255700,0.0,0.0
2023-11-16 00:00:00+07:00,4552.978095332279,4611.349609375,4533.5209239847045,4611.349609375,36004500,0.0,0.0
2023-11-17 00:00:00+07:00,4572.434919971531,4630.806429588189,4552.977750099311,4591.89208984375,33963900,0.0,0.0
2023-11-20 00:00:00+07:00,4533.520717669548,4611.349399517952,4533.520717669548,4572.43505859375,20014600,0.0,0.0
2023-11-21 00:00:00+07:00,4552.977888131649,4611.349399517952,4533.520717669548,4572.43505859375,55094300,0.0,0.0
2023-11-22 00:00:00+07:00,4533.520717669548,4591.892229055851,4533.520717669548,4572.43505859375,21111100,0.0,0.0
2023-11-23 00:00:00+07:00,4630.806429588189,4630.806429588189,4591.89208984375,4591.89208984375,36725600,0.0,0.0
2023-11-24 00:00:00+07:00,4611.349399517952,4611.349399517952,4552.977888131649,4572.43505859375,27087900,0.0,0.0
2023-11-27 00:00:00+07:00,4591.89208984375,4611.349259715969,4572.434919971531,4591.89208984375,39719300,0.0,0.0
2023-11-28 00:00:00+07:00,4591.89208984375,4611.349259715969,4572.434919971531,4591.89208984375,58255800,0.0,0.0
2023-11-29 00:00:00+07:00,4552.97802734375,4611.349540514823,4533.520856286726,4552.97802734375,36796600,0.0,0.0
2023-11-30 00:00:00+07:00,4552.97802734375,4611.349540514823,4533.520856286726,4552.97802734375,117365000,0.0,0.0
2023-12-01 00:00:00+07:00,4552.977750099311,4591.89208984375,4533.520580227092,4591.89208984375,31365100,0.0,0.0
2023-12-04 00:00:00+07:00,4611.349194335938,4689.177872721354,4591.892024739584,4669.720703125,66145100,0.0,0.0
2023-12-05 00:00:00+07:00,4669.720842050209,4669.720842050209,4572.434991174163,4650.263671875,58668400,0.0,0.0
2023-12-06 00:00:00+07:00,4611.3493273504855,4630.806497508082,4514.0634765625,4514.0634765625,88747200,0.0,0.0
2023-12-07 00:00:00+07:00,4514.063756793478,4533.520928158968,4455.692242697011,4475.1494140625,97966700,0.0,0.0
2023-12-08 00:00:00+07:00,4475.149204187225,4494.606374640213,4397.320522375274,4436.23486328125,98036700,0.0,0.0
2023-12-11 00:00:00+07:00,4397.320591517857,4514.063616071428,4397.320591517857,4494.6064453125,68655000,0.0,0.0
2023-12-12 00:00:00+07:00,4514.0634765625,4533.520646720097,4475.149136247306,4514.0634765625,55110500,0.0,0.0
2023-12-13 00:00:00+07:00,4475.149554789848,4494.606726767194,4436.235210835153,4455.6923828125,121450600,0.0,0.0
2023-12-14 00:00:00+07:00,4533.520786830357,4689.178152901785,4514.063616071428,4630.806640625,171595800,0.0,0.0
2023-12-15 00:00:00+07:00,4630.806429588189,4669.720769332627,4591.89208984375,4591.89208984375,142382200,0.0,0.0
2023-12-18 00:00:00+07:00,4552.978095332279,4630.806780722574,4552.978095332279,4611.349609375,101458600,0.0,0.0
2023-12-19 00:00:00+07:00,4630.806501699791,4650.263671875,4611.349331524581,4650.263671875,40763200,0.0,0.0
2023-12-20 00:00:00+07:00,4591.892438027427,4650.263952070148,4591.892438027427,4611.349609375,65361000,0.0,0.0
2023-12-21 00:00:00+07:00,4630.806501699791,4650.263671875,4611.349331524581,4650.263671875,50363900,0.0,0.0
2023-12-22 00:00:00+07:00,4630.806501699791,4650.263671875,4611.349331524581,4650.263671875,29975600,0.0,0.0
2023-12-27 00:00:00+07:00,4669.720703125,4689.177872721354,4611.349194335938,4669.720703125,43114900,0.0,0.0
2023-12-28 00:00:00+07:00,4708.635323660715,4786.464006696428,4669.720982142857,4767.0068359375,75118700,0.0,0.0
2023-12-29 00:00:00+07:00,4767.0067653183105,4767.0067653183105,4669.720912964875,4708.63525390625,63097100,0.0,0.0
2024-01-02 00:00:00+07:00,4708.635323660715,4767.0068359375,4689.178152901785,4767.0068359375,26235700,0.0,0.0
2024-01-03 00:00:00+07:00,4747.5498046875,4786.464147348873,4708.635462026127,4747.5498046875,30053900,0.0,0.0
2024-01-04 00:00:00+07:00,4767.007037786048,4981.03592519685,4747.549866203249,4942.12158203125,135344500,0.0,0.0
2024-01-05 00:00:00+07:00,4981.035992217899,5039.407507751703,4942.121648528697,5000.4931640625,114339400,0.0,0.0
2024-01-08 00:00:00+07:00,5058.864822387695,5136.693511962891,4961.578960418701,4981.0361328125,151018300,0.0,0.0
2024-01-09 00:00:00+07:00,5000.492955346201,5019.950126378676,4942.121442248775,4961.57861328125,77953400,0.0,0.0
2024-01-10 00:00:00+07:00,4961.578820373298,5019.950335907101,4922.6644766840955,5000.4931640625,50019800,0.0,0.0
2024-01-11 00:00:00+07:00,5000.493510401526,5058.8650299781975,4981.0363372093025,5019.95068359375,32120200,0.0,0.0
2024-01-12 00:00:00+07:00,5117.23583984375,5195.06452181856,5078.321498856345,5117.23583984375,114039700,0.0,0.0
2024-01-15 00:00:00+07:00,5117.235768479567,5156.150108924278,5039.407087590144,5058.8642578125,83066800,0.0,0.0
2024-01-16 00:00:00+07:00,5078.3212890625,5156.149967822078,5058.864119372605,5078.3212890625,83516800,0.0,0.0
2024-01-17 00:00:00+07:00,5078.3212890625,5156.149967822078,5058.864119372605,5078.3212890625,80929000,0.0,0.0
2024-01-18 00:00:00+07:00,5078.3212890625,5097.778458752395,5039.406949682711,5078.3212890625,78209900,0.0,0.0
2024-01-19 00:00:00+07:00,5058.864119372605,5078.3212890625,5000.492610302921,5078.3212890625,74814000,0.0,0.0
2024-01-22 00:00:00+07:00,5058.8642578125,5097.778598257211,5019.949917367789,5058.8642578125,96993100,0.0,0.0
2024-01-23 00:00:00+07:00,5078.321428034856,5097.778598257211,5019.949917367789,5058.8642578125,77037800,0.0,0.0
2024-01-24 00:00:00+07:00,5019.950477600098,5039.4076499938965,4942.121788024902,4981.0361328125,97290600,0.0,0.0
2024-01-25 00:00:00+07:00,4922.663850457545,4981.035358565737,4864.292342349352,4883.74951171875,99094100,0.0,0.0
2024-01-26 00:00:00+07:00,4864.292689732143,4922.664202008928,4844.835518973215,4903.20703125,77236800,0.0,0.0
2024-01-29 00:00:00+07:00,4942.121372767857,5039.4072265625,4883.749860491072,5039.4072265625,124753000,0.0,0.0
2024-01-30 00:00:00+07:00,5039.4072265625,5214.521763392857,5019.950055803572,5175.607421875,123330900,0.0,0.0
2024-01-31 00:00:00+07:00,5175.607421875,5214.521763392857,5175.607421875,5175.607421875,128185000,0.0,0.0
2024-02-01 00:00:00+07:00,5117.235979618918,5156.150321669252,5058.864466543417,5097.77880859375,168145800,0.0,0.0
2024-02-02 00:00:00+07:00,5156.150112652153,5195.064453125,5136.692942415731,5195.064453125,120116200,0.0,0.0
2024-02-05 00:00:00+07:00,5214.521763392857,5409.093470982143,5195.064592633928,5311.8076171875,150535100,0.0,0.0
2024-02-06 00:00:00+07:00,5311.8074781877285,5389.636159186816,5272.893137688185,5331.2646484375,90146000,0.0,0.0
2024-02-07 00:00:00+07:00,5350.722234712231,5409.09375,5331.26506294964,5409.09375,88745500,0.0,0.0
2024-02-12 00:00:00+07:00,5564.750766807879,5603.665107834508,5486.922084754622,5525.83642578125,162771300,0.0,0.0
2024-02-13 00:00:00+07:00,5525.836848031583,5545.294020031694,5467.46533203125,5467.46533203125,102668900,0.0,0.0
2024-02-15 00:00:00+07:00,5681.494215223524,5739.865731133355,5564.751183403863,5603.66552734375,220530000,0.0,0.0
2024-02-16 00:00:00+07:00,5739.865731133355,5759.322903103299,5603.66552734375,5603.66552734375,142022100,0.0,0.0
2024-02-19 00:00:00+07:00,5564.75048828125,5700.950675057365,5545.293318741805,5564.75048828125,83753500,0.0,0.0
2024-02-20 00:00:00+07:00,5642.57916643903,5642.57916643903,5564.75048828125,5564.75048828125,87312000,0.0,0.0
2024-02-21 00:00:00+07:00,5545.293734846444,5642.57958984375,5506.379392847522,5642.57958984375,128063900,0.0,0.0
2024-02-22 00:00:00+07:00,5584.207937321193,5603.665107834508,5525.83642578125,5525.83642578125,85735800,0.0,0.0
2024-02-23 00:00:00+07:00,5486.92236328125,5525.836706283245,5448.008020279256,5486.92236328125,109404700,0.0,0.0
2024-02-26 00:00:00+07:00,5409.093677277261,5506.379534782248,5409.093677277261,5486.92236328125,65407700,0.0,0.0
2024-02-27 00:00:00+07:00,5428.550710509607,5525.836565536661,5428.550710509607,5506.37939453125,58066100,0.0,0.0
2024-02-28 00:00:00+07:00,5467.464776932566,5545.29345703125,5467.464776932566,5545.29345703125,49888400,0.0,0.0
2024-02-29 00:00:00+07:00,5545.293666294643,5564.750837053572,5448.0078125,5448.0078125,150713600,0.0,0.0
2024-03-01 00:00:00+07:00,5486.92250403136,5506.379676031472,5428.550988031027,5467.46533203125,90739400,0.0,0.0
2024-03-04 00:00:00+07:00,5448.008160031139,5486.92250403136,5428.550988031027,5467.46533203125,44707200,0.0,0.0
2024-03-05 00:00:00+07:00,5506.379676031472,5525.836848031583,5448.008160031139,5467.46533203125,92557200,0.0,0.0
2024-03-06 00:00:00+07:00,5448.007881515018,5525.836565536661,5448.007881515018,5506.37939453125,74178100,0.0,0.0
2024-03-07 00:00:00+07:00,5506.379255267936,5545.293596294565,5467.464914241307,5525.83642578125,94950400,0.0,0.0
2024-03-08 00:00:00+07:00,5564.750627055921,5584.207797080592,5525.836287006579,5545.29345703125,109032400,0.0,0.0
2024-03-13 00:00:00+07:00,5642.579450574527,5662.03662109375,5564.750768497637,5662.03662109375,126022700,0.0,0.0
2024-03-14 00:00:00+07:00,5642.579725110852,5759.32275390625,5623.122553644953,5759.32275390625,161193000,0.0,0.0
2024-03-15 00:00:00+07:00,5798.237096838048,5837.1514397698475,5662.036896576752,5759.32275390625,250581100,0.0,0.0
2024-03-18 00:00:00+07:00,5778.779715401785,5778.779715401785,5584.2080078125,5584.2080078125,105778200,0.0,0.0
2024-03-19 00:00:00+07:00,5642.579450574527,5720.408132651417,5623.122280055305,5662.03662109375,100836600,0.0,0.0
2024-03-20 00:00:00+07:00,5767.53564453125,5767.53564453125,5726.631136414007,5767.53564453125,83416700,353.95752,0.0
2024-03-21 00:00:00+07:00,5808.4401526484935,5890.249168882979,5767.53564453125,5767.53564453125,81774800,0.0,0.0
2024-03-22 00:00:00+07:00,5726.631136414007,5787.987898589872,5685.726628296765,5767.53564453125,65219900,0.0,0.0
2024-03-25 00:00:00+07:00,5931.1533203125,5931.1533203125,5726.630792025862,5931.1533203125,78212700,0.0,0.0
2024-03-26 00:00:00+07:00,5910.701382839721,5910.701382839721,5828.892367160279,5869.796875,74274300,0.0,0.0
2024-03-27 00:00:00+07:00,5890.249128919861,5931.153636759582,5869.796875,5869.796875,46295700,0.0,0.0
2024-03-28 00:00:00+07:00,5849.3443089978455,5931.1533203125,5828.892056169181,5931.1533203125,90900900,0.0,0.0
2024-04-01 00:00:00+07:00,5931.15382982337,5931.15382982337,5522.108738111413,5644.822265625,158358600,0.0,0.0
2024-04-02 00:00:00+07:00,5644.822265625,5644.822265625,5481.204228940217,5644.822265625,135764900,0.0,0.0
2024-04-03 00:00:00+07:00,5685.726818352167,5685.726818352167,5460.7520161871535,5542.56103515625,115372600,0.0,0.0
2024-04-04 00:00:00+07:00,5522.108362926137,5665.274135298295,5522.108362926137,5624.36962890625,63174900,0.0,0.0
2024-04-05 00:00:00+07:00,5583.46533203125,5644.8220939217035,5583.46533203125,5583.46533203125,46111500,0.0,0.0
2024-04-16 00:00:00+07:00,5194.872379864387,5501.656181824882,5153.96787293632,5419.84716796875,180012400,0.0,0.0
2024-04-17 00:00:00+07:00,5481.203928360849,5542.560688752948,5419.84716796875,5419.84716796875,83840200,0.0,0.0
2024-04-18 00:00:00+07:00,5563.01318359375,5644.822200999541,5501.656420539407,5563.01318359375,106893900,0.0,0.0
2024-04-19 00:00:00+07:00,5501.65625,5563.013011152416,5440.299488847583,5501.65625,47943300,0.0,0.0
2024-04-22 00:00:00+07:00,5624.369772304833,5624.369772304833,5378.942727695167,5501.65625,121727900,0.0,0.0
2024-04-23 00:00:00+07:00,5603.9175859947345,5665.274347885188,5501.656316177312,5583.46533203125,106699200,0.0,0.0
2024-04-24 00:00:00+07:00,5665.2743742381435,5767.53564453125,5644.822120179521,5767.53564453125,117586500,0.0,0.0
2024-04-25 00:00:00+07:00,5767.5360730946495,5787.988328672999,5665.2747952029,5685.72705078125,111803500,0.0,0.0
2024-04-26 00:00:00+07:00,5726.6314380787035,5747.083693214699,5522.10888671875,5522.10888671875,125875000,0.0,0.0
2024-04-29 00:00:00+07:00,5440.2991489451715,5685.726178220893,5440.2991489451715,5665.27392578125,77938400,0.0,0.0
2024-04-30 00:00:00+07:00,5563.013247282609,5767.535793138587,5542.560992697011,5644.822265625,189991300,0.0,0.0
2024-05-02 00:00:00+07:00,5563.013247282609,5563.013247282609,4949.445609714674,5174.42041015625,501849300,0.0,0.0
2024-05-03 00:00:00+07:00,5153.9679163490855,5256.229184530615,4949.445379986027,5031.25439453125,269305400,0.0,0.0
2024-05-06 00:00:00+07:00,5113.06385784985,5235.777390438247,5031.2548361242525,5133.51611328125,184234200,0.0,0.0
2024-05-07 00:00:00+07:00,5174.420624144049,5235.777390438247,5113.06385784985,5133.51611328125,130410300,0.0,0.0
2024-05-08 00:00:00+07:00,5174.420624144049,5276.681901301045,5113.06385784985,5133.51611328125,117065300,0.0,0.0
2024-05-13 00:00:00+07:00,5072.15869140625,5133.515449770035,5010.801933042465,5072.15869140625,128638300,0.0,0.0
2024-05-14 00:00:00+07:00,5051.706438618321,5153.967702557963,5051.706438618321,5072.15869140625,94048400,0.0,0.0
2024-05-15 00:00:00+07:00,5072.158930759804,5235.776960784314,5072.158930759804,5215.32470703125,80923000,0.0,0.0
2024-05-16 00:00:00+07:00,5276.6810792937995,5317.585583784449,5174.419818067176,5194.8720703125,114806300,0.0,0.0
2024-05-17 00:00:00+07:00,5194.872582729326,5440.299633881892,5194.872582729326,5378.94287109375,133153900,0.0,0.0
2024-05-20 00:00:00+07:00,5358.49070142663,5419.847465183424,5072.159137228261,5174.42041015625,168796000,0.0,0.0
2024-05-21 00:00:00+07:00,5092.610689915067,5133.515193448522,4888.088172247795,4928.99267578125,307362900,0.0,0.0
2024-05-22 00:00:00+07:00,4908.541290030992,5031.254822281767,4867.636779280734,4949.44580078125,171675900,0.0,0.0
2024-05-27 00:00:00+07:00,4928.993025751073,4949.445278969957,4765.375,4765.375,258450900,0.0,0.0
2024-05-28 00:00:00+07:00,4785.827698266807,4928.993484112395,4765.375443146008,4867.63671875,93701700,0.0,0.0
2024-05-29 00:00:00+07:00,4765.375105233028,4806.279612574084,4663.113836880388,4744.9228515625,169386300,0.0,0.0
2024-05-30 00:00:00+07:00,4724.470767536569,4908.541057180851,4519.948223487367,4806.27978515625,236632600,0.0,0.0
2024-05-31 00:00:00+07:00,4908.540949417373,4928.993203373278,4826.73193359375,4826.73193359375,169567000,0.0,0.0
2024-06-03 00:00:00+07:00,4969.897843157659,5031.254606653432,4928.9933341604765,4990.35009765625,92525600,0.0,0.0
2024-06-04 00:00:00+07:00,5031.25439453125,5133.51566271278,5010.802140894944,5031.25439453125,137800600,0.0,0.0
2024-06-05 00:00:00+07:00,5010.8022867838545,5031.254541015625,4888.088761393229,4908.541015625,102327300,0.0,0.0
2024-06-06 00:00:00+07:00,5010.802520875506,5072.159286437247,4969.898010501012,5051.70703125,85735200,0.0,0.0
2024-06-07 00:00:00+07:00,5113.06385784985,5133.51611328125,5031.2548361242525,5133.51611328125,99092800,0.0,0.0
2024-06-10 00:00:00+07:00,5133.51611328125,5194.872879575448,5072.159346987051,5133.51611328125,80154400,0.0,0.0
2024-06-11 00:00:00+07:00,5072.159008290816,5113.063516422194,5010.80224609375,5010.80224609375,56254400,0.0,0.0
2024-06-12 00:00:00+07:00,4949.445349584652,4969.897603095332,4826.731828520569,4847.18408203125,120857200,0.0,0.0
2024-06-13 00:00:00+07:00,4888.08880277593,4908.541057180851,4785.8275307513295,4806.27978515625,162616700,0.0,0.0
2024-06-14 00:00:00+07:00,4785.827573029891,4806.279827615489,4622.209536345109,4704.0185546875,203241500,0.0,0.0
2024-06-19 00:00:00+07:00,4724.470809273098,4785.827573029891,4642.661790930707,4704.0185546875,116004200,0.0,0.0
2024-06-20 00:00:00+07:00,4765.375443146008,4867.63671875,4704.018677783613,4867.63671875,82660000,0.0,0.0
2024-06-21 00:00:00+07:00,4949.445483896683,5072.159008290816,4928.993229830995,5010.80224609375,184240600,0.0,0.0
2024-06-24 00:00:00+07:00,4969.897778320313,5010.8022867838545,4908.541015625,4908.541015625,58831900,0.0,0.0
2024-06-25 00:00:00+07:00,4847.18408203125,4888.088589052611,4765.375067988529,4847.18408203125,159983800,0.0,0.0
2024-06-26 00:00:00+07:00,4867.63665614984,4928.993420723157,4785.82763671875,4785.82763671875,92895700,0.0,0.0
2024-06-27 00:00:00+07:00,4826.731998697916,4969.897778320313,4806.2797444661455,4908.541015625,117602400,0.0,0.0
2024-06-28 00:00:00+07:00,4908.5408727134145,5113.063409076473,4908.5408727134145,5031.25439453125,191371600,0.0,0.0
2024-07-01 00:00:00+07:00,5051.70671484375,5113.0634765625,4990.349953125,5113.0634765625,100408200,0.0,0.0
2024-07-02 00:00:00+07:00,5133.515449770035,5194.87220813382,5031.254185830393,5072.15869140625,159356600,0.0,0.0
2024-07-03 00:00:00+07:00,5133.5163289878265,5153.968585278615,4990.350534952309,5092.61181640625,70017100,0.0,0.0
2024-07-04 00:00:00+07:00,5113.0634765625,5235.777,5092.61122265625,5113.0634765625,90147800,0.0,0.0
2024-07-05 00:00:00+07:00,5174.4204728538425,5317.586256687743,5153.968218020428,5256.2294921875,111646800,0.0,0.0
2024-07-08 00:00:00+07:00,5235.777610441767,5256.229866732556,5072.159560115462,5092.61181640625,138144000,0.0,0.0
2024-07-09 00:00:00+07:00,5092.611184512868,5235.776960784314,5072.158930759804,5215.32470703125,84177600,0.0,0.0
2024-07-10 00:00:00+07:00,5215.32470703125,5276.681468290441,5153.967945772059,5215.32470703125,59685300,0.0,0.0
2024-07-11 00:00:00+07:00,5235.77685546875,5256.229108810425,5194.8723487854,5235.77685546875,66789800,0.0,0.0
2024-07-12 00:00:00+07:00,5276.681747020914,5358.490766354572,5235.777237354086,5256.2294921875,136132200,0.0,0.0
2024-07-15 00:00:00+07:00,5276.6810792937995,5276.6810792937995,5153.96756582185,5194.8720703125,66071800,0.0,0.0
2024-07-16 00:00:00+07:00,5235.77657480315,5235.77657480315,5153.96756582185,5194.8720703125,64687900,0.0,0.0
2024-07-17 00:00:00+07:00,5276.681640625,5338.038403888082,5215.324877361919,5276.681640625,109729800,0.0,0.0
2024-07-18 00:00:00+07:00,5358.49072265625,5399.395231989504,5317.586213322997,5358.49072265625,132532000,0.0,0.0
2024-07-19 00:00:00+07:00,5317.585832734674,5338.0380859375,5276.681326329023,5338.0380859375,63165500,0.0,0.0
2024-07-22 00:00:00+07:00,5378.942831010961,5481.2041015625,5338.038322790345,5481.2041015625,110467000,0.0,0.0
2024-07-23 00:00:00+07:00,5522.108435288915,5522.108435288915,5358.490407576651,5419.84716796875,77861700,0.0,0.0
2024-07-24 00:00:00+07:00,5317.586043074324,5378.9428051097975,5297.1337890625,5297.1337890625,63940900,0.0,0.0
2024-07-25 00:00:00+07:00,5276.6815997801805,5378.94287109375,5235.777091254753,5378.94287109375,66655400,0.0,0.0
2024-07-26 00:00:00+07:00,5378.942977322878,5419.847486656131,5317.586213322997,5358.49072265625,76519500,0.0,0.0
2024-07-29 00:00:00+07:00,5358.490551097973,5358.490551097973,5276.681535050676,5297.1337890625,54435300,0.0,0.0
2024-07-30 00:00:00+07:00,5297.1337890625,5358.490551097973,5215.3247730152025,5297.1337890625,86701400,0.0,0.0
2024-07-31 00:00:00+07:00,5235.77685546875,5297.133615493774,5215.324602127075,5235.77685546875,99004100,0.0,0.0
2024-08-01 00:00:00+07:00,5358.490845630787,5522.10888671875,5317.5863353587965,5522.10888671875,163086200,0.0,0.0
2024-08-02 00:00:00+07:00,5481.204166187959,5624.369946648093,5460.751911836512,5563.01318359375,167892400,0.0,0.0
2024-08-05 00:00:00+07:00,5481.2041424073195,5501.656396670033,5317.586108305609,5378.94287109375,184384000,0.0,0.0
2024-08-06 00:00:00+07:00,5440.299421432783,5481.203928360849,5338.038154112618,5419.84716796875,95785000,0.0,0.0
2024-08-07 00:00:00+07:00,5501.656525671702,5542.56103515625,5440.29976144488,5542.56103515625,84582200,0.0,0.0
2024-08-08 00:00:00+07:00,5563.01318359375,5603.917692296645,5501.656420539407,5563.01318359375,81408500,0.0,0.0
2024-08-09 00:00:00+07:00,5583.4652268903965,5644.821987625456,5563.012973312044,5603.91748046875,79710700,0.0,0.0
2024-08-12 00:00:00+07:00,5624.370011039402,5644.822265625,5542.560992697011,5644.822265625,50756000,0.0,0.0
2024-08-13 00:00:00+07:00,5603.917818777902,5726.63134765625,5603.917818777902,5726.63134765625,68666000,0.0,0.0
2024-08-14 00:00:00+07:00,5787.98779296875,5808.440046654152,5747.083285597946,5787.98779296875,97695100,0.0,0.0
2024-08-15 00:00:00+07:00,5787.9880049627445,5787.9880049627445,5665.27447835576,5747.08349609375,75955500,0.0,0.0
2024-08-16 00:00:00+07:00,5787.98779296875,5828.892300339554,5747.083285597946,5787.98779296875,64266400,0.0,0.0
2024-08-19 00:00:00+07:00,5787.98796369646,5849.3447265625,5747.083455119099,5849.3447265625,50246100,0.0,0.0
2024-08-20 00:00:00+07:00,5890.2490234375,6012.962544759115,5849.344516330295,5890.2490234375,102615900,0.0,0.0
2024-08-21 00:00:00+07:00,5972.057825969828,5972.057825969828,5910.701067483837,5931.1533203125,88487800,0.0,0.0
2024-08-22 00:00:00+07:00,5849.344660765736,5869.796914824357,5665.2743742381435,5767.53564453125,157323000,0.0,0.0
2024-08-23 00:00:00+07:00,5726.631136414007,5787.987898589872,5706.178882355386,5767.53564453125,111752100,0.0,0.0
2024-08-26 00:00:00+07:00,5767.53564453125,5808.4401526484935,5726.631136414007,5767.53564453125,78515400,0.0,0.0
2024-08-27 00:00:00+07:00,5747.08349609375,5767.535750528247,5665.27447835576,5747.08349609375,91686700,0.0,0.0
2024-08-28 00:00:00+07:00,5747.0836211207825,5910.70166015625,5726.6313662413495,5910.70166015625,114606200,0.0,0.0
2024-08-29 00:00:00+07:00,5972.057967924736,5972.057967924736,5808.43994140625,5808.43994140625,94475900,0.0,0.0
2024-08-30 00:00:00+07:00,5808.440323464912,5869.797087445175,5787.988068804824,5828.892578125,153760500,0.0,0.0
2024-09-02 00:00:00+07:00,5890.2490234375,5951.605784098308,5828.892262776693,5890.2490234375,82176000,0.0,0.0
2024-09-03 00:00:00+07:00,5890.24906139576,5931.153568766564,5767.535539283348,5787.98779296875,75100800,0.0,0.0
2024-09-04 00:00:00+07:00,5726.631097560976,5869.796875,5726.631097560976,5869.796875,78789800,0.0,0.0
2024-09-05 00:00:00+07:00,5828.892367160279,5910.701382839721,5828.892367160279,5869.796875,59432000,0.0,0.0
2024-09-06 00:00:00+07:00,5869.796561826509,5951.605573141164,5849.3443089978455,5931.1533203125,63619300,0.0,0.0
2024-09-09 00:00:00+07:00,5931.1533203125,5931.1533203125,5890.248814655173,5931.1533203125,71430300,0.0,0.0
2024-09-10 00:00:00+07:00,5931.1533203125,5951.605573141164,5910.701067483837,5931.1533203125,73515700,0.0,0.0
2024-09-11 00:00:00+07:00,5972.05827595339,6053.867293432204,5951.606021583687,6033.4150390625,91822300,0.0,0.0
2024-09-12 00:00:00+07:00,6033.414866826306,6074.31937439801,5972.05810546875,5972.05810546875,68254300,0.0,0.0
2024-09-13 00:00:00+07:00,5972.058211179124,5972.058211179124,5910.701448735503,5951.60595703125,45854000,0.0,0.0
2024-09-17 00:00:00+07:00,5992.510321312079,6094.771589593855,5972.058067655724,6074.3193359375,96428000,0.0,0.0
2024-09-18 00:00:00+07:00,6033.414933488176,6094.771695523649,6012.962679476352,6053.8671875,47279200,0.0,0.0
2024-09-19 00:00:00+07:00,6094.771695523649,6176.580711570946,6053.8671875,6053.8671875,124377800,0.0,0.0
2024-09-20 00:00:00+07:00,6053.867120612158,6074.31937439801,5972.05810546875,5972.05810546875,97901700,0.0,0.0
2024-09-23 00:00:00+07:00,5992.510697947253,6094.77197265625,5972.058443005453,6094.77197265625,79675600,0.0,0.0
2024-09-24 00:00:00+07:00,6053.867082281145,6115.22384325021,6033.414828624789,6074.3193359375,81817100,0.0,0.0
2024-09-25 00:00:00+07:00,6012.962544759115,6012.962544759115,5767.535502115886,5890.2490234375,192197100,0.0,0.0
2024-09-26 00:00:00+07:00,5869.796875,5890.249128919861,5808.440113240418,5869.796875,173044000,0.0,0.0
2024-09-27 00:00:00+07:00,5747.083390472629,5828.892406707115,5726.631136414007,5767.53564453125,161405200,0.0,0.0
2024-09-30 00:00:00+07:00,5726.63068310018,5747.082935539824,5624.369420901962,5665.27392578125,166203500,0.0,0.0
2024-10-01 00:00:00+07:00,5726.631136414007,5787.987898589872,5685.726628296765,5767.53564453125,82690100,0.0,0.0
2024-10-02 00:00:00+07:00,5747.083217825941,5808.439978158603,5665.274204049059,5706.1787109375,91076400,0.0,0.0
2024-10-03 00:00:00+07:00,5726.631136414007,5787.987898589872,5644.822120179521,5767.53564453125,86264900,0.0,0.0
2024-10-04 00:00:00+07:00,5747.0838175163,5767.5360730946495,5644.822539624551,5685.72705078125,79485300,0.0,0.0
2024-10-07 00:00:00+07:00,5665.274135298295,5665.274135298295,5563.012869318181,5624.36962890625,103943100,0.0,0.0
2024-10-08 00:00:00+07:00,5583.46525611473,5869.796807710358,5542.5607487439265,5787.98779296875,132141500,0.0,0.0
2024-10-09 00:00:00+07:00,5787.988328672999,5869.797350986399,5685.72705078125,5685.72705078125,76515700,0.0,0.0
2024-10-10 00:00:00+07:00,5665.2747952029,5767.5360730946495,5644.822539624551,5685.72705078125,44291900,0.0,0.0
2024-10-11 00:00:00+07:00,5747.0838175163,5747.0838175163,5665.2747952029,5685.72705078125,45331500,0.0,0.0
2024-10-14 00:00:00+07:00,5665.27392578125,5706.178430660537,5644.821673341607,5665.27392578125,55885300,0.0,0.0
2024-10-15 00:00:00+07:00,5726.631136414007,5808.4401526484935,5665.2743742381435,5767.53564453125,90358600,0.0,0.0
2024-10-16 00:00:00+07:00,5767.535857282366,5787.988112095424,5665.274583217076,5726.63134765625,133022500,0.0,0.0
2024-10-17 00:00:00+07:00,5767.535876000216,5931.153915035683,5726.6313662413495,5910.70166015625,90219900,0.0,0.0
2024-10-18 00:00:00+07:00,5951.605890679442,5972.058144599303,5869.796875,5869.796875,57379200,0.0,0.0
2024-10-21 00:00:00+07:00,5931.153530544705,5931.153530544705,5828.892262776693,5890.2490234375,43056000,0.0,0.0
2024-10-22 00:00:00+07:00,5849.344554024956,5869.796807710358,5787.98779296875,5787.98779296875,43582700,0.0,0.0
2024-10-23 00:00:00+07:00,5787.98779296875,5828.892300339554,5747.083285597946,5787.98779296875,38222900,0.0,0.0
2024-10-24 00:00:00+07:00,5726.63096438172,5849.344485047043,5706.1787109375,5706.1787109375,65877100,0.0,0.0
2024-10-25 00:00:00+07:00,5706.178882355386,5767.53564453125,5706.178882355386,5767.53564453125,34637500,0.0,0.0
2024-10-28 00:00:00+07:00,5787.987871666094,5787.987871666094,5563.0130780677655,5583.46533203125,114500800,0.0,0.0
2024-10-29 00:00:00+07:00,5563.0130780677655,5603.9175859947345,5501.656316177312,5583.46533203125,91268300,0.0,0.0
2024-10-30 00:00:00+07:00,5378.943100766783,5542.561141854745,5378.943100766783,5522.10888671875,122132700,0.0,0.0
2024-10-31 00:00:00+07:00,5522.108609783116,5583.465372114039,5481.2041015625,5481.2041015625,126730700,0.0,0.0
2024-11-01 00:00:00+07:00,5501.656569402021,5501.656569402021,5358.490785068139,5440.2998046875,101423100,0.0,0.0
2024-11-04 00:00:00+07:00,5399.395355902778,5563.013396990741,5338.038590494792,5522.10888671875,80208800,0.0,0.0
2024-11-05 00:00:00+07:00,5501.655906264102,5685.726178220893,5460.751401384815,5665.27392578125,88661200,0.0,0.0
2024-11-06 00:00:00+07:00,5665.274542655654,5665.274542655654,5358.49072265625,5358.49072265625,147272800,0.0,0.0
2024-11-07 00:00:00+07:00,5317.586256687743,5358.490766354572,5256.2294921875,5256.2294921875,154758500,0.0,0.0
2024-11-08 00:00:00+07:00,5256.229428498641,5338.038446841033,5133.515900985054,5174.42041015625,192423000,0.0,0.0
2024-11-11 00:00:00+07:00,5153.96756582185,5276.6810792937995,5031.254052349902,5194.8720703125,125606000,0.0,0.0
2024-11-12 00:00:00+07:00,5215.32470703125,5276.681468290441,5174.420199525122,5215.32470703125,117281700,0.0,0.0
2024-11-13 00:00:00+07:00,5317.586256687743,5358.490766354572,5235.777237354086,5256.2294921875,102748300,0.0,0.0
2024-11-14 00:00:00+07:00,5215.32470703125,5297.133722043505,5194.872453278186,5215.32470703125,69750600,0.0,0.0
2024-11-15 00:00:00+07:00,5153.96756582185,5235.77657480315,5153.96756582185,5194.8720703125,41079700,0.0,0.0
2024-11-18 00:00:00+07:00,5194.872664741848,5256.229428498641,5092.611391813859,5174.42041015625,77471700,0.0,0.0
2024-11-19 00:00:00+07:00,5215.32474609375,5215.32474609375,5092.61122265625,5113.0634765625,95495700,0.0,0.0
2024-11-20 00:00:00+07:00,5174.420841569403,5194.873097860191,5072.159560115462,5092.61181640625,68707200,0.0,0.0
2024-11-21 00:00:00+07:00,5092.611155440168,5092.611155440168,5010.802140894944,5031.25439453125,76579300,0.0,0.0
2024-11-22 00:00:00+07:00,5010.80220703125,5153.967984375,4990.349953125,5113.0634765625,80236400,0.0,0.0
2024-11-25 00:00:00+07:00,5174.420328466611,5399.395125356464,5174.420328466611,5378.94287109375,183449100,0.0,0.0
2024-11-26 00:00:00+07:00,5399.394882202148,5399.394882202148,5174.420095443726,5235.77685546875,107194300,0.0,0.0
2024-11-28 00:00:00+07:00,5194.872622940892,5338.038403888082,5194.872622940892,5276.681640625,81883200,0.0,0.0
2024-11-29 00:00:00+07:00,5174.420169985391,5215.324677258003,5010.802140894944,5031.25439453125,157628700,0.0,0.0
2024-12-02 00:00:00+07:00,5051.706795247396,5113.063557942708,4888.088761393229,4908.541015625,114555300,0.0,0.0
2024-12-03 00:00:00+07:00,4990.350325261454,5133.51611328125,4990.350325261454,5133.51611328125,99509800,0.0,0.0
2024-12-04 00:00:00+07:00,5133.515692018996,5276.681468290441,5092.611184512868,5215.32470703125,75260000,0.0,0.0
2024-12-05 00:00:00+07:00,5194.872423621698,5215.324677258003,5031.25439453125,5031.25439453125,69528700,0.0,0.0
2024-12-06 00:00:00+07:00,5072.159560115462,5133.5163289878265,5010.802791243098,5092.61181640625,75989700,0.0,0.0
2024-12-09 00:00:00+07:00,5051.70667700674,5215.32470703125,5051.70667700674,5215.32470703125,74220300,0.0,0.0
2024-12-10 00:00:00+07:00,5133.515520368304,5174.420026506697,5092.611014229911,5153.9677734375,92245000,0.0,0.0
2024-12-11 00:00:00+07:00,5153.9677734375,5235.776785714286,5153.9677734375,5153.9677734375,62509600,0.0,0.0
2024-12-12 00:00:00+07:00,5072.159008290816,5092.611262356505,4990.349992028061,5010.80224609375,96707500,0.0,0.0
2024-12-13 00:00:00+07:00,4928.99267578125,4990.349431081431,4888.088172247795,4928.99267578125,135581400,0.0,0.0
2024-12-16 00:00:00+07:00,4826.731690457818,4990.349713863168,4826.731690457818,4969.8974609375,105375900,0.0,0.0
2024-12-17 00:00:00+07:00,4949.445739233193,4969.897994353992,4847.184463629202,4867.63671875,72109300,0.0,0.0
2024-12-18 00:00:00+07:00,4847.184012875537,4908.540772532188,4724.470493562232,4765.375,153164600,0.0,0.0
2024-12-19 00:00:00+07:00,4601.757597398128,4683.5666213518725,4581.305341409692,4642.662109375,277793000,0.0,0.0
2024-12-20 00:00:00+07:00,4642.662109375,4704.018877340309,4601.757597398128,4642.662109375,148568600,0.0,0.0
2024-12-23 00:00:00+07:00,4744.922746781116,4806.279506437768,4683.565987124463,4765.375,82910100,0.0,0.0
2024-12-24 00:00:00+07:00,4765.375318444293,4806.279827615489,4704.0185546875,4704.0185546875,41240900,0.0,0.0
2024-12-27 00:00:00+07:00,4704.018344221444,4785.827358903556,4704.018344221444,4744.9228515625,46126800,0.0,0.0
2024-12-30 00:00:00+07:00,4642.662002295779,4704.018768845943,4622.209746779057,4663.1142578125,96782100,0.0,0.0
2025-01-02 00:00:00+07:00,4663.114107572115,4785.82763671875,4663.114107572115,4785.82763671875,82914600,0.0,0.0
2025-01-03 00:00:00+07:00,4785.827358903556,4806.279612574084,4724.470597891972,4744.9228515625,58067100,0.0,0.0
2025-01-06 00:00:00+07:00,4765.375645305617,4765.375645305617,4622.209853386564,4642.662109375,68443700,0.0,0.0
2025-01-07 00:00:00+07:00,4581.3046875,4622.209193638393,4540.400181361608,4581.3046875,96982300,0.0,0.0
2025-01-08 00:00:00+07:00,4581.305027173913,4704.0185546875,4581.305027173913,4704.0185546875,118246100,0.0,0.0
2025-01-09 00:00:00+07:00,4683.566300101902,4724.470809273098,4663.114045516304,4704.0185546875,56491700,0.0,0.0
2025-01-10 00:00:00+07:00,4704.018205915178,4724.470458984375,4581.3046875,4581.3046875,77751500,0.0,0.0
2025-01-13 00:00:00+07:00,4499.495987697964,4540.400496677036,4479.0437332084275,4519.9482421875,99953900,0.0,0.0
2025-01-14 00:00:00+07:00,4438.139266402633,4560.852794505932,4417.68701171875,4417.68701171875,97351900,0.0,0.0
2025-01-15 00:00:00+07:00,4479.043754245924,4765.375318444293,4458.591499660326,4704.0185546875,194025700,0.0,0.0
2025-01-16 00:00:00+07:00,4969.897820395611,5072.159092420213,4785.8275307513295,4806.27978515625,204359900,0.0,0.0
2025-01-17 00:00:00+07:00,4744.923021941489,4949.445565990691,4704.018513131648,4806.27978515625,114054600,0.0,0.0
2025-01-20 00:00:00+07:00,4908.541015625,4949.445524088542,4847.184252929687,4908.541015625,84338400,0.0,0.0
2025-01-21 00:00:00+07:00,4990.350311531509,5051.707077656896,4928.9935454061215,4949.44580078125,115355900,0.0,0.0
2025-01-22 00:00:00+07:00,5031.25439453125,5072.158901803862,4990.349887258639,5031.25439453125,117929800,0.0,0.0
2025-01-23 00:00:00+07:00,5072.159286437247,5153.9683071862355,5051.70703125,5051.70703125,120893700,0.0,0.0
2025-01-24 00:00:00+07:00,5113.063516422194,5113.063516422194,5010.80224609375,5010.80224609375,96161800,0.0,0.0
2025-01-30 00:00:00+07:00,4990.35009765625,5092.611370149206,4969.897843157659,4990.35009765625,101400400,0.0,0.0
2025-01-31 00:00:00+07:00,5051.706186381613,5092.610689915067,4928.99267578125,4928.99267578125,107861000,0.0,0.0
2025-02-03 00:00:00+07:00,4888.088627256197,4908.540880926724,4663.113836880388,4744.9228515625,182181700,0.0,0.0
2025-02-04 00:00:00+07:00,4765.375645305617,4785.827901294053,4601.757597398128,4642.662109375,121871500,0.0,0.0
2025-02-05 00:00:00+07:00,4581.305005656109,4581.305005656109,4479.0437332084275,4519.9482421875,185656000,0.0,0.0
2025-02-06 00:00:00+07:00,4438.139064414829,4438.139064414829,4090.450750612745,4172.259765625,642118700,0.0,0.0
2025-02-07 00:00:00+07:00,4090.451020175971,4213.16455078125,4049.546509974211,4213.16455078125,407896100,0.0,0.0
2025-02-10 00:00:00+07:00,4213.164455566406,4213.164455566406,4082.270025878906,4090.450927734375,169384300,0.0,0.0
2025-02-11 00:00:00+07:00,3885.9283072049498,4049.5463411925266,3885.9283072049498,3992.280029296875,316743200,0.0,0.0
2025-02-12 00:00:00+07:00,4025.0036749588817,4049.5463802939967,3951.3755589535363,4041.365478515625,225073300,0.0,0.0
2025-02-13 00:00:00+07:00,4041.3651721859455,4151.807337822605,4008.6415675528606,4110.90283203125,215271400,0.0,0.0
2025-02-14 00:00:00+07:00,4172.259660823171,4254.068673780488,4065.9079439786587,4192.7119140625,239709300,0.0,0.0
2025-02-17 00:00:00+07:00,4254.068872407834,4479.043668544787,4233.616618213566,4438.13916015625,223837300,0.0,0.0
2025-02-18 00:00:00+07:00,4458.59130859375,4540.400323430333,4397.234547466313,4458.59130859375,157430200,0.0,0.0
2025-02-19 00:00:00+07:00,4397.234735903533,4417.68699048913,4192.712190047554,4233.61669921875,204335500,0.0,0.0
2025-02-20 00:00:00+07:00,4192.7122956803705,4274.521316083889,4172.26004057949,4213.16455078125,98363500,0.0,0.0
2025-02-21 00:00:00+07:00,4090.4503733066504,4172.2593807727835,4090.4503733066504,4151.80712890625,152528600,0.0,0.0
2025-02-24 00:00:00+07:00,4131.355084926928,4151.807337822605,4074.08877681903,4110.90283203125,127578500,0.0,0.0
2025-02-25 00:00:00+07:00,4090.450592354338,4110.902845316109,3975.9179757684165,3984.098876953125,224607800,0.0,0.0
2025-02-26 00:00:00+07:00,3975.9182515958464,4074.089072622904,3967.7373498435913,4025.003662109375,161836900,0.0,0.0
2025-02-27 00:00:00+07:00,4033.184386421171,4049.546189205841,3812.300048828125,3812.300048828125,334919800,0.0,0.0
2025-02-28 00:00:00+07:00,3779.5766474184784,3836.8429602581523,3722.3103345788045,3763.21484375,464696700,0.0,0.0
2025-03-03 00:00:00+07:00,3885.928319814254,4074.089059510523,3845.02381118463,4008.641845703125,257118300,0.0,0.0
2025-03-04 00:00:00+07:00,4008.641312023825,4025.0031132973913,3885.927802472075,3959.555908203125,144346500,0.0,0.0
2025-03-05 00:00:00+07:00,3975.918212890625,4131.3553446703,3975.918212890625,3975.918212890625,252222800,0.0,0.0
2025-03-06 00:00:00+07:00,4016.8224816919596,4074.0887899849204,3984.098876953125,3984.098876953125,194909200,0.0,0.0
2025-03-07 00:00:00+07:00,3984.098610113475,3984.098610113475,3935.013206292775,3959.555908203125,117916600,0.0,0.0
2025-03-10 00:00:00+07:00,3869.566637950338,3894.1093438992834,3812.3003240694666,3853.204833984375,231152200,0.0,0.0
2025-03-11 00:00:00+07:00,3804.1192008875596,3910.4709204822657,3795.9382993802747,3877.747314453125,150738100,0.0,0.0
2025-03-12 00:00:00+07:00,3885.9283072049498,3992.280029296875,3885.9283072049498,3992.280029296875,129973900,0.0,0.0
2025-03-13 00:00:00+07:00,4041.3653445988266,4041.3653445988266,3853.20460993127,3877.747314453125,176286000,0.0,0.0
2025-03-14 00:00:00+07:00,3795.9382993802747,3926.8327234968356,3795.9382993802747,3877.747314453125,154331400,0.0,0.0
2025-03-17 00:00:00+07:00,3877.747273763021,3902.2899780273438,3812.300062391493,3828.661865234375,135692800,0.0,0.0
2025-03-18 00:00:00+07:00,3828.661760140729,3836.8426613376105,3517.7875146592164,3705.9482421875,387565100,0.0,0.0
2025-03-19 00:00:00+07:00,3705.9483439127607,3845.0236680772573,3632.320231119792,3828.661865234375,273084900,0.0,0.0
2025-03-20 00:00:00+07:00,3894.109034682765,3902.2899360161323,3771.3955146822577,3779.576416015625,138209700,0.0,0.0
2025-03-21 00:00:00+07:00,3763.214717527636,3771.3956190874787,3583.234883211097,3607.777587890625,374396400,0.0,0.0
2025-03-24 00:00:00+07:00,3558.691972809522,3705.948192374054,3476.8829619403377,3648.681884765625,319017400,0.0,0.0
2025-03-25 00:00:00+07:00,3681.4056782782836,3935.013625004121,3681.4056782782836,3877.747314453125,313034100,0.0,0.0
2025-03-26 00:00:00+07:00,4074.089216095267,4233.6168058821295,4033.1847058935073,4213.16455078125,582172700,0.0,0.0
2025-03-27 00:00:00+07:00,4213.164339505709,4294.973355806791,4131.355323204627,4254.06884765625,301025300,0.0,0.0
2025-04-08 00:00:00+07:00,3681.405868366903,3951.375632047143,3681.405868366903,3820.481201171875,738455000,0.0,0.0
2025-04-09 00:00:00+07:00,3787.7576181205213,3918.652049848228,3787.7576181205213,3853.204833984375,316821100,0.0,0.0
2025-04-10 00:00:00+07:00,4254.068602300995,4274.5208551966725,4065.9078756607587,4110.90283203125,559966600,0.0,0.0
2025-04-11 00:00:00+07:00,4090.450750612745,4233.616526884191,4049.5462431066176,4172.259765625,384917500,0.0,0.0
2025-04-14 00:00:00+07:00,4186.832180304276,4276.87158203125,4186.832180304276,4276.87158203125,423716000,466.18436,0.0
2025-04-15 00:00:00+07:00,4321.891421178344,4339.8993020999205,4240.85595703125,4240.85595703125,230981700,0.0,0.0
2025-04-16 00:00:00+07:00,4267.867558720302,4276.871498717603,4132.808458760799,4168.82421875,201660000,0.0,0.0
2025-04-17 00:00:00+07:00,4168.824812117867,4195.836635954483,4114.801164444633,4141.81298828125,165381400,0.0,0.0
2025-04-21 00:00:00+07:00,4141.812466106291,4177.828226681128,4105.796705531454,4150.81640625,83034600,0.0,0.0
2025-04-22 00:00:00+07:00,4150.816519009865,4249.85986328125,4132.808638233249,4249.85986328125,126426200,0.0,0.0
2025-04-23 00:00:00+07:00,4303.883382493623,4411.9306640625,4267.867621970663,4411.9306640625,273395600,0.0,0.0
2025-04-24 00:00:00+07:00,4456.950399012653,4524.479950512845,4375.914937212423,4402.9267578125,282970000,0.0,0.0
2025-04-25 00:00:00+07:00,4465.954304846939,4465.954304846939,4411.9306640625,4411.9306640625,134208400,0.0,0.0
2025-04-28 00:00:00+07:00,4456.9502965415395,4483.962116520579,4402.9266565834605,4429.9384765625,90697900,0.0,0.0
2025-04-29 00:00:00+07:00,4438.942349206098,4456.950228918901,4393.922649924089,4447.9462890625,108857600,0.0,0.0
2025-04-30 00:00:00+07:00,4411.930698012526,4429.938578412576,4330.8952362122955,4402.9267578125,278360600,0.0,0.0
2025-05-02 00:00:00+07:00,4483.96247125441,4483.96247125441,4420.934886317099,4465.95458984375,146800800,0.0,0.0
2025-05-05 00:00:00+07:00,4492.966342910705,4592.009689147214,4465.954521209839,4483.96240234375,154073100,0.0,0.0
2025-05-06 00:00:00+07:00,4524.480134895049,4546.989986312437,4483.96240234375,4483.96240234375,120165500,0.0,0.0
2025-05-07 00:00:00+07:00,4546.990091343118,4546.990091343118,4456.95068359375,4456.95068359375,100674600,0.0,0.0
2025-05-08 00:00:00+07:00,4465.954185151357,4524.479794432575,4312.88720703125,4312.88720703125,205199700,0.0,0.0
2025-05-09 00:00:00+07:00,4312.887274592177,4348.903034714033,4276.871514470322,4294.87939453125,164014200,0.0,0.0
2025-05-14 00:00:00+07:00,4402.926704633354,4546.98974609375,4393.922764542079,4546.98974609375,342468200,0.0,0.0
2025-05-15 00:00:00+07:00,4569.500105450411,4862.128191021127,4546.990252714202,4794.5986328125,300147300,0.0,0.0
2025-05-16 00:00:00+07:00,4884.6375258633,4929.6572265625,4682.048872716895,4929.6572265625,229382100,0.0,0.0
2025-05-19 00:00:00+07:00,4907.147690716912,5019.696949678309,4862.127987132353,4974.67724609375,191440600,0.0,0.0
2025-05-20 00:00:00+07:00,4952.167335792824,4997.187038845486,4817.108226634838,4862.1279296875,145525700,0.0,0.0
2025-05-21 00:00:00+07:00,4862.127759461009,4997.186863890482,4839.617908722764,4907.1474609375,167239400,0.0,0.0
2025-05-22 00:00:00+07:00,4907.1474609375,4952.167162413991,4862.127759461009,4907.1474609375,137585600,0.0,0.0
2025-05-23 00:00:00+07:00,4907.147546442972,4929.6573975734445,4839.6179930515555,4884.6376953125,67336400,0.0,0.0
2025-05-26 00:00:00+07:00,4884.6375258633,4929.6572265625,4772.088274115297,4929.6572265625,102960800,0.0,0.0
2025-05-27 00:00:00+07:00,4952.167335792824,4952.167335792824,4862.1279296875,4862.1279296875,86083800,0.0,0.0
2025-05-28 00:00:00+07:00,4862.127782281839,4884.637633125737,4772.08837890625,4772.08837890625,190669100,0.0,0.0
2025-06-02 00:00:00+07:00,4682.048760775862,4727.0684603987065,4524.479812095905,4569.49951171875,373474500,0.0,0.0
2025-06-03 00:00:00+07:00,4592.009446550123,4614.5192967783105,4456.950345181002,4546.98974609375,169321800,0.0,0.0
2025-06-04 00:00:00+07:00,4614.519383065143,4614.519383065143,4483.9622493003735,4524.47998046875,139577800,0.0,0.0
2025-06-05 00:00:00+07:00,4546.989661907328,4569.49951171875,4501.969962284483,4569.49951171875,69179700,0.0,0.0
2025-06-10 00:00:00+07:00,4569.499886067709,4727.06884765625,4569.499886067709,4727.06884765625,158265000,0.0,0.0
2025-06-11 00:00:00+07:00,4772.088228665865,4772.088228665865,4637.029127854567,4682.048828125,90666100,0.0,0.0
2025-06-12 00:00:00+07:00,4704.558763586956,4704.558763586956,4614.519361413043,4659.5390625,72423700,0.0,0.0
2025-06-13 00:00:00+07:00,4659.539147830704,4727.068700697815,4592.0095949635925,4637.029296875,128071000,0.0,0.0
2025-06-16 00:00:00+07:00,4637.029296875,4682.0489987864075,4592.0095949635925,4637.029296875,61695600,0.0,0.0
2025-06-17 00:00:00+07:00,4659.538825539981,4704.558524337469,4592.00927734375,4592.00927734375,70657700,0.0,0.0
2025-06-18 00:00:00+07:00,4569.49951171875,4592.009361530172,4524.479812095905,4569.49951171875,53353000,0.0,0.0
2025-06-19 00:00:00+07:00,4546.98952504087,4546.98952504087,4420.934369891223,4474.9580078125,114769600,0.0,0.0
2025-06-20 00:00:00+07:00,4447.946812008748,4492.966516583735,4348.903461943775,4438.94287109375,301154300,0.0,0.0
2025-06-23 00:00:00+07:00,4384.918776597434,4438.942416555513,4321.891196646341,4429.9384765625,119439200,0.0,0.0
2025-06-24 00:00:00+07:00,4546.989831117849,4614.519383065143,4524.47998046875,4524.47998046875,126563900,0.0,0.0
2025-06-25 00:00:00+07:00,4524.479985471631,4546.98983614562,4393.9228515625,4393.9228515625,139963400,0.0,0.0
2025-06-26 00:00:00+07:00,4456.950428521455,4524.47998046875,4420.9346674828985,4524.47998046875,94704500,0.0,0.0
2025-06-30 00:00:00+07:00,4546.98983614562,4546.98983614562,4393.9228515625,4393.9228515625,220479900,0.0,0.0
2025-07-01 00:00:00+07:00,4411.9306846217105,4420.934624794408,4240.85582134046,4276.87158203125,319875800,0.0,0.0
2025-07-02 00:00:00+07:00,4258.863634409395,4294.87939453125,4240.855754348467,4294.87939453125,159152200,0.0,0.0
2025-07-03 00:00:00+07:00,4303.883436758307,4366.911018468157,4249.859795292721,4267.86767578125,103849000,0.0,0.0
2025-07-04 00:00:00+07:00,4276.871616025514,4312.887377002571,4231.851914804193,4267.86767578125,104170500,0.0,0.0
2025-07-07 00:00:00+07:00,4267.86767578125,4276.871616025514,4213.844034315664,4267.86767578125,120538300,0.0,0.0
2025-07-08 00:00:00+07:00,4240.8559228929425,4276.871684446173,4231.851982504634,4249.85986328125,132853800,0.0,0.0
2025-07-09 00:00:00+07:00,4249.859897492039,4285.875659335191,4204.840195188097,4240.85595703125,110198500,0.0,0.0
2025-07-10 00:00:00+07:00,4276.87182921097,4348.9033547555755,4258.863947824819,4339.8994140625,160889700,0.0,0.0
2025-07-11 00:00:00+07:00,4366.910731969945,4492.9658871195925,4348.902852662853,4474.9580078125,219980300,0.0,0.0
2025-07-14 00:00:00+07:00,4483.962422124867,4492.966362731543,4204.840263317898,4222.84814453125,429438700,0.0,0.0
2025-07-15 00:00:00+07:00,4231.85205078125,4267.867812915559,4222.848110247673,4231.85205078125,206958200,0.0,0.0
2025-07-16 00:00:00+07:00,4258.863906957956,4285.875728777985,4213.844203924574,4222.84814453125,323831100,0.0,0.0
2025-07-17 00:00:00+07:00,4231.851982504634,4249.85986328125,4213.844101728019,4249.85986328125,120304000,0.0,0.0
2025-07-18 00:00:00+07:00,4285.875556269778,4330.8952574911,4249.859795292721,4267.86767578125,161262400,0.0,0.0
2025-07-21 00:00:00+07:00,4294.879704402043,4294.879704402043,4213.84423828125,4213.84423828125,103387400,0.0,0.0
2025-07-22 00:00:00+07:00,4213.843817060086,4240.855636400215,4186.831997719957,4195.8359375,132984400,0.0,0.0
2025-07-23 00:00:00+07:00,4195.836356921073,4222.848178961338,4195.836356921073,4213.84423828125,115298400,0.0,0.0
2025-07-24 00:00:00+07:00,4222.848252360026,4357.907364908854,4213.844311523438,4321.8916015625,273623100,0.0,0.0
2025-07-25 00:00:00+07:00,4321.891491204691,4321.891491204691,4222.84814453125,4222.84814453125,88471700,0.0,0.0
2025-07-28 00:00:00+07:00,4258.863872381981,4276.871753449135,4222.848110247673,4231.85205078125,112048900,0.0,0.0
2025-07-29 00:00:00+07:00,4231.852016570462,4249.859897492039,4222.8480761096735,4240.85595703125,74422700,0.0,0.0
2025-07-30 00:00:00+07:00,4240.855773133117,4249.859713203463,4159.8203125,4159.8203125,141263400,0.0,0.0
2025-07-31 00:00:00+07:00,4150.816253594443,4177.82807303215,4060.77685546875,4060.77685546875,155903600,0.0,0.0
2025-08-01 00:00:00+07:00,4114.800672922703,4150.81643373603,4060.777031702711,4078.784912109375,157949900,0.0,0.0
2025-08-04 00:00:00+07:00,4078.784851866883,4168.824252570346,4060.7769717261904,4159.8203125,174404800,0.0,0.0
2025-08-05 00:00:00+07:00,4222.847940995066,4303.8834025493425,4195.8361204769735,4276.87158203125,277668300,0.0,0.0
2025-08-06 00:00:00+07:00,4276.871753449135,4276.871753449135,4222.848110247673,4231.85205078125,79277900,0.0,0.0
2025-08-07 00:00:00+07:00,4267.867882361778,4267.867882361778,4213.84423828125,4213.84423828125,61453100,0.0,0.0
2025-08-08 00:00:00+07:00,4213.844272785064,4231.852154292693,4195.836391277436,4204.84033203125,71516700,0.0,0.0
2025-08-11 00:00:00+07:00,4240.8559228929425,4303.883505611097,4231.851982504634,4249.85986328125,105204200,0.0,0.0
2025-08-12 00:00:00+07:00,4294.879883806963,4429.938999649949,4276.8720016945645,4420.93505859375,301599000,0.0,0.0
2025-08-13 00:00:00+07:00,4438.942587349205,4474.958348707008,4375.91500497305,4384.9189453125,180844900,0.0,0.0
2025-08-14 00:00:00+07:00,4420.9347756926545,4438.942656652706,4357.907192332474,4366.9111328125,109457100,0.0,0.0
2025-08-15 00:00:00+07:00,4402.926894732603,4438.942656652706,4366.9111328125,4366.9111328125,126685400,0.0,0.0
2025-08-19 00:00:00+07:00,4375.915246582032,4384.91918741862,4303.883719889323,4321.8916015625,116454000,0.0,0.0
2025-08-20 00:00:00+07:00,4312.88763119476,4456.95068359375,4303.883690419823,4456.95068359375,144622900,0.0,0.0
2025-08-21 00:00:00+07:00,4456.950364716199,4456.950364716199,4375.914903539541,4411.9306640625,132019200,0.0,0.0
2025-08-22 00:00:00+07:00,4429.938578412576,4429.938578412576,4384.918877412449,4402.9267578125,73104500,0.0,0.0
2025-08-25 00:00:00+07:00,4456.95068359375,4483.96250591856,4429.938861268939,4456.95068359375,149580800,0.0,0.0
2025-08-26 00:00:00+07:00,4456.950364716199,4456.950364716199,4375.914903539541,4411.9306640625,308891700,0.0,0.0
2025-08-27 00:00:00+07:00,4357.907364908854,4393.923128255208,4321.8916015625,4321.8916015625,113576300,0.0,0.0
2025-08-28 00:00:00+07:00,4312.887274592177,4366.9109147749605,4294.87939453125,4294.87939453125,111707400,0.0,0.0
2025-08-29 00:00:00+07:00,4249.859829215116,4276.871650163517,4195.836187318314,4258.86376953125,176485100,0.0,0.0
2025-09-01 00:00:00+07:00,4096.7932818868885,4204.840577233356,4015.757810377038,4141.81298828125,320335300,0.0,0.0
2025-09-02 00:00:00+07:00,4150.816543011488,4204.84018565372,4105.796840809628,4114.80078125,150045600,0.0,0.0
2025-09-03 00:00:00+07:00,4159.8203125,4195.836072781385,4114.800612148269,4159.8203125,131617900,0.0,0.0
2025-09-04 00:00:00+07:00,4168.824534880809,4213.84423828125,4159.820594200721,4213.84423828125,88735300,0.0,0.0
2025-09-08 00:00:00+07:00,4276.871998538419,4276.871998538419,4015.7577081013364,4042.76953125,200234500,0.0,0.0
2025-09-09 00:00:00+07:00,4006.753405506816,4033.7652262180977,3880.6982421875005,3880.6982421875,509366600,0.0,0.0
2025-09-10 00:00:00+07:00,3925.717882191051,3979.741522771662,3916.7139420942826,3961.733642578125,293494200,0.0,0.0
2025-09-11 00:00:00+07:00,4033.76513671875,4087.788776942662,4006.753316606794,4033.76513671875,366697800,0.0,0.0
2025-09-12 00:00:00+07:00,4051.773125302475,4096.792826694725,4033.7652447455753,4069.781005859375,216960200,0.0,0.0
2025-09-15 00:00:00+07:00,4096.792792516039,4177.828254346026,4069.7809719060433,4078.784912109375,231346000,0.0,0.0
2025-09-16 00:00:00+07:00,4114.800597054617,4114.800597054617,4015.7572566441127,4033.76513671875,122027400,0.0,0.0
2025-09-17 00:00:00+07:00,4033.765036031042,4069.780795281319,3997.749276780765,4060.77685546875,232702500,0.0,0.0
2025-09-18 00:00:00+07:00,4087.788734401513,4096.792674345129,3979.741455078125,3979.741455078125,177560100,0.0,0.0
2025-09-19 00:00:00+07:00,3916.714251792594,3979.741837453624,3898.7063701751567,3943.72607421875,235975900,0.0,0.0
2025-09-22 00:00:00+07:00,3970.7375151345095,3979.741455078125,3925.717815416431,3979.741455078125,107176100,0.0,0.0
2025-09-23 00:00:00+07:00,3952.729911821499,3988.7456741160004,3934.722030674249,3970.73779296875,90675500,0.0,0.0
2025-09-24 00:00:00+07:00,3970.737616675862,3988.745497023598,3952.7297363281255,3952.729736328125,85439100,0.0,0.0
2025-09-25 00:00:00+07:00,3961.7340255877293,3970.737966554974,3925.71826171875,3925.71826171875,73946900,0.0,0.0
2025-09-26 00:00:00+07:00,3916.7138754728153,3988.745395021741,3916.7138754728153,3979.741455078125,86572900,0.0,0.0
2025-09-29 00:00:00+07:00,3979.741522771662,3988.7454628684304,3961.733642578125,3961.733642578125,63753600,0.0,0.0
2025-09-30 00:00:00+07:00,3979.741522771662,4006.7533430619674,3943.725762384588,3961.733642578125,108639600,0.0,0.0
2025-10-01 00:00:00+07:00,3925.7181926013127,3961.733955836187,3916.714251792594,3943.72607421875,92265100,0.0,0.0
2025-10-02 00:00:00+07:00,3970.737966554974,3997.7497894567086,3925.71826171875,3925.71826171875,93387400,0.0,0.0
2025-10-03 00:00:00+07:00,3934.721883610064,3943.725823847158,3871.694301950406,3880.6982421875,102459100,0.0,0.0
2025-10-06 00:00:00+07:00,3889.702107174296,3898.7060472371995,3835.678466796875,3835.678466796875,96040500,0.0,0.0
2025-10-07 00:00:00+07:00,3835.678366067526,3889.7020050262236,3826.6744262410766,3862.690185546875,100237500,0.0,0.0
2025-10-08 00:00:00+07:00,3853.6866268382355,3862.690567555147,3790.659041819853,3826.6748046875,97466800,0.0,0.0
2025-10-09 00:00:00+07:00,3817.6706337201026,4006.7533773713344,3781.65487302463,3952.729736328125,183242600,0.0,0.0
2025-10-10 00:00:00+07:00,3970.737856158088,3979.741796875,3826.6748046875,3826.6748046875,139911200,0.0,0.0
2025-10-13 00:00:00+07:00,3790.659110427748,3817.670933067376,3781.6551695478724,3808.6669921875,79178600,0.0,0.0
2025-10-14 00:00:00+07:00,3799.66279583397,3844.6824972064105,3682.611572265625,3682.611572265625,188507000,0.0,0.0
2025-10-15 00:00:00+07:00,3700.6195909288194,3727.6314127604164,3610.580184823495,3646.595947265625,270562400,0.0,0.0
2025-10-16 00:00:00+07:00,3646.5958111676723,3736.6352139125534,3646.5958111676723,3682.611572265625,125979600,0.0,0.0
2025-10-17 00:00:00+07:00,3700.6195909288194,3700.6195909288194,3628.58806604456,3646.595947265625,247510000,0.0,0.0
2025-10-20 00:00:00+07:00,3709.623410247093,3889.702216569767,3664.603708666424,3871.6943359375,331939200,0.0,0.0
2025-10-21 00:00:00+07:00,3916.7138671875,3952.729626885776,3871.6941675646553,3916.7138671875,230858900,0.0,0.0
2025-10-22 00:00:00+07:00,3916.7139348477194,4015.7572757289263,3862.6902943670616,3898.7060546875,216261300,0.0,0.0
2025-10-23 00:00:00+07:00,3880.6983204447656,3997.749545887415,3880.6983204447656,3988.74560546875,202102500,0.0,0.0
2025-10-24 00:00:00+07:00,3943.725978708791,4132.808731112637,3943.725978708791,4096.79296875,350420300,0.0,0.0
2025-10-27 00:00:00+07:00,4132.808762518352,4141.812703177433,3970.7378306548867,4024.761474609375,245576100,0.0,0.0
2025-10-28 00:00:00+07:00,4042.7689758436113,4060.77685546875,3997.749276780765,4060.77685546875,174666600,0.0,0.0
2025-10-29 00:00:00+07:00,4051.773405997984,4186.83251953125,4042.769465095766,4186.83251953125,176978800,0.0,0.0
2025-10-30 00:00:00+07:00,4204.840370686849,4348.903424072266,4186.832489013672,4321.8916015625,390256000,0.0,0.0
2025-10-31 00:00:00+07:00,4312.887445999404,4321.8913863877115,4249.85986328125,4249.85986328125,227378000,0.0,0.0
2025-11-03 00:00:00+07:00,4240.855787774094,4285.87548828125,4231.851847672662,4285.87548828125,129834200,0.0,0.0
2025-11-04 00:00:00+07:00,4285.875590479651,4312.8874114280525,4249.859829215116,4258.86376953125,136412400,0.0,0.0
2025-11-05 00:00:00+07:00,4222.8478742875395,4294.87939453125,4213.8439342570755,4294.87939453125,102878900,0.0,0.0
2025-11-06 00:00:00+07:00,4312.88734272204,4312.88734272204,4276.87158203125,4276.87158203125,57932600,0.0,0.0
2025-11-07 00:00:00+07:00,4276.87158203125,4303.8834025493425,4267.867641858553,4276.87158203125,58845500,0.0,0.0
2025-11-10 00:00:00+07:00,4312.8874114280525,4312.8874114280525,4258.86376953125,4258.86376953125,88738200,0.0,0.0
2025-11-11 00:00:00+07:00,4267.867882361778,4276.871823041867,4150.816653520633,4213.84423828125,168794500,0.0,0.0
2025-11-12 00:00:00+07:00,4213.8439674698,4312.887308585543,4213.8439674698,4285.87548828125,138539800,0.0,0.0
2025-11-13 00:00:00+07:00,4285.875693982713,4285.875693982713,4222.848110247673,4231.85205078125,108100300,0.0,0.0
2025-11-14 00:00:00+07:00,4222.847940995066,4276.87158203125,4213.844000822369,4276.87158203125,73479600,0.0,0.0
2025-11-17 00:00:00+07:00,4303.883651290197,4366.911236141727,4294.879710597122,4339.8994140625,136477100,0.0,0.0
2025-11-18 00:00:00+07:00,4330.8950868100865,4366.9108463677585,4303.883267141832,4312.88720703125,127022100,0.0,0.0
2025-11-19 00:00:00+07:00,4339.899311372423,4366.9111328125,4321.891430412371,4366.9111328125,107585700,0.0,0.0
2025-11-20 00:00:00+07:00,4447.9462890625,4492.965988344509,4411.930529636892,4447.9462890625,234717700,0.0,0.0
2025-11-21 00:00:00+07:00,4447.946742818813,4474.958565143624,4411.930979719065,4456.95068359375,142452600,0.0,0.0
2025-11-24 00:00:00+07:00,4420.934421913296,4592.00927734375,4384.918662875306,4592.00927734375,303252000,0.0,0.0
2025-11-25 00:00:00+07:00,4569.499681766946,4592.009532416045,4456.950428521455,4524.47998046875,169379300,0.0,0.0
2025-11-26 00:00:00+07:00,4524.47998046875,4524.47998046875,4465.954368781095,4524.47998046875,128492000,0.0,0.0
2025-11-27 00:00:00+07:00,4524.480055820794,4524.480055820794,4366.911098652907,4375.9150390625,170213000,0.0,0.0
2025-11-28 00:00:00+07:00,4321.891498447205,4393.9230234213255,4321.891498447205,4348.9033203125,128777200,0.0,0.0
2025-12-01 00:00:00+07:00,4366.911098652907,4420.934741110468,4339.899277424126,4375.9150390625,58603700,0.0,0.0
2025-12-02 00:00:00+07:00,4429.93871617268,4447.946597132732,4339.899311372423,4366.9111328125,104013500,0.0,0.0
2025-12-03 00:00:00+07:00,4366.911030753714,4429.938612640881,4339.899209944928,4393.9228515625,102556300,0.0,0.0
2025-12-04 00:00:00+07:00,4438.942416555513,4447.946356548527,4393.922716590447,4429.9384765625,59392600,0.0,0.0
2025-12-05 00:00:00+07:00,4447.946424585459,4447.946424585459,4384.918843670281,4411.9306640625,53969200,0.0,0.0
2025-12-08 00:00:00+07:00,4456.95068359375,4465.954624368686,4420.934920494003,4456.95068359375,62947600,0.0,0.0
2025-12-09 00:00:00+07:00,4474.9582794127045,4483.96221961273,4384.918877412449,4402.9267578125,134575200,0.0,0.0
2025-12-10 00:00:00+07:00,4456.9501285054075,4474.9580078125,4384.918611277038,4474.9580078125,96005900,0.0,0.0
2025-12-11 00:00:00+07:00,4501.970387468434,4546.990091343118,4348.903394294507,4456.95068359375,151956700,0.0,0.0
2025-12-12 00:00:00+07:00,4483.9624651517115,4483.9624651517115,4339.8994140625,4339.8994140625,111830600,0.0,0.0
2025-12-15 00:00:00+07:00,4339.899320124624,4524.480100337393,4312.8874986300725,4492.96630859375,122451500,0.0,0.0
2025-12-16 00:00:00+07:00,4524.480065917969,4546.989916992187,4429.93869140625,4501.97021484375,137373200,0.0,0.0
2025-12-17 00:00:00+07:00,4492.966189560013,4524.47998046875,4465.954368781095,4524.47998046875,94254100,0.0,0.0
2025-12-18 00:00:00+07:00,4524.48004209648,4659.539147830704,4524.48004209648,4637.029296875,150669000,0.0,0.0
2025-12-19 00:00:00+07:00,4659.5390625,4682.048913043478,4592.009510869565,4659.5390625,161960800,0.0,0.0
2025-12-22 00:00:00+07:00,4659.538825539981,4682.0486749387255,4524.479729147519,4592.00927734375,93615600,0.0,0.0
2025-12-23 00:00:00+07:00,4546.98974609375,4592.009446550123,4501.970045637377,4546.98974609375,44307700,0.0,0.0
2025-12-24 00:00:00+07:00,4524.479895865563,4592.009446550123,4524.479895865563,4546.98974609375,40272500,0.0,0.0
2025-12-29 00:00:00+07:00,4569.49951171875,4637.029061153017,4546.989661907328,4569.49951171875,55697500,0.0,0.0
2025-12-30 00:00:00+07:00,4569.499427945006,4637.028976141238,4546.989578546262,4592.00927734375,74077800,0.0,0.0
2026-01-02 00:00:00+07:00,4614.519211341595,4637.029061153017,4524.479812095905,4569.49951171875,59263700,0.0,0.0
2026-01-05 00:00:00+07:00,4569.499596321937,4592.009446550123,4524.479895865563,4546.98974609375,108458200,0.0,0.0
2026-01-06 00:00:00+07:00,4583.733183313589,4583.733183313589,4482.68896484375,4482.68896484375,180600600,100.0,0.0
2026-01-07 00:00:00+07:00,4491.874889349987,4501.0607275695165,4409.20234537422,4418.38818359375,284261700,0.0,0.0
2026-01-08 00:00:00+07:00,4427.57402181328,4482.689051130457,4418.38818359375,4418.38818359375,108534300,0.0,0.0
2026-01-09 00:00:00+07:00,4427.57401358981,4445.945689994748,4372.458984375,4372.458984375,104703800,0.0,0.0
2026-01-12 00:00:00+07:00,4390.830368841719,4455.1312319837525,4335.715343291405,4381.64453125,118384500,0.0,0.0
2026-01-13 00:00:00+07:00,4409.202055238589,4445.945405698911,4390.830380008429,4427.57373046875,93419500,0.0,0.0
2026-01-14 00:00:00+07:00,4445.94580078125,4455.131639212616,4381.644931761686,4445.94580078125,114314800,0.0,0.0
2026-01-15 00:00:00+07:00,4445.9458213301605,4661.813025464992,4436.759982856338,4583.7333984375,245024400,0.0,0.0
2026-01-19 00:00:00+07:00,4615.883540039063,4684.77732421875,4574.54726953125,4592.9189453125,197645100,0.0,0.0
2026-01-20 00:00:00+07:00,4592.919193097015,4661.81298099347,4583.733354710821,4615.8837890625,93803800,0.0,0.0
2026-01-21 00:00:00+07:00,4615.883833095879,4615.883833095879,4528.618367594564,4583.7333984375,117548600,0.0,0.0
2026-01-22 00:00:00+07:00,4583.733201360128,4615.883634636201,4528.6181728868605,4574.54736328125,145002200,0.0,0.0
2026-01-23 00:00:00+07:00,4574.5475599636775,4592.9192369113225,4473.503336751628,4583.7333984375,116237200,0.0,0.0
2026-01-26 00:00:00+07:00,4510.24658203125,4565.361611546907,4473.503229020812,4510.24658203125,225443300,0.0,0.0
2026-01-27 00:00:00+07:00,4464.317374691398,4510.246565789046,4409.20234537422,4418.38818359375,160620600,0.0,0.0
2026-01-28 00:00:00+07:00,4197.928025630483,4418.388140762062,4050.9546155427633,4188.7421875,643802800,0.0,0.0
2026-01-29 00:00:00+07:00,4060.1403718952483,4262.228806695464,3738.6360438039956,4253.04296875,907054600,0.0,0.0
2026-01-30 00:00:00+07:00,4317.343679087785,4482.688756159232,4253.0428157822225,4427.57373046875,343393600,0.0,0.0
2026-02-02 00:00:00+07:00,4501.060526529947,4519.432202148438,4326.5296081542965,4409.2021484375,290622800,0.0,0.0
2026-02-03 00:00:00+07:00,4436.759765625,4455.131441673137,4326.5297093361805,4436.759765625,169775800,0.0,0.0
2026-02-04 00:00:00+07:00,4464.317214843751,4615.883540039063,4436.759701171875,4592.9189453125,232816800,0.0,0.0
2026-02-05 00:00:00+07:00,4638.84814453125,4684.7773340810645,4592.9189549814355,4638.84814453125,209505400,0.0,0.0
2026-02-06 00:00:00+07:00,4546.989765431622,4638.84814453125,4491.874737971844,4638.84814453125,278775900,0.0,0.0
2026-02-09 00:00:00+07:00,4638.848134765625,4661.812729492188,4546.989755859375,4592.9189453125,177079900,0.0,0.0
2026-02-10 00:00:00+07:00,4592.918964460784,4684.77734375,4583.733126531863,4684.77734375,177110700,0.0,0.0
2026-02-11 00:00:00+07:00,4661.81298099347,4684.777576958955,4583.733354710821,4615.8837890625,201135900,0.0,0.0
2026-02-12 00:00:00+07:00,4615.883796278479,4661.81298828125,4592.919200277093,4661.81298828125,121407500,0.0,0.0
2026-02-13 00:00:00+07:00,4638.848392279864,4661.81298828125,4565.361685075431,4661.81298828125,157236900,0.0,0.0
2026-02-18 00:00:00+07:00,4661.8130160508,4845.52978515625,4638.848419912618,4845.52978515625,212076100,0.0,0.0
2026-02-19 00:00:00+07:00,4845.529756292333,4868.494352293719,4638.848392279864,4661.81298828125,133827800,0.0,0.0
2026-02-20 00:00:00+07:00,4684.777591463415,4753.671379573171,4638.848399390244,4707.7421875,88563800,0.0,0.0
2026-02-23 00:00:00+07:00,4730.706804465343,4845.52978515625,4730.706804465343,4845.52978515625,131077800,0.0,0.0
2026-02-24 00:00:00+07:00,4845.529798782703,4937.38818359375,4822.565202579942,4937.38818359375,203553200,0.0,0.0
2026-02-25 00:00:00+07:00,4914.423330630896,4937.387925633844,4868.494140625,4868.494140625,147700600,0.0,0.0
2026-02-26 00:00:00+07:00,4914.423580545775,4914.423580545775,4776.636003521126,4891.458984375,120621100,0.0,0.0
2026-02-27 00:00:00+07:00,4891.458977432612,4914.423573570793,4845.52978515625,4845.52978515625,206461200,0.0,0.0
2026-03-02 00:00:00+07:00,4707.742180284021,4753.671372286792,4638.848392279864,4661.81298828125,168721700,0.0,0.0
2026-03-03 00:00:00+07:00,4684.77734375,4753.671128216912,4638.8481541053925,4684.77734375,106384700,0.0,0.0
2026-03-04 00:00:00+07:00,4638.8482298333965,4661.812825030592,4473.503144413592,4574.54736328125,294487200,0.0,0.0
2026-03-05 00:00:00+07:00,4615.883803353659,4707.7421875,4592.919207317073,4707.7421875,133690000,0.0,0.0
2026-03-06 00:00:00+07:00,4661.812825030592,4684.777420227786,4546.989849044616,4574.54736328125,127625100,0.0,0.0
2026-03-09 00:00:00+07:00,4409.202055238589,4473.502918544152,4390.830380008429,4427.57373046875,217673200,0.0,0.0
2026-03-10 00:00:00+07:00,4519.43242028386,4583.733288052126,4464.317390768203,4510.24658203125,124581800,0.0,0.0
2026-03-11 00:00:00+07:00,4528.618155057313,4565.361507228164,4482.68896484375,4482.68896484375,86606500,0.0,0.0
2026-03-12 00:00:00+07:00,4473.503236832157,4574.547457787298,4473.503236832157,4556.17578125,85989900,0.0,0.0
2026-03-13 00:00:00+07:00,4501.060516036185,4519.432191611842,4363.27294921875,4363.27294921875,187462500,0.0,0.0
2026-03-16 00:00:00+07:00,4344.901263297872,4354.087101063829,4253.042885638298,4317.34375,149035900,0.0,0.0
2026-03-17 00:00:00+07:00,4363.273043158694,4390.830557115486,4326.529691216306,4344.9013671875,274977700,0.0,0.0
2026-03-25 00:00:00+07:00,4271.41452228999,4565.361328125,4271.41452228999,4565.361328125,389331300,0.0,0.0
2026-03-26 00:00:00+07:00,4565.36170038901,4574.547538820377,4445.94580078125,4445.94580078125,120735200,0.0,0.0
2026-03-27 00:00:00+07:00,4445.945689994748,4473.503204602153,4372.458984375,4372.458984375,73158700,0.0,0.0
2026-03-30 00:00:00+07:00,4326.529587765957,4363.272938829787,4308.157912234043,4317.34375,110819500,0.0,0.0
2026-03-31 00:00:00+07:00,4326.529981710143,4400.016690528999,4317.344143107786,4335.7158203125,184777500,0.0,0.0
2026-04-01 00:00:00+07:00,4409.202529131356,4436.760044938427,4298.972465903072,4335.7158203125,162832600,0.0,0.0
2026-04-02 00:00:00+07:00,4335.715414986559,4344.901252730175,4262.228713037634,4271.41455078125,109496300,0.0,0.0
2026-04-06 00:00:00+07:00,4271.414739315008,4317.34393006033,4225.485548569685,4234.67138671875,60887500,0.0,0.0
2026-04-07 00:00:00+07:00,4225.485531284645,4234.671369396134,4133.627150169762,4142.81298828125,190831700,0.0,0.0
2026-04-08 00:00:00+07:00,4289.78662109375,4317.344136860947,4253.043266737486,4289.78662109375,169872400,0.0,0.0
2026-04-09 00:00:00+07:00,4271.414931149138,4271.414931149138,4197.92822265625,4197.92822265625,128431200,0.0,0.0
2026-04-10 00:00:00+07:00,4207.114073792157,4317.344136860947,4207.114073792157,4289.78662109375,103583800,0.0,0.0
2026-04-13 00:00:00+07:00,4262.228702445653,4280.600377887228,4225.4853515625,4225.4853515625,103202100,0.0,0.0
2026-04-14 00:00:00+07:00,4289.786432416069,4335.715623341295,4271.41475604598,4326.52978515625,135501000,0.0,0.0
2026-04-15 00:00:00+07:00,4363.272928217406,4381.644603704637,4262.228713037634,4271.41455078125,104621600,0.0,0.0
2026-04-16 00:00:00+07:00,4298.9723573882,4298.9723573882,4243.857327165275,4262.22900390625,120500900,0.0,0.0
2026-04-17 00:00:00+07:00,4289.7866147524355,4317.344130478896,4207.114067573052,4243.857421875,125867600,0.0,0.0
2026-04-20 00:00:00+07:00,4262.229099025974,4289.7866147524355,4216.299906148539,4243.857421875,104938900,0.0,0.0
2026-04-21 00:00:00+07:00,4234.671210106383,4317.34375,4234.671210106383,4317.34375,120070400,0.0,0.0
2026-04-22 00:00:00+07:00,4317.343760279606,4381.644624794408,4317.343760279606,4363.27294921875,113814200,0.0,0.0
2026-04-23 00:00:00+07:00,4372.458862041037,4381.644699986501,4253.04296875,4253.04296875,133792200,0.0,0.0
2026-04-24 00:00:00+07:00,4253.042842881944,4253.042842881944,4124.441115451389,4133.626953125,218703100,0.0,0.0
2026-04-27 00:00:00+07:00,4133.627180619673,4142.813018798828,4005.0254461115055,4041.768798828125,257209000,0.0,0.0
2026-04-28 00:00:00+07:00,4060.140334015237,4115.255361173815,3995.8394689968964,4069.326171875,246361500,0.0,0.0
2026-04-29 00:00:00+07:00,4078.512009734763,4161.18455047263,4069.326171875,4069.326171875,201458600,0.0,0.0
2026-04-30 00:00:00+07:00,4069.3263609588553,4087.6980375320327,4014.211331239322,4032.5830078125,186960200,0.0,0.0
2026-05-04 00:00:00+07:00,4069.3262188251206,4106.0695706881015,4050.95454289363,4060.140380859375,166294600,0.0,0.0
2026-05-05 00:00:00+07:00,4060.140538001114,4197.9281128201565,4050.9546996798445,4124.44140625,186702000,0.0,0.0
2026-05-06 00:00:00+07:00,4161.184664504227,4179.556340727204,4115.255473946785,4142.81298828125,156255400,0.0,0.0
2026-05-07 00:00:00+07:00,4197.928135312837,4262.22900390625,4179.556458571861,4262.22900390625,262269600,0.0,0.0
2026-05-08 00:00:00+07:00,4271.414644640929,4326.529672313714,4243.857130804536,4253.04296875,369212800,0.0,0.0
2026-05-11 00:00:00+07:00,4310.0,4340.0,4250.0,4250.0,424518900,376.95694,0.0
2026-05-12 00:00:00+07:00,4270.0,4270.0,4190.0,4240.0,221247900,0.0,0.0
2026-05-13 00:00:00+07:00,4230.0,4250.0,4190.0,4200.0,192288300,0.0,0.0
2026-05-14 00:00:00+07:00,4200.0,4200.0,4200.0,4200.0,0,0.0,0.0
2026-05-15 00:00:00+07:00,4200.0,4200.0,4200.0,4200.0,0,0.0,0.0
2026-05-18 00:00:00+07:00,4170.0,4170.0,4080.0,4130.0,316067300,0.0,0.0
2026-05-19 00:00:00+07:00,4130.0,4260.0,4100.0,4130.0,306901800,0.0,0.0
2026-05-20 00:00:00+07:00,4150.0,4290.0,4110.0,4230.0,308468000,0.0,0.0
2026-05-21 00:00:00+07:00,4280.0,4280.0,4130.0,4170.0,137461700,0.0,0.0
2026-05-22 00:00:00+07:00,4140.0,4150.0,4040.0,4120.0,190022900,0.0,0.0
2026-05-25 00:00:00+07:00,4160.0,4300.0,4130.0,4220.0,235113500,0.0,0.0
2026-05-26 00:00:00+07:00,4210.0,4220.0,4130.0,4130.0,181583300,0.0,0.0
2026-05-27 00:00:00+07:00,4130.0,4130.0,4130.0,4130.0,0,0.0,0.0
2026-05-28 00:00:00+07:00,4130.0,4130.0,4130.0,4130.0,0,0.0,0.0
2026-05-29 00:00:00+07:00,4120.0,4190.0,4080.0,4080.0,442625300,0.0,0.0
2026-06-02 00:00:00+07:00,4090.0,4190.0,4090.0,4170.0,261911500,0.0,0.0
2026-06-03 00:00:00+07:00,4200.0,4200.0,4020.0,4050.0,287274100,0.0,0.0
2026-06-04 00:00:00+07:00,4050.0,4060.0,3930.0,3970.0,328529500,0.0,0.0
2026-06-05 00:00:00+07:00,3900.0,3950.0,3820.0,3840.0,320689600,0.0,0.0
2026-06-08 00:00:00+07:00,3810.0,3900.0,3700.0,3710.0,387103400,0.0,0.0
2026-06-09 00:00:00+07:00,3650.0,4090.0,3650.0,4090.0,484957600,0.0,0.0
2026-06-10 00:00:00+07:00,4100.0,4260.0,4050.0,4260.0,359183100,0.0,0.0
2026-06-11 00:00:00+07:00,4260.0,4340.0,4140.0,4250.0,308861000,0.0,0.0
2026-06-12 00:00:00+07:00,4320.0,4320.0,4200.0,4200.0,241735800,0.0,0.0
2026-06-15 00:00:00+07:00,4300.0,4500.0,4300.0,4500.0,310948900,0.0,0.0
2026-06-17 00:00:00+07:00,4500.0,4570.0,4390.0,4490.0,286865700,0.0,0.0
2026-06-18 00:00:00+07:00,4440.0,4470.0,4340.0,4470.0,190568200,0.0,0.0
2026-06-19 00:00:00+07:00,4390.0,4470.0,4300.0,4310.0,377274300,0.0,0.0
2026-06-22 00:00:00+07:00,4320.0,4340.0,4220.0,4220.0,101336500,0.0,0.0
2026-06-23 00:00:00+07:00,4200.0,4210.0,4090.0,4120.0,248512500,0.0,0.0
2026-06-24 00:00:00+07:00,4130.0,4180.0,3970.0,3970.0,254221600,0.0,0.0
2026-06-25 00:00:00+07:00,3970.0,4090.0,3960.0,4000.0,275422800,0.0,0.0
2026-06-26 00:00:00+07:00,4000.0,4040.0,3900.0,3990.0,247361000,0.0,0.0
2026-06-29 00:00:00+07:00,3990.0,4010.0,3930.0,3940.0,120733900,0.0,0.0
2026-06-30 00:00:00+07:00,3930.0,3930.0,3830.0,3850.0,200553100,0.0,0.0
2026-07-01 00:00:00+07:00,3810.0,3880.0,3800.0,3810.0,142033400,0.0,0.0
2026-07-02 00:00:00+07:00,3810.0,3960.0,3810.0,3900.0,181957900,0.0,0.0
2026-07-03 00:00:00+07:00,3950.0,4040.0,3950.0,4010.0,97694100,0.0,0.0
2026-07-06 00:00:00+07:00,4020.0,4040.0,3940.0,4030.0,143666300,0.0,0.0
2026-07-07 00:00:00+07:00,4030.0,4090.0,3990.0,4070.0,181399100,0.0,0.0
2026-07-08 00:00:00+07:00,4080.0,4080.0,3970.0,3970.0,107252600,0.0,0.0
2026-07-09 00:00:00+07:00,3960.0,4040.0,3950.0,4040.0,109084100,0.0,0.0
2026-07-10 00:00:00+07:00,4050.0,4080.0,4010.0,4080.0,73997600,0.0,0.0
2026-07-13 00:00:00+07:00,4070.0,4260.0,4020.0,4250.0,140381100,0.0,0.0
2026-07-14 00:00:00+07:00,4250.0,4260.0,4130.0,4160.0,186937300,0.0,0.0
2026-07-15 00:00:00+07:00,4220.0,4270.0,4170.0,4200.0,145283200,0.0,0.0
2026-07-16 00:00:00+07:00,4240.0,4310.0,4220.0,4310.0,103434900,0.0,0.0
2026-07-17 00:00:00+07:00,4310.0,4490.0,4270.0,4480.0,258763500,0.0,0.0
