Date,BBCA,BBRI,BMRI,BBNI
2015-01-02 00:00:00+07:00,2066.48828125,1220.73486328125,1555.21875,1963.9610595703125
2015-01-05 00:00:00+07:00,2062.58154296875,1215.4954833984375,1551.626953125,1939.8143310546875
2015-01-06 00:00:00+07:00,2046.956298828125,1207.636962890625,1540.8514404296875,1939.8143310546875
2015-01-07 00:00:00+07:00,2050.862548828125,1233.832763671875,1558.8104248046875,1955.912353515625
2015-01-08 00:00:00+07:00,2027.4241943359375,1254.78955078125,1573.177001953125,1955.912353515625
2015-01-09 00:00:00+07:00,2019.6109619140625,1260.02880859375,1598.319580078125,1980.0594482421875
2015-01-12 00:00:00+07:00,2031.3306884765625,1231.213134765625,1555.21875,1955.912353515625
2015-01-13 00:00:00+07:00,2031.3306884765625,1239.07177734375,1544.443603515625,1980.0594482421875
2015-01-14 00:00:00+07:00,2019.6109619140625,1231.213134765625,1540.8514404296875,1963.9610595703125
2015-01-15 00:00:00+07:00,2023.5172119140625,1225.973876953125,1565.9940185546875,1980.0594482421875
2015-01-16 00:00:00+07:00,2023.5172119140625,1212.875732421875,1537.26025390625,1923.71630859375
2015-01-19 00:00:00+07:00,2031.3306884765625,1215.4954833984375,1540.8514404296875,1923.71630859375
2015-01-20 00:00:00+07:00,2035.2366943359375,1205.017333984375,1544.443603515625,1899.5693359375
2015-01-21 00:00:00+07:00,2043.0496826171875,1197.158447265625,1576.768798828125,1923.71630859375
2015-01-22 00:00:00+07:00,2062.58154296875,1202.3975830078125,1580.36083984375,1915.6671142578125
2015-01-23 00:00:00+07:00,2082.113525390625,1244.3109130859375,1634.23681640625,1963.9610595703125
2015-01-26 00:00:00+07:00,2054.768798828125,1244.3109130859375,1594.727783203125,1963.9610595703125
2015-01-27 00:00:00+07:00,2062.58154296875,1249.5504150390625,1591.135986328125,1996.157470703125
2015-01-28 00:00:00+07:00,2074.300537109375,1225.973876953125,1576.768798828125,1988.1085205078125
2015-01-29 00:00:00+07:00,2082.113525390625,1225.973876953125,1576.768798828125,1980.0594482421875
2015-01-30 00:00:00+07:00,2089.926513671875,1223.3544921875,1580.36083984375,2012.2557373046875
2015-02-02 00:00:00+07:00,2086.0205078125,1228.593505859375,1616.2779541015625,2012.2557373046875
2015-02-03 00:00:00+07:00,2109.458740234375,1231.213134765625,1630.6446533203125,2068.598388671875
2015-02-04 00:00:00+07:00,2171.9609375,1233.832763671875,1634.23681640625,2092.74560546875
2015-02-05 00:00:00+07:00,2140.710205078125,1225.973876953125,1616.2779541015625,2076.6474609375
2015-02-06 00:00:00+07:00,2140.710205078125,1220.73486328125,1630.6446533203125,2149.08837890625
2015-02-09 00:00:00+07:00,2156.335205078125,1223.3544921875,1680.9293212890625,2213.481201171875
2015-02-10 00:00:00+07:00,2148.5224609375,1220.73486328125,1670.15380859375,2189.333984375
2015-02-11 00:00:00+07:00,2175.866943359375,1225.973876953125,1688.1126708984375,2165.186767578125
2015-02-12 00:00:00+07:00,2171.9609375,1244.3109130859375,1691.704345703125,2165.186767578125
2015-02-13 00:00:00+07:00,2191.49267578125,1257.4093017578125,1709.662841796875,2149.08837890625
2015-02-16 00:00:00+07:00,2187.5869140625,1260.02880859375,1691.704345703125,2149.08837890625
2015-02-17 00:00:00+07:00,2199.3056640625,1257.4093017578125,1680.9293212890625,2141.03955078125
2015-02-18 00:00:00+07:00,2199.3056640625,1307.181640625,1713.25439453125,2221.530029296875
2015-02-20 00:00:00+07:00,2195.39892578125,1333.3779296875,1734.80517578125,2221.530029296875
2015-02-23 00:00:00+07:00,2191.49267578125,1330.758056640625,1706.0714111328125,2229.5791015625
2015-02-24 00:00:00+07:00,2195.39892578125,1341.2362060546875,1706.0714111328125,2245.67724609375
2015-02-25 00:00:00+07:00,2203.211669921875,1354.33447265625,1709.662841796875,2245.67724609375
2015-02-26 00:00:00+07:00,2199.3056640625,1356.9544677734375,1706.0714111328125,2229.5791015625
2015-02-27 00:00:00+07:00,2203.211669921875,1349.09521484375,1724.0299072265625,2213.481201171875
2015-03-02 00:00:00+07:00,2222.744384765625,1356.9544677734375,1724.0299072265625,2205.431640625
2015-03-03 00:00:00+07:00,2250.089111328125,1349.09521484375,1709.662841796875,2149.08837890625
2015-03-04 00:00:00+07:00,2253.995361328125,1343.856201171875,1702.4793701171875,2141.03955078125
2015-03-05 00:00:00+07:00,2265.714599609375,1346.475830078125,1698.8876953125,2149.08837890625
2015-03-06 00:00:00+07:00,2281.34033203125,1370.0521240234375,1738.3968505859375,2181.284912109375
2015-03-09 00:00:00+07:00,2246.182373046875,1354.33447265625,1695.2962646484375,2157.137939453125
2015-03-10 00:00:00+07:00,2253.995361328125,1349.09521484375,1727.62158203125,2173.236083984375
2015-03-11 00:00:00+07:00,2230.556884765625,1346.475830078125,1706.0714111328125,2157.137939453125
2015-03-12 00:00:00+07:00,2218.838623046875,1351.71484375,1709.662841796875,2165.186767578125
2015-03-13 00:00:00+07:00,2203.211669921875,1335.997314453125,1709.662841796875,2173.236083984375
2015-03-16 00:00:00+07:00,2211.02490234375,1351.71484375,1724.0299072265625,2229.5791015625
2015-03-17 00:00:00+07:00,2203.211669921875,1354.33447265625,1720.438232421875,2221.530029296875
2015-03-18 00:00:00+07:00,2222.744384765625,1359.57373046875,1716.846435546875,2237.6279296875
2015-03-19 00:00:00+07:00,2226.650634765625,1367.4324951171875,1752.7637939453125,2253.726318359375
2015-03-20 00:00:00+07:00,2238.369384765625,1351.71484375,1752.7637939453125,2237.6279296875
2015-03-23 00:00:00+07:00,2257.90185546875,1351.71484375,1749.171875,2253.726318359375
2015-03-24 00:00:00+07:00,2273.52783203125,1362.1932373046875,1765.682861328125,2285.92236328125
2015-03-25 00:00:00+07:00,2285.246337890625,1377.9107666015625,1758.3714599609375,2316.99609375
2015-03-26 00:00:00+07:00,2269.620849609375,1375.291259765625,1762.027099609375,2333.428955078125
2015-03-27 00:00:00+07:00,2257.90185546875,1401.5322265625,1747.404541015625,2333.428955078125
2015-03-30 00:00:00+07:00,2265.714599609375,1396.17236328125,1769.3385009765625,2300.563720703125
2015-03-31 00:00:00+07:00,2316.497802734375,1422.970458984375,1824.173095703125,2374.510498046875
2015-04-01 00:00:00+07:00,2316.497802734375,1393.49267578125,1794.9281005859375,2382.726318359375
2015-04-02 00:00:00+07:00,2312.591552734375,1393.49267578125,1794.9281005859375,2366.29345703125
2015-04-06 00:00:00+07:00,2371.187744140625,1396.17236328125,1780.3052978515625,2358.077392578125
2015-04-07 00:00:00+07:00,2390.719482421875,1412.2513427734375,1780.3052978515625,2390.942626953125
2015-04-08 00:00:00+07:00,2347.7490234375,1404.211669921875,1765.682861328125,2374.510498046875
2015-04-09 00:00:00+07:00,2355.56201171875,1401.5322265625,1754.7158203125,2358.077392578125
2015-04-10 00:00:00+07:00,2351.655517578125,1396.17236328125,1754.7158203125,2341.64501953125
2015-04-13 00:00:00+07:00,2347.7490234375,1393.49267578125,1762.027099609375,2366.29345703125
2015-04-14 00:00:00+07:00,2336.030029296875,1393.49267578125,1732.78173828125,2333.428955078125
2015-04-15 00:00:00+07:00,2304.7783203125,1401.5322265625,1762.027099609375,2333.428955078125
2015-04-16 00:00:00+07:00,2328.217041015625,1406.8916015625,1754.7158203125,2349.861328125
2015-04-17 00:00:00+07:00,2320.0380859375,1393.49267578125,1754.7158203125,2316.99609375
2015-04-20 00:00:00+07:00,2312.17333984375,1409.5711669921875,1765.682861328125,2358.077392578125
2015-04-21 00:00:00+07:00,2343.631591796875,1414.9310302734375,1776.64990234375,2358.077392578125
2015-04-22 00:00:00+07:00,2339.69921875,1412.2513427734375,1758.3714599609375,2333.428955078125
2015-04-23 00:00:00+07:00,2343.631591796875,1398.8521728515625,1754.7158203125,2341.64501953125
2015-04-24 00:00:00+07:00,2343.631591796875,1388.13330078125,1740.0931396484375,2284.130859375
2015-04-27 00:00:00+07:00,2233.528564453125,1288.9805908203125,1645.0460205078125,2136.237548828125
2015-04-28 00:00:00+07:00,2209.934326171875,1272.90185546875,1593.8670654296875,2185.535400390625
2015-04-29 00:00:00+07:00,2123.424560546875,1246.1041259765625,1542.687744140625,2144.453857421875
2015-04-30 00:00:00+07:00,2119.4921875,1246.1041259765625,1571.93310546875,2111.58837890625
2015-05-04 00:00:00+07:00,2158.815185546875,1246.1041259765625,1634.0789794921875,2128.021484375
2015-05-05 00:00:00+07:00,2178.476318359375,1254.1431884765625,1641.3905029296875,2136.237548828125
2015-05-06 00:00:00+07:00,2154.883056640625,1259.5028076171875,1666.97998046875,2152.670166015625
2015-05-07 00:00:00+07:00,2154.883056640625,1246.1041259765625,1634.0789794921875,2201.9677734375
2015-05-08 00:00:00+07:00,2166.67919921875,1248.783935546875,1634.0789794921875,2185.535400390625
2015-05-11 00:00:00+07:00,2154.883056640625,1262.1827392578125,1626.7679443359375,2185.535400390625
2015-05-12 00:00:00+07:00,2158.815185546875,1288.9805908203125,1648.7017822265625,2218.400634765625
2015-05-13 00:00:00+07:00,2158.815185546875,1305.0594482421875,1645.0460205078125,2243.049560546875
2015-05-15 00:00:00+07:00,2127.357177734375,1264.8624267578125,1601.177978515625,2210.184326171875
2015-05-18 00:00:00+07:00,2139.1533203125,1286.301025390625,1623.1123046875,2193.751220703125
2015-05-19 00:00:00+07:00,2147.017822265625,1315.778564453125,1637.7347412109375,2218.400634765625
2015-05-20 00:00:00+07:00,2182.408447265625,1337.2169189453125,1648.7017822265625,2226.61669921875
2015-05-21 00:00:00+07:00,2221.73095703125,1366.69482421875,1699.880859375,2300.563720703125
2015-05-22 00:00:00+07:00,2257.121826171875,1350.6158447265625,1670.6358642578125,2325.212646484375
2015-05-25 00:00:00+07:00,2249.2568359375,1323.81787109375,1630.42333984375,2316.99609375
2015-05-26 00:00:00+07:00,2257.121826171875,1326.4976806640625,1626.7679443359375,2284.130859375
2015-05-27 00:00:00+07:00,2241.392822265625,1280.94140625,1608.48974609375,2251.265380859375
2015-05-28 00:00:00+07:00,2225.663330078125,1267.542236328125,1579.244384765625,2267.6982421875
2015-05-29 00:00:00+07:00,2221.73095703125,1262.1827392578125,1575.58837890625,2259.482421875
2015-06-01 00:00:00+07:00,2221.73095703125,1256.8231201171875,1564.621826171875,2185.535400390625
2015-06-03 00:00:00+07:00,2139.1533203125,1205.9071044921875,1542.687744140625,2095.15576171875
2015-06-04 00:00:00+07:00,2143.085693359375,1192.508056640625,1539.0322265625,2037.6419677734375
2015-06-05 00:00:00+07:00,2147.017822265625,1211.2667236328125,1560.9659423828125,2045.8582763671875
2015-06-08 00:00:00+07:00,2135.22119140625,1179.109375,1506.131103515625,1980.1279296875
2015-06-09 00:00:00+07:00,2091.96630859375,1122.83349609375,1454.9521484375,1906.1810302734375
2015-06-10 00:00:00+07:00,2095.898681640625,1114.7943115234375,1443.98486328125,1889.748291015625
2015-06-11 00:00:00+07:00,2099.831298828125,1085.31640625,1414.73974609375,1832.234375
2015-06-12 00:00:00+07:00,2084.1015625,1112.1142578125,1447.6405029296875,1848.667236328125
2015-06-15 00:00:00+07:00,2091.96630859375,1087.9962158203125,1378.1832275390625,1766.5037841796875
2015-06-16 00:00:00+07:00,2099.831298828125,1130.873046875,1396.4613037109375,1807.5855712890625
2015-06-17 00:00:00+07:00,2158.815185546875,1179.109375,1436.67333984375,1856.8834228515625
2015-06-18 00:00:00+07:00,2143.085693359375,1154.9910888671875,1414.73974609375,1815.802001953125
2015-06-19 00:00:00+07:00,2154.883056640625,1184.46875,1462.263427734375,1832.234375
2015-06-22 00:00:00+07:00,2158.815185546875,1173.74951171875,1458.607421875,1840.4508056640625
2015-06-23 00:00:00+07:00,2150.9501953125,1157.670654296875,1469.5745849609375,1832.234375
2015-06-24 00:00:00+07:00,2143.085693359375,1104.0748291015625,1447.6405029296875,1807.5855712890625
2015-06-25 00:00:00+07:00,2119.4921875,1093.355712890625,1462.263427734375,1758.287841796875
2015-06-26 00:00:00+07:00,2131.2890625,1122.83349609375,1476.8858642578125,1733.638916015625
2015-06-29 00:00:00+07:00,2123.424560546875,1112.1142578125,1465.9188232421875,1725.422607421875
2015-06-30 00:00:00+07:00,2123.424560546875,1109.4345703125,1469.5745849609375,1741.8553466796875
2015-07-01 00:00:00+07:00,2123.424560546875,1130.873046875,1462.263427734375,1741.8553466796875
2015-07-02 00:00:00+07:00,2139.1533203125,1165.7103271484375,1473.2301025390625,1832.234375
2015-07-03 00:00:00+07:00,2143.085693359375,1160.3507080078125,1487.852783203125,1848.667236328125
2015-07-06 00:00:00+07:00,2139.1533203125,1114.7943115234375,1451.296142578125,1791.15283203125
2015-07-07 00:00:00+07:00,2076.2373046875,1122.83349609375,1484.197265625,1824.018310546875
2015-07-08 00:00:00+07:00,2095.898681640625,1096.0355224609375,1454.9521484375,1774.72021484375
2015-07-09 00:00:00+07:00,2084.1015625,1104.0748291015625,1447.6405029296875,1758.287841796875
2015-07-10 00:00:00+07:00,2091.96630859375,1122.83349609375,1462.263427734375,1791.15283203125
2015-07-13 00:00:00+07:00,2123.424560546875,1122.83349609375,1469.5745849609375,1799.369384765625
2015-07-14 00:00:00+07:00,2139.1533203125,1125.5135498046875,1480.5416259765625,1741.8553466796875
2015-07-15 00:00:00+07:00,2123.424560546875,1085.31640625,1462.263427734375,1667.9085693359375
2015-07-22 00:00:00+07:00,2131.2890625,1109.4345703125,1520.753662109375,1700.773681640625
2015-07-23 00:00:00+07:00,2162.747314453125,1098.7154541015625,1476.8858642578125,1676.1248779296875
2015-07-24 00:00:00+07:00,2158.815185546875,1082.6365966796875,1462.263427734375,1643.259521484375
2015-07-27 00:00:00+07:00,2115.559814453125,1047.79931640625,1396.4613037109375,1593.9619140625
2015-07-28 00:00:00+07:00,2044.779296875,1007.602294921875,1370.8714599609375,1559.4532470703125
2015-07-29 00:00:00+07:00,2021.185791015625,1018.3214721679688,1389.150146484375,1524.944580078125
2015-07-30 00:00:00+07:00,2013.3209228515625,1002.24267578125,1392.8056640625,1472.360595703125
2015-07-31 00:00:00+07:00,2060.508544921875,1071.91748046875,1392.8056640625,1564.383056640625
2015-08-03 00:00:00+07:00,2084.1015625,1120.1536865234375,1418.395263671875,1582.4591064453125
2015-08-04 00:00:00+07:00,2091.96630859375,1114.7943115234375,1392.8056640625,1575.8861083984375
2015-08-05 00:00:00+07:00,2154.883056640625,1157.670654296875,1433.0181884765625,1676.1248779296875
2015-08-06 00:00:00+07:00,2170.611572265625,1154.9910888671875,1433.0181884765625,1700.773681640625
2015-08-07 00:00:00+07:00,2162.747314453125,1130.873046875,1411.083984375,1643.259521484375
2015-08-10 00:00:00+07:00,2178.476318359375,1133.5526123046875,1392.8056640625,1607.1077880859375
2015-08-11 00:00:00+07:00,2131.2890625,1087.9962158203125,1337.9708251953125,1533.1612548828125
2015-08-12 00:00:00+07:00,2068.372802734375,1039.759765625,1286.79150390625,1482.2200927734375
2015-08-13 00:00:00+07:00,2076.2373046875,1074.597412109375,1330.659423828125,1521.658447265625
2015-08-14 00:00:00+07:00,2084.1015625,1096.0355224609375,1316.0369873046875,1503.58251953125
2015-08-18 00:00:00+07:00,2040.8472900390625,1050.47900390625,1286.79150390625,1426.3494873046875
2015-08-19 00:00:00+07:00,1997.5916748046875,1061.1982421875,1272.1689453125,1452.6414794921875
2015-08-20 00:00:00+07:00,1930.7435302734375,1042.4395751953125,1272.1689453125,1452.6414794921875
2015-08-21 00:00:00+07:00,1867.8272705078125,1018.3214721679688,1242.9239501953125,1413.203125
2015-08-24 00:00:00+07:00,1777.3846435546875,980.804443359375,1195.400390625,1355.689208984375
2015-08-25 00:00:00+07:00,1828.5042724609375,1018.3214721679688,1242.9239501953125,1429.6358642578125
2015-08-26 00:00:00+07:00,1863.894775390625,1045.119384765625,1250.235107421875,1480.5767822265625
2015-08-27 00:00:00+07:00,1981.863037109375,1125.5135498046875,1316.0369873046875,1628.4703369140625
2015-08-28 00:00:00+07:00,2021.185791015625,1114.7943115234375,1327.0040283203125,1643.259521484375
2015-08-31 00:00:00+07:00,2029.0499267578125,1138.912109375,1330.659423828125,1626.8271484375
2015-09-01 00:00:00+07:00,1977.9307861328125,1082.6365966796875,1275.8248291015625,1564.383056640625
2015-09-02 00:00:00+07:00,1930.7435302734375,1093.355712890625,1286.79150390625,1544.6640625
2015-09-03 00:00:00+07:00,1934.67578125,1087.9962158203125,1290.447265625,1539.734130859375
2015-09-04 00:00:00+07:00,1926.8111572265625,1079.9566650390625,1290.447265625,1511.799072265625
2015-09-07 00:00:00+07:00,1875.69189453125,1047.79931640625,1279.480224609375,1475.6470947265625
2015-09-08 00:00:00+07:00,1856.0301513671875,1063.878173828125,1286.79150390625,1549.5936279296875
2015-09-09 00:00:00+07:00,1875.69189453125,1063.878173828125,1272.1689453125,1533.1612548828125
2015-09-10 00:00:00+07:00,1875.69189453125,1034.4002685546875,1257.54638671875,1474.0040283203125
2015-09-11 00:00:00+07:00,1875.69189453125,1029.041015625,1264.857666015625,1447.7115478515625
2015-09-14 00:00:00+07:00,1903.2176513671875,1031.72021484375,1264.857666015625,1462.5010986328125
2015-09-15 00:00:00+07:00,1879.6240234375,1031.72021484375,1272.1689453125,1432.92236328125
2015-09-16 00:00:00+07:00,1863.894775390625,1029.041015625,1264.857666015625,1418.1329345703125
2015-09-17 00:00:00+07:00,1922.8787841796875,1074.597412109375,1264.857666015625,1429.6358642578125
2015-09-18 00:00:00+07:00,1930.7435302734375,1047.79931640625,1264.857666015625,1408.2735595703125
2015-09-21 00:00:00+07:00,1915.014404296875,1021.0012817382812,1257.54638671875,1423.062744140625
2015-09-22 00:00:00+07:00,1911.081787109375,1002.24267578125,1257.54638671875,1413.203125
2015-09-23 00:00:00+07:00,1867.8272705078125,943.287353515625,1177.121826171875,1406.6302490234375
2015-09-25 00:00:00+07:00,1856.0301513671875,916.4894409179688,1129.5982666015625,1350.759521484375
2015-09-28 00:00:00+07:00,1804.9105224609375,889.69140625,1100.3529052734375,1294.8885498046875
2015-09-29 00:00:00+07:00,1871.759521484375,895.0509033203125,1136.90966796875,1337.61328125
2015-09-30 00:00:00+07:00,1930.7435302734375,927.2086791992188,1158.8433837890625,1358.9759521484375
2015-10-01 00:00:00+07:00,1887.4884033203125,935.247802734375,1166.1549072265625,1378.6947021484375
2015-10-02 00:00:00+07:00,1867.8272705078125,929.888427734375,1122.2869873046875,1362.26220703125
2015-10-05 00:00:00+07:00,1973.9981689453125,978.1245727539062,1199.055908203125,1446.068359375
2015-10-06 00:00:00+07:00,2036.9146728515625,1012.9618530273438,1301.4141845703125,1490.4364013671875
2015-10-07 00:00:00+07:00,2044.779296875,1055.838623046875,1305.070068359375,1544.6640625
2015-10-08 00:00:00+07:00,2060.508544921875,1069.237548828125,1301.4141845703125,1587.388916015625
2015-10-09 00:00:00+07:00,2076.2373046875,1130.873046875,1330.659423828125,1651.4759521484375
2015-10-12 00:00:00+07:00,2103.76318359375,1157.670654296875,1341.62646484375,1651.4759521484375
2015-10-13 00:00:00+07:00,2036.9146728515625,1074.597412109375,1308.7257080078125,1589.0321044921875
2015-10-15 00:00:00+07:00,2040.8472900390625,1085.31640625,1301.4141845703125,1651.4759521484375
2015-10-16 00:00:00+07:00,2013.3209228515625,1104.0748291015625,1305.070068359375,1676.1248779296875
2015-10-19 00:00:00+07:00,2064.440673828125,1117.4737548828125,1337.9708251953125,1684.3408203125
2015-10-20 00:00:00+07:00,2076.2373046875,1138.912109375,1352.593505859375,1708.990234375
2015-10-21 00:00:00+07:00,2095.898681640625,1130.873046875,1348.937744140625,1717.2061767578125
2015-10-22 00:00:00+07:00,2107.695556640625,1146.9515380859375,1341.62646484375,1717.2061767578125
2015-10-23 00:00:00+07:00,2119.4921875,1200.54736328125,1374.5274658203125,1733.638916015625
2015-10-26 00:00:00+07:00,2147.017822265625,1243.4241943359375,1400.1170654296875,1741.8553466796875
2015-10-27 00:00:00+07:00,2147.017822265625,1243.4241943359375,1411.083984375,1700.773681640625
2015-10-28 00:00:00+07:00,2135.22119140625,1189.8284912109375,1381.8387451171875,1651.4759521484375
2015-10-29 00:00:00+07:00,2068.372802734375,1152.3111572265625,1316.0369873046875,1582.4591064453125
2015-10-30 00:00:00+07:00,2029.0499267578125,1128.1929931640625,1272.1689453125,1562.7396240234375
2015-11-02 00:00:00+07:00,2009.3890380859375,1101.395263671875,1250.235107421875,1582.4591064453125
2015-11-03 00:00:00+07:00,2068.372802734375,1146.9515380859375,1294.1029052734375,1626.8271484375
2015-11-04 00:00:00+07:00,2111.6279296875,1184.46875,1330.659423828125,1643.259521484375
2015-11-05 00:00:00+07:00,2131.2890625,1149.63134765625,1312.38134765625,1625.1837158203125
2015-11-06 00:00:00+07:00,2131.2890625,1146.9515380859375,1312.38134765625,1582.4591064453125
2015-11-09 00:00:00+07:00,2064.440673828125,1133.5526123046875,1272.1689453125,1602.1783447265625
2015-11-10 00:00:00+07:00,2032.982177734375,1120.1536865234375,1228.301025390625,1587.388916015625
2015-11-11 00:00:00+07:00,2040.8472900390625,1122.83349609375,1195.400390625,1577.529052734375
2015-11-12 00:00:00+07:00,2040.8472900390625,1128.1929931640625,1224.6453857421875,1630.113525390625
2015-11-13 00:00:00+07:00,2041.63623046875,1128.1929931640625,1268.51318359375,1590.6754150390625
2015-11-16 00:00:00+07:00,2037.6878662109375,1128.1929931640625,1242.9239501953125,1584.10205078125
2015-11-17 00:00:00+07:00,2073.228759765625,1168.3897705078125,1261.2020263671875,1643.259521484375
2015-11-18 00:00:00+07:00,2065.330810546875,1173.74951171875,1261.2020263671875,1651.4759521484375
2015-11-19 00:00:00+07:00,2045.58544921875,1176.4293212890625,1283.135986328125,1708.990234375
2015-11-20 00:00:00+07:00,2077.177734375,1179.109375,1268.51318359375,1708.990234375
2015-11-23 00:00:00+07:00,2100.8720703125,1179.109375,1275.8248291015625,1708.990234375
2015-11-24 00:00:00+07:00,2128.5146484375,1184.46875,1272.1689453125,1692.5572509765625
2015-11-25 00:00:00+07:00,2132.463623046875,1230.025146484375,1305.070068359375,1700.773681640625
2015-11-26 00:00:00+07:00,2136.413330078125,1230.025146484375,1356.2491455078125,1684.3408203125
2015-11-27 00:00:00+07:00,2077.177734375,1211.2667236328125,1312.38134765625,1636.686279296875
2015-11-30 00:00:00+07:00,1954.7584228515625,1154.9910888671875,1242.9239501953125,1567.6697998046875
2015-12-01 00:00:00+07:00,2092.9736328125,1205.9071044921875,1301.4141845703125,1633.3997802734375
2015-12-02 00:00:00+07:00,2100.8720703125,1208.5867919921875,1301.4141845703125,1638.329833984375
2015-12-03 00:00:00+07:00,2100.8720703125,1208.5867919921875,1286.79150390625,1639.97314453125
2015-12-04 00:00:00+07:00,2073.228759765625,1211.2667236328125,1279.480224609375,1628.4703369140625
2015-12-07 00:00:00+07:00,2089.0244140625,1184.46875,1330.659423828125,1643.259521484375
2015-12-08 00:00:00+07:00,2057.43310546875,1168.3897705078125,1316.0369873046875,1641.616455078125
2015-12-09 00:00:00+07:00,2057.43310546875,1168.3897705078125,1316.0369873046875,1641.616455078125
2015-12-10 00:00:00+07:00,2132.463623046875,1165.7103271484375,1297.758544921875,1643.259521484375
2015-12-11 00:00:00+07:00,2085.075927734375,1160.3507080078125,1279.480224609375,1620.2540283203125
2015-12-14 00:00:00+07:00,2085.075927734375,1144.2718505859375,1261.2020263671875,1577.529052734375
2015-12-15 00:00:00+07:00,2069.27978515625,1152.3111572265625,1279.480224609375,1574.24267578125
2015-12-16 00:00:00+07:00,2128.5146484375,1216.626220703125,1308.7257080078125,1643.259521484375
2015-12-17 00:00:00+07:00,2148.260009765625,1238.0645751953125,1330.659423828125,1659.692138671875
2015-12-18 00:00:00+07:00,2089.0244140625,1165.7103271484375,1275.8248291015625,1630.113525390625
2015-12-21 00:00:00+07:00,2081.126953125,1189.8284912109375,1297.758544921875,1595.6048583984375
2015-12-22 00:00:00+07:00,2085.075927734375,1184.46875,1297.758544921875,1612.0377197265625
2015-12-23 00:00:00+07:00,2081.126953125,1189.8284912109375,1297.758544921875,1603.8214111328125
2015-12-28 00:00:00+07:00,2104.820556640625,1221.9857177734375,1316.0369873046875,1643.259521484375
2015-12-29 00:00:00+07:00,2092.9736328125,1221.9857177734375,1334.3150634765625,1639.97314453125
2015-12-30 00:00:00+07:00,2100.8720703125,1224.665771484375,1352.593505859375,1639.97314453125
2016-01-04 00:00:00+07:00,2089.0244140625,1230.025146484375,1352.593505859375,1607.1077880859375
2016-01-05 00:00:00+07:00,2112.718994140625,1240.7442626953125,1370.8714599609375,1626.8271484375
2016-01-06 00:00:00+07:00,2085.075927734375,1235.3848876953125,1367.2161865234375,1659.692138671875
2016-01-07 00:00:00+07:00,2053.4833984375,1205.9071044921875,1330.659423828125,1638.329833984375
2016-01-08 00:00:00+07:00,2053.4833984375,1243.4241943359375,1356.2491455078125,1643.259521484375
2016-01-11 00:00:00+07:00,2013.99365234375,1219.3060302734375,1330.659423828125,1621.897216796875
2016-01-12 00:00:00+07:00,2069.27978515625,1243.4241943359375,1345.2822265625,1616.967529296875
2016-01-13 00:00:00+07:00,2081.126953125,1243.4241943359375,1367.2161865234375,1638.329833984375
2016-01-14 00:00:00+07:00,2057.43310546875,1256.8231201171875,1367.2161865234375,1651.4759521484375
2016-01-15 00:00:00+07:00,2053.4833984375,1227.3453369140625,1356.2491455078125,1635.0430908203125
2016-01-18 00:00:00+07:00,2049.53466796875,1221.9857177734375,1356.2491455078125,1616.967529296875
2016-01-19 00:00:00+07:00,2065.330810546875,1232.705078125,1370.8714599609375,1630.113525390625
2016-01-20 00:00:00+07:00,2057.43310546875,1179.109375,1363.560546875,1593.9619140625
2016-01-21 00:00:00+07:00,2045.58544921875,1160.3507080078125,1359.9046630859375,1600.534912109375
2016-01-22 00:00:00+07:00,2053.4833984375,1208.5867919921875,1370.8714599609375,1643.259521484375
2016-01-25 00:00:00+07:00,2073.228759765625,1224.665771484375,1392.8056640625,1651.4759521484375
2016-01-26 00:00:00+07:00,2053.4833984375,1211.2667236328125,1392.8056640625,1620.2540283203125
2016-01-27 00:00:00+07:00,2069.27978515625,1219.3060302734375,1396.4613037109375,1626.8271484375
2016-01-28 00:00:00+07:00,2077.177734375,1205.9071044921875,1389.150146484375,1630.113525390625
2016-01-29 00:00:00+07:00,2069.27978515625,1203.227294921875,1403.7725830078125,1613.680908203125
2016-02-01 00:00:00+07:00,2089.0244140625,1203.227294921875,1407.4283447265625,1603.8214111328125
2016-02-02 00:00:00+07:00,2069.27978515625,1181.7890625,1389.150146484375,1607.1077880859375
2016-02-03 00:00:00+07:00,2061.3818359375,1171.06982421875,1370.8714599609375,1600.534912109375
2016-02-04 00:00:00+07:00,2077.177734375,1221.9857177734375,1403.7725830078125,1626.8271484375
2016-02-05 00:00:00+07:00,2120.616943359375,1318.458251953125,1513.4425048828125,1733.638916015625
2016-02-09 00:00:00+07:00,2100.8720703125,1283.62109375,1469.5745849609375,1741.8553466796875
2016-02-10 00:00:00+07:00,2096.9228515625,1262.1827392578125,1436.67333984375,1750.0714111328125
2016-02-11 00:00:00+07:00,2108.76953125,1272.90185546875,1462.263427734375,1774.72021484375
2016-02-12 00:00:00+07:00,2096.9228515625,1264.8624267578125,1422.051025390625,1733.638916015625
2016-02-15 00:00:00+07:00,2108.76953125,1272.90185546875,1433.0181884765625,1774.72021484375
2016-02-16 00:00:00+07:00,2116.66796875,1278.261474609375,1425.7066650390625,1774.72021484375
2016-02-17 00:00:00+07:00,2116.66796875,1280.94140625,1418.395263671875,1799.369384765625
2016-02-18 00:00:00+07:00,2116.66796875,1286.301025390625,1422.051025390625,1791.15283203125
2016-02-19 00:00:00+07:00,2061.3818359375,1227.3453369140625,1359.9046630859375,1676.1248779296875
2016-02-22 00:00:00+07:00,2081.126953125,1176.4293212890625,1374.5274658203125,1643.259521484375
2016-02-23 00:00:00+07:00,2069.27978515625,1136.232421875,1352.593505859375,1628.4703369140625
2016-02-24 00:00:00+07:00,2057.43310546875,1144.2718505859375,1374.5274658203125,1684.3408203125
2016-02-25 00:00:00+07:00,2065.330810546875,1120.1536865234375,1363.560546875,1643.259521484375
2016-02-26 00:00:00+07:00,2108.76953125,1163.0303955078125,1385.4942626953125,1651.4759521484375
2016-02-29 00:00:00+07:00,2128.5146484375,1187.148681640625,1396.4613037109375,1667.9085693359375
2016-03-01 00:00:00+07:00,2116.66796875,1146.9515380859375,1381.8387451171875,1639.97314453125
2016-03-02 00:00:00+07:00,2124.565673828125,1176.4293212890625,1407.4283447265625,1643.259521484375
2016-03-03 00:00:00+07:00,2136.413330078125,1195.1878662109375,1418.395263671875,1692.5572509765625
2016-03-04 00:00:00+07:00,2144.310791015625,1219.3060302734375,1429.3623046875,1733.638916015625
2016-03-07 00:00:00+07:00,2144.310791015625,1221.9857177734375,1458.607421875,1741.8553466796875
2016-03-08 00:00:00+07:00,2116.66796875,1213.9464111328125,1462.263427734375,1733.638916015625
2016-03-10 00:00:00+07:00,2116.66796875,1179.109375,1476.8858642578125,1725.422607421875
2016-03-11 00:00:00+07:00,2116.66796875,1179.109375,1476.8858642578125,1725.422607421875
2016-03-14 00:00:00+07:00,2116.66796875,1179.109375,1476.8858642578125,1725.422607421875
2016-03-15 00:00:00+07:00,2144.310791015625,1187.148681640625,1487.852783203125,1758.287841796875
2016-03-16 00:00:00+07:00,2148.260009765625,1184.46875,1487.852783203125,1758.287841796875
2016-03-17 00:00:00+07:00,2168.0048828125,1179.109375,1476.8858642578125,1766.5037841796875
2016-03-18 00:00:00+07:00,2164.05615234375,1192.508056640625,1476.8858642578125,1807.7142333984375
2016-03-21 00:00:00+07:00,2175.90283203125,1195.1878662109375,1484.197265625,1807.7142333984375
2016-03-22 00:00:00+07:00,2156.15771484375,1197.86767578125,1506.131103515625,1807.7142333984375
2016-03-23 00:00:00+07:00,2132.463623046875,1208.5867919921875,1498.8197021484375,1782.49072265625
2016-03-24 00:00:00+07:00,2104.820556640625,1208.5867919921875,1495.164306640625,1732.0426025390625
2016-03-28 00:00:00+07:00,2081.126953125,1189.8284912109375,1473.2301025390625,1715.2269287109375
2016-03-29 00:00:00+07:00,2065.330810546875,1176.4293212890625,1491.508544921875,1698.4107666015625
2016-03-30 00:00:00+07:00,2073.228759765625,1195.1878662109375,1553.2559814453125,1740.45068359375
2016-03-31 00:00:00+07:00,2100.8720703125,1224.665771484375,1545.7523193359375,1748.8590087890625
2016-04-01 00:00:00+07:00,2100.8720703125,1223.1959228515625,1515.73779296875,1715.2269287109375
2016-04-04 00:00:00+07:00,2104.820556640625,1223.1959228515625,1526.9931640625,1723.634521484375
2016-04-05 00:00:00+07:00,2104.820556640625,1223.1959228515625,1557.008056640625,1748.8590087890625
2016-04-06 00:00:00+07:00,2061.3818359375,1228.70556640625,1557.008056640625,1748.8590087890625
2016-04-07 00:00:00+07:00,2069.27978515625,1223.1959228515625,1545.7523193359375,1774.0826416015625
2016-04-08 00:00:00+07:00,2065.330810546875,1190.1363525390625,1478.2196044921875,1748.8590087890625
2016-04-11 00:00:00+07:00,2065.330810546875,1190.1363525390625,1478.2196044921875,1748.8590087890625
2016-04-12 00:00:00+07:00,2061.3818359375,1170.8516845703125,1433.197509765625,1715.2269287109375
2016-04-13 00:00:00+07:00,2061.3818359375,1170.8516845703125,1433.197509765625,1715.2269287109375
2016-04-14 00:00:00+07:00,2061.3818359375,1170.8516845703125,1433.197509765625,1715.2269287109375
2016-04-15 00:00:00+07:00,2078.102294921875,1170.8516845703125,1433.197509765625,1715.2269287109375
2016-04-18 00:00:00+07:00,2078.102294921875,1170.8516845703125,1433.197509765625,1715.2269287109375
2016-04-19 00:00:00+07:00,2078.102294921875,1170.8516845703125,1433.197509765625,1715.2269287109375
2016-04-20 00:00:00+07:00,2086.064453125,1154.3221435546875,1463.212158203125,1651.326171875
2016-04-21 00:00:00+07:00,2086.064453125,1179.1165771484375,1481.97119140625,1658.0526123046875
2016-04-22 00:00:00+07:00,2090.045166015625,1201.1561279296875,1496.978515625,1646.281494140625
2016-04-25 00:00:00+07:00,2086.064453125,1157.0770263671875,1451.9566650390625,1612.649658203125
2016-04-26 00:00:00+07:00,2062.177490234375,1124.017822265625,1425.6939697265625,1563.88330078125
2016-04-27 00:00:00+07:00,2078.102294921875,1124.017822265625,1444.453125,1550.430419921875
2016-04-28 00:00:00+07:00,2074.121337890625,1143.3023681640625,1474.4674072265625,1553.7938232421875
2016-04-29 00:00:00+07:00,2078.102294921875,1140.5472412109375,1448.2049560546875,1542.0225830078125
2016-05-02 00:00:00+07:00,2086.064453125,1132.2825927734375,1433.197509765625,1510.0721435546875
2016-05-03 00:00:00+07:00,2078.102294921875,1159.83203125,1478.2196044921875,1557.156982421875
2016-05-04 00:00:00+07:00,2086.064453125,1140.5472412109375,1455.7083740234375,1553.7938232421875
2016-05-09 00:00:00+07:00,2090.045166015625,1104.7330322265625,1395.67919921875,1510.0721435546875
2016-05-10 00:00:00+07:00,2098.00732421875,1107.4879150390625,1418.1903076171875,1533.61474609375
2016-05-11 00:00:00+07:00,2094.0263671875,1101.97802734375,1444.453125,1573.9730224609375
2016-05-12 00:00:00+07:00,2094.0263671875,1090.95849609375,1425.6939697265625,1543.704345703125
2016-05-13 00:00:00+07:00,2094.0263671875,1088.2034912109375,1395.67919921875,1506.708984375
2016-05-16 00:00:00+07:00,2074.121337890625,1096.4683837890625,1354.4091796875,1483.166748046875
2016-05-17 00:00:00+07:00,2070.139892578125,1068.918701171875,1313.13916015625,1449.5347900390625
2016-05-18 00:00:00+07:00,2074.121337890625,1049.6341552734375,1320.642578125,1479.803466796875
2016-05-19 00:00:00+07:00,2066.158447265625,1066.1639404296875,1343.1539306640625,1466.3507080078125
2016-05-20 00:00:00+07:00,2074.121337890625,1079.9384765625,1305.6353759765625,1473.0772705078125
2016-05-23 00:00:00+07:00,2086.064453125,1093.71337890625,1328.1463623046875,1489.89306640625
2016-05-24 00:00:00+07:00,2066.158447265625,1082.6934814453125,1328.1463623046875,1493.25634765625
2016-05-25 00:00:00+07:00,2070.139892578125,1093.71337890625,1361.9129638671875,1516.798583984375
2016-05-26 00:00:00+07:00,2074.121337890625,1135.0377197265625,1350.6573486328125,1530.2513427734375
2016-05-27 00:00:00+07:00,2070.139892578125,1146.057373046875,1358.1610107421875,1557.156982421875
2016-05-30 00:00:00+07:00,2101.988037109375,1170.8516845703125,1391.927490234375,1587.425537109375
2016-05-31 00:00:00+07:00,2070.139892578125,1140.5472412109375,1354.4091796875,1614.3309326171875
2016-06-01 00:00:00+07:00,2098.00732421875,1151.5672607421875,1380.672119140625,1604.24169921875
2016-06-02 00:00:00+07:00,2094.0263671875,1132.2825927734375,1384.4237060546875,1577.336181640625
2016-06-03 00:00:00+07:00,2090.045166015625,1146.057373046875,1369.4163818359375,1580.69921875
2016-06-06 00:00:00+07:00,2090.045166015625,1168.0966796875,1391.927490234375,1604.24169921875
2016-06-07 00:00:00+07:00,2086.064453125,1173.6068115234375,1421.94189453125,1621.0572509765625
2016-06-08 00:00:00+07:00,2086.064453125,1173.6068115234375,1425.6939697265625,1621.0572509765625
2016-06-09 00:00:00+07:00,2070.139892578125,1143.3023681640625,1391.927490234375,1604.24169921875
2016-06-10 00:00:00+07:00,2058.19677734375,1137.79248046875,1391.927490234375,1600.8782958984375
2016-06-13 00:00:00+07:00,2034.3109130859375,1112.9979248046875,1358.1610107421875,1577.336181640625
2016-06-14 00:00:00+07:00,2046.253662109375,1099.2232666015625,1346.9056396484375,1567.2467041015625
2016-06-15 00:00:00+07:00,2058.19677734375,1107.4879150390625,1350.6573486328125,1590.78857421875
2016-06-16 00:00:00+07:00,2070.139892578125,1124.017822265625,1343.1539306640625,1570.6097412109375
2016-06-17 00:00:00+07:00,2054.216064453125,1129.5274658203125,1343.1539306640625,1567.2467041015625
2016-06-20 00:00:00+07:00,2042.2730712890625,1137.79248046875,1361.9129638671875,1587.425537109375
2016-06-21 00:00:00+07:00,2042.2730712890625,1146.057373046875,1350.6573486328125,1631.1470947265625
2016-06-22 00:00:00+07:00,2054.216064453125,1157.0770263671875,1350.6573486328125,1654.689453125
2016-06-23 00:00:00+07:00,2062.177490234375,1148.8123779296875,1361.9129638671875,1644.5997314453125
2016-06-24 00:00:00+07:00,2034.3109130859375,1135.0377197265625,1358.1610107421875,1644.5997314453125
2016-06-27 00:00:00+07:00,2038.2919921875,1126.7725830078125,1350.6573486328125,1627.783935546875
2016-06-28 00:00:00+07:00,2074.121337890625,1143.3023681640625,1418.1903076171875,1664.779052734375
2016-06-29 00:00:00+07:00,2117.91259765625,1176.36181640625,1440.7010498046875,1748.8590087890625
2016-06-30 00:00:00+07:00,2121.893798828125,1190.1363525390625,1429.445556640625,1748.8590087890625
2016-07-01 00:00:00+07:00,2105.969482421875,1184.626708984375,1410.6866455078125,1732.0426025390625
2016-07-11 00:00:00+07:00,2149.760986328125,1250.7452392578125,1455.7083740234375,1782.49072265625
2016-07-12 00:00:00+07:00,2189.5712890625,1267.2750244140625,1526.9931640625,1824.5306396484375
2016-07-13 00:00:00+07:00,2197.533203125,1272.7847900390625,1485.72314453125,1816.122314453125
2016-07-14 00:00:00+07:00,2205.4951171875,1253.5001220703125,1440.7010498046875,1782.49072265625
2016-07-15 00:00:00+07:00,2229.382080078125,1267.2750244140625,1451.9566650390625,1832.9383544921875
2016-07-18 00:00:00+07:00,2221.419921875,1264.520263671875,1451.9566650390625,1841.3465576171875
2016-07-19 00:00:00+07:00,2277.154052734375,1300.334228515625,1515.73779296875,1883.3863525390625
2016-07-20 00:00:00+07:00,2301.04052734375,1308.59912109375,1564.5115966796875,1900.2022705078125
2016-07-21 00:00:00+07:00,2316.964111328125,1267.2750244140625,1519.4896240234375,1874.978271484375
2016-07-22 00:00:00+07:00,2312.983154296875,1259.010009765625,1489.474853515625,1782.49072265625
2016-07-25 00:00:00+07:00,2309.002197265625,1250.7452392578125,1489.474853515625,1740.45068359375
2016-07-26 00:00:00+07:00,2285.1162109375,1272.7847900390625,1478.2196044921875,1757.2666015625
2016-07-27 00:00:00+07:00,2316.964111328125,1278.294677734375,1515.73779296875,1807.7142333984375
2016-07-28 00:00:00+07:00,2297.05908203125,1256.255126953125,1515.73779296875,1816.122314453125
2016-07-29 00:00:00+07:00,2301.04052734375,1270.030029296875,1515.73779296875,1799.306640625
2016-08-01 00:00:00+07:00,2368.71826171875,1292.0692138671875,1583.2706298828125,1858.1624755859375
2016-08-02 00:00:00+07:00,2388.623046875,1294.8243408203125,1598.2777099609375,1841.3465576171875
2016-08-03 00:00:00+07:00,2384.64208984375,1283.8046875,1564.5115966796875,1824.5306396484375
2016-08-04 00:00:00+07:00,2388.623046875,1300.334228515625,1583.2706298828125,1832.9383544921875
2016-08-05 00:00:00+07:00,2404.547119140625,1319.618896484375,1710.8326416015625,1900.2022705078125
2016-08-08 00:00:00+07:00,2404.547119140625,1338.9034423828125,1748.35107421875,1967.466064453125
2016-08-09 00:00:00+07:00,2388.623046875,1322.373779296875,1770.862060546875,1950.6500244140625
2016-08-10 00:00:00+07:00,2380.660888671875,1322.373779296875,1733.3433837890625,1917.018310546875
2016-08-11 00:00:00+07:00,2380.660888671875,1311.35400390625,1677.0660400390625,1891.79443359375
2016-08-12 00:00:00+07:00,2388.623046875,1316.8638916015625,1662.0589599609375,1891.79443359375
2016-08-15 00:00:00+07:00,2396.5849609375,1322.373779296875,1677.0660400390625,1900.2022705078125
2016-08-16 00:00:00+07:00,2408.5283203125,1333.393798828125,1699.5771484375,1950.6500244140625
2016-08-18 00:00:00+07:00,2420.4716796875,1333.393798828125,1714.584716796875,1975.8740234375
2016-08-19 00:00:00+07:00,2436.39501953125,1322.373779296875,1718.3363037109375,1967.466064453125
2016-08-22 00:00:00+07:00,2436.39501953125,1305.84423828125,1710.8326416015625,1942.2423095703125
2016-08-23 00:00:00+07:00,2432.41455078125,1272.7847900390625,1695.8251953125,1950.6500244140625
2016-08-24 00:00:00+07:00,2436.39501953125,1283.8046875,1703.328857421875,1959.05810546875
2016-08-25 00:00:00+07:00,2428.43359375,1305.84423828125,1710.8326416015625,1967.466064453125
2016-08-26 00:00:00+07:00,2420.4716796875,1294.8243408203125,1710.8326416015625,1959.05810546875
2016-08-29 00:00:00+07:00,2392.604248046875,1267.2750244140625,1677.0660400390625,1950.6500244140625
2016-08-30 00:00:00+07:00,2388.623046875,1270.030029296875,1692.073486328125,1959.05810546875
2016-08-31 00:00:00+07:00,2396.5849609375,1283.8046875,1684.5699462890625,1975.8740234375
2016-09-01 00:00:00+07:00,2388.623046875,1289.314453125,1662.0589599609375,1967.466064453125
2016-09-02 00:00:00+07:00,2388.623046875,1281.0496826171875,1677.0660400390625,1959.05810546875
2016-09-05 00:00:00+07:00,2388.623046875,1300.334228515625,1677.0660400390625,1959.05810546875
2016-09-06 00:00:00+07:00,2392.604248046875,1308.59912109375,1677.0660400390625,1967.466064453125
2016-09-07 00:00:00+07:00,2420.4716796875,1319.618896484375,1692.073486328125,1959.05810546875
2016-09-08 00:00:00+07:00,2416.490478515625,1319.618896484375,1680.818115234375,1950.6500244140625
2016-09-09 00:00:00+07:00,2396.5849609375,1294.8243408203125,1628.29248046875,1908.6103515625
2016-09-13 00:00:00+07:00,2392.604248046875,1286.5595703125,1602.02978515625,1891.79443359375
2016-09-14 00:00:00+07:00,2384.64208984375,1289.314453125,1590.7742919921875,1849.75439453125
2016-09-15 00:00:00+07:00,2404.547119140625,1319.618896484375,1647.051513671875,1858.1624755859375
2016-09-16 00:00:00+07:00,2404.547119140625,1314.10888671875,1662.0589599609375,1841.3465576171875
2016-09-19 00:00:00+07:00,2428.43359375,1305.84423828125,1684.5699462890625,1782.49072265625
2016-09-20 00:00:00+07:00,2404.547119140625,1322.373779296875,1710.8326416015625,1832.9383544921875
2016-09-21 00:00:00+07:00,2416.490478515625,1322.373779296875,1707.0810546875,1841.3465576171875
2016-09-22 00:00:00+07:00,2444.357177734375,1330.6385498046875,1748.35107421875,1874.978271484375
2016-09-23 00:00:00+07:00,2464.26318359375,1330.6385498046875,1725.8399658203125,1858.1624755859375
2016-09-26 00:00:00+07:00,2444.357177734375,1325.1287841796875,1748.35107421875,1858.1624755859375
2016-09-27 00:00:00+07:00,2547.86474609375,1333.393798828125,1763.3583984375,1883.3863525390625
2016-09-28 00:00:00+07:00,2456.30078125,1333.393798828125,1695.8251953125,1891.79443359375
2016-09-29 00:00:00+07:00,2504.07275390625,1347.1683349609375,1714.584716796875,1883.3863525390625
2016-09-30 00:00:00+07:00,2500.092041015625,1344.4134521484375,1680.818115234375,1866.570556640625
2016-10-03 00:00:00+07:00,2543.8837890625,1352.6781005859375,1692.073486328125,1891.79443359375
2016-10-04 00:00:00+07:00,2539.90283203125,1352.6781005859375,1680.818115234375,1874.978271484375
2016-10-05 00:00:00+07:00,2516.016357421875,1355.433349609375,1650.8037109375,1858.1624755859375
2016-10-06 00:00:00+07:00,2512.03515625,1366.452880859375,1643.299560546875,1816.122314453125
2016-10-07 00:00:00+07:00,2516.016357421875,1319.618896484375,1635.7962646484375,1782.49072265625
2016-10-10 00:00:00+07:00,2500.092041015625,1305.84423828125,1635.7962646484375,1782.49072265625
2016-10-11 00:00:00+07:00,2516.016357421875,1316.8638916015625,1628.29248046875,1748.8590087890625
2016-10-12 00:00:00+07:00,2484.167724609375,1322.373779296875,1650.8037109375,1740.45068359375
2016-10-13 00:00:00+07:00,2460.28173828125,1319.618896484375,1658.3072509765625,1807.7142333984375
2016-10-14 00:00:00+07:00,2516.016357421875,1347.1683349609375,1703.328857421875,1841.3465576171875
2016-10-17 00:00:00+07:00,2531.9404296875,1338.9034423828125,1707.0810546875,1849.75439453125
2016-10-18 00:00:00+07:00,2555.82666015625,1344.4134521484375,1710.8326416015625,1816.122314453125
2016-10-19 00:00:00+07:00,2543.8837890625,1338.9034423828125,1707.0810546875,1816.122314453125
2016-10-20 00:00:00+07:00,2508.05419921875,1336.148681640625,1695.8251953125,1832.9383544921875
2016-10-21 00:00:00+07:00,2516.016357421875,1347.1683349609375,1684.5699462890625,1824.5306396484375
2016-10-24 00:00:00+07:00,2496.11083984375,1344.4134521484375,1680.818115234375,1832.9383544921875
2016-10-25 00:00:00+07:00,2468.24365234375,1338.9034423828125,1677.0660400390625,1841.3465576171875
2016-10-26 00:00:00+07:00,2468.24365234375,1330.6385498046875,1662.0589599609375,1832.9383544921875
2016-10-27 00:00:00+07:00,2472.224853515625,1344.4134521484375,1699.5771484375,1858.1624755859375
2016-10-28 00:00:00+07:00,2484.167724609375,1344.4134521484375,1707.0810546875,1858.1624755859375
2016-10-31 00:00:00+07:00,2472.224853515625,1344.4134521484375,1722.0882568359375,1874.978271484375
2016-11-01 00:00:00+07:00,2460.28173828125,1347.1683349609375,1714.584716796875,1858.1624755859375
2016-11-02 00:00:00+07:00,2464.26318359375,1366.452880859375,1725.8399658203125,1858.1624755859375
2016-11-03 00:00:00+07:00,2456.30078125,1358.188232421875,1673.3143310546875,1841.3465576171875
2016-11-04 00:00:00+07:00,2468.24365234375,1366.452880859375,1665.810791015625,1883.3863525390625
2016-11-07 00:00:00+07:00,2452.31982421875,1371.9627685546875,1707.0810546875,1874.978271484375
2016-11-08 00:00:00+07:00,2468.24365234375,1418.796875,1737.0953369140625,1925.42626953125
2016-11-09 00:00:00+07:00,2436.39501953125,1388.492431640625,1703.328857421875,1874.978271484375
2016-11-10 00:00:00+07:00,2424.452392578125,1399.5120849609375,1714.584716796875,1874.978271484375
2016-11-11 00:00:00+07:00,2336.869384765625,1319.618896484375,1628.29248046875,1732.0426025390625
2016-11-14 00:00:00+07:00,2289.097412109375,1225.9508056640625,1549.5040283203125,1723.634521484375
2016-11-15 00:00:00+07:00,2316.964111328125,1214.93115234375,1583.2706298828125,1681.5948486328125
2016-11-16 00:00:00+07:00,2344.831298828125,1267.2750244140625,1624.540771484375,1757.2666015625
2016-11-17 00:00:00+07:00,2348.812255859375,1267.2750244140625,1635.7962646484375,1757.2666015625
2016-11-18 00:00:00+07:00,2344.831298828125,1267.2750244140625,1639.548095703125,1757.2666015625
2016-11-21 00:00:00+07:00,2344.831298828125,1261.764892578125,1605.78173828125,1748.8590087890625
2016-11-22 00:00:00+07:00,2332.888427734375,1264.520263671875,1639.548095703125,1765.6746826171875
2016-11-23 00:00:00+07:00,2340.8505859375,1267.2750244140625,1635.7962646484375,1723.634521484375
2016-11-24 00:00:00+07:00,2316.964111328125,1245.2353515625,1515.73779296875,1681.5948486328125
2016-11-25 00:00:00+07:00,2312.983154296875,1203.9112548828125,1523.241455078125,1690.0029296875
2016-11-28 00:00:00+07:00,2289.097412109375,1154.3221435546875,1523.241455078125,1706.81884765625
2016-11-29 00:00:00+07:00,2285.1162109375,1162.5869140625,1549.5040283203125,1715.2269287109375
2016-11-30 00:00:00+07:00,2277.154052734375,1201.1561279296875,1575.7667236328125,1740.45068359375
2016-12-01 00:00:00+07:00,2320.3603515625,1217.6859130859375,1575.7667236328125,1774.0826416015625
2016-12-02 00:00:00+07:00,2348.36474609375,1245.2353515625,1605.78173828125,1782.49072265625
2016-12-05 00:00:00+07:00,2344.364501953125,1225.9508056640625,1598.2777099609375,1790.8985595703125
2016-12-06 00:00:00+07:00,2348.36474609375,1247.990234375,1598.2777099609375,1807.7142333984375
2016-12-07 00:00:00+07:00,2344.364501953125,1259.010009765625,1605.78173828125,1799.306640625
2016-12-08 00:00:00+07:00,2352.365478515625,1267.2750244140625,1643.299560546875,1824.5306396484375
2016-12-09 00:00:00+07:00,2352.365478515625,1264.520263671875,1647.051513671875,1841.3465576171875
2016-12-13 00:00:00+07:00,2352.365478515625,1292.0692138671875,1624.540771484375,1841.3465576171875
2016-12-14 00:00:00+07:00,2360.36669921875,1267.2750244140625,1632.0440673828125,1841.3465576171875
2016-12-15 00:00:00+07:00,2364.36767578125,1256.255126953125,1620.7889404296875,1816.122314453125
2016-12-16 00:00:00+07:00,2368.367919921875,1242.48046875,1613.285400390625,1799.306640625
2016-12-19 00:00:00+07:00,2356.365966796875,1239.7257080078125,1624.540771484375,1824.5306396484375
2016-12-20 00:00:00+07:00,2364.36767578125,1236.970458984375,1620.7889404296875,1816.122314453125
2016-12-21 00:00:00+07:00,2348.36474609375,1212.176025390625,1613.285400390625,1799.306640625
2016-12-22 00:00:00+07:00,2328.362060546875,1198.401123046875,1613.285400390625,1782.49072265625
2016-12-23 00:00:00+07:00,2312.359375,1198.401123046875,1617.036865234375,1765.6746826171875
2016-12-27 00:00:00+07:00,2368.367919921875,1212.176025390625,1620.7889404296875,1765.6746826171875
2016-12-28 00:00:00+07:00,2356.365966796875,1253.5001220703125,1673.3143310546875,1807.7142333984375
2016-12-29 00:00:00+07:00,2456.3818359375,1283.8046875,1737.0953369140625,1841.3465576171875
2016-12-30 00:00:00+07:00,2480.385498046875,1286.5595703125,1737.0953369140625,1858.1624755859375
2017-01-02 00:00:00+07:00,2480.385498046875,1286.5595703125,1737.0953369140625,1858.1624755859375
2017-01-03 00:00:00+07:00,2524.392333984375,1311.35400390625,1695.8251953125,1841.3465576171875
2017-01-04 00:00:00+07:00,2512.390380859375,1344.4134521484375,1703.328857421875,1883.3863525390625
2017-01-05 00:00:00+07:00,2508.389892578125,1333.393798828125,1688.3216552734375,1891.79443359375
2017-01-06 00:00:00+07:00,2496.38818359375,1333.393798828125,1707.0810546875,1883.3863525390625
2017-01-09 00:00:00+07:00,2456.3818359375,1294.8243408203125,1692.073486328125,1866.570556640625
2017-01-10 00:00:00+07:00,2464.383056640625,1300.334228515625,1710.8326416015625,1883.3863525390625
2017-01-11 00:00:00+07:00,2448.380126953125,1300.334228515625,1707.0810546875,1883.3863525390625
2017-01-12 00:00:00+07:00,2452.381103515625,1308.59912109375,1695.8251953125,1866.570556640625
2017-01-13 00:00:00+07:00,2444.380126953125,1316.8638916015625,1665.810791015625,1841.3465576171875
2017-01-16 00:00:00+07:00,2428.3779296875,1311.35400390625,1639.548095703125,1841.3465576171875
2017-01-17 00:00:00+07:00,2428.3779296875,1314.10888671875,1639.548095703125,1858.1624755859375
2017-01-18 00:00:00+07:00,2448.380126953125,1316.8638916015625,1658.3072509765625,1874.978271484375
2017-01-19 00:00:00+07:00,2460.3828125,1322.373779296875,1658.3072509765625,1832.9383544921875
2017-01-20 00:00:00+07:00,2440.37939453125,1300.334228515625,1650.8037109375,1832.9383544921875
2017-01-23 00:00:00+07:00,2408.3740234375,1300.334228515625,1647.051513671875,1858.1624755859375
2017-01-24 00:00:00+07:00,2408.3740234375,1303.08935546875,1650.8037109375,1866.570556640625
2017-01-25 00:00:00+07:00,2392.371826171875,1289.314453125,1650.8037109375,1849.75439453125
2017-01-26 00:00:00+07:00,2448.380126953125,1294.8243408203125,1635.7962646484375,1883.3863525390625
2017-01-27 00:00:00+07:00,2464.383056640625,1292.0692138671875,1647.051513671875,1933.8338623046875
2017-01-30 00:00:00+07:00,2472.384521484375,1294.8243408203125,1654.5552978515625,1925.42626953125
2017-01-31 00:00:00+07:00,2448.380126953125,1292.0692138671875,1635.7962646484375,1917.018310546875
2017-02-01 00:00:00+07:00,2468.384033203125,1316.8638916015625,1647.051513671875,2001.097900390625
2017-02-02 00:00:00+07:00,2472.384521484375,1319.618896484375,1650.8037109375,2026.322021484375
2017-02-03 00:00:00+07:00,2476.38525390625,1322.373779296875,1662.0589599609375,2009.506103515625
2017-02-06 00:00:00+07:00,2496.38818359375,1327.8839111328125,1707.0810546875,2026.322021484375
2017-02-07 00:00:00+07:00,2500.388671875,1325.1287841796875,1710.8326416015625,2051.545654296875
2017-02-08 00:00:00+07:00,2496.38818359375,1316.8638916015625,1684.5699462890625,2059.95361328125
2017-02-09 00:00:00+07:00,2500.388671875,1319.618896484375,1722.0882568359375,2085.177734375
2017-02-10 00:00:00+07:00,2400.372802734375,1325.1287841796875,1710.8326416015625,2101.993896484375
2017-02-13 00:00:00+07:00,2484.38623046875,1330.6385498046875,1718.3363037109375,2118.8095703125
2017-02-14 00:00:00+07:00,2480.385498046875,1322.373779296875,1714.584716796875,2118.8095703125
2017-02-15 00:00:00+07:00,2480.385498046875,1322.373779296875,1714.584716796875,2118.8095703125
2017-02-16 00:00:00+07:00,2480.385498046875,1322.373779296875,1680.818115234375,2085.177734375
2017-02-17 00:00:00+07:00,2476.38525390625,1289.314453125,1662.0589599609375,2118.8095703125
2017-02-20 00:00:00+07:00,2472.384521484375,1294.8243408203125,1692.073486328125,2110.401611328125
2017-02-21 00:00:00+07:00,2480.385498046875,1311.35400390625,1673.3143310546875,2110.401611328125
2017-02-22 00:00:00+07:00,2480.385498046875,1322.373779296875,1695.8251953125,2110.401611328125
2017-02-23 00:00:00+07:00,2480.385498046875,1314.10888671875,1673.3143310546875,2127.217529296875
2017-02-24 00:00:00+07:00,2480.385498046875,1316.8638916015625,1665.810791015625,2135.62548828125
2017-02-27 00:00:00+07:00,2480.385498046875,1308.59912109375,1677.0660400390625,2076.77001953125
2017-02-28 00:00:00+07:00,2472.384521484375,1316.8638916015625,1695.8251953125,2101.993896484375
2017-03-01 00:00:00+07:00,2480.385498046875,1316.8638916015625,1703.328857421875,2093.585693359375
2017-03-02 00:00:00+07:00,2480.385498046875,1305.84423828125,1699.5771484375,2093.585693359375
2017-03-03 00:00:00+07:00,2476.38525390625,1305.84423828125,1703.328857421875,2135.62548828125
2017-03-06 00:00:00+07:00,2476.38525390625,1316.8638916015625,1695.8251953125,2118.8095703125
2017-03-07 00:00:00+07:00,2472.384521484375,1322.373779296875,1699.5771484375,2118.8095703125
2017-03-08 00:00:00+07:00,2480.385498046875,1322.373779296875,1699.5771484375,2110.401611328125
2017-03-09 00:00:00+07:00,2500.388671875,1330.6385498046875,1707.0810546875,2152.441650390625
2017-03-10 00:00:00+07:00,2500.388671875,1330.6385498046875,1710.8326416015625,2118.8095703125
2017-03-13 00:00:00+07:00,2488.38671875,1330.6385498046875,1710.8326416015625,2135.62548828125
2017-03-14 00:00:00+07:00,2508.389892578125,1327.8839111328125,1714.584716796875,2144.033203125
2017-03-15 00:00:00+07:00,2504.38916015625,1338.9034423828125,1718.3363037109375,2152.441650390625
2017-03-16 00:00:00+07:00,2540.395263671875,1380.227783203125,1737.0953369140625,2219.705322265625
2017-03-17 00:00:00+07:00,2552.397216796875,1432.5716552734375,1744.5989990234375,2253.337158203125
2017-03-20 00:00:00+07:00,2572.399658203125,1432.5716552734375,1767.1099853515625,2219.705322265625
2017-03-21 00:00:00+07:00,2600.404296875,1432.5716552734375,1770.862060546875,2211.29736328125
2017-03-22 00:00:00+07:00,2612.406005859375,1454.611083984375,1807.9056396484375,2219.705322265625
2017-03-23 00:00:00+07:00,2656.412841796875,1497.7327880859375,1827.097900390625,2320.60107421875
2017-03-24 00:00:00+07:00,2648.41162109375,1497.7327880859375,1827.097900390625,2359.747314453125
2017-03-27 00:00:00+07:00,2648.41162109375,1455.0218505859375,1796.390380859375,2264.31689453125
2017-03-29 00:00:00+07:00,2672.41552734375,1460.7164306640625,1807.9056396484375,2290.34326171875
2017-03-30 00:00:00+07:00,2692.418701171875,1474.95361328125,1807.9056396484375,2212.26318359375
2017-03-31 00:00:00+07:00,2648.41162109375,1477.8009033203125,1796.390380859375,2246.96533203125
2017-04-03 00:00:00+07:00,2652.41259765625,1483.495849609375,1804.067626953125,2238.2900390625
2017-04-04 00:00:00+07:00,2680.41650390625,1483.495849609375,1804.067626953125,2272.991943359375
2017-04-05 00:00:00+07:00,2680.41650390625,1483.495849609375,1804.067626953125,2281.66748046875
2017-04-06 00:00:00+07:00,2772.43115234375,1500.5802001953125,1907.7054443359375,2325.045166015625
2017-04-07 00:00:00+07:00,2776.431640625,1486.3433837890625,1873.1593017578125,2246.96533203125
2017-04-10 00:00:00+07:00,2776.431640625,1492.0382080078125,1850.1285400390625,2238.2900390625
2017-04-11 00:00:00+07:00,2792.43408203125,1469.2586669921875,1804.067626953125,2212.26318359375
2017-04-12 00:00:00+07:00,2824.439453125,1455.0218505859375,1796.390380859375,2212.26318359375
2017-04-13 00:00:00+07:00,2776.431640625,1446.4794921875,1788.713623046875,2177.56103515625
2017-04-17 00:00:00+07:00,2728.867431640625,1415.1583251953125,1784.8751220703125,2168.885498046875
2017-04-18 00:00:00+07:00,2728.867431640625,1466.4114990234375,1804.067626953125,2203.587890625
2017-04-19 00:00:00+07:00,2728.867431640625,1466.4114990234375,1804.067626953125,2203.587890625
2017-04-20 00:00:00+07:00,2793.361328125,1452.17431640625,1769.5213623046875,2168.885498046875
2017-04-21 00:00:00+07:00,2817.545654296875,1472.106201171875,1750.3291015625,2134.183349609375
2017-04-25 00:00:00+07:00,2805.45361328125,1494.8853759765625,1773.3597412109375,2151.534423828125
2017-04-26 00:00:00+07:00,2902.19384765625,1506.2750244140625,1815.582763671875,2220.938720703125
2017-04-27 00:00:00+07:00,2825.607177734375,1480.6483154296875,1800.2288818359375,2212.26318359375
2017-04-28 00:00:00+07:00,2861.88525390625,1469.2586669921875,1796.390380859375,2212.26318359375
2017-05-02 00:00:00+07:00,2886.069580078125,1486.3433837890625,1792.552001953125,2229.614013671875
2017-05-03 00:00:00+07:00,2861.88525390625,1503.427490234375,1777.1981201171875,2220.938720703125
2017-05-04 00:00:00+07:00,2873.9775390625,1586.0023193359375,1796.390380859375,2299.01904296875
2017-05-05 00:00:00+07:00,2865.916015625,1586.0023193359375,1838.61328125,2281.66748046875
2017-05-08 00:00:00+07:00,2894.131591796875,1605.933837890625,1850.1285400390625,2333.720947265625
2017-05-09 00:00:00+07:00,2902.19384765625,1594.5445556640625,1842.45166015625,2307.69384765625
2017-05-10 00:00:00+07:00,2890.10107421875,1591.6971435546875,1846.2901611328125,2281.66748046875
2017-05-12 00:00:00+07:00,2902.19384765625,1597.3919677734375,1842.45166015625,2316.36962890625
2017-05-15 00:00:00+07:00,2942.501708984375,1628.7135009765625,1861.6439208984375,2264.31689453125
2017-05-16 00:00:00+07:00,2805.45361328125,1597.3919677734375,1838.61328125,2272.991943359375
2017-05-17 00:00:00+07:00,2732.8984375,1605.933837890625,1842.45166015625,2255.640869140625
2017-05-18 00:00:00+07:00,2805.45361328125,1605.933837890625,1865.4825439453125,2264.31689453125
2017-05-19 00:00:00+07:00,2886.069580078125,1651.492431640625,1980.6357421875,2325.045166015625
2017-05-22 00:00:00+07:00,2845.76171875,1665.7293701171875,1923.0589599609375,2368.423095703125
2017-05-23 00:00:00+07:00,2853.823974609375,1648.6451416015625,1880.8359375,2281.66748046875
2017-05-24 00:00:00+07:00,2817.545654296875,1611.6290283203125,1903.8668212890625,2264.31689453125
2017-05-26 00:00:00+07:00,2833.66943359375,1620.171142578125,1865.4825439453125,2246.96533203125
2017-05-29 00:00:00+07:00,2865.916015625,1617.3238525390625,1896.1898193359375,2264.31689453125
2017-05-30 00:00:00+07:00,2837.7001953125,1617.3238525390625,1907.7054443359375,2264.31689453125
2017-05-31 00:00:00+07:00,2765.145263671875,1648.6451416015625,1934.574462890625,2272.991943359375
2017-06-01 00:00:00+07:00,2765.145263671875,1648.6451416015625,1934.574462890625,2272.991943359375
2017-06-02 00:00:00+07:00,2829.63818359375,1679.966552734375,1934.574462890625,2238.2900390625
2017-06-05 00:00:00+07:00,2857.85400390625,1711.2877197265625,1946.0897216796875,2246.96533203125
2017-06-06 00:00:00+07:00,2829.63818359375,1671.42431640625,1919.2205810546875,2255.640869140625
2017-06-07 00:00:00+07:00,2869.947021484375,1699.8980712890625,1903.8668212890625,2246.96533203125
2017-06-08 00:00:00+07:00,2890.10107421875,1668.5771484375,1892.3514404296875,2238.2900390625
2017-06-09 00:00:00+07:00,2853.823974609375,1637.2554931640625,1876.9979248046875,2220.938720703125
2017-06-12 00:00:00+07:00,2861.88525390625,1665.7293701171875,1876.9979248046875,2238.2900390625
2017-06-13 00:00:00+07:00,2882.0390625,1648.6451416015625,1880.8359375,2238.2900390625
2017-06-14 00:00:00+07:00,2898.162353515625,1691.3560791015625,1919.2205810546875,2255.640869140625
2017-06-15 00:00:00+07:00,2910.255126953125,1671.42431640625,1919.2205810546875,2281.66748046875
2017-06-16 00:00:00+07:00,2869.947021484375,1671.42431640625,1915.382080078125,2255.640869140625
2017-06-19 00:00:00+07:00,2890.10107421875,1685.6614990234375,1915.382080078125,2272.991943359375
2017-06-20 00:00:00+07:00,2918.31640625,1705.5931396484375,1923.0589599609375,2325.045166015625
2017-06-21 00:00:00+07:00,2934.440185546875,1742.6094970703125,1949.9281005859375,2299.01904296875
2017-06-22 00:00:00+07:00,2926.378173828125,1736.91455078125,1957.60498046875,2290.34326171875
2017-06-23 00:00:00+07:00,2926.378173828125,1736.91455078125,1957.60498046875,2290.34326171875
2017-06-26 00:00:00+07:00,2926.378173828125,1736.91455078125,1957.60498046875,2290.34326171875
2017-06-27 00:00:00+07:00,2926.378173828125,1736.91455078125,1957.60498046875,2290.34326171875
2017-06-28 00:00:00+07:00,2926.378173828125,1736.91455078125,1957.60498046875,2290.34326171875
2017-06-29 00:00:00+07:00,2926.378173828125,1736.91455078125,1957.60498046875,2290.34326171875
2017-06-30 00:00:00+07:00,2926.378173828125,1736.91455078125,1957.60498046875,2290.34326171875
2017-07-03 00:00:00+07:00,2982.810302734375,1765.387939453125,2072.75830078125,2290.34326171875
2017-07-04 00:00:00+07:00,2990.87158203125,1742.6094970703125,2072.75830078125,2281.66748046875
2017-07-05 00:00:00+07:00,2958.625,1731.2196044921875,2045.888916015625,2307.69384765625
2017-07-06 00:00:00+07:00,2938.470703125,1714.135009765625,2045.888916015625,2351.072021484375
2017-07-07 00:00:00+07:00,2982.810302734375,1714.135009765625,2034.373779296875,2333.720947265625
2017-07-10 00:00:00+07:00,2950.5634765625,1677.1192626953125,2011.34326171875,2377.0986328125
2017-07-11 00:00:00+07:00,2954.593994140625,1665.7293701171875,1992.15087890625,2394.449462890625
2017-07-12 00:00:00+07:00,2970.717529296875,1688.5086669921875,2030.5355224609375,2429.15185546875
2017-07-13 00:00:00+07:00,2982.810302734375,1697.0509033203125,2057.40478515625,2437.827392578125
2017-07-14 00:00:00+07:00,2966.686279296875,1685.6614990234375,2080.43505859375,2463.85400390625
2017-07-17 00:00:00+07:00,2950.5634765625,1708.440185546875,2084.273681640625,2437.827392578125
2017-07-18 00:00:00+07:00,2958.625,1697.0509033203125,2076.5966796875,2429.15185546875
2017-07-19 00:00:00+07:00,2978.77880859375,1677.1192626953125,2045.888916015625,2429.15185546875
2017-07-20 00:00:00+07:00,2974.748291015625,1677.1192626953125,2072.75830078125,2411.801025390625
2017-07-21 00:00:00+07:00,2938.470703125,1671.42431640625,2003.66650390625,2411.801025390625
2017-07-24 00:00:00+07:00,2994.902099609375,1671.42431640625,2038.2122802734375,2446.50244140625
2017-07-25 00:00:00+07:00,2994.902099609375,1685.6614990234375,2049.7275390625,2463.85400390625
2017-07-26 00:00:00+07:00,3027.148193359375,1682.81396484375,2049.7275390625,2481.204833984375
2017-07-27 00:00:00+07:00,3031.179931640625,1674.2716064453125,2053.56591796875,2533.258544921875
2017-07-28 00:00:00+07:00,3031.179931640625,1651.492431640625,2053.56591796875,2550.609619140625
2017-07-31 00:00:00+07:00,3015.055908203125,1682.81396484375,2095.788818359375,2585.311767578125
2017-08-01 00:00:00+07:00,3051.333984375,1685.6614990234375,2057.40478515625,2515.9072265625
2017-08-02 00:00:00+07:00,3051.333984375,1702.745361328125,2038.2122802734375,2524.58251953125
2017-08-03 00:00:00+07:00,3023.1181640625,1691.3560791015625,2015.1817626953125,2489.880615234375
2017-08-04 00:00:00+07:00,2994.902099609375,1699.8980712890625,2007.5047607421875,2524.58251953125
2017-08-07 00:00:00+07:00,3002.96337890625,1697.0509033203125,2022.8585205078125,2489.880615234375
2017-08-08 00:00:00+07:00,3063.42578125,1702.745361328125,2061.242919921875,2507.231689453125
2017-08-09 00:00:00+07:00,3059.395263671875,1711.2877197265625,2057.40478515625,2524.58251953125
2017-08-10 00:00:00+07:00,3035.210693359375,1708.440185546875,2045.888916015625,2524.58251953125
2017-08-11 00:00:00+07:00,3011.025146484375,1708.440185546875,2026.697021484375,2524.58251953125
2017-08-14 00:00:00+07:00,3023.1181640625,1716.9822998046875,2034.373779296875,2533.258544921875
2017-08-15 00:00:00+07:00,3011.025146484375,1714.135009765625,2042.05078125,2567.96044921875
2017-08-16 00:00:00+07:00,3047.302978515625,1736.91455078125,2045.888916015625,2567.96044921875
2017-08-17 00:00:00+07:00,3047.302978515625,1736.91455078125,2045.888916015625,2567.96044921875
2017-08-18 00:00:00+07:00,3015.055908203125,1725.52490234375,2011.34326171875,2567.96044921875
2017-08-21 00:00:00+07:00,3031.179931640625,1739.761962890625,2026.697021484375,2567.96044921875
2017-08-22 00:00:00+07:00,3031.179931640625,1742.6094970703125,2034.373779296875,2567.96044921875
2017-08-23 00:00:00+07:00,3087.611328125,1742.6094970703125,2038.2122802734375,2567.96044921875
2017-08-24 00:00:00+07:00,3055.36474609375,1734.0672607421875,2026.697021484375,2576.635986328125
2017-08-25 00:00:00+07:00,3079.549072265625,1742.6094970703125,2022.8585205078125,2576.635986328125
2017-08-28 00:00:00+07:00,3075.517822265625,1734.0672607421875,2030.5355224609375,2559.28466796875
2017-08-29 00:00:00+07:00,3075.517822265625,1705.5931396484375,2011.34326171875,2550.609619140625
2017-08-30 00:00:00+07:00,3079.549072265625,1716.9822998046875,2011.34326171875,2550.609619140625
2017-08-31 00:00:00+07:00,3055.36474609375,1722.6773681640625,2011.34326171875,2550.609619140625
2017-09-01 00:00:00+07:00,3055.36474609375,1722.6773681640625,2011.34326171875,2550.609619140625
2017-09-04 00:00:00+07:00,3043.27197265625,1694.20361328125,2003.66650390625,2498.55615234375
2017-09-05 00:00:00+07:00,3063.42578125,1708.440185546875,2007.5047607421875,2507.231689453125
2017-09-06 00:00:00+07:00,3047.302978515625,1691.3560791015625,1988.3123779296875,2498.55615234375
2017-09-07 00:00:00+07:00,3055.36474609375,1708.440185546875,1999.82763671875,2533.258544921875
2017-09-08 00:00:00+07:00,3039.240966796875,1708.440185546875,2038.2122802734375,2507.231689453125
2017-09-11 00:00:00+07:00,3047.302978515625,1702.745361328125,2026.697021484375,2507.231689453125
2017-09-12 00:00:00+07:00,3067.456787109375,1699.8980712890625,2026.697021484375,2515.9072265625
2017-09-13 00:00:00+07:00,3071.48828125,1697.0509033203125,2019.02001953125,2515.9072265625
2017-09-14 00:00:00+07:00,3079.549072265625,1688.5086669921875,2011.34326171875,2515.9072265625
2017-09-15 00:00:00+07:00,3043.27197265625,1691.3560791015625,2034.373779296875,2524.58251953125
2017-09-18 00:00:00+07:00,3059.395263671875,1708.440185546875,2019.02001953125,2515.9072265625
2017-09-19 00:00:00+07:00,3075.517822265625,1711.2877197265625,2026.697021484375,2550.609619140625
2017-09-20 00:00:00+07:00,3071.48828125,1711.2877197265625,2026.697021484375,2559.28466796875
2017-09-21 00:00:00+07:00,3071.48828125,1711.2877197265625,2026.697021484375,2559.28466796875
2017-09-22 00:00:00+07:00,3204.505126953125,1785.3203125,2026.697021484375,2593.987060546875
2017-09-25 00:00:00+07:00,3172.2587890625,1785.3203125,2019.02001953125,2602.662841796875
2017-09-26 00:00:00+07:00,3168.2275390625,1771.083251953125,2011.34326171875,2567.96044921875
2017-09-27 00:00:00+07:00,3184.350830078125,1736.91455078125,2026.697021484375,2524.58251953125
2017-09-28 00:00:00+07:00,3196.443603515625,1674.2716064453125,2019.02001953125,2533.258544921875
2017-09-29 00:00:00+07:00,3273.02880859375,1739.761962890625,2065.081298828125,2567.96044921875
2017-10-02 00:00:00+07:00,3277.060302734375,1736.91455078125,2057.40478515625,2593.987060546875
2017-10-03 00:00:00+07:00,3281.0908203125,1745.45654296875,2057.40478515625,2654.7158203125
2017-10-04 00:00:00+07:00,3277.060302734375,1739.761962890625,2042.05078125,2646.040283203125
2017-10-05 00:00:00+07:00,3268.997802734375,1745.45654296875,2026.697021484375,2602.662841796875
2017-10-06 00:00:00+07:00,3297.2138671875,1751.1513671875,2026.697021484375,2576.635986328125
2017-10-09 00:00:00+07:00,3281.0908203125,1751.1513671875,2026.697021484375,2559.28466796875
2017-10-10 00:00:00+07:00,3285.121826171875,1739.761962890625,2057.40478515625,2533.258544921875
2017-10-11 00:00:00+07:00,3285.121826171875,1739.761962890625,2065.081298828125,2533.258544921875
2017-10-12 00:00:00+07:00,3353.645751953125,1751.1513671875,2095.788818359375,2602.662841796875
2017-10-13 00:00:00+07:00,3333.4912109375,1748.30419921875,2080.43505859375,2646.040283203125
2017-10-16 00:00:00+07:00,3341.55322265625,1748.30419921875,2126.49609375,2611.338134765625
2017-10-17 00:00:00+07:00,3305.275634765625,1753.998779296875,2157.20361328125,2620.013671875
2017-10-18 00:00:00+07:00,3256.905517578125,1753.998779296875,2172.5576171875,2654.7158203125
2017-10-19 00:00:00+07:00,3277.060302734375,1765.387939453125,2141.850341796875,2663.391357421875
2017-10-20 00:00:00+07:00,3281.0908203125,1779.6253662109375,2180.234619140625,2654.7158203125
2017-10-23 00:00:00+07:00,3385.891845703125,1779.6253662109375,2134.173095703125,2620.013671875
2017-10-24 00:00:00+07:00,3321.39892578125,1762.5411376953125,2095.788818359375,2620.013671875
2017-10-25 00:00:00+07:00,3393.953857421875,1776.7779541015625,2149.52685546875,2637.364990234375
2017-10-26 00:00:00+07:00,3349.614501953125,1779.6253662109375,2157.20361328125,2637.364990234375
2017-10-27 00:00:00+07:00,3273.02880859375,1776.7779541015625,2134.173095703125,2672.06689453125
2017-10-30 00:00:00+07:00,3293.18310546875,1771.083251953125,2172.5576171875,2637.364990234375
2017-10-31 00:00:00+07:00,3369.7685546875,1776.7779541015625,2164.880859375,2637.364990234375
2017-11-01 00:00:00+07:00,3438.29296875,1788.1676025390625,2180.234619140625,2750.14697265625
2017-11-02 00:00:00+07:00,3462.4775390625,1816.6417236328125,2233.972900390625,2715.44482421875
2017-11-03 00:00:00+07:00,3389.92333984375,1822.33642578125,2226.296142578125,2689.417724609375
2017-11-06 00:00:00+07:00,3385.891845703125,1850.810302734375,2218.619140625,2672.06689453125
2017-11-07 00:00:00+07:00,3393.953857421875,1845.1153564453125,2187.911376953125,2758.822509765625
2017-11-08 00:00:00+07:00,3353.645751953125,1873.58935546875,2203.265380859375,2732.7958984375
2017-11-09 00:00:00+07:00,3353.645751953125,1873.58935546875,2172.5576171875,2767.498291015625
2017-11-10 00:00:00+07:00,3329.460693359375,1867.8946533203125,2164.880859375,2767.498291015625
2017-11-13 00:00:00+07:00,3301.244873046875,1856.5052490234375,2164.880859375,2724.120361328125
2017-11-14 00:00:00+07:00,3301.244873046875,1805.2520751953125,2134.173095703125,2732.7958984375
2017-11-15 00:00:00+07:00,3389.92333984375,1788.1676025390625,2141.850341796875,2663.391357421875
2017-11-16 00:00:00+07:00,3389.92333984375,1828.0313720703125,2180.234619140625,2732.7958984375
2017-11-17 00:00:00+07:00,3414.107421875,1873.58935546875,2249.326416015625,2836.90234375
2017-11-20 00:00:00+07:00,3389.92333984375,1902.0638427734375,2280.033935546875,2767.498291015625
2017-11-21 00:00:00+07:00,3406.046875,1867.8946533203125,2272.35693359375,2750.14697265625
2017-11-22 00:00:00+07:00,3414.107421875,1936.2325439453125,2264.68017578125,2862.9287109375
2017-11-23 00:00:00+07:00,3385.891845703125,1913.4532470703125,2287.7109375,2854.25341796875
2017-11-24 00:00:00+07:00,3385.891845703125,1907.75830078125,2287.7109375,2854.25341796875
2017-11-27 00:00:00+07:00,3434.26220703125,1879.2845458984375,2280.033935546875,2828.2265625
2017-11-28 00:00:00+07:00,3434.26220703125,1924.8431396484375,2280.033935546875,2914.98193359375
2017-11-29 00:00:00+07:00,3426.978759765625,1879.2845458984375,2272.35693359375,2914.98193359375
2017-11-30 00:00:00+07:00,3293.460693359375,1828.0313720703125,2272.35693359375,2810.87548828125
2017-12-01 00:00:00+07:00,3293.460693359375,1828.0313720703125,2272.35693359375,2810.87548828125
2017-12-04 00:00:00+07:00,3366.2890625,1879.2845458984375,2287.7109375,2854.25341796875
2017-12-05 00:00:00+07:00,3398.65673828125,1907.75830078125,2295.387451171875,2932.333251953125
2017-12-06 00:00:00+07:00,3447.209716796875,1970.4010009765625,2295.387451171875,2958.35986328125
2017-12-07 00:00:00+07:00,3394.61083984375,1924.8431396484375,2257.003173828125,2958.35986328125
2017-12-08 00:00:00+07:00,3418.887939453125,1919.1483154296875,2295.387451171875,3071.141845703125
2017-12-11 00:00:00+07:00,3410.794677734375,1959.0115966796875,2295.387451171875,3088.49267578125
2017-12-12 00:00:00+07:00,3439.117431640625,1964.7061767578125,2287.7109375,3053.791015625
2017-12-13 00:00:00+07:00,3386.51904296875,1964.7061767578125,2295.387451171875,3157.8974609375
2017-12-14 00:00:00+07:00,3414.84130859375,1970.4010009765625,2295.387451171875,3201.27490234375
2017-12-15 00:00:00+07:00,3414.84130859375,1930.53759765625,2280.033935546875,3253.328369140625
2017-12-18 00:00:00+07:00,3414.84130859375,1930.53759765625,2303.064453125,3227.3017578125
2017-12-19 00:00:00+07:00,3414.84130859375,1959.0115966796875,2295.387451171875,3305.3818359375
2017-12-20 00:00:00+07:00,3386.51904296875,1936.2325439453125,2287.7109375,3305.3818359375
2017-12-21 00:00:00+07:00,3414.84130859375,1947.6220703125,2341.44921875,3418.163330078125
2017-12-22 00:00:00+07:00,3479.576904296875,1970.4010009765625,2356.802978515625,3418.163330078125
2017-12-25 00:00:00+07:00,3479.576904296875,1970.4010009765625,2356.802978515625,3418.163330078125
2017-12-26 00:00:00+07:00,3479.576904296875,1970.4010009765625,2356.802978515625,3418.163330078125
2017-12-27 00:00:00+07:00,3483.623779296875,2021.6544189453125,2456.60205078125,3435.51513671875
2017-12-28 00:00:00+07:00,3548.35986328125,2067.213134765625,2441.248291015625,3444.190673828125
2017-12-29 00:00:00+07:00,3544.313720703125,2072.90771484375,2456.60205078125,3435.51513671875
2018-01-01 00:00:00+07:00,3544.313720703125,2072.90771484375,2456.60205078125,3435.51513671875
2018-01-02 00:00:00+07:00,3544.313720703125,2067.213134765625,2410.541015625,3392.136962890625
2018-01-03 00:00:00+07:00,3544.313720703125,2055.823486328125,2364.479736328125,3270.67919921875
2018-01-04 00:00:00+07:00,3596.912109375,2021.6544189453125,2402.8642578125,3262.00390625
2018-01-05 00:00:00+07:00,3600.9580078125,2044.4339599609375,2402.8642578125,3227.3017578125
2018-01-08 00:00:00+07:00,3617.1416015625,2044.4339599609375,2433.5712890625,3227.3017578125
2018-01-09 00:00:00+07:00,3645.4638671875,2033.043701171875,2425.894775390625,3227.3017578125
2018-01-10 00:00:00+07:00,3633.32666015625,2010.264892578125,2425.894775390625,3218.626220703125
2018-01-11 00:00:00+07:00,3673.785888671875,2015.9600830078125,2479.6328125,3218.626220703125
2018-01-12 00:00:00+07:00,3629.280029296875,2015.9600830078125,2487.31005859375,3218.626220703125
2018-01-15 00:00:00+07:00,3637.371826171875,2021.6544189453125,2518.017333984375,3296.7060546875
2018-01-16 00:00:00+07:00,3657.602294921875,2055.823486328125,2525.6943359375,3331.408447265625
2018-01-17 00:00:00+07:00,3584.77392578125,2067.213134765625,2487.31005859375,3331.408447265625
2018-01-18 00:00:00+07:00,3653.556396484375,2061.517822265625,2494.98681640625,3296.7060546875
2018-01-19 00:00:00+07:00,3633.32666015625,2061.517822265625,2479.6328125,3270.67919921875
2018-01-22 00:00:00+07:00,3637.371826171875,2078.6025390625,2479.6328125,3262.00390625
2018-01-23 00:00:00+07:00,3665.69482421875,2232.362548828125,2510.340576171875,3348.759765625
2018-01-24 00:00:00+07:00,3653.556396484375,2181.109130859375,2533.371337890625,3374.7861328125
2018-01-25 00:00:00+07:00,3653.556396484375,2146.940185546875,2502.663330078125,3331.408447265625
2018-01-26 00:00:00+07:00,3673.785888671875,2192.49853515625,2518.017333984375,3331.408447265625
2018-01-29 00:00:00+07:00,3689.970703125,2164.02490234375,2510.340576171875,3296.7060546875
2018-01-30 00:00:00+07:00,3689.970703125,2118.4658203125,2471.9560546875,3201.27490234375
2018-01-31 00:00:00+07:00,3677.832763671875,2107.076904296875,2502.663330078125,3262.00390625
2018-02-01 00:00:00+07:00,3783.029541015625,2107.076904296875,2518.017333984375,3235.977294921875
2018-02-02 00:00:00+07:00,3880.133056640625,2129.855712890625,2494.98681640625,3227.3017578125
2018-02-05 00:00:00+07:00,3851.81103515625,2152.635009765625,2494.98681640625,3218.626220703125
2018-02-06 00:00:00+07:00,3807.305419921875,2095.686767578125,2464.279296875,3149.221923828125
2018-02-07 00:00:00+07:00,3803.258544921875,2107.076904296875,2494.98681640625,3314.05712890625
2018-02-08 00:00:00+07:00,3835.626953125,2118.4658203125,2510.340576171875,3296.7060546875
2018-02-09 00:00:00+07:00,3815.3974609375,2112.771484375,2525.6943359375,3270.67919921875
2018-02-12 00:00:00+07:00,3803.258544921875,2164.02490234375,2518.017333984375,3305.3818359375
2018-02-13 00:00:00+07:00,3851.81103515625,2209.5830078125,2541.048095703125,3366.1103515625
2018-02-14 00:00:00+07:00,3835.626953125,2198.193603515625,2548.724853515625,3366.1103515625
2018-02-15 00:00:00+07:00,3795.167236328125,2186.803466796875,2548.724853515625,3340.083251953125
2018-02-16 00:00:00+07:00,3795.167236328125,2186.803466796875,2548.724853515625,3340.083251953125
2018-02-19 00:00:00+07:00,3924.6396484375,2198.193603515625,2602.463134765625,3426.839111328125
2018-02-20 00:00:00+07:00,3888.225341796875,2164.02490234375,2779.03125,3444.190673828125
2018-02-21 00:00:00+07:00,3888.225341796875,2164.02490234375,2702.26220703125,3530.94580078125
2018-02-22 00:00:00+07:00,3867.994873046875,2146.940185546875,2648.524169921875,3392.136962890625
2018-02-23 00:00:00+07:00,3924.6396484375,2158.329833984375,2625.49365234375,3418.163330078125
2018-02-26 00:00:00+07:00,3807.305419921875,2129.855712890625,2548.724853515625,3409.488037109375
2018-02-27 00:00:00+07:00,3811.350830078125,2146.940185546875,2587.109375,3409.488037109375
2018-02-28 00:00:00+07:00,3750.661865234375,2152.635009765625,2548.724853515625,3374.7861328125
2018-03-01 00:00:00+07:00,3750.661865234375,2158.329833984375,2571.755615234375,3340.083251953125
2018-03-02 00:00:00+07:00,3702.108154296875,2158.329833984375,2602.463134765625,3305.3818359375
2018-03-05 00:00:00+07:00,3702.108154296875,2146.940185546875,2525.6943359375,3314.05712890625
2018-03-06 00:00:00+07:00,3685.92431640625,2124.161376953125,2471.9560546875,3183.924072265625
2018-03-07 00:00:00+07:00,3657.602294921875,2084.29736328125,2433.5712890625,3149.221923828125
2018-03-08 00:00:00+07:00,3770.890869140625,2146.940185546875,2487.31005859375,3244.65234375
2018-03-09 00:00:00+07:00,3770.890869140625,2101.381591796875,2487.31005859375,3262.00390625
2018-03-12 00:00:00+07:00,3823.489501953125,2141.24560546875,2556.401611328125,3244.65234375
2018-03-13 00:00:00+07:00,3795.167236328125,2141.24560546875,2510.340576171875,3209.95068359375
2018-03-14 00:00:00+07:00,3787.07470703125,2135.550537109375,2518.017333984375,3279.355224609375
2018-03-15 00:00:00+07:00,3783.029541015625,2072.90771484375,2456.60205078125,3262.00390625
2018-03-16 00:00:00+07:00,3778.982666015625,2095.686767578125,2433.5712890625,3305.3818359375
2018-03-19 00:00:00+07:00,3778.982666015625,2101.381591796875,2479.6328125,3331.408447265625
2018-03-20 00:00:00+07:00,3766.8447265625,2129.855712890625,2487.31005859375,3209.95068359375
2018-03-21 00:00:00+07:00,3783.029541015625,2169.71923828125,2518.017333984375,3218.626220703125
2018-03-22 00:00:00+07:00,3795.167236328125,2089.991943359375,2456.60205078125,3088.49267578125
2018-03-23 00:00:00+07:00,3851.81103515625,2050.128662109375,2471.9560546875,3027.763916015625
2018-03-26 00:00:00+07:00,3766.8447265625,2050.128662109375,2479.6328125,3175.248291015625
2018-03-27 00:00:00+07:00,3795.167236328125,2050.128662109375,2456.60205078125,3192.599609375
2018-03-28 00:00:00+07:00,3774.93701171875,2021.6544189453125,2395.187255859375,3087.50146484375
2018-03-29 00:00:00+07:00,3770.890869140625,2050.128662109375,2418.513916015625,3096.425048828125
2018-03-30 00:00:00+07:00,3770.890869140625,2050.128662109375,2418.513916015625,3096.425048828125
2018-04-02 00:00:00+07:00,3787.07470703125,2112.7763671875,2465.78125,3114.271728515625
2018-04-03 00:00:00+07:00,3787.07470703125,2112.7763671875,2457.9033203125,3078.577880859375
2018-04-04 00:00:00+07:00,3770.890869140625,2048.21923828125,2394.88037109375,2953.650146484375
2018-04-05 00:00:00+07:00,3730.430908203125,2036.48193359375,2410.63623046875,2926.8798828125
2018-04-06 00:00:00+07:00,3677.832763671875,2042.3502197265625,2379.12451171875,2962.57373046875
2018-04-09 00:00:00+07:00,3685.92431640625,2071.694580078125,2387.002685546875,3033.961181640625
2018-04-10 00:00:00+07:00,3770.890869140625,2101.0390625,2481.537109375,3114.271728515625
2018-04-11 00:00:00+07:00,3774.93701171875,2142.12060546875,2536.682373046875,3060.7314453125
2018-04-12 00:00:00+07:00,3746.614990234375,2106.90771484375,2528.80419921875,3087.50146484375
2018-04-13 00:00:00+07:00,3734.38427734375,2083.4326171875,2528.80419921875,3149.9658203125
2018-04-16 00:00:00+07:00,3734.38427734375,2083.4326171875,2528.80419921875,3149.9658203125
2018-04-17 00:00:00+07:00,3734.38427734375,2083.4326171875,2528.80419921875,3149.9658203125
2018-04-18 00:00:00+07:00,3746.615478515625,2147.989501953125,2536.682373046875,3132.11865234375
2018-04-19 00:00:00+07:00,3746.615478515625,2147.989501953125,2536.682373046875,3132.11865234375
2018-04-20 00:00:00+07:00,3746.615478515625,2147.989501953125,2536.682373046875,3132.11865234375
2018-04-23 00:00:00+07:00,3750.69140625,2101.0390625,2520.92626953125,3114.271728515625
2018-04-24 00:00:00+07:00,3738.460693359375,2048.21923828125,2434.27001953125,2989.34423828125
2018-04-25 00:00:00+07:00,3738.460693359375,2048.21923828125,2434.27001953125,2989.34423828125
2018-04-26 00:00:00+07:00,3738.460693359375,2048.21923828125,2434.27001953125,2989.34423828125
2018-04-27 00:00:00+07:00,3738.460693359375,2048.21923828125,2434.27001953125,2989.34423828125
2018-04-30 00:00:00+07:00,3603.926025390625,1889.7608642578125,2245.199951171875,2873.339599609375
2018-05-01 00:00:00+07:00,3603.926025390625,1889.7608642578125,2245.199951171875,2873.339599609375
2018-05-02 00:00:00+07:00,3734.38427734375,1895.6300048828125,2268.833740234375,2855.49267578125
2018-05-03 00:00:00+07:00,3636.53955078125,1848.6795654296875,2158.54345703125,2757.33544921875
2018-05-04 00:00:00+07:00,3591.69482421875,1778.25341796875,2087.642333984375,2668.10107421875
2018-05-07 00:00:00+07:00,3636.53955078125,1789.9910888671875,2142.78759765625,2614.560546875
2018-05-08 00:00:00+07:00,3591.69482421875,1801.728515625,2142.78759765625,2614.560546875
2018-05-09 00:00:00+07:00,3734.38427734375,1883.892578125,2260.955810546875,2873.339599609375
2018-05-10 00:00:00+07:00,3734.38427734375,1883.892578125,2260.955810546875,2873.339599609375
2018-05-11 00:00:00+07:00,3709.923095703125,1854.5479736328125,2268.833740234375,2953.650146484375
2018-05-14 00:00:00+07:00,3746.615478515625,1872.154296875,2268.833740234375,2926.8798828125
2018-05-15 00:00:00+07:00,3620.232666015625,1801.728515625,2158.54345703125,2882.26318359375
2018-05-16 00:00:00+07:00,3648.771240234375,1801.728515625,2158.54345703125,2855.49267578125
2018-05-17 00:00:00+07:00,3587.61767578125,1754.7779541015625,2111.276123046875,2784.10546875
2018-05-18 00:00:00+07:00,3538.69580078125,1725.4339599609375,2142.78759765625,2703.794921875
2018-05-21 00:00:00+07:00,3530.542236328125,1619.7952880859375,2103.398193359375,2605.636962890625
2018-05-22 00:00:00+07:00,3587.61767578125,1596.31982421875,2056.130859375,2543.173095703125
2018-05-23 00:00:00+07:00,3587.61767578125,1690.220947265625,2134.909912109375,2569.943359375
2018-05-24 00:00:00+07:00,3661.00146484375,1795.860107421875,2205.810791015625,2739.48876953125
2018-05-25 00:00:00+07:00,3677.308837890625,1831.0728759765625,2205.810791015625,2846.5693359375
2018-05-28 00:00:00+07:00,3726.2314453125,1907.3675537109375,2323.979248046875,3060.7314453125
2018-05-29 00:00:00+07:00,3726.2314453125,1907.3675537109375,2323.979248046875,3060.7314453125
2018-05-30 00:00:00+07:00,3701.769287109375,1842.810546875,2284.589599609375,3087.50146484375
2018-05-31 00:00:00+07:00,3701.769287109375,1807.5975341796875,2221.566650390625,3025.03759765625
2018-06-01 00:00:00+07:00,3701.769287109375,1807.5975341796875,2221.566650390625,3025.03759765625
2018-06-04 00:00:00+07:00,3738.460693359375,1836.9415283203125,2323.979248046875,3025.03759765625
2018-06-05 00:00:00+07:00,3705.8466796875,1825.2039794921875,2316.101318359375,2953.650146484375
2018-06-06 00:00:00+07:00,3754.768310546875,1848.6795654296875,2308.223388671875,2944.72705078125
2018-06-07 00:00:00+07:00,3746.615478515625,1919.1051025390625,2323.979248046875,3016.114013671875
2018-06-08 00:00:00+07:00,3628.386474609375,1842.810546875,2190.054931640625,2873.339599609375
2018-06-11 00:00:00+07:00,3628.386474609375,1842.810546875,2190.054931640625,2873.339599609375
2018-06-12 00:00:00+07:00,3628.386474609375,1842.810546875,2190.054931640625,2873.339599609375
2018-06-13 00:00:00+07:00,3628.386474609375,1842.810546875,2190.054931640625,2873.339599609375
2018-06-14 00:00:00+07:00,3628.386474609375,1842.810546875,2190.054931640625,2873.339599609375
2018-06-15 00:00:00+07:00,3628.386474609375,1842.810546875,2190.054931640625,2873.339599609375
2018-06-18 00:00:00+07:00,3628.386474609375,1842.810546875,2190.054931640625,2873.339599609375
2018-06-19 00:00:00+07:00,3628.386474609375,1842.810546875,2190.054931640625,2873.339599609375
2018-06-20 00:00:00+07:00,3506.080810546875,1737.171630859375,2111.276123046875,2685.947998046875
2018-06-21 00:00:00+07:00,3449.005859375,1707.827392578125,2111.276123046875,2641.3310546875
2018-06-22 00:00:00+07:00,3575.3876953125,1748.9093017578125,2111.276123046875,2641.3310546875
2018-06-25 00:00:00+07:00,3620.232666015625,1696.090087890625,2111.276123046875,2605.636962890625
2018-06-26 00:00:00+07:00,3485.697021484375,1655.008056640625,2087.642333984375,2552.0966796875
2018-06-27 00:00:00+07:00,3481.6201171875,1666.7459716796875,2079.7646484375,2516.403076171875
2018-06-28 00:00:00+07:00,3416.390869140625,1613.9263916015625,2048.2529296875,2427.1689453125
2018-06-29 00:00:00+07:00,3502.004638671875,1666.7459716796875,2158.54345703125,2516.403076171875
2018-07-02 00:00:00+07:00,3497.92822265625,1672.6146240234375,2056.130859375,2516.403076171875
2018-07-03 00:00:00+07:00,3359.3154296875,1660.8770751953125,1993.1072998046875,2480.709716796875
2018-07-04 00:00:00+07:00,3461.23583984375,1719.56494140625,2079.7646484375,2569.943359375
2018-07-05 00:00:00+07:00,3461.23583984375,1707.827392578125,2056.130859375,2534.25
2018-07-06 00:00:00+07:00,3412.313720703125,1666.7459716796875,1985.2296142578125,2480.709716796875
2018-07-09 00:00:00+07:00,3571.3115234375,1766.5159912109375,2024.6192626953125,2569.943359375
2018-07-10 00:00:00+07:00,3571.3115234375,1789.9910888671875,2032.4971923828125,2605.636962890625
2018-07-11 00:00:00+07:00,3640.61669921875,1754.7779541015625,2000.9852294921875,2561.02001953125
2018-07-12 00:00:00+07:00,3722.153564453125,1743.0408935546875,2032.4971923828125,2507.479736328125
2018-07-13 00:00:00+07:00,3754.768310546875,1743.0408935546875,2079.7646484375,2587.790771484375
2018-07-16 00:00:00+07:00,3771.075927734375,1743.0408935546875,2064.00830078125,2623.484130859375
2018-07-17 00:00:00+07:00,3705.8466796875,1684.352294921875,1993.1072998046875,2650.254150390625
2018-07-18 00:00:00+07:00,3783.305908203125,1672.6146240234375,2016.7410888671875,2632.407470703125
2018-07-19 00:00:00+07:00,3783.305908203125,1696.090087890625,2008.8631591796875,2632.407470703125
2018-07-20 00:00:00+07:00,3766.998291015625,1748.9093017578125,2000.9852294921875,2587.790771484375
2018-07-23 00:00:00+07:00,3807.767578125,1784.1224365234375,2016.7410888671875,2605.636962890625
2018-07-24 00:00:00+07:00,3836.304931640625,1766.5159912109375,2056.130859375,2623.484130859375
2018-07-25 00:00:00+07:00,3844.45947265625,1754.7779541015625,2040.3748779296875,2605.636962890625
2018-07-26 00:00:00+07:00,3803.690673828125,1784.1224365234375,2064.00830078125,2703.794921875
2018-07-27 00:00:00+07:00,3787.383056640625,1813.466552734375,2071.886474609375,2659.177490234375
2018-07-30 00:00:00+07:00,3795.5361328125,1807.5975341796875,2119.154052734375,2677.024658203125
2018-07-31 00:00:00+07:00,3795.5361328125,1801.728515625,2095.520263671875,2641.3310546875
2018-08-01 00:00:00+07:00,3828.15185546875,1872.154296875,2205.810791015625,2793.02880859375
2018-08-02 00:00:00+07:00,3824.07568359375,1907.3675537109375,2221.566650390625,2784.10546875
2018-08-03 00:00:00+07:00,3824.07568359375,1954.3175048828125,2268.833740234375,2819.799072265625
2018-08-06 00:00:00+07:00,3881.150634765625,2001.2689208984375,2300.345458984375,2926.8798828125
2018-08-07 00:00:00+07:00,3881.150634765625,1966.0557861328125,2268.833740234375,2891.186279296875
2018-08-08 00:00:00+07:00,3901.535400390625,1954.3175048828125,2308.223388671875,2891.186279296875
2018-08-09 00:00:00+07:00,3930.073486328125,1954.3175048828125,2292.467529296875,2837.645751953125
2018-08-10 00:00:00+07:00,3893.3818359375,1989.531005859375,2316.101318359375,2846.5693359375
2018-08-13 00:00:00+07:00,3803.690673828125,1842.810546875,2182.177001953125,2641.3310546875
2018-08-14 00:00:00+07:00,3832.228515625,1836.9415283203125,2119.154052734375,2605.636962890625
2018-08-15 00:00:00+07:00,3824.07568359375,1883.892578125,2142.78759765625,2632.407470703125
2018-08-16 00:00:00+07:00,3811.8447265625,1789.9910888671875,2111.276123046875,2525.326416015625
2018-08-17 00:00:00+07:00,3811.8447265625,1789.9910888671875,2111.276123046875,2525.326416015625
2018-08-20 00:00:00+07:00,3897.45751953125,1866.2857666015625,2119.154052734375,2596.713623046875
2018-08-21 00:00:00+07:00,3893.3818359375,1848.6795654296875,2111.276123046875,2632.407470703125
2018-08-22 00:00:00+07:00,3893.3818359375,1848.6795654296875,2111.276123046875,2632.407470703125
2018-08-23 00:00:00+07:00,4007.533935546875,1919.1051025390625,2158.54345703125,2694.871337890625
2018-08-24 00:00:00+07:00,4089.069580078125,1919.1051025390625,2134.909912109375,2650.254150390625
2018-08-27 00:00:00+07:00,4040.14697265625,1983.6622314453125,2197.933349609375,2739.48876953125
2018-08-28 00:00:00+07:00,4072.76220703125,1954.3175048828125,2205.810791015625,2810.87548828125
2018-08-29 00:00:00+07:00,4044.224609375,1930.8428955078125,2205.810791015625,2801.9521484375
2018-08-30 00:00:00+07:00,4089.069580078125,1872.154296875,2158.54345703125,2721.641357421875
2018-08-31 00:00:00+07:00,4044.224609375,1866.2857666015625,2174.29931640625,2784.10546875
2018-09-03 00:00:00+07:00,4040.14697265625,1860.4171142578125,2111.276123046875,2801.9521484375
2018-09-04 00:00:00+07:00,4036.07080078125,1825.2039794921875,2071.886474609375,2677.024658203125
2018-09-05 00:00:00+07:00,3913.764892578125,1719.56494140625,1993.1072998046875,2525.326416015625
2018-09-06 00:00:00+07:00,4027.9169921875,1737.171630859375,2064.00830078125,2596.713623046875
2018-09-07 00:00:00+07:00,4052.3779296875,1778.25341796875,2087.642333984375,2623.484130859375
2018-09-10 00:00:00+07:00,4036.07080078125,1743.0408935546875,2071.886474609375,2596.713623046875
2018-09-11 00:00:00+07:00,4036.07080078125,1743.0408935546875,2071.886474609375,2596.713623046875
2018-09-12 00:00:00+07:00,3897.45751953125,1707.827392578125,2008.8631591796875,2543.173095703125
2018-09-13 00:00:00+07:00,3913.764892578125,1760.647216796875,2071.886474609375,2623.484130859375
2018-09-14 00:00:00+07:00,3909.68798828125,1801.728515625,2127.03173828125,2685.947998046875
2018-09-17 00:00:00+07:00,3901.535400390625,1743.0408935546875,2032.4971923828125,2578.86669921875
2018-09-18 00:00:00+07:00,3913.764892578125,1725.4339599609375,2008.8631591796875,2578.86669921875
2018-09-19 00:00:00+07:00,3913.764892578125,1760.647216796875,2016.7410888671875,2561.02001953125
2018-09-20 00:00:00+07:00,3905.611572265625,1813.466552734375,2103.398193359375,2605.636962890625
2018-09-21 00:00:00+07:00,3864.84326171875,1831.0728759765625,2158.54345703125,2730.56494140625
2018-09-24 00:00:00+07:00,3901.535400390625,1766.5159912109375,2127.03173828125,2632.407470703125
2018-09-25 00:00:00+07:00,3901.535400390625,1778.25341796875,2087.642333984375,2623.484130859375
2018-09-26 00:00:00+07:00,3946.37890625,1754.7779541015625,2079.7646484375,2614.560546875
2018-09-27 00:00:00+07:00,3913.764892578125,1801.728515625,2087.642333984375,2623.484130859375
2018-09-28 00:00:00+07:00,3938.22607421875,1848.6795654296875,2119.154052734375,2641.3310546875
2018-10-01 00:00:00+07:00,3905.611572265625,1866.2857666015625,2111.276123046875,2677.024658203125
2018-10-02 00:00:00+07:00,3905.611572265625,1825.2039794921875,2032.4971923828125,2596.713623046875
2018-10-03 00:00:00+07:00,3901.535400390625,1819.3349609375,2048.2529296875,2587.790771484375
2018-10-04 00:00:00+07:00,3848.5361328125,1760.647216796875,1961.5963134765625,2462.862548828125
2018-10-05 00:00:00+07:00,3758.84521484375,1748.9093017578125,1977.3519287109375,2453.93896484375
2018-10-08 00:00:00+07:00,3824.07568359375,1743.0408935546875,1953.7183837890625,2436.092529296875
2018-10-09 00:00:00+07:00,3872.9970703125,1772.3846435546875,2000.9852294921875,2436.092529296875
2018-10-10 00:00:00+07:00,3811.8447265625,1766.5159912109375,2040.3748779296875,2480.709716796875
2018-10-11 00:00:00+07:00,3705.8466796875,1707.827392578125,1977.3519287109375,2400.3984375
2018-10-12 00:00:00+07:00,3791.460205078125,1731.3031005859375,2016.7410888671875,2471.7861328125
2018-10-15 00:00:00+07:00,3889.303955078125,1760.647216796875,2008.8631591796875,2516.403076171875
2018-10-16 00:00:00+07:00,3930.073486328125,1760.647216796875,2048.2529296875,2587.790771484375
2018-10-17 00:00:00+07:00,3917.841552734375,1801.728515625,2071.886474609375,2614.560546875
2018-10-18 00:00:00+07:00,3848.5361328125,1813.466552734375,2048.2529296875,2569.943359375
2018-10-19 00:00:00+07:00,3811.8447265625,1772.3846435546875,2032.4971923828125,2561.02001953125
2018-10-22 00:00:00+07:00,3775.152587890625,1789.9910888671875,2032.4971923828125,2561.02001953125
2018-10-23 00:00:00+07:00,3742.537353515625,1772.3846435546875,2024.6192626953125,2543.173095703125
2018-10-24 00:00:00+07:00,3693.615966796875,1731.3031005859375,1993.1072998046875,2516.403076171875
2018-10-25 00:00:00+07:00,3734.38427734375,1760.647216796875,2040.3748779296875,2525.326416015625
2018-10-26 00:00:00+07:00,3848.5361328125,1754.7779541015625,2032.4971923828125,2534.25
2018-10-29 00:00:00+07:00,3771.075927734375,1731.3031005859375,2016.7410888671875,2525.326416015625
2018-10-30 00:00:00+07:00,3832.228515625,1778.25341796875,2056.130859375,2561.02001953125
2018-10-31 00:00:00+07:00,3856.689453125,1848.6795654296875,2158.54345703125,2614.560546875
2018-11-01 00:00:00+07:00,3881.150634765625,1878.02392578125,2276.711669921875,2650.254150390625
2018-11-02 00:00:00+07:00,3913.764892578125,1924.973876953125,2339.73486328125,2775.181884765625
2018-11-05 00:00:00+07:00,3942.302978515625,1919.1051025390625,2323.979248046875,2712.71826171875
2018-11-06 00:00:00+07:00,3978.99462890625,1954.3175048828125,2316.101318359375,2766.258544921875
2018-11-07 00:00:00+07:00,3930.073486328125,1977.7939453125,2316.101318359375,2784.10546875
2018-11-08 00:00:00+07:00,3913.764892578125,2024.7440185546875,2363.368896484375,2819.799072265625
2018-11-09 00:00:00+07:00,3913.764892578125,1960.187255859375,2276.711669921875,2855.49267578125
2018-11-12 00:00:00+07:00,3864.84326171875,1924.973876953125,2197.933349609375,2712.71826171875
2018-11-13 00:00:00+07:00,3925.99560546875,1966.0557861328125,2253.077880859375,2819.799072265625
2018-11-14 00:00:00+07:00,3921.918701171875,1966.0557861328125,2245.199951171875,2864.416015625
2018-11-15 00:00:00+07:00,3942.302978515625,2001.2689208984375,2331.857177734375,2944.72705078125
2018-11-16 00:00:00+07:00,4048.300537109375,2048.21923828125,2347.61279296875,2962.57373046875
2018-11-19 00:00:00+07:00,4093.14599609375,2065.825927734375,2355.490966796875,2998.267333984375
2018-11-20 00:00:00+07:00,4093.14599609375,2065.825927734375,2355.490966796875,2998.267333984375
2018-11-21 00:00:00+07:00,4044.224609375,2013.006591796875,2292.467529296875,2944.72705078125
2018-11-22 00:00:00+07:00,4093.14599609375,2083.4326171875,2308.223388671875,2998.267333984375
2018-11-23 00:00:00+07:00,4093.14599609375,2042.3502197265625,2300.345458984375,3007.19091796875
2018-11-26 00:00:00+07:00,4113.53076171875,2077.5634765625,2323.979248046875,3007.19091796875
2018-11-27 00:00:00+07:00,4158.37548828125,2112.7763671875,2347.61279296875,3087.50146484375
2018-11-28 00:00:00+07:00,4150.22119140625,2142.12060546875,2331.857177734375,3051.8076171875
2018-11-29 00:00:00+07:00,4272.5263671875,2177.333251953125,2410.63623046875,3132.11865234375
2018-11-30 00:00:00+07:00,4248.06591796875,2124.513916015625,2331.857177734375,3033.961181640625
2018-12-03 00:00:00+07:00,4221.0703125,2165.595947265625,2394.88037109375,3123.19482421875
2018-12-04 00:00:00+07:00,4286.51416015625,2177.333251953125,2410.63623046875,3141.0419921875
2018-12-05 00:00:00+07:00,4278.3330078125,2142.12060546875,2387.002685546875,3123.19482421875
2018-12-06 00:00:00+07:00,4302.87451171875,2142.12060546875,2355.490966796875,3087.50146484375
2018-12-07 00:00:00+07:00,4245.61181640625,2124.513916015625,2363.368896484375,3060.7314453125
2018-12-10 00:00:00+07:00,4237.43115234375,2118.645263671875,2339.73486328125,3060.7314453125
2018-12-11 00:00:00+07:00,4221.0703125,2124.513916015625,2347.61279296875,3016.114013671875
2018-12-12 00:00:00+07:00,4225.16064453125,2124.513916015625,2355.490966796875,3016.114013671875
2018-12-13 00:00:00+07:00,4225.16064453125,2159.72705078125,2426.391845703125,3051.8076171875
2018-12-14 00:00:00+07:00,4225.16064453125,2159.72705078125,2387.002685546875,3069.654541015625
2018-12-17 00:00:00+07:00,4225.16064453125,2112.7763671875,2331.857177734375,3060.7314453125
2018-12-18 00:00:00+07:00,4143.357421875,2130.383056640625,2316.101318359375,3078.577880859375
2018-12-19 00:00:00+07:00,4278.3330078125,2153.857666015625,2339.73486328125,3105.3486328125
2018-12-20 00:00:00+07:00,4184.26025390625,2142.12060546875,2300.345458984375,3096.425048828125
2018-12-21 00:00:00+07:00,4229.25048828125,2124.513916015625,2276.711669921875,3096.425048828125
2018-12-24 00:00:00+07:00,4229.25048828125,2124.513916015625,2276.711669921875,3096.425048828125
2018-12-25 00:00:00+07:00,4229.25048828125,2124.513916015625,2276.711669921875,3096.425048828125
2018-12-26 00:00:00+07:00,4274.24267578125,2112.7763671875,2276.711669921875,3105.3486328125
2018-12-27 00:00:00+07:00,4249.7021484375,2147.989501953125,2292.467529296875,3141.0419921875
2018-12-28 00:00:00+07:00,4253.79150390625,2147.989501953125,2323.979248046875,3141.0419921875
2018-12-31 00:00:00+07:00,4253.79150390625,2147.989501953125,2323.979248046875,3141.0419921875
2019-01-01 00:00:00+07:00,4253.79150390625,2147.989501953125,2323.979248046875,3141.0419921875
2019-01-02 00:00:00+07:00,4286.51416015625,2118.645263671875,2308.223388671875,3114.271728515625
2019-01-03 00:00:00+07:00,4237.43115234375,2124.513916015625,2260.955810546875,3114.271728515625
2019-01-04 00:00:00+07:00,4257.88232421875,2147.989501953125,2347.61279296875,3114.271728515625
2019-01-07 00:00:00+07:00,4290.603515625,2147.989501953125,2339.73486328125,3167.81201171875
2019-01-08 00:00:00+07:00,4286.51416015625,2159.72705078125,2316.101318359375,3176.73583984375
2019-01-09 00:00:00+07:00,4298.78466796875,2183.2021484375,2387.002685546875,3158.888916015625
2019-01-10 00:00:00+07:00,4298.78466796875,2200.80859375,2426.391845703125,3158.888916015625
2019-01-11 00:00:00+07:00,4294.69384765625,2189.0712890625,2426.391845703125,3185.659423828125
2019-01-14 00:00:00+07:00,4253.79150390625,2224.283935546875,2426.391845703125,3167.81201171875
2019-01-15 00:00:00+07:00,4302.87451171875,2218.41552734375,2457.9033203125,3212.428955078125
2019-01-16 00:00:00+07:00,4323.32568359375,2218.41552734375,2457.9033203125,3301.663818359375
2019-01-17 00:00:00+07:00,4360.13720703125,2236.021484375,2481.537109375,3301.663818359375
2019-01-18 00:00:00+07:00,4437.85009765625,2241.890625,2481.537109375,3355.203857421875
2019-01-21 00:00:00+07:00,4536.01416015625,2230.15283203125,2457.9033203125,3292.739990234375
2019-01-22 00:00:00+07:00,4581.0068359375,2212.546630859375,2442.147705078125,3301.663818359375
2019-01-23 00:00:00+07:00,4499.20361328125,2212.546630859375,2355.490966796875,3230.27587890625
2019-01-24 00:00:00+07:00,4466.48193359375,2224.283935546875,2355.490966796875,3212.428955078125
2019-01-25 00:00:00+07:00,4499.20361328125,2218.41552734375,2323.979248046875,3248.123046875
2019-01-28 00:00:00+07:00,4495.11279296875,2218.41552734375,2260.955810546875,3248.123046875
2019-01-29 00:00:00+07:00,4531.92529296875,2165.595947265625,2245.199951171875,3221.353271484375
2019-01-30 00:00:00+07:00,4515.56396484375,2200.80859375,2284.589599609375,3212.428955078125
2019-01-31 00:00:00+07:00,4609.638671875,2259.4970703125,2347.61279296875,3239.199951171875
2019-02-01 00:00:00+07:00,4609.638671875,2300.578369140625,2394.88037109375,3301.663818359375
2019-02-04 00:00:00+07:00,4499.20361328125,2288.841064453125,2316.101318359375,3257.046630859375
2019-02-05 00:00:00+07:00,4499.20361328125,2288.841064453125,2316.101318359375,3257.046630859375
2019-02-06 00:00:00+07:00,4527.83447265625,2300.578369140625,2355.490966796875,3248.123046875
2019-02-07 00:00:00+07:00,4523.7451171875,2306.447265625,2379.12451171875,3239.199951171875
2019-02-08 00:00:00+07:00,4515.56396484375,2282.972412109375,2387.002685546875,3203.505859375
2019-02-11 00:00:00+07:00,4495.11279296875,2271.23486328125,2402.758056640625,3230.27587890625
2019-02-12 00:00:00+07:00,4466.48193359375,2259.4970703125,2339.73486328125,3176.73583984375
2019-02-13 00:00:00+07:00,4433.76025390625,2224.283935546875,2284.589599609375,3087.50146484375
2019-02-14 00:00:00+07:00,4401.03955078125,2230.15283203125,2260.955810546875,3132.11865234375
2019-02-15 00:00:00+07:00,4384.67822265625,2212.546630859375,2260.955810546875,3132.11865234375
2019-02-18 00:00:00+07:00,4482.8427734375,2253.628173828125,2292.467529296875,3203.505859375
2019-02-19 00:00:00+07:00,4401.03955078125,2294.7099609375,2268.833740234375,3167.81201171875
2019-02-20 00:00:00+07:00,4499.20361328125,2282.972412109375,2237.322265625,3149.9658203125
2019-02-21 00:00:00+07:00,4503.29345703125,2294.7099609375,2308.223388671875,3185.659423828125
2019-02-22 00:00:00+07:00,4491.0224609375,2288.841064453125,2237.322265625,3114.271728515625
2019-02-25 00:00:00+07:00,4491.0224609375,2324.053955078125,2284.589599609375,3141.0419921875
2019-02-26 00:00:00+07:00,4544.19580078125,2312.31640625,2292.467529296875,3158.888916015625
2019-02-27 00:00:00+07:00,4552.3759765625,2271.23486328125,2268.833740234375,3158.888916015625
2019-02-28 00:00:00+07:00,4511.4736328125,2259.4970703125,2245.199951171875,3141.0419921875
2019-03-01 00:00:00+07:00,4531.92529296875,2271.23486328125,2260.955810546875,3203.505859375
2019-03-04 00:00:00+07:00,4527.83447265625,2277.103515625,2237.322265625,3194.582763671875
2019-03-05 00:00:00+07:00,4495.11279296875,2265.365478515625,2190.054931640625,3141.0419921875
2019-03-06 00:00:00+07:00,4491.0224609375,2288.841064453125,2229.4443359375,3141.0419921875
2019-03-07 00:00:00+07:00,4491.0224609375,2288.841064453125,2229.4443359375,3141.0419921875
2019-03-08 00:00:00+07:00,4450.12158203125,2259.4970703125,2174.29931640625,3096.425048828125
2019-03-11 00:00:00+07:00,4503.29345703125,2265.365478515625,2158.54345703125,3096.425048828125
2019-03-12 00:00:00+07:00,4499.20361328125,2253.628173828125,2119.154052734375,3096.425048828125
2019-03-13 00:00:00+07:00,4499.20361328125,2224.283935546875,2111.276123046875,3069.654541015625
2019-03-14 00:00:00+07:00,4482.8427734375,2253.628173828125,2174.29931640625,3149.9658203125
2019-03-15 00:00:00+07:00,4531.92529296875,2318.185302734375,2237.322265625,3239.199951171875
2019-03-18 00:00:00+07:00,4540.10498046875,2347.529296875,2237.322265625,3337.357177734375
2019-03-19 00:00:00+07:00,4491.0224609375,2335.79150390625,2323.979248046875,3337.357177734375
2019-03-20 00:00:00+07:00,4474.662109375,2341.66064453125,2331.857177734375,3319.509765625
2019-03-21 00:00:00+07:00,4478.751953125,2341.66064453125,2355.490966796875,3399.8212890625
2019-03-22 00:00:00+07:00,4486.93359375,2376.873291015625,2347.61279296875,3426.59130859375
2019-03-25 00:00:00+07:00,4462.3916015625,2353.3984375,2260.955810546875,3283.816650390625
2019-03-26 00:00:00+07:00,4474.662109375,2382.742431640625,2300.345458984375,3346.281005859375
2019-03-27 00:00:00+07:00,4486.93359375,2376.873291015625,2276.711669921875,3337.357177734375
2019-03-28 00:00:00+07:00,4474.662109375,2388.61083984375,2323.979248046875,3364.127197265625
2019-03-29 00:00:00+07:00,4507.38330078125,2412.08642578125,2355.490966796875,3355.203857421875
2019-04-01 00:00:00+07:00,4499.20361328125,2435.5615234375,2363.368896484375,3373.051025390625
2019-04-02 00:00:00+07:00,4499.20361328125,2435.5615234375,2339.73486328125,3381.974365234375
2019-04-03 00:00:00+07:00,4499.20361328125,2435.5615234375,2339.73486328125,3381.974365234375
2019-04-04 00:00:00+07:00,4531.92529296875,2476.6435546875,2418.513916015625,3462.285400390625
2019-04-05 00:00:00+07:00,4523.7451171875,2505.9873046875,2379.12451171875,3471.20849609375
2019-04-08 00:00:00+07:00,4482.8427734375,2494.25,2363.368896484375,3381.974365234375
2019-04-09 00:00:00+07:00,4527.83447265625,2523.59375,2418.513916015625,3453.362060546875
2019-04-10 00:00:00+07:00,4519.65380859375,2529.463134765625,2379.12451171875,3462.285400390625
2019-04-11 00:00:00+07:00,4482.8427734375,2523.59375,2331.857177734375,3435.51513671875
2019-04-12 00:00:00+07:00,4499.20361328125,2529.463134765625,2308.223388671875,3453.362060546875
2019-04-15 00:00:00+07:00,4503.29345703125,2552.938232421875,2316.101318359375,3444.43798828125
2019-04-16 00:00:00+07:00,4495.11279296875,2547.069091796875,2402.758056640625,3462.285400390625
2019-04-17 00:00:00+07:00,4495.11279296875,2547.069091796875,2402.758056640625,3462.285400390625
2019-04-18 00:00:00+07:00,4601.4580078125,2617.495361328125,2457.9033203125,3515.8251953125
2019-04-19 00:00:00+07:00,4601.4580078125,2617.495361328125,2457.9033203125,3515.8251953125
2019-04-22 00:00:00+07:00,4601.4580078125,2605.7578125,2442.147705078125,3453.362060546875
2019-04-23 00:00:00+07:00,4605.5478515625,2599.888916015625,2418.513916015625,3497.978759765625
2019-04-24 00:00:00+07:00,4647.6484375,2582.28173828125,2418.513916015625,3497.978759765625
2019-04-25 00:00:00+07:00,4618.755859375,2541.200439453125,2410.63623046875,3426.59130859375
2019-04-26 00:00:00+07:00,4639.39453125,2541.200439453125,2434.27001953125,3444.43798828125
2019-04-29 00:00:00+07:00,4693.052734375,2547.069091796875,2450.025634765625,3435.51513671875
2019-04-30 00:00:00+07:00,4746.71044921875,2564.676025390625,2434.27001953125,3426.59130859375
2019-05-01 00:00:00+07:00,4746.71044921875,2564.676025390625,2434.27001953125,3426.59130859375
2019-05-02 00:00:00+07:00,4693.052734375,2564.676025390625,2426.391845703125,3364.127197265625
2019-05-03 00:00:00+07:00,4684.79736328125,2570.544677734375,2410.63623046875,3301.663818359375
2019-05-06 00:00:00+07:00,4639.39453125,2482.51220703125,2371.24658203125,3167.81201171875
2019-05-07 00:00:00+07:00,4672.41455078125,2494.25,2410.63623046875,3194.582763671875
2019-05-08 00:00:00+07:00,4705.43505859375,2476.6435546875,2371.24658203125,3123.19482421875
2019-05-09 00:00:00+07:00,4647.6484375,2417.955322265625,2363.368896484375,3060.7314453125
2019-05-10 00:00:00+07:00,4631.13916015625,2417.955322265625,2355.490966796875,3069.654541015625
2019-05-13 00:00:00+07:00,4631.13916015625,2406.217529296875,2371.24658203125,3033.961181640625
2019-05-14 00:00:00+07:00,4536.20361328125,2376.873291015625,2347.61279296875,3016.114013671875
2019-05-15 00:00:00+07:00,4507.31201171875,2282.972412109375,2339.73486328125,2935.8037109375
2019-05-16 00:00:00+07:00,4358.71875,2265.365478515625,2316.101318359375,2917.956787109375
2019-05-17 00:00:00+07:00,4276.1669921875,2224.283935546875,2229.4443359375,2891.186279296875
2019-05-20 00:00:00+07:00,4441.2705078125,2200.80859375,2276.711669921875,3007.19091796875
2019-05-21 00:00:00+07:00,4507.31201171875,2200.80859375,2284.589599609375,3069.654541015625
2019-05-22 00:00:00+07:00,4507.31201171875,2212.546630859375,2300.345458984375,3033.576904296875
2019-05-23 00:00:00+07:00,4627.0107421875,2259.4970703125,2387.002685546875,3106.675537109375
2019-05-24 00:00:00+07:00,4631.13916015625,2339.825439453125,2426.391845703125,3161.4990234375
2019-05-27 00:00:00+07:00,4693.052734375,2382.367431640625,2512.993896484375,3179.773681640625
2019-05-28 00:00:00+07:00,4734.328125,2315.515380859375,2399.136474609375,2978.75341796875
2019-05-29 00:00:00+07:00,4738.4560546875,2394.522705078125,2456.06494140625,2978.75341796875
2019-05-30 00:00:00+07:00,4738.4560546875,2394.522705078125,2456.06494140625,2978.75341796875
2019-05-31 00:00:00+07:00,4804.498046875,2491.76220703125,2496.728271484375,3070.126220703125
2019-06-03 00:00:00+07:00,4804.498046875,2491.76220703125,2496.728271484375,3070.126220703125
2019-06-04 00:00:00+07:00,4804.498046875,2491.76220703125,2496.728271484375,3070.126220703125
2019-06-05 00:00:00+07:00,4804.498046875,2491.76220703125,2496.728271484375,3070.126220703125
2019-06-06 00:00:00+07:00,4804.498046875,2491.76220703125,2496.728271484375,3070.126220703125
2019-06-07 00:00:00+07:00,4804.498046875,2491.76220703125,2496.728271484375,3070.126220703125
2019-06-10 00:00:00+07:00,4854.0283203125,2570.769287109375,2553.656982421875,3170.63623046875
2019-06-11 00:00:00+07:00,4878.7939453125,2570.769287109375,2561.78955078125,3134.08740234375
2019-06-12 00:00:00+07:00,4825.13525390625,2558.614013671875,2561.78955078125,3143.224609375
2019-06-13 00:00:00+07:00,4792.11376953125,2552.53662109375,2545.524169921875,3161.4990234375
2019-06-14 00:00:00+07:00,4787.98681640625,2570.769287109375,2545.524169921875,3106.675537109375
2019-06-17 00:00:00+07:00,4783.859375,2552.53662109375,2537.3916015625,3088.400634765625
2019-06-18 00:00:00+07:00,4870.5380859375,2589.001708984375,2553.656982421875,3188.910888671875
2019-06-19 00:00:00+07:00,4903.55810546875,2607.233642578125,2594.320556640625,3252.871826171875
2019-06-20 00:00:00+07:00,4878.7939453125,2619.38916015625,2586.187744140625,3216.322509765625
2019-06-21 00:00:00+07:00,4854.0283203125,2649.7763671875,2594.320556640625,3234.59716796875
2019-06-24 00:00:00+07:00,4849.90087890625,2619.38916015625,2594.320556640625,3243.734375
2019-06-25 00:00:00+07:00,4878.7939453125,2631.544189453125,2586.187744140625,3262.009033203125
2019-06-26 00:00:00+07:00,4841.64599609375,2649.7763671875,2586.187744140625,3234.59716796875
2019-06-27 00:00:00+07:00,4899.431640625,2661.931396484375,2602.452880859375,3252.871826171875
2019-06-28 00:00:00+07:00,4948.96240234375,2649.7763671875,2610.585693359375,3362.51904296875
2019-07-01 00:00:00+07:00,4944.833984375,2686.240966796875,2602.452880859375,3426.48046875
2019-07-02 00:00:00+07:00,4953.09033203125,2680.16357421875,2610.585693359375,3417.342529296875
2019-07-03 00:00:00+07:00,4953.09033203125,2674.0859375,2610.585693359375,3408.20556640625
2019-07-04 00:00:00+07:00,4944.833984375,2668.008544921875,2610.585693359375,3426.48046875
2019-07-05 00:00:00+07:00,4928.32470703125,2674.0859375,2545.524169921875,3362.51904296875
2019-07-08 00:00:00+07:00,4854.0283203125,2674.0859375,2561.78955078125,3280.283447265625
2019-07-09 00:00:00+07:00,4953.09033203125,2680.16357421875,2569.92236328125,3344.24462890625
2019-07-10 00:00:00+07:00,4953.09033203125,2716.62841796875,2586.187744140625,3344.24462890625
2019-07-11 00:00:00+07:00,4973.72802734375,2740.938232421875,2602.452880859375,3380.794189453125
2019-07-12 00:00:00+07:00,4961.34521484375,2740.938232421875,2626.85107421875,3362.51904296875
2019-07-15 00:00:00+07:00,5039.76904296875,2753.093505859375,2651.248779296875,3353.3818359375
2019-07-16 00:00:00+07:00,5023.2578125,2765.248291015625,2626.85107421875,3316.8330078125
2019-07-17 00:00:00+07:00,5076.916015625,2747.01611328125,2594.320556640625,3307.6953125
2019-07-18 00:00:00+07:00,5072.7890625,2704.4736328125,2553.656982421875,3243.734375
2019-07-19 00:00:00+07:00,5118.1923828125,2722.7060546875,2561.78955078125,3252.871826171875
2019-07-22 00:00:00+07:00,5192.48876953125,2734.860595703125,2529.259033203125,3234.59716796875
2019-07-23 00:00:00+07:00,5147.0859375,2728.78369140625,2504.861083984375,3152.361572265625
2019-07-24 00:00:00+07:00,5159.46826171875,2704.4736328125,2504.861083984375,3079.263427734375
2019-07-25 00:00:00+07:00,5159.46826171875,2710.551025390625,2537.3916015625,3106.675537109375
2019-07-26 00:00:00+07:00,5114.06494140625,2698.396484375,2521.12646484375,3079.263427734375
2019-07-29 00:00:00+07:00,5109.93798828125,2710.551025390625,2537.3916015625,3051.8515625
2019-07-30 00:00:00+07:00,5134.703125,2734.860595703125,2586.187744140625,3051.8515625
2019-07-31 00:00:00+07:00,5109.93798828125,2722.7060546875,2594.320556640625,3097.5380859375
2019-08-01 00:00:00+07:00,5126.44873046875,2704.4736328125,2529.259033203125,3015.302490234375
2019-08-02 00:00:00+07:00,5089.30029296875,2704.4736328125,2496.728271484375,2960.478759765625
2019-08-05 00:00:00+07:00,4953.09033203125,2595.0791015625,2415.401611328125,2896.51806640625
2019-08-06 00:00:00+07:00,4854.0283203125,2491.76220703125,2358.47314453125,2859.96875
2019-08-07 00:00:00+07:00,4961.34521484375,2582.924072265625,2391.003662109375,2878.243408203125
2019-08-08 00:00:00+07:00,4957.21728515625,2607.233642578125,2439.7998046875,2969.615966796875
2019-08-09 00:00:00+07:00,5006.74853515625,2631.544189453125,2423.5341796875,2896.51806640625
2019-08-12 00:00:00+07:00,4986.10986328125,2613.31103515625,2407.26904296875,2896.51806640625
2019-08-13 00:00:00+07:00,4965.4716796875,2601.15625,2391.003662109375,2887.380615234375
2019-08-14 00:00:00+07:00,4961.34521484375,2631.544189453125,2439.7998046875,2960.478759765625
2019-08-15 00:00:00+07:00,4953.09033203125,2582.924072265625,2407.26904296875,2933.06689453125
2019-08-16 00:00:00+07:00,4920.06884765625,2558.614013671875,2399.136474609375,2896.51806640625
2019-08-19 00:00:00+07:00,4965.4716796875,2540.3818359375,2391.003662109375,2878.243408203125
2019-08-20 00:00:00+07:00,4940.70654296875,2491.76220703125,2399.136474609375,2832.556884765625
2019-08-21 00:00:00+07:00,4932.451171875,2461.374755859375,2350.34033203125,2768.595947265625
2019-08-22 00:00:00+07:00,4953.09033203125,2473.52978515625,2350.34033203125,2777.7333984375
2019-08-23 00:00:00+07:00,4948.96240234375,2479.607421875,2334.074951171875,2786.870361328125
2019-08-26 00:00:00+07:00,4944.833984375,2473.52978515625,2293.411865234375,2741.184326171875
2019-08-27 00:00:00+07:00,4957.21728515625,2552.53662109375,2285.279052734375,2768.595947265625
2019-08-28 00:00:00+07:00,4948.96240234375,2546.459228515625,2293.411865234375,2777.7333984375
2019-08-29 00:00:00+07:00,4957.21728515625,2552.53662109375,2301.544189453125,2750.3212890625
2019-08-30 00:00:00+07:00,5035.6416015625,2595.0791015625,2358.47314453125,2814.2822265625
2019-09-02 00:00:00+07:00,4953.09033203125,2564.69189453125,2334.074951171875,2786.870361328125
2019-09-03 00:00:00+07:00,4998.49267578125,2522.149658203125,2244.61572265625,2722.909423828125
2019-09-04 00:00:00+07:00,4969.60009765625,2528.226806640625,2252.748291015625,2713.772216796875
2019-09-05 00:00:00+07:00,4986.10986328125,2564.69189453125,2269.01416015625,2750.3212890625
2019-09-06 00:00:00+07:00,4973.72802734375,2595.0791015625,2293.411865234375,2777.7333984375
2019-09-09 00:00:00+07:00,4981.9833984375,2534.30419921875,2269.01416015625,2759.458251953125
2019-09-10 00:00:00+07:00,4998.49267578125,2546.459228515625,2293.411865234375,2832.556884765625
2019-09-11 00:00:00+07:00,5035.6416015625,2582.924072265625,2325.9423828125,2923.9296875
2019-09-12 00:00:00+07:00,4969.60009765625,2601.15625,2325.9423828125,2878.243408203125
2019-09-13 00:00:00+07:00,4977.85546875,2619.38916015625,2342.207763671875,2869.106201171875
2019-09-16 00:00:00+07:00,4957.21728515625,2546.459228515625,2277.146484375,2805.145263671875
2019-09-17 00:00:00+07:00,4977.85546875,2582.924072265625,2269.01416015625,2832.556884765625
2019-09-18 00:00:00+07:00,4986.10986328125,2576.846923828125,2342.207763671875,2887.380615234375
2019-09-19 00:00:00+07:00,4977.85546875,2564.69189453125,2309.677001953125,2841.694091796875
2019-09-20 00:00:00+07:00,4944.833984375,2528.226806640625,2301.544189453125,2796.0078125
2019-09-23 00:00:00+07:00,4973.72802734375,2540.3818359375,2277.146484375,2768.595947265625
2019-09-24 00:00:00+07:00,4907.6865234375,2497.839599609375,2260.881103515625,2722.909423828125
2019-09-25 00:00:00+07:00,4899.431640625,2479.607421875,2244.61572265625,2732.046875
2019-09-26 00:00:00+07:00,5002.62158203125,2558.614013671875,2309.677001953125,2759.458251953125
2019-09-27 00:00:00+07:00,5010.87646484375,2540.3818359375,2269.01416015625,2713.772216796875
2019-09-30 00:00:00+07:00,5010.87646484375,2503.9169921875,2269.01416015625,2686.3603515625
2019-10-01 00:00:00+07:00,4986.10986328125,2473.52978515625,2244.61572265625,2658.948486328125
2019-10-02 00:00:00+07:00,4994.36474609375,2388.445068359375,2122.625732421875,2531.02685546875
2019-10-03 00:00:00+07:00,4986.10986328125,2315.515380859375,2081.96240234375,2521.88916015625
2019-10-04 00:00:00+07:00,4990.23779296875,2400.60009765625,2081.96240234375,2512.751953125
2019-10-07 00:00:00+07:00,5010.87646484375,2370.212890625,2065.697021484375,2439.65380859375
2019-10-08 00:00:00+07:00,5035.6416015625,2388.445068359375,2114.4931640625,2494.477783203125
2019-10-09 00:00:00+07:00,5010.87646484375,2406.677490234375,2090.09521484375,2467.065673828125
2019-10-10 00:00:00+07:00,5043.896484375,2364.13525390625,2122.625732421875,2467.065673828125
2019-10-11 00:00:00+07:00,5056.27978515625,2382.367431640625,2130.758056640625,2549.30126953125
2019-10-14 00:00:00+07:00,5118.1923828125,2382.367431640625,2147.02392578125,2531.02685546875
2019-10-15 00:00:00+07:00,5097.55517578125,2394.522705078125,2138.89111328125,2613.261962890625
2019-10-16 00:00:00+07:00,5130.5751953125,2424.91015625,2155.156494140625,2649.8115234375
2019-10-17 00:00:00+07:00,5048.0234375,2461.374755859375,2179.554443359375,2695.49755859375
2019-10-18 00:00:00+07:00,5085.1728515625,2534.30419921875,2203.95263671875,2732.046875
2019-10-21 00:00:00+07:00,5134.703125,2503.9169921875,2212.0849609375,2695.49755859375
2019-10-22 00:00:00+07:00,5200.74462890625,2516.072021484375,2220.2177734375,2677.223388671875
2019-10-23 00:00:00+07:00,5180.10595703125,2540.3818359375,2301.544189453125,2759.458251953125
2019-10-24 00:00:00+07:00,5200.74462890625,2613.31103515625,2350.34033203125,2887.380615234375
2019-10-25 00:00:00+07:00,5118.1923828125,2570.769287109375,2277.146484375,2859.96875
2019-10-28 00:00:00+07:00,5122.32080078125,2570.769287109375,2277.146484375,2841.694091796875
2019-10-29 00:00:00+07:00,5134.703125,2570.769287109375,2309.677001953125,2823.419189453125
2019-10-30 00:00:00+07:00,5171.85205078125,2582.924072265625,2285.279052734375,2832.556884765625
2019-10-31 00:00:00+07:00,5192.48876953125,2558.614013671875,2285.279052734375,2805.145263671875
2019-11-01 00:00:00+07:00,5221.3828125,2540.3818359375,2269.01416015625,2805.145263671875
2019-11-04 00:00:00+07:00,5180.10595703125,2528.226806640625,2236.48291015625,2786.870361328125
2019-11-05 00:00:00+07:00,5250.27490234375,2613.31103515625,2342.207763671875,2823.419189453125
2019-11-06 00:00:00+07:00,5196.61669921875,2528.226806640625,2269.01416015625,2741.184326171875
2019-11-07 00:00:00+07:00,5188.361328125,2430.987548828125,2277.146484375,2777.7333984375
2019-11-08 00:00:00+07:00,5184.23388671875,2424.91015625,2309.677001953125,2805.145263671875
2019-11-11 00:00:00+07:00,5196.61669921875,2430.987548828125,2293.411865234375,2759.458251953125
2019-11-12 00:00:00+07:00,5171.85205078125,2430.987548828125,2285.279052734375,2777.7333984375
2019-11-13 00:00:00+07:00,5184.23388671875,2406.677490234375,2236.48291015625,2686.3603515625
2019-11-14 00:00:00+07:00,5175.97900390625,2394.522705078125,2236.48291015625,2668.0859375
2019-11-15 00:00:00+07:00,5180.10595703125,2485.684814453125,2260.881103515625,2722.909423828125
2019-11-18 00:00:00+07:00,5184.23388671875,2503.9169921875,2269.01416015625,2713.772216796875
2019-11-19 00:00:00+07:00,5213.12744140625,2546.459228515625,2325.9423828125,2777.7333984375
2019-11-20 00:00:00+07:00,5242.02001953125,2564.69189453125,2309.677001953125,2796.0078125
2019-11-21 00:00:00+07:00,5200.74462890625,2564.69189453125,2334.074951171875,2814.2822265625
2019-11-22 00:00:00+07:00,5204.87158203125,2558.614013671875,2301.544189453125,2796.0078125
2019-11-25 00:00:00+07:00,5180.10595703125,2509.994873046875,2269.01416015625,2741.184326171875
2019-11-26 00:00:00+07:00,5188.361328125,2522.149658203125,2252.748291015625,2741.184326171875
2019-11-27 00:00:00+07:00,5200.74462890625,2534.30419921875,2244.61572265625,2732.046875
2019-11-28 00:00:00+07:00,5159.46826171875,2461.374755859375,2203.95263671875,2704.635009765625
2019-11-29 00:00:00+07:00,5184.23388671875,2485.684814453125,2269.01416015625,2741.184326171875
2019-12-02 00:00:00+07:00,5303.93359375,2558.614013671875,2309.677001953125,2759.458251953125
2019-12-03 00:00:00+07:00,5262.65771484375,2534.30419921875,2334.074951171875,2759.458251953125
2019-12-04 00:00:00+07:00,5254.4033203125,2509.994873046875,2301.544189453125,2713.772216796875
2019-12-05 00:00:00+07:00,5233.7646484375,2564.69189453125,2334.074951171875,2722.909423828125
2019-12-06 00:00:00+07:00,5295.87451171875,2534.30419921875,2334.074951171875,2768.595947265625
2019-12-09 00:00:00+07:00,5295.87451171875,2540.3818359375,2358.47314453125,2768.595947265625
2019-12-10 00:00:00+07:00,5271.03125,2534.30419921875,2399.136474609375,2777.7333984375
2019-12-11 00:00:00+07:00,5283.453125,2558.614013671875,2391.003662109375,2750.3212890625
2019-12-12 00:00:00+07:00,5250.3271484375,2582.924072265625,2374.73828125,2750.3212890625
2019-12-13 00:00:00+07:00,5266.8896484375,2601.15625,2399.136474609375,2796.0078125
2019-12-16 00:00:00+07:00,5266.8896484375,2631.544189453125,2391.003662109375,2814.2822265625
2019-12-17 00:00:00+07:00,5382.82763671875,2643.698974609375,2391.003662109375,2814.2822265625
2019-12-18 00:00:00+07:00,5594.0009765625,2674.0859375,2447.932373046875,2859.96875
2019-12-19 00:00:00+07:00,5465.63916015625,2643.698974609375,2472.330322265625,2859.96875
2019-12-20 00:00:00+07:00,5515.32861328125,2649.7763671875,2504.861083984375,2850.831298828125
2019-12-23 00:00:00+07:00,5515.32861328125,2704.4736328125,2512.993896484375,2896.51806640625
2019-12-26 00:00:00+07:00,5531.890625,2680.16357421875,2537.3916015625,2905.6552734375
2019-12-27 00:00:00+07:00,5544.3125,2692.31884765625,2521.12646484375,2896.51806640625
2019-12-30 00:00:00+07:00,5536.03173828125,2674.0859375,2496.728271484375,2869.106201171875
2020-01-02 00:00:00+07:00,5540.17236328125,2680.16357421875,2521.12646484375,2841.694091796875
2020-01-03 00:00:00+07:00,5631.265625,2686.240966796875,2512.993896484375,2850.831298828125
2020-01-06 00:00:00+07:00,5577.43798828125,2655.853759765625,2472.330322265625,2786.870361328125
2020-01-07 00:00:00+07:00,5581.5771484375,2674.0859375,2472.330322265625,2759.458251953125
2020-01-08 00:00:00+07:00,5531.890625,2661.931396484375,2439.7998046875,2713.772216796875
2020-01-09 00:00:00+07:00,5581.5771484375,2674.0859375,2504.861083984375,2814.2822265625
2020-01-10 00:00:00+07:00,5569.1572265625,2680.16357421875,2512.993896484375,2823.419189453125
2020-01-13 00:00:00+07:00,5585.71875,2740.938232421875,2512.993896484375,2841.694091796875
2020-01-14 00:00:00+07:00,5689.23486328125,2777.403076171875,2521.12646484375,2869.106201171875
2020-01-15 00:00:00+07:00,5660.25048828125,2783.480712890625,2488.595703125,2805.145263671875
2020-01-16 00:00:00+07:00,5672.6728515625,2777.403076171875,2456.06494140625,2814.2822265625
2020-01-17 00:00:00+07:00,5693.37548828125,2813.867919921875,2512.993896484375,2841.694091796875
2020-01-20 00:00:00+07:00,5660.25048828125,2832.100341796875,2480.462890625,2759.458251953125
2020-01-21 00:00:00+07:00,5656.109375,2838.177490234375,2504.861083984375,2768.595947265625
2020-01-22 00:00:00+07:00,5664.390625,2862.487548828125,2537.3916015625,2786.870361328125
2020-01-23 00:00:00+07:00,5664.390625,2880.72021484375,2529.259033203125,2796.0078125
2020-01-24 00:00:00+07:00,5639.54736328125,2880.72021484375,2578.0546875,2814.2822265625
2020-01-27 00:00:00+07:00,5664.390625,2826.022705078125,2512.993896484375,2722.909423828125
2020-01-28 00:00:00+07:00,5622.9853515625,2807.7900390625,2521.12646484375,2732.046875
2020-01-29 00:00:00+07:00,5618.84423828125,2807.7900390625,2537.3916015625,2686.3603515625
2020-01-30 00:00:00+07:00,5581.5771484375,2783.480712890625,2488.595703125,2649.8115234375
2020-01-31 00:00:00+07:00,5366.265625,2710.551025390625,2456.06494140625,2631.53662109375
2020-02-03 00:00:00+07:00,5333.1396484375,2710.551025390625,2439.7998046875,2604.125
2020-02-04 00:00:00+07:00,5465.63916015625,2771.325439453125,2447.932373046875,2686.3603515625
2020-02-05 00:00:00+07:00,5573.2958984375,2771.325439453125,2504.861083984375,2713.772216796875
2020-02-06 00:00:00+07:00,5581.5771484375,2765.248291015625,2504.861083984375,2686.3603515625
2020-02-07 00:00:00+07:00,5598.140625,2765.248291015625,2512.993896484375,2686.3603515625
2020-02-10 00:00:00+07:00,5618.84423828125,2734.860595703125,2512.993896484375,2677.223388671875
2020-02-11 00:00:00+07:00,5614.70361328125,2740.938232421875,2529.259033203125,2668.0859375
2020-02-12 00:00:00+07:00,5631.265625,2753.093505859375,2537.3916015625,2658.948486328125
2020-02-13 00:00:00+07:00,5622.9853515625,2777.403076171875,2553.656982421875,2704.635009765625
2020-02-14 00:00:00+07:00,5531.890625,2765.248291015625,2545.524169921875,2750.3212890625
2020-02-17 00:00:00+07:00,5565.0166015625,2716.62841796875,2553.656982421875,2786.870361328125
2020-02-18 00:00:00+07:00,5544.3125,2674.0859375,2545.524169921875,2814.2822265625
2020-02-19 00:00:00+07:00,5544.3125,2722.7060546875,2586.187744140625,2841.694091796875
2020-02-20 00:00:00+07:00,5461.50048828125,2771.325439453125,2602.452880859375,2896.51806640625
2020-02-21 00:00:00+07:00,5478.0625,2740.938232421875,2569.92236328125,2841.694091796875
2020-02-24 00:00:00+07:00,5403.53173828125,2728.78369140625,2529.259033203125,2768.595947265625
2020-02-25 00:00:00+07:00,5407.67138671875,2734.860595703125,2537.3916015625,2741.184326171875
2020-02-26 00:00:00+07:00,5316.57763671875,2722.7060546875,2488.595703125,2668.0859375
2020-02-27 00:00:00+07:00,5208.9208984375,2607.908935546875,2391.003662109375,2585.85009765625
2020-02-28 00:00:00+07:00,5208.9208984375,2645.796142578125,2486.122802734375,2567.575439453125
2020-03-02 00:00:00+07:00,5035.013671875,2513.1904296875,2375.05908203125,2541.684814453125
2020-03-03 00:00:00+07:00,5233.76513671875,2588.96533203125,2460.49267578125,2560.51220703125
2020-03-04 00:00:00+07:00,5333.1396484375,2664.73974609375,2554.469970703125,2616.994140625
2020-03-05 00:00:00+07:00,5329.0,2620.537841796875,2597.186767578125,2569.926025390625
2020-03-06 00:00:00+07:00,5134.38916015625,2532.134521484375,2477.57958984375,2409.893798828125
2020-03-09 00:00:00+07:00,4790.716796875,2367.955810546875,2246.908203125,2127.484375
2020-03-10 00:00:00+07:00,4906.65380859375,2468.989013671875,2349.4287109375,2136.897705078125
2020-03-11 00:00:00+07:00,4844.544921875,2468.989013671875,2332.342041015625,2080.416015625
2020-03-12 00:00:00+07:00,4604.3876953125,2279.55224609375,2195.648193359375,1892.1431884765625
2020-03-13 00:00:00+07:00,4604.3876953125,2349.01220703125,2170.017822265625,1892.1431884765625
2020-03-16 00:00:00+07:00,4604.3876953125,2210.092041015625,2170.017822265625,1822.482177734375
2020-03-17 00:00:00+07:00,4240.0126953125,2058.543212890625,1888.086181640625,1698.2218017578125
2020-03-18 00:00:00+07:00,4140.63720703125,1982.768310546875,1759.935791015625,1581.4927978515625
2020-03-19 00:00:00+07:00,3850.791748046875,1850.1629638671875,1636.9112548828125,1472.29443359375
2020-03-20 00:00:00+07:00,3921.183349609375,1774.3885498046875,1524.1385498046875,1370.6270751953125
2020-03-23 00:00:00+07:00,3668.6044921875,1654.4119873046875,1418.20068359375,1276.490478515625
2020-03-24 00:00:00+07:00,3726.57275390625,1540.7501220703125,1319.097412109375,1189.885009765625
2020-03-26 00:00:00+07:00,4372.51220703125,1856.4779052734375,1527.5557861328125,1351.7996826171875
2020-03-27 00:00:00+07:00,4562.9814453125,2039.5992431640625,1688.1715087890625,1502.4180908203125
2020-03-30 00:00:00+07:00,4550.55859375,1900.67919921875,1571.9815673828125,1400.750732421875
2020-03-31 00:00:00+07:00,4575.4033203125,1906.993896484375,1599.3201904296875,1438.4053955078125
2020-04-01 00:00:00+07:00,4538.13818359375,1850.1629638671875,1575.398681640625,1385.6890869140625
2020-04-02 00:00:00+07:00,4480.16943359375,1812.2760009765625,1623.2418212890625,1449.70166015625
2020-04-03 00:00:00+07:00,4550.55859375,1824.904541015625,1717.2188720703125,1509.948974609375
2020-04-06 00:00:00+07:00,4749.31005859375,1906.993896484375,1777.022705078125,1615.3818359375
2020-04-07 00:00:00+07:00,4683.06103515625,1913.308349609375,1751.3924560546875,1622.912841796875
2020-04-08 00:00:00+07:00,4666.49755859375,1780.703125,1630.076416015625,1509.948974609375
2020-04-09 00:00:00+07:00,4633.37255859375,1761.759033203125,1595.9029541015625,1502.4180908203125
2020-04-13 00:00:00+07:00,4554.701171875,1749.1304931640625,1527.5557861328125,1502.4180908203125
2020-04-14 00:00:00+07:00,4567.123046875,1831.21923828125,1561.7294921875,1562.6654052734375
2020-04-15 00:00:00+07:00,4542.279296875,1742.8157958984375,1503.6343994140625,1581.4927978515625
2020-04-16 00:00:00+07:00,4339.3876953125,1648.097412109375,1438.7047119140625,1498.6527099609375
2020-04-17 00:00:00+07:00,4492.5908203125,1787.017578125,1496.7996826171875,1566.4310302734375
2020-04-20 00:00:00+07:00,4434.62158203125,1755.4447021484375,1493.3824462890625,1543.838134765625
2020-04-21 00:00:00+07:00,4347.00830078125,1717.5577392578125,1486.5478515625,1517.47998046875
2020-04-22 00:00:00+07:00,4334.37109375,1761.759033203125,1534.390625,1513.7144775390625
2020-04-23 00:00:00+07:00,4313.310546875,1768.0738525390625,1537.807861328125,1513.7144775390625
2020-04-24 00:00:00+07:00,4144.82177734375,1660.7266845703125,1462.626220703125,1430.87451171875
2020-04-27 00:00:00+07:00,4178.51953125,1679.6702880859375,1418.20068359375,1430.87451171875
2020-04-28 00:00:00+07:00,4069.001708984375,1635.4683837890625,1418.20068359375,1438.4053955078125
2020-04-29 00:00:00+07:00,4085.85009765625,1629.1536865234375,1366.9405517578125,1415.8126220703125
2020-04-30 00:00:00+07:00,4355.431640625,1723.8719482421875,1524.1385498046875,1543.838134765625
2020-05-04 00:00:00+07:00,4397.5546875,1660.7266845703125,1466.04345703125,1476.0599365234375
2020-05-05 00:00:00+07:00,4452.3134765625,1660.7266845703125,1442.1220703125,1445.936279296875
2020-05-06 00:00:00+07:00,4511.2841796875,1654.4119873046875,1421.6180419921875,1442.1707763671875
2020-05-08 00:00:00+07:00,4418.615234375,1635.4683837890625,1435.287353515625,1430.87451171875
2020-05-11 00:00:00+07:00,4460.73779296875,1654.4119873046875,1445.53955078125,1430.87451171875
2020-05-12 00:00:00+07:00,4397.5546875,1572.32275390625,1370.3577880859375,1378.157958984375
2020-05-13 00:00:00+07:00,4304.8857421875,1559.69384765625,1370.3577880859375,1400.750732421875
2020-05-14 00:00:00+07:00,4144.82177734375,1483.9190673828125,1349.853759765625,1332.9725341796875
2020-05-15 00:00:00+07:00,4031.091796875,1414.458984375,1284.9239501953125,1257.663330078125
2020-05-18 00:00:00+07:00,4014.242919921875,1370.2572021484375,1271.2545166015625,1253.8978271484375
2020-05-19 00:00:00+07:00,3942.63525390625,1496.548095703125,1319.097412109375,1325.44140625
2020-05-20 00:00:00+07:00,4014.242919921875,1566.00830078125,1390.86181640625,1355.565185546875
2020-05-26 00:00:00+07:00,4186.943359375,1591.2664794921875,1401.1138916015625,1366.861572265625
2020-05-27 00:00:00+07:00,4182.7314453125,1660.7266845703125,1404.53125,1366.861572265625
2020-05-28 00:00:00+07:00,4460.73779296875,1723.8719482421875,1466.04345703125,1378.157958984375
2020-05-29 00:00:00+07:00,4372.28173828125,1862.7923583984375,1527.5557861328125,1442.1707763671875
2020-06-02 00:00:00+07:00,4515.49658203125,2008.0267333984375,1578.8162841796875,1494.88720703125
2020-06-03 00:00:00+07:00,4869.3232421875,1957.5103759765625,1660.83251953125,1555.1346435546875
2020-06-04 00:00:00+07:00,4877.7470703125,1932.2518310546875,1616.40673828125,1558.9000244140625
2020-06-05 00:00:00+07:00,4822.9892578125,1963.8245849609375,1657.4150390625,1600.3201904296875
2020-06-08 00:00:00+07:00,4970.416015625,2083.801513671875,1794.1092529296875,1818.7166748046875
2020-06-09 00:00:00+07:00,4890.3837890625,2026.9703369140625,1802.65283203125,1830.01318359375
2020-06-10 00:00:00+07:00,4886.171875,1913.308349609375,1677.9193115234375,1701.987548828125
2020-06-11 00:00:00+07:00,4785.07861328125,1875.421142578125,1602.7376708984375,1585.25830078125
2020-06-12 00:00:00+07:00,4776.65478515625,1913.308349609375,1671.08447265625,1683.16015625
2020-06-15 00:00:00+07:00,4633.439453125,1831.21923828125,1612.98974609375,1581.4927978515625
2020-06-16 00:00:00+07:00,4852.4736328125,1976.4537353515625,1717.2188720703125,1735.8765869140625
2020-06-17 00:00:00+07:00,4818.7763671875,1957.5103759765625,1674.501953125,1713.283935546875
2020-06-18 00:00:00+07:00,4705.04638671875,1925.9376220703125,1647.163330078125,1694.4564208984375
2020-06-19 00:00:00+07:00,4696.62158203125,1957.5103759765625,1667.6673583984375,1686.92578125
2020-06-22 00:00:00+07:00,4667.13671875,1932.2518310546875,1643.745849609375,1683.16015625
2020-06-23 00:00:00+07:00,4734.53173828125,1900.67919921875,1636.9112548828125,1649.27099609375
2020-06-24 00:00:00+07:00,4806.14013671875,1970.139404296875,1759.935791015625,1784.8275146484375
2020-06-25 00:00:00+07:00,4822.9892578125,1932.2518310546875,1717.2188720703125,1713.283935546875
2020-06-26 00:00:00+07:00,4755.5927734375,1913.308349609375,1708.67529296875,1724.580078125
2020-06-29 00:00:00+07:00,4780.8662109375,1919.622802734375,1688.1715087890625,1728.3458251953125
2020-06-30 00:00:00+07:00,4797.71484375,1913.308349609375,1691.5889892578125,1724.580078125
2020-07-01 00:00:00+07:00,4886.171875,1932.2518310546875,1705.258056640625,1709.518310546875
2020-07-02 00:00:00+07:00,4945.142578125,1932.2518310546875,1708.67529296875,1728.3458251953125
2020-07-03 00:00:00+07:00,4945.142578125,1925.9376220703125,1708.67529296875,1717.04931640625
2020-07-06 00:00:00+07:00,4999.90234375,1919.622802734375,1734.3055419921875,1735.8765869140625
2020-07-07 00:00:00+07:00,5046.2353515625,1913.308349609375,1725.76220703125,1732.111083984375
2020-07-08 00:00:00+07:00,5223.1494140625,2014.3411865234375,1802.65283203125,1807.420166015625
2020-07-09 00:00:00+07:00,5138.90478515625,1982.768310546875,1794.1092529296875,1781.0621337890625
2020-07-10 00:00:00+07:00,5223.1494140625,1963.8245849609375,1768.4791259765625,1758.46923828125
2020-07-13 00:00:00+07:00,5202.08837890625,1995.3975830078125,1794.1092529296875,1788.5928955078125
2020-07-14 00:00:00+07:00,5223.1494140625,2001.7122802734375,1811.1959228515625,1777.2967529296875
2020-07-15 00:00:00+07:00,5181.0263671875,1976.4537353515625,1802.65283203125,1773.53125
2020-07-16 00:00:00+07:00,5206.2998046875,1982.768310546875,1802.65283203125,1769.7657470703125
2020-07-17 00:00:00+07:00,5155.75341796875,1957.5103759765625,1768.4791259765625,1758.46923828125
2020-07-20 00:00:00+07:00,5172.60205078125,1925.9376220703125,1742.848876953125,1709.518310546875
2020-07-21 00:00:00+07:00,5223.1494140625,1989.0828857421875,1811.1959228515625,1762.234619140625
2020-07-22 00:00:00+07:00,5206.2998046875,1957.5103759765625,1853.9129638671875,1758.46923828125
2020-07-23 00:00:00+07:00,5223.1494140625,1982.768310546875,1947.889892578125,1773.53125
2020-07-24 00:00:00+07:00,5138.90478515625,1951.19580078125,1913.7164306640625,1735.8765869140625
2020-07-27 00:00:00+07:00,5138.90478515625,1989.0828857421875,2007.69384765625,1750.938232421875
2020-07-28 00:00:00+07:00,5210.51220703125,1982.768310546875,1999.1502685546875,1762.234619140625
2020-07-29 00:00:00+07:00,5168.3896484375,1970.139404296875,1947.889892578125,1728.3458251953125
2020-07-30 00:00:00+07:00,5256.8466796875,1995.3975830078125,1982.063720703125,1732.111083984375
2020-08-03 00:00:00+07:00,5164.17822265625,1888.05029296875,1879.5430908203125,1671.86376953125
2020-08-04 00:00:00+07:00,5231.5732421875,1944.8812255859375,1905.173095703125,1717.04931640625
2020-08-05 00:00:00+07:00,5227.36181640625,1944.8812255859375,1947.889892578125,1743.40771484375
2020-08-06 00:00:00+07:00,5273.69580078125,1963.8245849609375,1973.5201416015625,1747.1728515625
2020-08-07 00:00:00+07:00,5206.2998046875,1963.8245849609375,1982.063720703125,1739.64208984375
2020-08-10 00:00:00+07:00,5155.75341796875,1976.4537353515625,1982.063720703125,1739.64208984375
2020-08-11 00:00:00+07:00,5202.08837890625,2014.3411865234375,2041.8671875,1799.8892822265625
2020-08-12 00:00:00+07:00,5273.69580078125,2115.373779296875,2101.671142578125,1929.7974853515625
2020-08-13 00:00:00+07:00,5307.392578125,2102.74462890625,2067.4970703125,1910.9703369140625
2020-08-14 00:00:00+07:00,5395.85009765625,2109.059326171875,2058.9541015625,1882.7294921875
2020-08-18 00:00:00+07:00,5357.93994140625,2222.7216796875,2101.671142578125,1901.556884765625
2020-08-19 00:00:00+07:00,5332.66650390625,2247.979736328125,2084.584228515625,1901.556884765625
2020-08-24 00:00:00+07:00,5320.03125,2298.495849609375,2050.41064453125,1920.3839111328125
2020-08-25 00:00:00+07:00,5362.15185546875,2399.528564453125,2135.844482421875,1986.2796630859375
2020-08-26 00:00:00+07:00,5341.0908203125,2361.64111328125,2170.017822265625,2005.1070556640625
2020-08-27 00:00:00+07:00,5560.12548828125,2336.38330078125,2152.930908203125,1995.6932373046875
2020-08-28 00:00:00+07:00,5471.67041015625,2330.06884765625,2127.301025390625,1976.8658447265625
2020-08-31 00:00:00+07:00,5286.33203125,2216.40673828125,2033.3238525390625,1920.3839111328125
2020-09-01 00:00:00+07:00,5492.73095703125,2279.55224609375,2093.12744140625,1948.6251220703125
2020-09-02 00:00:00+07:00,5421.1240234375,2311.125,2076.040771484375,1967.4522705078125
2020-09-03 00:00:00+07:00,5475.88232421875,2260.6083984375,2041.8671875,2014.5203857421875
2020-09-04 00:00:00+07:00,5374.7890625,2241.6650390625,2024.7802734375,1967.4522705078125
2020-09-07 00:00:00+07:00,5294.7568359375,2216.40673828125,1999.1502685546875,1976.8658447265625
2020-09-08 00:00:00+07:00,5336.87841796875,2222.7216796875,2041.8671875,1976.8658447265625
2020-09-09 00:00:00+07:00,5261.05908203125,2153.261474609375,1973.5201416015625,1892.1431884765625
2020-09-10 00:00:00+07:00,4894.5966796875,2008.0267333984375,1836.8260498046875,1762.234619140625
2020-09-11 00:00:00+07:00,4974.6279296875,2052.228759765625,1870.9998779296875,1833.77880859375
2020-09-14 00:00:00+07:00,5096.783203125,2172.204833984375,1964.97705078125,1901.556884765625
2020-09-15 00:00:00+07:00,4936.71826171875,2102.74462890625,1939.3468017578125,1860.1368408203125
2020-09-16 00:00:00+07:00,4844.04931640625,2058.543212890625,1930.8033447265625,1833.77880859375
2020-09-17 00:00:00+07:00,4848.26171875,2020.6556396484375,1905.173095703125,1777.2967529296875
2020-09-18 00:00:00+07:00,4742.95654296875,2033.2845458984375,1905.173095703125,1784.8275146484375
2020-09-21 00:00:00+07:00,4721.89501953125,2014.3411865234375,1870.9998779296875,1728.3458251953125
2020-09-22 00:00:00+07:00,4591.31640625,1976.4537353515625,1811.1959228515625,1709.518310546875
2020-09-23 00:00:00+07:00,4637.650390625,1944.8812255859375,1777.022705078125,1664.332763671875
2020-09-24 00:00:00+07:00,4587.10498046875,1913.308349609375,1734.3055419921875,1630.4437255859375
2020-09-25 00:00:00+07:00,4726.10693359375,1995.3975830078125,1828.2825927734375,1732.111083984375
2020-09-28 00:00:00+07:00,4646.0751953125,1951.19580078125,1759.935791015625,1709.518310546875
2020-09-29 00:00:00+07:00,4637.650390625,1919.622802734375,1734.3055419921875,1698.2218017578125
2020-09-30 00:00:00+07:00,4566.04296875,1919.622802734375,1695.00634765625,1671.86376953125
2020-10-01 00:00:00+07:00,4692.4091796875,1995.3975830078125,1777.022705078125,1720.8148193359375
2020-10-02 00:00:00+07:00,4637.650390625,1957.5103759765625,1777.022705078125,1698.2218017578125
2020-10-05 00:00:00+07:00,4650.28759765625,1995.3975830078125,1828.2825927734375,1739.64208984375
2020-10-06 00:00:00+07:00,4801.9267578125,2014.3411865234375,1879.5430908203125,1758.46923828125
2020-10-07 00:00:00+07:00,4848.26171875,1970.139404296875,1896.6300048828125,1758.46923828125
2020-10-08 00:00:00+07:00,4869.3232421875,1989.0828857421875,1862.4564208984375,1758.46923828125
2020-10-09 00:00:00+07:00,4865.10986328125,1989.0828857421875,1896.6300048828125,1747.1728515625
2020-10-12 00:00:00+07:00,4932.505859375,2014.3411865234375,1922.260009765625,1758.46923828125
2020-10-13 00:00:00+07:00,4932.505859375,2071.171875,1939.3468017578125,1792.3585205078125
2020-10-14 00:00:00+07:00,4970.416015625,2121.6884765625,1973.5201416015625,1863.902099609375
2020-10-15 00:00:00+07:00,4873.53515625,2090.11572265625,1913.7164306640625,1799.8892822265625
2020-10-16 00:00:00+07:00,4852.4736328125,2052.228759765625,1905.173095703125,1811.1856689453125
2020-10-19 00:00:00+07:00,4970.416015625,2071.171875,1947.889892578125,1841.309326171875
2020-10-20 00:00:00+07:00,4890.3837890625,2052.228759765625,1930.8033447265625,1811.1856689453125
2020-10-21 00:00:00+07:00,4869.3232421875,2045.913818359375,1888.086181640625,1837.5439453125
2020-10-22 00:00:00+07:00,4886.171875,2083.801513671875,1862.4564208984375,1830.01318359375
2020-10-23 00:00:00+07:00,4860.89794921875,2077.48681640625,1896.6300048828125,1826.2476806640625
2020-10-26 00:00:00+07:00,4898.8076171875,2109.059326171875,1973.5201416015625,1826.2476806640625
2020-10-27 00:00:00+07:00,4877.7470703125,2121.6884765625,1973.5201416015625,1784.8275146484375
2020-11-02 00:00:00+07:00,4903.02099609375,2134.317626953125,2041.8671875,1754.7039794921875
2020-11-03 00:00:00+07:00,4961.99169921875,2134.317626953125,2050.41064453125,1758.46923828125
2020-11-04 00:00:00+07:00,4903.02099609375,2077.48681640625,1947.889892578125,1739.64208984375
2020-11-05 00:00:00+07:00,5181.0263671875,2203.77734375,2041.8671875,1818.7166748046875
2020-11-06 00:00:00+07:00,5307.392578125,2247.979736328125,2067.4970703125,1867.66748046875
2020-11-09 00:00:00+07:00,5294.7568359375,2330.06884765625,2101.671142578125,1920.3839111328125
2020-11-10 00:00:00+07:00,5459.03271484375,2525.819580078125,2178.5615234375,2005.1070556640625
2020-11-11 00:00:00+07:00,5509.58056640625,2601.594482421875,2178.5615234375,2061.5888671875
2020-11-12 00:00:00+07:00,5408.486328125,2494.2470703125,2110.214111328125,2023.9342041015625
2020-11-13 00:00:00+07:00,5383.21337890625,2525.819580078125,2135.844482421875,2127.484375
2020-11-16 00:00:00+07:00,5459.03271484375,2500.5615234375,2118.7578125,2136.897705078125
2020-11-17 00:00:00+07:00,5518.00341796875,2500.5615234375,2135.844482421875,2165.138916015625
2020-11-18 00:00:00+07:00,5534.8525390625,2551.077880859375,2170.017822265625,2155.725341796875
2020-11-19 00:00:00+07:00,5572.763671875,2551.077880859375,2161.474365234375,2165.138916015625
2020-11-20 00:00:00+07:00,5560.12548828125,2538.44921875,2152.930908203125,2136.897705078125
2020-11-23 00:00:00+07:00,5560.12548828125,2576.3359375,2187.1044921875,2221.62060546875
2020-11-24 00:00:00+07:00,5530.640625,2652.11083984375,2195.648193359375,2240.4482421875
2020-11-25 00:00:00+07:00,5400.0615234375,2727.885498046875,2229.8212890625,2278.1025390625
2020-11-26 00:00:00+07:00,5459.03271484375,2708.941650390625,2298.168701171875,2372.2392578125
2020-11-27 00:00:00+07:00,5379.0009765625,2696.312744140625,2272.538330078125,2391.066162109375
2020-11-30 00:00:00+07:00,5227.36181640625,2582.650634765625,2161.474365234375,2259.275634765625
2020-12-01 00:00:00+07:00,5387.42626953125,2677.368896484375,2229.8212890625,2353.411865234375
2020-12-02 00:00:00+07:00,5433.759765625,2715.256103515625,2272.538330078125,2391.066162109375
2020-12-03 00:00:00+07:00,5442.1845703125,2778.40185546875,2246.908203125,2391.066162109375
2020-12-04 00:00:00+07:00,5383.21337890625,2715.256103515625,2255.45166015625,2391.066162109375
2020-12-07 00:00:00+07:00,5492.73095703125,2778.40185546875,2289.625244140625,2504.030517578125
2020-12-08 00:00:00+07:00,5484.01904296875,2778.40185546875,2281.081787109375,2504.030517578125
2020-12-10 00:00:00+07:00,5555.8447265625,2734.199951171875,2323.798583984375,2485.202880859375
2020-12-11 00:00:00+07:00,5691.0439453125,2702.626953125,2315.255615234375,2475.789306640625
2020-12-14 00:00:00+07:00,5762.8681640625,2702.626953125,2298.168701171875,2475.789306640625
2020-12-15 00:00:00+07:00,5737.51806640625,2702.626953125,2289.625244140625,2447.54833984375
2020-12-16 00:00:00+07:00,5872.7177734375,2727.885498046875,2315.255615234375,2513.44384765625
2020-12-17 00:00:00+07:00,5860.04248046875,2734.199951171875,2349.4287109375,2513.44384765625
2020-12-18 00:00:00+07:00,5745.9677734375,2702.626953125,2289.625244140625,2504.030517578125
2020-12-21 00:00:00+07:00,5771.31787109375,2658.42529296875,2289.625244140625,2485.202880859375
2020-12-22 00:00:00+07:00,5674.1435546875,2607.908935546875,2187.1044921875,2372.2392578125
2020-12-23 00:00:00+07:00,5682.59375,2626.8525390625,2170.017822265625,2353.411865234375
2020-12-28 00:00:00+07:00,5729.068359375,2683.68359375,2229.8212890625,2428.720947265625
2020-12-29 00:00:00+07:00,5716.3935546875,2639.481689453125,2195.648193359375,2372.2392578125
2020-12-30 00:00:00+07:00,5720.6181640625,2633.1669921875,2161.474365234375,2325.170654296875
2021-01-04 00:00:00+07:00,5775.54296875,2721.571044921875,2221.2783203125,2400.47998046875
2021-01-05 00:00:00+07:00,5991.01708984375,2696.312744140625,2195.648193359375,2447.54833984375
2021-01-06 00:00:00+07:00,5868.49267578125,2652.11083984375,2195.648193359375,2409.893798828125
2021-01-07 00:00:00+07:00,5885.39208984375,2702.626953125,2212.73486328125,2419.30712890625
2021-01-08 00:00:00+07:00,5957.216796875,2772.0869140625,2238.364990234375,2438.134765625
2021-01-11 00:00:00+07:00,6206.4912109375,2936.26513671875,2340.88525390625,2456.961669921875
2021-01-12 00:00:00+07:00,6050.1669921875,2980.467529296875,2375.05908203125,2447.54833984375
2021-01-13 00:00:00+07:00,6016.36669921875,3024.669189453125,2366.515380859375,2456.961669921875
2021-01-14 00:00:00+07:00,5931.86669921875,3012.040283203125,2340.88525390625,2428.720947265625
2021-01-15 00:00:00+07:00,5876.9423828125,2892.0634765625,2298.168701171875,2381.65283203125
2021-01-18 00:00:00+07:00,6016.36669921875,2917.32177734375,2366.515380859375,2372.2392578125
2021-01-19 00:00:00+07:00,5995.24169921875,2917.32177734375,2383.6025390625,2343.998291015625
2021-01-20 00:00:00+07:00,5995.24169921875,3087.814697265625,2520.29638671875,2419.30712890625
2021-01-21 00:00:00+07:00,5978.34228515625,3024.669189453125,2477.57958984375,2419.30712890625
2021-01-22 00:00:00+07:00,5982.56689453125,2980.467529296875,2460.49267578125,2362.82568359375
2021-01-25 00:00:00+07:00,5944.54248046875,3018.3544921875,2494.66650390625,2343.998291015625
2021-01-26 00:00:00+07:00,5762.8681640625,2936.26513671875,2520.29638671875,2287.516357421875
2021-01-27 00:00:00+07:00,5737.51806640625,2917.32177734375,2494.66650390625,2249.862060546875
2021-01-28 00:00:00+07:00,5830.46728515625,2822.603759765625,2409.232421875,2174.55224609375
2021-01-29 00:00:00+07:00,5712.16796875,2639.481689453125,2246.908203125,2089.829833984375
2021-02-01 00:00:00+07:00,5762.8681640625,2778.40185546875,2289.625244140625,2202.79345703125
2021-02-02 00:00:00+07:00,5745.9677734375,2753.1435546875,2212.73486328125,2221.62060546875
2021-02-03 00:00:00+07:00,5767.0927734375,2765.772705078125,2221.2783203125,2372.2392578125
2021-02-04 00:00:00+07:00,5792.44287109375,2835.232666015625,2246.908203125,2362.82568359375
2021-02-05 00:00:00+07:00,5843.142578125,2822.603759765625,2238.364990234375,2372.2392578125
2021-02-08 00:00:00+07:00,5847.3681640625,2816.2890625,2246.908203125,2372.2392578125
2021-02-09 00:00:00+07:00,5898.0673828125,2917.32177734375,2221.2783203125,2343.998291015625
2021-02-10 00:00:00+07:00,5847.3681640625,2936.26513671875,2221.2783203125,2334.58447265625
2021-02-11 00:00:00+07:00,5813.568359375,2955.209228515625,2221.2783203125,2334.58447265625
2021-02-15 00:00:00+07:00,5745.9677734375,2974.153076171875,2221.2783203125,2343.998291015625
2021-02-16 00:00:00+07:00,5864.267578125,2948.894775390625,2212.73486328125,2391.066162109375
2021-02-17 00:00:00+07:00,5830.46728515625,2923.63623046875,2170.017822265625,2315.757568359375
2021-02-18 00:00:00+07:00,5691.0439453125,2948.894775390625,2135.844482421875,2268.68896484375
2021-02-19 00:00:00+07:00,5767.0927734375,3024.669189453125,2178.5615234375,2259.275634765625
2021-02-22 00:00:00+07:00,5737.51806640625,3024.669189453125,2178.5615234375,2231.034423828125
2021-02-23 00:00:00+07:00,5767.0927734375,3024.669189453125,2161.474365234375,2240.4482421875
2021-02-24 00:00:00+07:00,5682.59375,2986.78173828125,2178.5615234375,2287.516357421875
2021-02-25 00:00:00+07:00,5665.69384765625,2986.78173828125,2144.3876953125,2287.516357421875
2021-02-26 00:00:00+07:00,5669.91748046875,2974.153076171875,2101.671142578125,2240.4482421875
2021-03-01 00:00:00+07:00,5952.99169921875,3049.9267578125,2246.908203125,2343.998291015625
2021-03-02 00:00:00+07:00,5927.64208984375,3030.983642578125,2255.45166015625,2315.757568359375
2021-03-03 00:00:00+07:00,5914.96728515625,3062.556396484375,2255.45166015625,2268.68896484375
2021-03-04 00:00:00+07:00,5678.36767578125,3005.725341796875,2238.364990234375,2259.275634765625
2021-03-05 00:00:00+07:00,5745.9677734375,3012.040283203125,2212.73486328125,2259.275634765625
2021-03-08 00:00:00+07:00,5678.36767578125,2986.78173828125,2195.648193359375,2259.275634765625
2021-03-09 00:00:00+07:00,5581.1943359375,2892.0634765625,2195.648193359375,2249.862060546875
2021-03-10 00:00:00+07:00,5665.69384765625,2923.63623046875,2221.2783203125,2278.1025390625
2021-03-12 00:00:00+07:00,5716.3935546875,2892.0634765625,2298.168701171875,2315.757568359375
2021-03-15 00:00:00+07:00,5631.8935546875,2885.748779296875,2272.538330078125,2381.65283203125
2021-03-16 00:00:00+07:00,5598.09423828125,2980.467529296875,2238.364990234375,2343.998291015625
2021-03-17 00:00:00+07:00,5585.419921875,2948.894775390625,2229.8212890625,2296.929931640625
2021-03-18 00:00:00+07:00,5665.69384765625,3005.725341796875,2323.798583984375,2362.82568359375
2021-03-19 00:00:00+07:00,5712.16796875,2948.894775390625,2315.255615234375,2315.757568359375
2021-03-22 00:00:00+07:00,5593.86865234375,2923.63623046875,2263.9951171875,2296.929931640625
2021-03-23 00:00:00+07:00,5547.39404296875,2948.894775390625,2281.081787109375,2296.929931640625
2021-03-24 00:00:00+07:00,5441.76953125,2948.894775390625,2270.575927734375,2240.4482421875
2021-03-25 00:00:00+07:00,5382.62109375,2917.32177734375,2261.7412109375,2221.62060546875
2021-03-26 00:00:00+07:00,5420.64501953125,2980.467529296875,2270.575927734375,2278.1025390625
2021-03-29 00:00:00+07:00,5374.17041015625,2980.467529296875,2252.906005859375,2278.1025390625
2021-03-30 00:00:00+07:00,5403.74560546875,2841.547119140625,2235.236328125,2183.96630859375
2021-03-31 00:00:00+07:00,5251.64599609375,2778.40185546875,2173.391845703125,2155.725341796875
2021-04-01 00:00:00+07:00,5260.09619140625,2708.941650390625,2191.061767578125,2136.897705078125
2021-04-05 00:00:00+07:00,5200.94580078125,2652.11083984375,2199.896240234375,2165.138916015625
2021-04-06 00:00:00+07:00,5209.39599609375,2716.071533203125,2217.56640625,2193.3798828125
2021-04-07 00:00:00+07:00,5281.220703125,2716.071533203125,2235.236328125,2174.55224609375
2021-04-08 00:00:00+07:00,5256.71533203125,2813.07373046875,2217.56640625,2200.742431640625
2021-04-09 00:00:00+07:00,5312.41015625,2813.07373046875,2288.245849609375,2276.630126953125
2021-04-12 00:00:00+07:00,5196.736328125,2722.537841796875,2226.401123046875,2219.714111328125
2021-04-13 00:00:00+07:00,5141.04150390625,2690.2041015625,2226.401123046875,2200.742431640625
2021-04-14 00:00:00+07:00,5402.37841796875,2813.07373046875,2235.236328125,2238.686279296875
2021-04-15 00:00:00+07:00,5380.9560546875,2851.875,2226.401123046875,2267.144287109375
2021-04-16 00:00:00+07:00,5376.67236328125,2806.607177734375,2226.401123046875,2257.657958984375
2021-04-19 00:00:00+07:00,5372.38818359375,2832.474609375,2199.896240234375,2229.2001953125
2021-04-20 00:00:00+07:00,5342.3984375,2787.20703125,2191.061767578125,2248.172119140625
2021-04-21 00:00:00+07:00,5282.419921875,2735.47216796875,2164.556884765625,2191.25634765625
2021-04-22 00:00:00+07:00,5325.26171875,2716.071533203125,2164.556884765625,2153.312255859375
2021-04-23 00:00:00+07:00,5475.20947265625,2748.4052734375,2173.391845703125,2191.25634765625
2021-04-26 00:00:00+07:00,5385.2412109375,2677.270263671875,2111.547119140625,2172.284423828125
2021-04-27 00:00:00+07:00,5488.0615234375,2696.670654296875,2138.0517578125,2238.686279296875
2021-04-28 00:00:00+07:00,5415.22998046875,2670.803466796875,2191.061767578125,2210.228515625
2021-04-29 00:00:00+07:00,5492.34619140625,2690.2041015625,2199.896240234375,2229.2001953125
2021-04-30 00:00:00+07:00,5488.0615234375,2619.069091796875,2182.2265625,2162.798583984375
2021-05-03 00:00:00+07:00,5475.20947265625,2593.201904296875,2138.0517578125,2115.368896484375
2021-05-04 00:00:00+07:00,5483.77783203125,2625.53564453125,2155.721923828125,2134.340576171875
2021-05-05 00:00:00+07:00,5505.19775390625,2644.93603515625,2138.0517578125,2153.312255859375
2021-05-06 00:00:00+07:00,5505.19775390625,2657.869873046875,2146.88720703125,2162.798583984375
2021-05-07 00:00:00+07:00,5483.77783203125,2619.069091796875,2102.71240234375,2124.85498046875
2021-05-10 00:00:00+07:00,5500.91357421875,2619.069091796875,2111.547119140625,2115.368896484375
2021-05-11 00:00:00+07:00,5552.3251953125,2580.267822265625,2085.04248046875,2096.396728515625
2021-05-17 00:00:00+07:00,5569.46142578125,2522.06640625,2093.877197265625,2086.910888671875
2021-05-18 00:00:00+07:00,5475.20947265625,2522.06640625,2085.04248046875,2067.93896484375
2021-05-19 00:00:00+07:00,5436.65185546875,2502.665771484375,2005.5279541015625,1992.05126953125
2021-05-20 00:00:00+07:00,5466.640625,2509.1328125,1996.693115234375,1992.05126953125
2021-05-21 00:00:00+07:00,5449.50341796875,2515.599609375,2058.537841796875,2020.5093994140625
2021-05-24 00:00:00+07:00,5419.51513671875,2612.60205078125,2032.032958984375,2011.0233154296875
2021-05-25 00:00:00+07:00,5445.22021484375,2625.53564453125,2085.04248046875,2020.5093994140625
2021-05-27 00:00:00+07:00,5372.38818359375,2554.400390625,2032.032958984375,1954.107666015625
2021-05-28 00:00:00+07:00,5432.36669921875,2632.002197265625,2049.70263671875,1973.0792236328125
2021-05-31 00:00:00+07:00,5462.35693359375,2754.87255859375,2120.382080078125,2048.966796875
2021-06-02 00:00:00+07:00,5539.47216796875,2754.87255859375,2155.721923828125,2105.8828125
2021-06-03 00:00:00+07:00,5655.1455078125,2819.540771484375,2208.7314453125,2181.7705078125
2021-06-04 00:00:00+07:00,5638.0087890625,2806.607177734375,2164.556884765625,2134.340576171875
2021-06-07 00:00:00+07:00,5595.1669921875,2748.4052734375,2164.556884765625,2096.396728515625
2021-06-08 00:00:00+07:00,5509.4833984375,2716.071533203125,2120.382080078125,2096.396728515625
2021-06-09 00:00:00+07:00,5595.1669921875,2729.00537109375,2173.391845703125,2134.340576171875
2021-06-10 00:00:00+07:00,5672.2822265625,2780.740234375,2191.061767578125,2153.312255859375
2021-06-11 00:00:00+07:00,5543.7568359375,2767.8056640625,2217.56640625,2153.312255859375
2021-06-14 00:00:00+07:00,5492.34619140625,2813.07373046875,2217.56640625,2105.8828125
2021-06-15 00:00:00+07:00,5543.7568359375,2735.47216796875,2235.236328125,2096.396728515625
2021-06-16 00:00:00+07:00,5470.9248046875,2593.201904296875,2217.56640625,2039.48095703125
2021-06-17 00:00:00+07:00,5423.798828125,2606.135498046875,2191.061767578125,1992.05126953125
2021-06-18 00:00:00+07:00,5419.51513671875,2528.533203125,2191.061767578125,1874.4254150390625
2021-06-21 00:00:00+07:00,5355.251953125,2547.933349609375,2129.21728515625,1885.80859375
2021-06-22 00:00:00+07:00,5432.36669921875,2612.60205078125,2182.2265625,1878.2196044921875
2021-06-23 00:00:00+07:00,5338.115234375,2547.933349609375,2129.21728515625,1840.27587890625
2021-06-24 00:00:00+07:00,5320.97802734375,2580.267822265625,2111.547119140625,1828.8927001953125
2021-06-25 00:00:00+07:00,5303.841796875,2580.267822265625,2085.04248046875,1806.1265869140625
2021-06-28 00:00:00+07:00,5188.16748046875,2541.466796875,2014.36328125,1737.82763671875
2021-06-29 00:00:00+07:00,5179.59912109375,2522.06640625,2040.8677978515625,1737.82763671875
2021-06-30 00:00:00+07:00,5162.46240234375,2547.933349609375,2085.04248046875,1756.799560546875
2021-07-01 00:00:00+07:00,5162.46240234375,2547.933349609375,2111.547119140625,1783.360107421875
2021-07-02 00:00:00+07:00,5226.7255859375,2580.267822265625,2102.71240234375,1832.687255859375
2021-07-05 00:00:00+07:00,5235.2939453125,2522.06640625,2067.37255859375,1790.9490966796875
2021-07-06 00:00:00+07:00,5188.16748046875,2515.599609375,2040.8677978515625,1787.1544189453125
2021-07-07 00:00:00+07:00,5196.736328125,2470.331298828125,2032.032958984375,1794.7432861328125
2021-07-08 00:00:00+07:00,5153.89404296875,2502.665771484375,2085.04248046875,1806.1265869140625
2021-07-09 00:00:00+07:00,5158.177734375,2457.398193359375,2040.8677978515625,1760.5938720703125
2021-07-12 00:00:00+07:00,5286.705078125,2431.53076171875,2049.70263671875,1783.360107421875
2021-07-13 00:00:00+07:00,5179.59912109375,2444.46435546875,2040.8677978515625,1771.9769287109375
2021-07-14 00:00:00+07:00,5132.4736328125,2399.196044921875,2014.36328125,1737.82763671875
2021-07-15 00:00:00+07:00,5239.578125,2463.86474609375,2076.207763671875,1790.9490966796875
2021-07-16 00:00:00+07:00,5235.2939453125,2483.26513671875,2076.207763671875,1825.098388671875
2021-07-19 00:00:00+07:00,5145.32568359375,2444.46435546875,2032.032958984375,1828.8927001953125
2021-07-21 00:00:00+07:00,5149.6103515625,2470.331298828125,2093.877197265625,1859.248046875
2021-07-22 00:00:00+07:00,5273.8525390625,2522.06640625,2138.0517578125,1954.107666015625
2021-07-23 00:00:00+07:00,5171.03076171875,2502.665771484375,2111.547119140625,1925.649658203125
2021-07-26 00:00:00+07:00,5145.32568359375,2476.79833984375,2049.70263671875,1916.1636962890625
2021-07-27 00:00:00+07:00,5145.32568359375,2457.398193359375,2058.537841796875,1906.6776123046875
2021-07-28 00:00:00+07:00,5123.90478515625,2412.130126953125,2085.04248046875,1882.0140380859375
2021-07-29 00:00:00+07:00,5175.31494140625,2437.99755859375,2032.032958984375,1870.6309814453125
2021-07-30 00:00:00+07:00,5115.33642578125,2399.196044921875,2014.36328125,1813.715087890625
2021-08-02 00:00:00+07:00,5106.76806640625,2418.596923828125,2005.5279541015625,1828.8927001953125
2021-08-03 00:00:00+07:00,5265.28369140625,2425.0634765625,2040.8677978515625,1878.2196044921875
2021-08-04 00:00:00+07:00,5243.86181640625,2489.73193359375,2058.537841796875,1916.1636962890625
2021-08-05 00:00:00+07:00,5398.09326171875,2619.069091796875,2138.0517578125,1973.0792236328125
2021-08-06 00:00:00+07:00,5278.13623046875,2541.466796875,2111.547119140625,1944.6214599609375
2021-08-09 00:00:00+07:00,5312.41015625,2489.73193359375,2049.70263671875,1889.60302734375
2021-08-10 00:00:00+07:00,5398.09326171875,2470.331298828125,2049.70263671875,1893.397216796875
2021-08-12 00:00:00+07:00,5398.09326171875,2463.86474609375,2093.877197265625,1925.649658203125
2021-08-13 00:00:00+07:00,5492.34619140625,2502.665771484375,2120.382080078125,1935.135498046875
2021-08-16 00:00:00+07:00,5500.91357421875,2541.466796875,2111.547119140625,1954.107666015625
2021-08-18 00:00:00+07:00,5655.1455078125,2632.002197265625,2138.0517578125,2058.453125
2021-08-19 00:00:00+07:00,5655.1455078125,2509.1328125,2067.37255859375,2011.0233154296875
2021-08-20 00:00:00+07:00,5655.1455078125,2541.466796875,2085.04248046875,2058.453125
2021-08-23 00:00:00+07:00,5646.5771484375,2560.866943359375,2111.547119140625,2029.994873046875
2021-08-24 00:00:00+07:00,5655.1455078125,2515.599609375,2058.537841796875,2020.5093994140625
2021-08-25 00:00:00+07:00,5655.1455078125,2515.599609375,2102.71240234375,1992.05126953125
2021-08-26 00:00:00+07:00,5620.8720703125,2502.665771484375,2058.537841796875,1982.5653076171875
2021-08-27 00:00:00+07:00,5578.0302734375,2483.26513671875,2049.70263671875,2011.0233154296875
2021-08-30 00:00:00+07:00,5625.15576171875,2547.933349609375,2102.71240234375,2048.966796875
2021-08-31 00:00:00+07:00,5612.3037109375,2541.466796875,2155.721923828125,2048.966796875
2021-09-01 00:00:00+07:00,5625.15576171875,2515.599609375,2120.382080078125,2020.5093994140625
2021-09-02 00:00:00+07:00,5603.73583984375,2502.665771484375,2138.0517578125,1992.05126953125
2021-09-03 00:00:00+07:00,5655.1455078125,2541.466796875,2164.556884765625,2067.93896484375
2021-09-06 00:00:00+07:00,5633.724609375,2489.73193359375,2191.061767578125,2067.93896484375
2021-09-07 00:00:00+07:00,5629.43994140625,2528.533203125,2208.7314453125,2048.966796875
2021-09-08 00:00:00+07:00,5518.05029296875,2653.388671875,2208.7314453125,2020.5093994140625
2021-09-09 00:00:00+07:00,5629.43994140625,2653.388671875,2244.0712890625,2048.966796875
2021-09-10 00:00:00+07:00,5586.59912109375,2688.957275390625,2191.061767578125,2067.93896484375
2021-09-13 00:00:00+07:00,5616.587890625,2632.0478515625,2173.391845703125,2048.966796875
2021-09-14 00:00:00+07:00,5608.0185546875,2632.0478515625,2155.721923828125,2048.966796875
2021-09-15 00:00:00+07:00,5565.17822265625,2603.593505859375,2164.556884765625,2029.994873046875
2021-09-16 00:00:00+07:00,5569.46142578125,2589.365966796875,2173.391845703125,2001.537353515625
2021-09-17 00:00:00+07:00,5586.59912109375,2568.025634765625,2138.0517578125,2011.0233154296875
2021-09-20 00:00:00+07:00,5642.29296875,2553.797607421875,2129.21728515625,1954.107666015625
2021-09-21 00:00:00+07:00,5560.8935546875,2539.570556640625,2111.547119140625,1944.6214599609375
2021-09-22 00:00:00+07:00,5616.587890625,2568.025634765625,2146.88720703125,1954.107666015625
2021-09-23 00:00:00+07:00,5638.0087890625,2681.84326171875,2146.88720703125,1944.6214599609375
2021-09-24 00:00:00+07:00,5642.29296875,2717.411376953125,2111.547119140625,1935.135498046875
2021-09-27 00:00:00+07:00,5638.0087890625,2667.6162109375,2085.04248046875,1925.649658203125
2021-09-28 00:00:00+07:00,5586.59912109375,2646.275146484375,2102.71240234375,1916.1636962890625
2021-09-29 00:00:00+07:00,5638.0087890625,2660.502685546875,2120.382080078125,1982.5653076171875
2021-09-30 00:00:00+07:00,5997.88232421875,2738.75244140625,2173.391845703125,2039.48095703125
2021-10-01 00:00:00+07:00,5792.23974609375,2774.320556640625,2155.721923828125,2029.994873046875
2021-10-04 00:00:00+07:00,5963.60888671875,2824.116455078125,2288.245849609375,2162.798583984375
2021-10-05 00:00:00+07:00,5950.755859375,2795.66162109375,2270.575927734375,2162.798583984375
2021-10-06 00:00:00+07:00,6152.11279296875,2930.821044921875,2332.42041015625,2276.630126953125
2021-10-07 00:00:00+07:00,6134.97607421875,2930.821044921875,2367.759765625,2267.144287109375
2021-10-08 00:00:00+07:00,6246.36572265625,2959.275146484375,2438.439453125,2333.5458984375
2021-10-11 00:00:00+07:00,6216.376953125,2973.5029296875,2438.439453125,2428.405517578125
2021-10-12 00:00:00+07:00,6272.0712890625,3001.957275390625,2473.779296875,2428.405517578125
2021-10-13 00:00:00+07:00,6447.72314453125,3044.63916015625,2509.118896484375,2532.750732421875
2021-10-14 00:00:00+07:00,6640.51171875,3023.29833984375,2535.623779296875,2608.638427734375
2021-10-15 00:00:00+07:00,6554.828125,3073.09423828125,2526.788818359375,2561.208984375
2021-10-18 00:00:00+07:00,6447.72314453125,3137.11669921875,2535.623779296875,2684.5263671875
2021-10-19 00:00:00+07:00,6426.30224609375,3130.0029296875,2544.458740234375,2741.442138671875
2021-10-21 00:00:00+07:00,6340.6181640625,3101.548095703125,2535.623779296875,2779.3857421875
2021-10-22 00:00:00+07:00,6447.72314453125,3130.0029296875,2544.458740234375,2826.8154296875
2021-10-25 00:00:00+07:00,6447.72314453125,3058.866455078125,2517.95361328125,2788.871826171875
2021-10-26 00:00:00+07:00,6447.72314453125,3094.43505859375,2535.623779296875,2760.41357421875
2021-10-27 00:00:00+07:00,6383.4599609375,3051.752685546875,2526.788818359375,2684.5263671875
2021-10-28 00:00:00+07:00,6319.197265625,3016.1845703125,2482.614013671875,2675.040283203125
2021-10-29 00:00:00+07:00,6404.880859375,3023.29833984375,2535.623779296875,2656.068115234375
2021-11-01 00:00:00+07:00,6340.6181640625,3009.071044921875,2535.623779296875,2599.15234375
2021-11-02 00:00:00+07:00,6254.9345703125,2994.843994140625,2482.614013671875,2580.1806640625
2021-11-03 00:00:00+07:00,6297.775390625,3051.752685546875,2517.95361328125,2665.554443359375
2021-11-04 00:00:00+07:00,6319.197265625,3023.29833984375,2535.623779296875,2656.068115234375
2021-11-05 00:00:00+07:00,6383.4599609375,3016.1845703125,2509.118896484375,2637.096435546875
2021-11-08 00:00:00+07:00,6490.56494140625,3009.071044921875,2473.779296875,2675.040283203125
2021-11-09 00:00:00+07:00,6576.2490234375,3023.29833984375,2429.604736328125,2675.040283203125
2021-11-10 00:00:00+07:00,6554.828125,3023.29833984375,2526.788818359375,2684.5263671875
2021-11-11 00:00:00+07:00,6576.2490234375,3023.29833984375,2553.293701171875,2665.554443359375
2021-11-12 00:00:00+07:00,6447.72314453125,3001.957275390625,2509.118896484375,2618.12451171875
2021-11-15 00:00:00+07:00,6426.30224609375,2959.275146484375,2491.449462890625,2580.1806640625
2021-11-16 00:00:00+07:00,6404.880859375,2937.9345703125,2553.293701171875,2608.638427734375
2021-11-17 00:00:00+07:00,6512.34521484375,2987.730224609375,2553.293701171875,2656.068115234375
2021-11-18 00:00:00+07:00,6361.8955078125,2973.5029296875,2535.623779296875,2627.610595703125
2021-11-19 00:00:00+07:00,6383.38818359375,3044.63916015625,2562.12841796875,2665.554443359375
2021-11-22 00:00:00+07:00,6426.3740234375,3044.63916015625,2597.468017578125,2722.469970703125
2021-11-23 00:00:00+07:00,6426.3740234375,2994.843994140625,2526.788818359375,2656.068115234375
2021-11-24 00:00:00+07:00,6426.3740234375,2994.843994140625,2526.788818359375,2684.5263671875
2021-11-25 00:00:00+07:00,6383.38818359375,3001.957275390625,2597.468017578125,2722.469970703125
2021-11-26 00:00:00+07:00,6254.4296875,2959.275146484375,2509.118896484375,2608.638427734375
2021-11-29 00:00:00+07:00,6361.8955078125,2966.38916015625,2535.623779296875,2637.096435546875
2021-11-30 00:00:00+07:00,6254.4296875,2909.480224609375,2473.779296875,2580.1806640625
2021-12-01 00:00:00+07:00,6275.92333984375,2902.3662109375,2500.283935546875,2523.26513671875
2021-12-02 00:00:00+07:00,6447.8662109375,2987.730224609375,2544.458740234375,2589.666748046875
2021-12-03 00:00:00+07:00,6340.40283203125,2966.38916015625,2526.788818359375,2551.722900390625
2021-12-06 00:00:00+07:00,6318.91015625,2923.707275390625,2535.623779296875,2599.15234375
2021-12-07 00:00:00+07:00,6318.91015625,3009.071044921875,2579.79833984375,2675.040283203125
2021-12-08 00:00:00+07:00,6383.38818359375,2994.843994140625,2526.788818359375,2599.15234375
2021-12-09 00:00:00+07:00,6318.91015625,2980.61669921875,2597.468017578125,2589.666748046875
2021-12-10 00:00:00+07:00,6340.40283203125,2937.9345703125,2544.458740234375,2570.694580078125
2021-12-13 00:00:00+07:00,6275.92333984375,2959.275146484375,2517.95361328125,2599.15234375
2021-12-14 00:00:00+07:00,6275.92333984375,2937.9345703125,2535.623779296875,2608.638427734375
2021-12-15 00:00:00+07:00,6275.92333984375,2987.730224609375,2570.96337890625,2608.638427734375
2021-12-16 00:00:00+07:00,6254.4296875,2945.04833984375,2562.12841796875,2561.208984375
2021-12-17 00:00:00+07:00,6447.8662109375,2923.707275390625,2526.788818359375,2561.208984375
2021-12-20 00:00:00+07:00,6340.40283203125,2930.821044921875,2500.283935546875,2551.722900390625
2021-12-21 00:00:00+07:00,6340.40283203125,2902.3662109375,2526.788818359375,2542.237060546875
2021-12-22 00:00:00+07:00,6297.41552734375,2881.025634765625,2491.449462890625,2513.77880859375
2021-12-23 00:00:00+07:00,6275.92333984375,2916.593505859375,2500.283935546875,2523.26513671875
2021-12-24 00:00:00+07:00,6275.92333984375,2895.2529296875,2491.449462890625,2551.722900390625
2021-12-27 00:00:00+07:00,6318.91015625,2888.13916015625,2473.779296875,2561.208984375
2021-12-28 00:00:00+07:00,6318.91015625,2909.480224609375,2491.449462890625,2542.237060546875
2021-12-29 00:00:00+07:00,6275.92333984375,2902.3662109375,2509.118896484375,2551.722900390625
2021-12-30 00:00:00+07:00,6275.92333984375,2923.707275390625,2482.614013671875,2561.208984375
2022-01-03 00:00:00+07:00,6297.41552734375,2973.5029296875,2491.449462890625,2551.722900390625
2022-01-04 00:00:00+07:00,6361.8955078125,2959.275146484375,2535.623779296875,2665.554443359375
2022-01-05 00:00:00+07:00,6404.880859375,2994.843994140625,2482.614013671875,2637.096435546875
2022-01-06 00:00:00+07:00,6426.3740234375,2959.275146484375,2482.614013671875,2637.096435546875
2022-01-07 00:00:00+07:00,6576.82421875,2980.61669921875,2491.449462890625,2684.5263671875
2022-01-10 00:00:00+07:00,6533.8388671875,2973.5029296875,2491.449462890625,2675.040283203125
2022-01-11 00:00:00+07:00,6619.81005859375,2952.162109375,2491.449462890625,2665.554443359375
2022-01-12 00:00:00+07:00,6619.81005859375,2959.275146484375,2526.788818359375,2675.040283203125
2022-01-13 00:00:00+07:00,6619.81005859375,2980.61669921875,2517.95361328125,2665.554443359375
2022-01-14 00:00:00+07:00,6748.76806640625,2973.5029296875,2535.623779296875,2694.01220703125
2022-01-17 00:00:00+07:00,6662.79541015625,2994.843994140625,2544.458740234375,2731.956298828125
2022-01-18 00:00:00+07:00,6598.31689453125,2980.61669921875,2562.12841796875,2684.5263671875
2022-01-19 00:00:00+07:00,6598.31689453125,2937.9345703125,2482.614013671875,2694.01220703125
2022-01-20 00:00:00+07:00,6684.28759765625,2937.9345703125,2535.623779296875,2712.98388671875
2022-01-21 00:00:00+07:00,6834.7392578125,2966.38916015625,2579.79833984375,2722.469970703125
2022-01-24 00:00:00+07:00,6705.78125,2930.821044921875,2570.96337890625,2694.01220703125
2022-01-25 00:00:00+07:00,6684.28759765625,2895.2529296875,2553.293701171875,2580.1806640625
2022-01-26 00:00:00+07:00,6619.81005859375,2909.480224609375,2641.642822265625,2703.498291015625
2022-01-27 00:00:00+07:00,6705.78125,2945.04833984375,2668.147705078125,2731.956298828125
2022-01-28 00:00:00+07:00,6684.28759765625,2945.04833984375,2703.4873046875,2845.78759765625
2022-01-31 00:00:00+07:00,6555.33154296875,2895.2529296875,2641.642822265625,2779.3857421875
2022-02-02 00:00:00+07:00,6705.78125,2895.2529296875,2641.642822265625,2798.357666015625
2022-02-03 00:00:00+07:00,6641.30224609375,2937.9345703125,2641.642822265625,2769.89990234375
2022-02-04 00:00:00+07:00,6641.30224609375,2994.843994140625,2641.642822265625,2779.3857421875
2022-02-07 00:00:00+07:00,6705.78125,3130.0029296875,2650.4775390625,2798.357666015625
2022-02-08 00:00:00+07:00,6641.30224609375,3158.45751953125,2694.652587890625,2845.78759765625
2022-02-09 00:00:00+07:00,6834.7392578125,3165.571533203125,2712.322265625,2874.24560546875
2022-02-10 00:00:00+07:00,6662.79541015625,3179.798583984375,2729.991943359375,2912.189697265625
2022-02-11 00:00:00+07:00,6727.27392578125,3165.571533203125,2729.991943359375,2921.675048828125
2022-02-14 00:00:00+07:00,6619.81005859375,3137.11669921875,2756.496826171875,2921.675048828125
2022-02-15 00:00:00+07:00,6770.26025390625,3151.34375,2791.836669921875,3007.048828125
2022-02-16 00:00:00+07:00,6856.23193359375,3144.22998046875,2774.166748046875,3016.534912109375
2022-02-17 00:00:00+07:00,6791.75341796875,3130.0029296875,2774.166748046875,2997.56298828125
2022-02-18 00:00:00+07:00,6813.24609375,3151.34375,2774.166748046875,3026.0205078125
2022-02-21 00:00:00+07:00,6834.7392578125,3194.025634765625,2774.166748046875,2997.56298828125
2022-02-22 00:00:00+07:00,6791.75341796875,3151.34375,2783.001708984375,2940.64697265625
2022-02-23 00:00:00+07:00,6920.71044921875,3186.912109375,2783.001708984375,3007.048828125
2022-02-24 00:00:00+07:00,6877.724609375,3122.889404296875,2721.157470703125,2969.10498046875
2022-02-25 00:00:00+07:00,6920.71044921875,3236.707763671875,2721.157470703125,3035.5068359375
2022-03-01 00:00:00+07:00,6920.71044921875,3293.616943359375,2703.4873046875,3007.048828125
2022-03-02 00:00:00+07:00,6856.23193359375,3243.8212890625,2694.652587890625,2950.133056640625
2022-03-04 00:00:00+07:00,6791.75341796875,3322.0712890625,2703.4873046875,2997.56298828125
2022-03-07 00:00:00+07:00,6619.81005859375,3215.36669921875,2668.147705078125,2931.1611328125
2022-03-08 00:00:00+07:00,6576.82421875,3151.34375,2668.147705078125,2883.7314453125
2022-03-09 00:00:00+07:00,6748.76806640625,3250.9345703125,2694.652587890625,2950.133056640625
2022-03-10 00:00:00+07:00,6813.24609375,3250.9345703125,2712.322265625,2950.133056640625
2022-03-11 00:00:00+07:00,6834.7392578125,3254.079345703125,2703.4873046875,3016.534912109375
2022-03-14 00:00:00+07:00,6942.20263671875,3342.82666015625,2738.826904296875,3073.450439453125
2022-03-15 00:00:00+07:00,7006.681640625,3409.386962890625,2747.661865234375,3063.964599609375
2022-03-16 00:00:00+07:00,7049.6669921875,3438.97021484375,2809.5068359375,3168.310302734375
2022-03-17 00:00:00+07:00,6877.724609375,3438.97021484375,2809.5068359375,3120.88037109375
2022-03-18 00:00:00+07:00,6791.75341796875,3387.201171875,2800.67138671875,3149.337890625
2022-03-21 00:00:00+07:00,6791.75341796875,3394.5966796875,2832.377685546875,3063.964599609375
2022-03-22 00:00:00+07:00,6813.24609375,3431.57470703125,2841.6337890625,3044.992431640625
2022-03-23 00:00:00+07:00,6791.75341796875,3438.97021484375,2878.658203125,3063.964599609375
2022-03-24 00:00:00+07:00,6813.24609375,3498.135009765625,2934.195068359375,3178.465576171875
2022-03-25 00:00:00+07:00,6834.7392578125,3483.344482421875,2906.4267578125,3178.465576171875
2022-03-28 00:00:00+07:00,6895.841796875,3498.135009765625,2915.68310546875,3284.736572265625
2022-03-29 00:00:00+07:00,6852.197265625,3468.552490234375,2934.195068359375,3236.43115234375
2022-03-30 00:00:00+07:00,6874.01904296875,3483.344482421875,2915.68310546875,3246.09228515625
2022-03-31 00:00:00+07:00,6961.30810546875,3446.365478515625,2924.93896484375,3188.126220703125
2022-04-01 00:00:00+07:00,6917.66357421875,3498.135009765625,2915.68310546875,3168.804443359375
2022-04-04 00:00:00+07:00,6895.841796875,3475.9482421875,2897.17041015625,3255.75341796875
2022-04-05 00:00:00+07:00,6895.841796875,3475.9482421875,2897.17041015625,3236.43115234375
2022-04-06 00:00:00+07:00,6764.9072265625,3401.99169921875,2841.6337890625,3149.482421875
2022-04-07 00:00:00+07:00,6764.9072265625,3424.178466796875,2850.89013671875,3207.4482421875
2022-04-08 00:00:00+07:00,6852.197265625,3409.386962890625,2850.89013671875,3255.75341796875
2022-04-11 00:00:00+07:00,6743.08447265625,3379.804931640625,2841.6337890625,3246.09228515625
2022-04-12 00:00:00+07:00,6808.5517578125,3409.386962890625,2850.89013671875,3255.75341796875
2022-04-13 00:00:00+07:00,6808.5517578125,3409.386962890625,2860.14599609375,3265.414306640625
2022-04-14 00:00:00+07:00,6721.26318359375,3357.617919921875,2841.6337890625,3246.09228515625
2022-04-18 00:00:00+07:00,6721.26318359375,3365.013916015625,2823.121826171875,3255.75341796875
2022-04-19 00:00:00+07:00,6655.79638671875,3379.804931640625,2804.609375,3246.09228515625
2022-04-20 00:00:00+07:00,6677.61865234375,3586.88232421875,2906.4267578125,3468.294921875
2022-04-21 00:00:00+07:00,6917.66357421875,3549.904541015625,3073.037109375,3622.871337890625
2022-04-22 00:00:00+07:00,6874.01904296875,3512.92626953125,3063.78125,3613.20947265625
2022-04-25 00:00:00+07:00,6983.13037109375,3579.487060546875,3045.268798828125,3671.176025390625
2022-04-26 00:00:00+07:00,7092.24169921875,3653.443359375,3091.54931640625,3709.81982421875
2022-04-27 00:00:00+07:00,7157.7080078125,3586.88232421875,3045.268798828125,3651.85400390625
2022-04-28 00:00:00+07:00,7092.24169921875,3601.673828125,3313.69677734375,3564.905029296875
2022-05-09 00:00:00+07:00,6633.97412109375,3350.22265625,3082.29345703125,3410.329345703125
2022-05-10 00:00:00+07:00,6568.50634765625,3350.22265625,2998.988037109375,3439.31201171875
2022-05-11 00:00:00+07:00,6677.61865234375,3320.639892578125,2961.9638671875,3391.007080078125
2022-05-12 00:00:00+07:00,6350.283203125,3194.914306640625,2915.68310546875,3168.804443359375
2022-05-13 00:00:00+07:00,6393.927734375,3143.14453125,2887.91455078125,3188.126220703125
2022-05-17 00:00:00+07:00,6459.39599609375,3291.057373046875,2906.4267578125,3265.414306640625
2022-05-18 00:00:00+07:00,6612.1513671875,3291.057373046875,2924.93896484375,3381.345947265625
2022-05-19 00:00:00+07:00,6503.0400390625,3283.662109375,2924.93896484375,3352.36328125
2022-05-20 00:00:00+07:00,6459.39599609375,3276.26611328125,2961.9638671875,3391.007080078125
2022-05-23 00:00:00+07:00,6437.57373046875,3202.309814453125,2915.68310546875,3419.990234375
2022-05-24 00:00:00+07:00,6415.75146484375,3298.453125,2934.195068359375,3506.939208984375
2022-05-25 00:00:00+07:00,6437.57373046875,3217.10107421875,2906.4267578125,3448.97314453125
2022-05-27 00:00:00+07:00,6612.1513671875,3357.617919921875,2998.988037109375,3555.243896484375
2022-05-30 00:00:00+07:00,6612.1513671875,3276.26611328125,3036.0126953125,3555.243896484375
2022-05-31 00:00:00+07:00,6764.9072265625,3424.178466796875,3147.086181640625,3545.582763671875
2022-06-02 00:00:00+07:00,6612.1513671875,3313.243896484375,3036.0126953125,3419.990234375
2022-06-03 00:00:00+07:00,6633.97412109375,3342.82666015625,3036.0126953125,3458.63427734375
2022-06-06 00:00:00+07:00,6503.0400390625,3276.26611328125,3017.500244140625,3439.31201171875
2022-06-07 00:00:00+07:00,6437.57373046875,3254.079345703125,3073.037109375,3439.31201171875
2022-06-08 00:00:00+07:00,6633.97412109375,3305.848876953125,3110.061767578125,3477.9560546875
2022-06-09 00:00:00+07:00,6546.68408203125,3320.639892578125,3119.31787109375,3352.36328125
2022-06-10 00:00:00+07:00,6415.75146484375,3254.079345703125,3026.756591796875,3207.4482421875
2022-06-13 00:00:00+07:00,6415.75146484375,3209.70556640625,2998.988037109375,3188.126220703125
2022-06-14 00:00:00+07:00,6459.39599609375,3224.496337890625,3036.0126953125,3197.787353515625
2022-06-15 00:00:00+07:00,6393.927734375,3291.057373046875,3073.037109375,3197.787353515625
2022-06-16 00:00:00+07:00,6612.1513671875,3276.26611328125,3100.805419921875,3188.126220703125
2022-06-17 00:00:00+07:00,6546.68408203125,3231.892333984375,2989.73193359375,3159.1435546875
2022-06-20 00:00:00+07:00,6655.79638671875,3254.079345703125,3054.52490234375,3139.8212890625
2022-06-21 00:00:00+07:00,6677.61865234375,3239.2880859375,3054.52490234375,3265.414306640625
2022-06-22 00:00:00+07:00,6546.68408203125,3194.914306640625,3017.500244140625,3149.482421875
2022-06-23 00:00:00+07:00,6568.50634765625,3187.5185546875,3017.500244140625,3149.482421875
2022-06-24 00:00:00+07:00,6524.8623046875,3209.70556640625,3073.037109375,3149.482421875
2022-06-27 00:00:00+07:00,6415.75146484375,3165.331298828125,3045.268798828125,3110.83837890625
2022-06-28 00:00:00+07:00,6372.10595703125,3180.122802734375,3008.244140625,3120.49951171875
2022-06-29 00:00:00+07:00,6350.283203125,3091.375244140625,2943.45166015625,3101.17724609375
2022-06-30 00:00:00+07:00,6328.4619140625,3069.188720703125,2934.195068359375,3033.55078125
2022-07-01 00:00:00+07:00,6328.4619140625,3061.79248046875,2813.865234375,3033.55078125
2022-07-04 00:00:00+07:00,6153.88330078125,2987.836181640625,2739.81640625,2956.2626953125
2022-07-05 00:00:00+07:00,6328.4619140625,3024.81494140625,2832.377685546875,2994.906494140625
2022-07-06 00:00:00+07:00,6372.10595703125,3017.4189453125,2786.096923828125,2956.2626953125
2022-07-07 00:00:00+07:00,6197.52783203125,2995.23193359375,2749.072509765625,2936.940673828125
2022-07-08 00:00:00+07:00,6241.1728515625,3106.16650390625,2767.584716796875,2936.940673828125
2022-07-11 00:00:00+07:00,6219.35009765625,3047.00146484375,2767.584716796875,2898.296875
2022-07-12 00:00:00+07:00,6262.9951171875,3039.60595703125,2749.072509765625,2878.974609375
2022-07-13 00:00:00+07:00,6110.2392578125,3002.627685546875,2693.53564453125,2792.02587890625
2022-07-14 00:00:00+07:00,6132.0615234375,3010.023193359375,2693.53564453125,2811.34765625
2022-07-15 00:00:00+07:00,6110.2392578125,3039.60595703125,2656.510986328125,2811.34765625
2022-07-18 00:00:00+07:00,6241.1728515625,3061.79248046875,2721.303955078125,2830.669677734375
2022-07-19 00:00:00+07:00,6262.9951171875,3039.60595703125,2749.072509765625,2821.0087890625
2022-07-20 00:00:00+07:00,6459.39599609375,3180.122802734375,2924.93896484375,2965.923828125
2022-07-21 00:00:00+07:00,6459.39599609375,3187.5185546875,2924.93896484375,2985.24560546875
2022-07-22 00:00:00+07:00,6393.927734375,3157.93603515625,2906.4267578125,2975.58447265625
2022-07-25 00:00:00+07:00,6372.10595703125,3143.14453125,2878.658203125,2936.940673828125
2022-07-26 00:00:00+07:00,6372.10595703125,3202.309814453125,2961.9638671875,2965.923828125
2022-07-27 00:00:00+07:00,6393.927734375,3194.914306640625,2998.988037109375,3004.567626953125
2022-07-28 00:00:00+07:00,6415.75146484375,3224.496337890625,2980.4755859375,3023.889404296875
2022-07-29 00:00:00+07:00,6415.75146484375,3224.496337890625,3063.78125,3033.55078125
2022-08-01 00:00:00+07:00,6546.68408203125,3224.496337890625,2952.707275390625,3072.194580078125
2022-08-02 00:00:00+07:00,6633.97412109375,3254.079345703125,3026.756591796875,3120.49951171875
2022-08-03 00:00:00+07:00,6655.79638671875,3239.2880859375,3054.52490234375,3139.8212890625
2022-08-04 00:00:00+07:00,6808.5517578125,3224.496337890625,3054.52490234375,3091.5166015625
2022-08-05 00:00:00+07:00,6874.01904296875,3224.496337890625,3054.52490234375,3188.126220703125
2022-08-08 00:00:00+07:00,6874.01904296875,3231.892333984375,3091.54931640625,3188.126220703125
2022-08-09 00:00:00+07:00,6895.841796875,3261.474853515625,3137.830078125,3265.414306640625
2022-08-10 00:00:00+07:00,6895.841796875,3187.5185546875,3184.111083984375,3275.0751953125
2022-08-11 00:00:00+07:00,6939.486328125,3217.10107421875,3156.342529296875,3294.397216796875
2022-08-12 00:00:00+07:00,6917.66357421875,3194.914306640625,3137.830078125,3294.397216796875
2022-08-15 00:00:00+07:00,6939.486328125,3180.122802734375,3128.573974609375,3304.05810546875
2022-08-16 00:00:00+07:00,6961.30810546875,3165.331298828125,3156.342529296875,3313.71923828125
2022-08-18 00:00:00+07:00,6983.13037109375,3202.309814453125,3184.111083984375,3342.702392578125
2022-08-19 00:00:00+07:00,6895.841796875,3180.122802734375,3147.086181640625,3284.736572265625
2022-08-22 00:00:00+07:00,6983.13037109375,3157.93603515625,3156.342529296875,3207.4482421875
2022-08-23 00:00:00+07:00,6895.841796875,3180.122802734375,3193.36669921875,3207.4482421875
2022-08-24 00:00:00+07:00,6939.486328125,3172.726806640625,3193.36669921875,3207.4482421875
2022-08-25 00:00:00+07:00,7048.5966796875,3157.93603515625,3174.854736328125,3197.787353515625
2022-08-26 00:00:00+07:00,6983.13037109375,3157.93603515625,3147.086181640625,3207.4482421875
2022-08-29 00:00:00+07:00,7114.06396484375,3143.14453125,3165.5986328125,3168.804443359375
2022-08-30 00:00:00+07:00,7135.88623046875,3150.54052734375,3202.623291015625,3255.75341796875
2022-08-31 00:00:00+07:00,7157.7080078125,3209.70556640625,3276.672119140625,3294.397216796875
2022-09-01 00:00:00+07:00,7114.06396484375,3246.683349609375,3304.440673828125,3294.397216796875
2022-09-02 00:00:00+07:00,7179.53076171875,3291.057373046875,3276.672119140625,3362.024169921875
2022-09-05 00:00:00+07:00,7223.17578125,3394.5966796875,3313.69677734375,3419.990234375
2022-09-06 00:00:00+07:00,7223.17578125,3372.409423828125,3267.416015625,3381.345947265625
2022-09-07 00:00:00+07:00,7310.46533203125,3298.453125,3285.92822265625,3313.71923828125
2022-09-08 00:00:00+07:00,7288.64208984375,3401.99169921875,3313.69677734375,3391.007080078125
2022-09-09 00:00:00+07:00,7310.46533203125,3409.386962890625,3359.97705078125,3400.66796875
2022-09-12 00:00:00+07:00,7310.46533203125,3372.409423828125,3397.001708984375,3400.66796875
2022-09-13 00:00:00+07:00,7441.3974609375,3387.201171875,3498.8193359375,3468.294921875
2022-09-14 00:00:00+07:00,7419.576171875,3387.201171875,3443.28271484375,3439.31201171875
2022-09-15 00:00:00+07:00,7637.798828125,3409.386962890625,3461.794921875,3545.582763671875
2022-09-16 00:00:00+07:00,7375.9306640625,3328.035400390625,3369.233642578125,3458.63427734375
2022-09-19 00:00:00+07:00,7550.51025390625,3379.804931640625,3415.514404296875,3468.294921875
2022-09-20 00:00:00+07:00,7463.220703125,3320.639892578125,3406.258056640625,3468.294921875
2022-09-21 00:00:00+07:00,7397.75390625,3365.013916015625,3434.0263671875,3468.294921875
2022-09-22 00:00:00+07:00,7397.75390625,3372.409423828125,3406.258056640625,3477.9560546875
2022-09-23 00:00:00+07:00,7310.46533203125,3313.243896484375,3406.258056640625,3477.9560546875
2022-09-26 00:00:00+07:00,7354.109375,3357.617919921875,3424.770263671875,3477.9560546875
2022-09-27 00:00:00+07:00,7244.99658203125,3350.22265625,3461.794921875,3477.9560546875
2022-09-28 00:00:00+07:00,7266.81982421875,3342.82666015625,3443.28271484375,3477.9560546875
2022-09-29 00:00:00+07:00,7310.46533203125,3313.243896484375,3424.770263671875,3468.294921875
2022-09-30 00:00:00+07:00,7463.220703125,3320.639892578125,3489.5634765625,3468.294921875
2022-10-03 00:00:00+07:00,7419.576171875,3350.22265625,3434.0263671875,3439.31201171875
2022-10-04 00:00:00+07:00,7463.220703125,3431.57470703125,3415.514404296875,3419.990234375
2022-10-05 00:00:00+07:00,7375.9306640625,3357.617919921875,3434.0263671875,3419.990234375
2022-10-06 00:00:00+07:00,7354.109375,3335.43115234375,3452.538818359375,3439.31201171875
2022-10-07 00:00:00+07:00,7157.7080078125,3283.662109375,3489.5634765625,3391.007080078125
2022-10-10 00:00:00+07:00,7244.99658203125,3231.892333984375,3443.28271484375,3381.345947265625
2022-10-11 00:00:00+07:00,7201.3525390625,3276.26611328125,3443.28271484375,3362.024169921875
2022-10-12 00:00:00+07:00,7266.81982421875,3254.079345703125,3489.5634765625,3342.702392578125
2022-10-13 00:00:00+07:00,7223.17578125,3217.10107421875,3508.07568359375,3381.345947265625
2022-10-14 00:00:00+07:00,7201.3525390625,3157.93603515625,3480.30712890625,3255.75341796875
2022-10-17 00:00:00+07:00,7201.3525390625,3180.122802734375,3498.8193359375,3313.71923828125
2022-10-18 00:00:00+07:00,7244.99658203125,3172.726806640625,3517.33154296875,3352.36328125
2022-10-19 00:00:00+07:00,7223.17578125,3180.122802734375,3508.07568359375,3391.007080078125
2022-10-20 00:00:00+07:00,7419.576171875,3246.683349609375,3665.43017578125,3477.9560546875
2022-10-21 00:00:00+07:00,7550.51025390625,3276.26611328125,3832.04052734375,3477.9560546875
2022-10-24 00:00:00+07:00,7768.73291015625,3328.035400390625,3795.015869140625,3613.20947265625
2022-10-25 00:00:00+07:00,7594.154296875,3394.5966796875,3785.759765625,3642.192626953125
2022-10-26 00:00:00+07:00,7463.220703125,3350.22265625,3776.5029296875,3564.905029296875
2022-10-27 00:00:00+07:00,7594.154296875,3401.99169921875,3776.5029296875,3613.20947265625
2022-10-28 00:00:00+07:00,7637.798828125,3424.178466796875,3776.5029296875,3603.549072265625
2022-10-31 00:00:00+07:00,7681.443359375,3438.97021484375,3906.089599609375,3632.53173828125
2022-11-01 00:00:00+07:00,7681.443359375,3446.365478515625,3850.552734375,3632.53173828125
2022-11-02 00:00:00+07:00,7637.798828125,3409.386962890625,3730.22314453125,3574.566162109375
2022-11-03 00:00:00+07:00,7681.443359375,3438.97021484375,3767.24755859375,3593.8876953125
2022-11-04 00:00:00+07:00,7659.62060546875,3438.97021484375,3757.9912109375,3584.22705078125
2022-11-07 00:00:00+07:00,7725.087890625,3468.552490234375,3795.015869140625,3584.22705078125
2022-11-08 00:00:00+07:00,7637.798828125,3416.783447265625,3757.9912109375,3574.566162109375
2022-11-09 00:00:00+07:00,7746.91064453125,3438.97021484375,3757.9912109375,3593.8876953125
2022-11-10 00:00:00+07:00,7681.443359375,3350.22265625,3739.47900390625,3584.22705078125
2022-11-11 00:00:00+07:00,7725.087890625,3438.97021484375,3859.808837890625,3593.8876953125
2022-11-14 00:00:00+07:00,7637.798828125,3387.201171875,3795.015869140625,3516.60009765625
2022-11-15 00:00:00+07:00,7681.443359375,3387.201171875,3795.015869140625,3526.260986328125
2022-11-16 00:00:00+07:00,7506.86572265625,3342.82666015625,3702.4541015625,3516.60009765625
2022-11-17 00:00:00+07:00,7615.97607421875,3453.761474609375,3665.43017578125,3584.22705078125
2022-11-18 00:00:00+07:00,7703.26513671875,3409.386962890625,3767.24755859375,3555.243896484375
2022-11-21 00:00:00+07:00,7615.97607421875,3394.5966796875,3739.47900390625,3545.582763671875
2022-11-22 00:00:00+07:00,7768.73291015625,3394.5966796875,3748.735107421875,3574.566162109375
2022-11-23 00:00:00+07:00,7746.91064453125,3453.761474609375,3776.5029296875,3574.566162109375
2022-11-24 00:00:00+07:00,7856.02099609375,3490.7392578125,3785.759765625,3584.22705078125
2022-11-25 00:00:00+07:00,7834.2001953125,3512.92626953125,3767.24755859375,3593.8876953125
2022-11-28 00:00:00+07:00,7877.84423828125,3564.696044921875,3748.735107421875,3584.22705078125
2022-11-29 00:00:00+07:00,7834.2001953125,3586.88232421875,3822.784423828125,3622.871337890625
2022-11-30 00:00:00+07:00,8117.888671875,3683.026123046875,3896.8330078125,3825.75146484375
2022-12-01 00:00:00+07:00,7856.02099609375,3653.443359375,3850.552734375,3748.463623046875
2022-12-02 00:00:00+07:00,7799.0615234375,3616.465576171875,3896.8330078125,3767.785888671875
2022-12-05 00:00:00+07:00,7689.5244140625,3616.465576171875,4026.418701171875,3767.785888671875
2022-12-06 00:00:00+07:00,7601.89453125,3594.278076171875,4035.675537109375,3690.49755859375
2022-12-07 00:00:00+07:00,7404.7275390625,3520.322265625,3841.2958984375,3671.176025390625
2022-12-08 00:00:00+07:00,7448.54150390625,3579.487060546875,3720.966552734375,3671.176025390625
2022-12-09 00:00:00+07:00,7514.26513671875,3549.904541015625,3674.68603515625,3690.49755859375
2022-12-12 00:00:00+07:00,7623.8017578125,3586.88232421875,3683.942138671875,3680.8369140625
2022-12-13 00:00:00+07:00,7623.8017578125,3675.6298828125,3665.43017578125,3729.14208984375
2022-12-14 00:00:00+07:00,7558.080078125,3683.026123046875,3683.942138671875,3680.8369140625
2022-12-15 00:00:00+07:00,7448.54150390625,3631.257080078125,3665.43017578125,3661.5146484375
2022-12-16 00:00:00+07:00,7536.17236328125,3683.026123046875,3739.47900390625,3787.108154296875
2022-12-19 00:00:00+07:00,7579.9873046875,3675.6298828125,3702.4541015625,3642.192626953125
2022-12-20 00:00:00+07:00,7514.26513671875,3631.257080078125,3720.966552734375,3651.85400390625
2022-12-21 00:00:00+07:00,7601.89453125,3616.465576171875,3702.4541015625,3613.20947265625
2022-12-22 00:00:00+07:00,7514.26513671875,3668.234375,3683.942138671875,3642.192626953125
2022-12-23 00:00:00+07:00,7448.54150390625,3609.06982421875,3674.68603515625,3603.549072265625
2022-12-26 00:00:00+07:00,7514.26513671875,3646.048095703125,3720.966552734375,3603.549072265625
2022-12-27 00:00:00+07:00,7536.17236328125,3601.673828125,3683.942138671875,3593.8876953125
2022-12-28 00:00:00+07:00,7579.9873046875,3564.696044921875,3693.1982421875,3564.905029296875
2022-12-29 00:00:00+07:00,7514.26513671875,3601.673828125,3693.1982421875,3564.905029296875
2022-12-30 00:00:00+07:00,7492.35693359375,3653.443359375,3674.68603515625,3564.905029296875
2023-01-02 00:00:00+07:00,7492.35693359375,3601.673828125,3656.173583984375,3564.905029296875
2023-01-03 00:00:00+07:00,7492.35693359375,3586.88232421875,3683.942138671875,3584.22705078125
2023-01-04 00:00:00+07:00,7317.09765625,3527.718017578125,3711.710693359375,3545.582763671875
2023-01-05 00:00:00+07:00,7229.46728515625,3431.57470703125,3637.6611328125,3477.9560546875
2023-01-06 00:00:00+07:00,7273.2822265625,3416.783447265625,3628.405517578125,3439.31201171875
2023-01-09 00:00:00+07:00,7404.7275390625,3394.5966796875,3600.63671875,3477.9560546875
2023-01-10 00:00:00+07:00,7163.74560546875,3317.46337890625,3434.0263671875,3371.685302734375
2023-01-11 00:00:00+07:00,7119.93017578125,3280.0205078125,3313.69677734375,3284.736572265625
2023-01-12 00:00:00+07:00,7163.74560546875,3369.8837890625,3406.258056640625,3323.38037109375
2023-01-13 00:00:00+07:00,7054.2080078125,3354.90625,3397.001708984375,3352.36328125
2023-01-16 00:00:00+07:00,7141.837890625,3384.861083984375,3443.28271484375,3391.007080078125
2023-01-17 00:00:00+07:00,7295.18994140625,3414.815673828125,3609.89306640625,3448.97314453125
2023-01-18 00:00:00+07:00,7273.2822265625,3444.77001953125,3535.84375,3429.65087890625
2023-01-19 00:00:00+07:00,7295.18994140625,3452.25830078125,3609.89306640625,3458.63427734375
2023-01-20 00:00:00+07:00,7273.2822265625,3482.21337890625,3693.1982421875,3487.6171875
2023-01-24 00:00:00+07:00,7207.56005859375,3459.747802734375,3665.43017578125,3497.27783203125
2023-01-25 00:00:00+07:00,7185.65234375,3414.815673828125,3591.38134765625,3506.939208984375
2023-01-26 00:00:00+07:00,7426.63427734375,3437.281982421875,3637.6611328125,3661.5146484375
2023-01-27 00:00:00+07:00,7623.8017578125,3474.72509765625,3711.710693359375,3690.49755859375
2023-01-30 00:00:00+07:00,7623.8017578125,3452.25830078125,3683.942138671875,3593.8876953125
2023-01-31 00:00:00+07:00,7426.63427734375,3429.79345703125,3683.942138671875,3535.922119140625
2023-02-01 00:00:00+07:00,7448.54150390625,3504.678955078125,3591.38134765625,3526.260986328125
2023-02-02 00:00:00+07:00,7404.7275390625,3444.77001953125,3600.63671875,3516.60009765625
2023-02-03 00:00:00+07:00,7623.8017578125,3557.099609375,3674.68603515625,3593.8876953125
2023-02-06 00:00:00+07:00,7645.7099609375,3549.611328125,3656.173583984375,3613.20947265625
2023-02-07 00:00:00+07:00,7755.248046875,3557.099609375,3767.24755859375,3622.871337890625
2023-02-08 00:00:00+07:00,7733.33984375,3587.05419921875,3776.5029296875,3661.5146484375
2023-02-09 00:00:00+07:00,7799.0615234375,3602.031494140625,3795.015869140625,3690.49755859375
2023-02-10 00:00:00+07:00,7733.33984375,3639.474365234375,3813.528076171875,3680.8369140625
2023-02-13 00:00:00+07:00,7777.154296875,3594.542724609375,3832.04052734375,3671.176025390625
2023-02-14 00:00:00+07:00,7842.87744140625,3646.963134765625,3841.2958984375,3651.85400390625
2023-02-15 00:00:00+07:00,7777.154296875,3646.963134765625,3785.759765625,3642.192626953125
2023-02-16 00:00:00+07:00,7623.8017578125,3646.963134765625,3767.24755859375,3613.20947265625
2023-02-17 00:00:00+07:00,7645.7099609375,3654.451904296875,3813.528076171875,3584.22705078125
2023-02-20 00:00:00+07:00,7667.6171875,3654.451904296875,3804.271728515625,3535.922119140625
2023-02-21 00:00:00+07:00,7623.8017578125,3609.520263671875,3776.5029296875,3497.27783203125
2023-02-22 00:00:00+07:00,7601.89453125,3564.58837890625,3702.4541015625,3419.990234375
2023-02-23 00:00:00+07:00,7645.7099609375,3594.542724609375,3730.22314453125,3458.63427734375
2023-02-24 00:00:00+07:00,7601.89453125,3564.58837890625,3748.735107421875,3439.31201171875
2023-02-27 00:00:00+07:00,7689.5244140625,3602.031494140625,3757.9912109375,3458.63427734375
2023-02-28 00:00:00+07:00,7667.6171875,3497.190673828125,3702.4541015625,3391.007080078125
2023-03-01 00:00:00+07:00,7536.17236328125,3534.633544921875,3739.47900390625,3458.63427734375
2023-03-02 00:00:00+07:00,7558.080078125,3579.5654296875,3785.759765625,3429.65087890625
2023-03-03 00:00:00+07:00,7426.63427734375,3564.58837890625,3720.966552734375,3381.345947265625
2023-03-06 00:00:00+07:00,7360.9130859375,3587.05419921875,3748.735107421875,3400.66796875
2023-03-07 00:00:00+07:00,7382.8203125,3624.497314453125,3767.24755859375,3439.31201171875
2023-03-08 00:00:00+07:00,7514.26513671875,3624.497314453125,3804.271728515625,3429.65087890625
2023-03-09 00:00:00+07:00,7514.26513671875,3602.031494140625,3869.065185546875,3535.922119140625
2023-03-10 00:00:00+07:00,7404.7275390625,3609.520263671875,3841.2958984375,3487.6171875
2023-03-13 00:00:00+07:00,7492.35693359375,3617.0087890625,3832.04052734375,3477.9560546875
2023-03-14 00:00:00+07:00,7295.18994140625,3527.145751953125,3674.68603515625,3391.007080078125
2023-03-15 00:00:00+07:00,7295.18994140625,3519.656494140625,3720.966552734375,3400.66796875
2023-03-16 00:00:00+07:00,7273.2822265625,3542.122314453125,3646.91796875,3458.63427734375
2023-03-17 00:00:00+07:00,7339.005859375,3669.4287109375,3739.47900390625,3487.6171875
2023-03-20 00:00:00+07:00,7360.9130859375,3654.451904296875,3702.4541015625,3477.9560546875
2023-03-21 00:00:00+07:00,7448.54150390625,3669.4287109375,3887.5771484375,3564.905029296875
2023-03-24 00:00:00+07:00,7733.33984375,3748.984375,4035.675537109375,3719.480712890625
2023-03-27 00:00:00+07:00,7623.8017578125,3725.40576171875,3969.262451171875,3671.176025390625
2023-03-28 00:00:00+07:00,7601.89453125,3748.984375,3940.077392578125,3638.03271484375
2023-03-29 00:00:00+07:00,7865.56982421875,3780.42236328125,4027.63427734375,3708.576171875
2023-03-30 00:00:00+07:00,7887.91552734375,3733.26513671875,3978.991455078125,3769.041748046875
2023-03-31 00:00:00+07:00,7820.87890625,3717.5458984375,4017.90576171875,3769.041748046875
2023-04-03 00:00:00+07:00,7865.56982421875,3772.5625,4095.734619140625,3769.041748046875
2023-04-04 00:00:00+07:00,7843.224609375,3788.28173828125,4047.091552734375,3769.041748046875
2023-04-05 00:00:00+07:00,7798.53466796875,3796.14111328125,4066.549072265625,3758.964599609375
2023-04-06 00:00:00+07:00,7820.87890625,3804.00048828125,4027.63427734375,3779.1201171875
2023-04-10 00:00:00+07:00,7865.56982421875,3819.719482421875,3969.262451171875,3758.964599609375
2023-04-11 00:00:00+07:00,7887.91552734375,3835.43896484375,3969.262451171875,3779.1201171875
2023-04-12 00:00:00+07:00,7954.95068359375,3874.736328125,4008.17724609375,3769.041748046875
2023-04-13 00:00:00+07:00,7977.29736328125,3914.033935546875,3988.72021484375,3779.1201171875
2023-04-14 00:00:00+07:00,8044.333984375,3988.699462890625,4066.549072265625,3789.197265625
2023-04-17 00:00:00+07:00,8066.67822265625,3921.8935546875,3988.72021484375,3809.352783203125
2023-04-18 00:00:00+07:00,8156.05908203125,3890.45556640625,4027.63427734375,3819.43017578125
2023-04-26 00:00:00+07:00,8223.095703125,3949.40185546875,4047.091552734375,3859.74072265625
2023-04-27 00:00:00+07:00,8178.4052734375,4047.6455078125,4047.091552734375,3829.508056640625
2023-04-28 00:00:00+07:00,8089.0244140625,4008.34765625,4027.63427734375,3799.274658203125
2023-05-02 00:00:00+07:00,8089.0244140625,4047.6455078125,4086.006103515625,3849.6630859375
2023-05-03 00:00:00+07:00,7977.29736328125,4008.34765625,4066.549072265625,3819.43017578125
2023-05-04 00:00:00+07:00,8044.333984375,4047.6455078125,4027.63427734375,3748.886474609375
2023-05-05 00:00:00+07:00,8044.333984375,4106.591796875,4027.63427734375,3728.731689453125
2023-05-08 00:00:00+07:00,8044.333984375,4008.34765625,3988.72021484375,3688.4208984375
2023-05-09 00:00:00+07:00,7977.29736328125,4027.996826171875,3930.348388671875,3678.34326171875
2023-05-10 00:00:00+07:00,7977.29736328125,4047.6455078125,3949.805908203125,3708.576171875
2023-05-11 00:00:00+07:00,7887.91552734375,4047.6455078125,3969.262451171875,3688.4208984375
2023-05-12 00:00:00+07:00,7865.56982421875,4047.6455078125,3891.43359375,3627.954833984375
2023-05-15 00:00:00+07:00,7843.224609375,4047.6455078125,3930.348388671875,3587.644287109375
2023-05-16 00:00:00+07:00,7776.18798828125,4086.943115234375,3883.6513671875,3527.17822265625
2023-05-17 00:00:00+07:00,7843.224609375,4086.943115234375,3891.43359375,3527.17822265625
2023-05-19 00:00:00+07:00,8044.333984375,4244.1328125,3949.805908203125,3557.41162109375
2023-05-22 00:00:00+07:00,8044.333984375,4263.78173828125,4066.549072265625,3567.489013671875
2023-05-23 00:00:00+07:00,8156.05908203125,4322.72802734375,3988.72021484375,3607.7998046875
2023-05-24 00:00:00+07:00,8066.67822265625,4401.32275390625,3949.805908203125,3557.41162109375
2023-05-25 00:00:00+07:00,8089.0244140625,4303.0791015625,4027.63427734375,3627.954833984375
2023-05-26 00:00:00+07:00,8178.4052734375,4401.32275390625,3988.72021484375,3607.7998046875
2023-05-29 00:00:00+07:00,8178.4052734375,4362.025390625,4008.17724609375,3648.110107421875
2023-05-30 00:00:00+07:00,8267.7880859375,4322.72802734375,4008.17724609375,3638.03271484375
2023-05-31 00:00:00+07:00,8089.0244140625,4381.67431640625,3930.348388671875,3648.110107421875
2023-06-05 00:00:00+07:00,8223.095703125,4263.78173828125,3949.805908203125,3627.954833984375
2023-06-06 00:00:00+07:00,8178.4052734375,4283.43017578125,3930.348388671875,3708.576171875
2023-06-07 00:00:00+07:00,8133.71337890625,4244.1328125,3910.89111328125,3688.4208984375
2023-06-08 00:00:00+07:00,8156.05908203125,4303.0791015625,3910.89111328125,3708.576171875
2023-06-09 00:00:00+07:00,8133.71337890625,4263.78173828125,3988.72021484375,3718.65380859375
2023-06-12 00:00:00+07:00,8178.4052734375,4244.1328125,3969.262451171875,3748.886474609375
2023-06-13 00:00:00+07:00,8178.4052734375,4362.025390625,3969.262451171875,3678.34326171875
2023-06-14 00:00:00+07:00,8111.3701171875,4362.025390625,3930.348388671875,3617.877197265625
2023-06-15 00:00:00+07:00,8089.0244140625,4342.376953125,3988.72021484375,3668.265625
2023-06-16 00:00:00+07:00,8089.0244140625,4362.025390625,4008.17724609375,3638.03271484375
2023-06-19 00:00:00+07:00,8044.333984375,4342.376953125,3988.72021484375,3648.110107421875
2023-06-20 00:00:00+07:00,8089.0244140625,4362.025390625,3969.262451171875,3658.18798828125
2023-06-21 00:00:00+07:00,8156.05908203125,4381.67431640625,3969.262451171875,3668.265625
2023-06-22 00:00:00+07:00,8089.0244140625,4303.0791015625,3949.805908203125,3648.110107421875
2023-06-23 00:00:00+07:00,8089.0244140625,4244.1328125,3949.805908203125,3638.03271484375
2023-06-26 00:00:00+07:00,8111.3701171875,4283.43017578125,3988.72021484375,3678.34326171875
2023-06-27 00:00:00+07:00,8178.4052734375,4263.78173828125,4047.091552734375,3688.4208984375
2023-07-03 00:00:00+07:00,8111.3701171875,4303.0791015625,4163.83447265625,3718.65380859375
2023-07-04 00:00:00+07:00,8089.0244140625,4283.43017578125,4086.006103515625,3668.265625
2023-07-05 00:00:00+07:00,8089.0244140625,4283.43017578125,4105.46337890625,3688.4208984375
2023-07-06 00:00:00+07:00,8111.3701171875,4263.78173828125,4124.919921875,3668.265625
2023-07-07 00:00:00+07:00,8066.67822265625,4224.484375,4008.17724609375,3658.18798828125
2023-07-10 00:00:00+07:00,8089.0244140625,4244.1328125,4027.63427734375,3648.110107421875
2023-07-11 00:00:00+07:00,8066.67822265625,4263.78173828125,4105.46337890625,3617.877197265625
2023-07-12 00:00:00+07:00,8200.75,4283.43017578125,4124.919921875,3607.7998046875
2023-07-13 00:00:00+07:00,8156.05908203125,4283.43017578125,4163.83447265625,3587.644287109375
2023-07-14 00:00:00+07:00,8223.095703125,4342.376953125,4202.7490234375,3597.721923828125
2023-07-17 00:00:00+07:00,8200.75,4381.67431640625,4183.29150390625,3607.7998046875
2023-07-18 00:00:00+07:00,8178.4052734375,4420.9716796875,4163.83447265625,3587.644287109375
2023-07-20 00:00:00+07:00,8178.4052734375,4420.9716796875,4300.03466796875,3648.110107421875
2023-07-21 00:00:00+07:00,8178.4052734375,4420.9716796875,4319.4921875,3648.110107421875
2023-07-24 00:00:00+07:00,8133.71337890625,4401.32275390625,4280.57763671875,3638.03271484375
2023-07-25 00:00:00+07:00,8178.4052734375,4440.62109375,4319.4921875,3638.03271484375
2023-07-26 00:00:00+07:00,8357.16796875,4460.27001953125,4338.94921875,3607.7998046875
2023-07-27 00:00:00+07:00,8245.4423828125,4440.62109375,4377.86328125,3587.644287109375
2023-07-28 00:00:00+07:00,8156.05908203125,4479.91845703125,4436.23486328125,3577.56640625
2023-07-31 00:00:00+07:00,8156.05908203125,4440.62109375,4455.6923828125,3577.56640625
2023-08-01 00:00:00+07:00,8156.05908203125,4479.91845703125,4397.32080078125,3496.945556640625
2023-08-02 00:00:00+07:00,8223.095703125,4479.91845703125,4436.23486328125,3577.56640625
2023-08-03 00:00:00+07:00,8267.7880859375,4479.91845703125,4514.0634765625,3607.7998046875
2023-08-04 00:00:00+07:00,8178.4052734375,4381.67431640625,4494.6064453125,3627.954833984375
2023-08-07 00:00:00+07:00,8290.1328125,4479.91845703125,4572.43505859375,3627.954833984375
2023-08-08 00:00:00+07:00,8223.095703125,4420.9716796875,4591.89208984375,3597.721923828125
2023-08-09 00:00:00+07:00,8401.859375,4479.91845703125,4591.89208984375,3658.18798828125
2023-08-10 00:00:00+07:00,8401.859375,4479.91845703125,4650.263671875,3668.265625
2023-08-11 00:00:00+07:00,8401.859375,4440.62109375,4611.349609375,3668.265625
2023-08-14 00:00:00+07:00,8357.16796875,4440.62109375,4630.806640625,3708.576171875
2023-08-15 00:00:00+07:00,8312.4765625,4381.67431640625,4514.0634765625,3668.265625
2023-08-16 00:00:00+07:00,8312.4765625,4342.376953125,4514.0634765625,3668.265625
2023-08-18 00:00:00+07:00,8267.7880859375,4381.67431640625,4494.6064453125,3648.110107421875
2023-08-21 00:00:00+07:00,8200.75,4322.72802734375,4533.52099609375,3678.34326171875
2023-08-22 00:00:00+07:00,8312.4765625,4381.67431640625,4630.806640625,3668.265625
2023-08-23 00:00:00+07:00,8312.4765625,4401.32275390625,4552.97802734375,3658.18798828125
2023-08-24 00:00:00+07:00,8223.095703125,4362.025390625,4630.806640625,3678.34326171875
2023-08-25 00:00:00+07:00,8290.1328125,4401.32275390625,4591.89208984375,3668.265625
2023-08-28 00:00:00+07:00,8223.095703125,4362.025390625,4669.720703125,3668.265625
2023-08-29 00:00:00+07:00,8267.7880859375,4401.32275390625,4630.806640625,3688.4208984375
2023-08-30 00:00:00+07:00,8223.095703125,4342.376953125,4650.263671875,3708.576171875
2023-08-31 00:00:00+07:00,8200.75,4362.025390625,4689.17822265625,3698.498291015625
2023-09-01 00:00:00+07:00,8245.4423828125,4381.67431640625,4728.0927734375,3698.498291015625
2023-09-04 00:00:00+07:00,8245.4423828125,4420.9716796875,4747.5498046875,3809.352783203125
2023-09-05 00:00:00+07:00,8245.4423828125,4420.9716796875,4747.5498046875,3879.896240234375
2023-09-06 00:00:00+07:00,8178.4052734375,4381.67431640625,4708.63525390625,3859.74072265625
2023-09-07 00:00:00+07:00,8200.75,4283.43017578125,4572.43505859375,3829.508056640625
2023-09-08 00:00:00+07:00,8156.05908203125,4204.83544921875,4591.89208984375,3779.1201171875
2023-09-11 00:00:00+07:00,8156.05908203125,4263.78173828125,4611.349609375,3809.352783203125
2023-09-12 00:00:00+07:00,8133.71337890625,4224.484375,4572.43505859375,3748.886474609375
2023-09-13 00:00:00+07:00,8111.3701171875,4244.1328125,4552.97802734375,3769.041748046875
2023-09-14 00:00:00+07:00,8133.71337890625,4263.78173828125,4533.52099609375,3809.352783203125
2023-09-15 00:00:00+07:00,8044.333984375,4224.484375,4611.349609375,3819.43017578125
2023-09-18 00:00:00+07:00,8044.333984375,4185.1865234375,4591.89208984375,3769.041748046875
2023-09-19 00:00:00+07:00,8111.3701171875,4224.484375,4669.720703125,3809.352783203125
2023-09-20 00:00:00+07:00,8178.4052734375,4224.484375,4728.0927734375,3859.74072265625
2023-09-21 00:00:00+07:00,8156.05908203125,4204.83544921875,4669.720703125,3869.818603515625
2023-09-22 00:00:00+07:00,8111.3701171875,4204.83544921875,4669.720703125,3930.28466796875
2023-09-25 00:00:00+07:00,8044.333984375,4165.5380859375,4669.720703125,4051.21630859375
2023-09-26 00:00:00+07:00,7999.64208984375,4086.943115234375,4611.349609375,4020.983154296875
2023-09-27 00:00:00+07:00,7932.60498046875,4106.591796875,4669.720703125,4081.44921875
2023-09-29 00:00:00+07:00,7887.91552734375,4106.591796875,4689.17822265625,4162.0703125
2023-10-02 00:00:00+07:00,8111.3701171875,4126.2412109375,4708.63525390625,4151.9931640625
2023-10-03 00:00:00+07:00,8223.095703125,4145.88916015625,4728.0927734375,4202.380859375
2023-10-04 00:00:00+07:00,8223.095703125,4126.2412109375,4767.0068359375,4182.22607421875
2023-10-05 00:00:00+07:00,8111.3701171875,4067.29443359375,4767.0068359375,4182.22607421875
2023-10-06 00:00:00+07:00,8066.67822265625,4067.29443359375,4689.17822265625,4192.30322265625
2023-10-09 00:00:00+07:00,8089.0244140625,4027.996826171875,4591.89208984375,4111.68212890625
2023-10-10 00:00:00+07:00,7977.29736328125,4067.29443359375,4669.720703125,4192.30322265625
2023-10-11 00:00:00+07:00,7977.29736328125,4126.2412109375,4708.63525390625,4172.14794921875
2023-10-12 00:00:00+07:00,8089.0244140625,4165.5380859375,4728.0927734375,4293.08056640625
2023-10-13 00:00:00+07:00,8111.3701171875,4145.88916015625,4728.0927734375,4172.14794921875
2023-10-16 00:00:00+07:00,8133.71337890625,4126.2412109375,4689.17822265625,4192.30322265625
2023-10-17 00:00:00+07:00,7999.64208984375,4047.6455078125,4669.720703125,4192.30322265625
2023-10-18 00:00:00+07:00,7910.26171875,4047.6455078125,4552.97802734375,4131.83740234375
2023-10-19 00:00:00+07:00,7820.87890625,3929.7529296875,4455.6923828125,3982.688232421875
2023-10-20 00:00:00+07:00,8021.9873046875,3969.05029296875,4475.1494140625,4006.874755859375
2023-10-23 00:00:00+07:00,7910.26171875,3929.7529296875,4416.77734375,4022.998779296875
2023-10-24 00:00:00+07:00,7843.224609375,4008.34765625,4475.1494140625,4031.060791015625
2023-10-25 00:00:00+07:00,7932.60498046875,4067.29443359375,4552.97802734375,4006.874755859375
2023-10-26 00:00:00+07:00,7798.53466796875,3866.87646484375,4436.23486328125,3934.315673828125
2023-10-27 00:00:00+07:00,7776.18798828125,3929.7529296875,4436.23486328125,3910.129150390625
2023-10-30 00:00:00+07:00,7910.26171875,3929.7529296875,4455.6923828125,3910.129150390625
2023-10-31 00:00:00+07:00,7820.87890625,3898.314453125,4416.77734375,3861.756591796875
2023-11-01 00:00:00+07:00,7686.8076171875,3796.14111328125,4397.32080078125,3885.942626953125
2023-11-02 00:00:00+07:00,7910.26171875,3929.7529296875,4591.89208984375,3926.253662109375
2023-11-03 00:00:00+07:00,7954.95068359375,4008.34765625,4533.52099609375,3942.377685546875
2023-11-06 00:00:00+07:00,8089.0244140625,4086.943115234375,4611.349609375,4006.874755859375
2023-11-07 00:00:00+07:00,8021.9873046875,4126.2412109375,4572.43505859375,3982.688232421875
2023-11-08 00:00:00+07:00,8044.333984375,4106.591796875,4552.97802734375,3934.315673828125
2023-11-09 00:00:00+07:00,8044.333984375,4086.943115234375,4572.43505859375,3918.191650390625
2023-11-10 00:00:00+07:00,7887.91552734375,3988.699462890625,4494.6064453125,3918.191650390625
2023-11-13 00:00:00+07:00,7932.60498046875,3949.40185546875,4533.52099609375,3942.377685546875
2023-11-14 00:00:00+07:00,7977.29736328125,3988.699462890625,4533.52099609375,3934.315673828125
2023-11-15 00:00:00+07:00,8089.0244140625,4126.2412109375,4611.349609375,4014.936767578125
2023-11-16 00:00:00+07:00,8111.3701171875,4126.2412109375,4611.349609375,3990.750244140625
2023-11-17 00:00:00+07:00,8111.3701171875,4106.591796875,4591.89208984375,4014.936767578125
2023-11-20 00:00:00+07:00,7932.60498046875,4126.2412109375,4572.43505859375,4014.936767578125
2023-11-21 00:00:00+07:00,7843.224609375,4086.943115234375,4572.43505859375,4091.527099609375
2023-11-22 00:00:00+07:00,7932.60498046875,4145.88916015625,4572.43505859375,4091.527099609375
2023-11-23 00:00:00+07:00,7977.29736328125,4204.83544921875,4591.89208984375,4151.9931640625
2023-11-24 00:00:00+07:00,7977.29736328125,4244.1328125,4572.43505859375,4192.30322265625
2023-11-27 00:00:00+07:00,7932.60498046875,4204.83544921875,4591.89208984375,4252.76953125
2023-11-28 00:00:00+07:00,7932.60498046875,4204.83544921875,4591.89208984375,4172.14794921875
2023-11-29 00:00:00+07:00,7954.95068359375,4165.5380859375,4552.97802734375,4212.458984375
2023-11-30 00:00:00+07:00,8021.9873046875,4145.88916015625,4552.97802734375,4252.76953125
2023-12-01 00:00:00+07:00,7999.64208984375,4204.83544921875,4591.89208984375,4232.61376953125
2023-12-04 00:00:00+07:00,8015.35888671875,4322.72802734375,4669.720703125,4272.9248046875
2023-12-05 00:00:00+07:00,7992.90576171875,4283.43017578125,4650.263671875,4272.9248046875
2023-12-06 00:00:00+07:00,7903.0986328125,4263.78173828125,4514.0634765625,4212.458984375
2023-12-07 00:00:00+07:00,7925.55029296875,4303.0791015625,4475.1494140625,4252.76953125
2023-12-08 00:00:00+07:00,7858.1943359375,4224.484375,4436.23486328125,4091.527099609375
2023-12-11 00:00:00+07:00,7858.1943359375,4165.5380859375,4494.6064453125,4172.14794921875
2023-12-12 00:00:00+07:00,7813.2900390625,4185.1865234375,4514.0634765625,4252.76953125
2023-12-13 00:00:00+07:00,7790.8388671875,4165.5380859375,4455.6923828125,4172.14794921875
2023-12-14 00:00:00+07:00,8127.61962890625,4362.025390625,4630.806640625,4313.23486328125
2023-12-15 00:00:00+07:00,8284.783203125,4362.025390625,4591.89208984375,4252.76953125
2023-12-18 00:00:00+07:00,8262.330078125,4322.72802734375,4611.349609375,4192.30322265625
2023-12-19 00:00:00+07:00,8307.2353515625,4362.025390625,4650.263671875,4192.30322265625
2023-12-20 00:00:00+07:00,8352.138671875,4362.025390625,4611.349609375,4192.30322265625
2023-12-21 00:00:00+07:00,8374.5908203125,4381.67431640625,4650.263671875,4151.9931640625
2023-12-22 00:00:00+07:00,8374.5908203125,4460.27001953125,4650.263671875,4232.61376953125
2023-12-27 00:00:00+07:00,8419.494140625,4420.9716796875,4669.720703125,4252.76953125
2023-12-28 00:00:00+07:00,8441.9462890625,4499.56689453125,4767.0068359375,4313.23486328125
2023-12-29 00:00:00+07:00,8441.9462890625,4499.56689453125,4708.63525390625,4333.390625
2024-01-02 00:00:00+07:00,8464.3984375,4526.6875,4767.0068359375,4333.390625
2024-01-03 00:00:00+07:00,8397.0419921875,4466.86328125,4747.5498046875,4313.23486328125
2024-01-04 00:00:00+07:00,8509.302734375,4546.62841796875,4942.12158203125,4514.78857421875
2024-01-05 00:00:00+07:00,8599.111328125,4586.51123046875,5000.4931640625,4494.63330078125
2024-01-08 00:00:00+07:00,8599.111328125,4486.8046875,4981.0361328125,4494.63330078125
2024-01-09 00:00:00+07:00,8644.013671875,4546.62841796875,4961.57861328125,4555.09912109375
2024-01-10 00:00:00+07:00,8576.658203125,4546.62841796875,5000.4931640625,4514.78857421875
2024-01-11 00:00:00+07:00,8599.111328125,4586.51123046875,5019.95068359375,4514.78857421875
2024-01-12 00:00:00+07:00,8711.3701171875,4666.27685546875,5117.23583984375,4514.78857421875
2024-01-15 00:00:00+07:00,8733.8212890625,4646.33544921875,5058.8642578125,4534.943359375
2024-01-16 00:00:00+07:00,8711.3701171875,4646.33544921875,5078.3212890625,4514.78857421875
2024-01-17 00:00:00+07:00,8756.2734375,4606.45263671875,5078.3212890625,4474.47802734375
2024-01-18 00:00:00+07:00,8688.9189453125,4586.51123046875,5078.3212890625,4474.47802734375
2024-01-19 00:00:00+07:00,8644.013671875,4626.39404296875,5078.3212890625,4434.16748046875
2024-01-22 00:00:00+07:00,8644.013671875,4606.45263671875,5058.8642578125,4454.322265625
2024-01-23 00:00:00+07:00,8621.5625,4546.62841796875,5058.8642578125,4373.701171875
2024-01-24 00:00:00+07:00,8554.205078125,4506.74658203125,4981.0361328125,4414.01171875
2024-01-25 00:00:00+07:00,8531.7529296875,4407.0390625,4883.74951171875,4353.5458984375
2024-01-26 00:00:00+07:00,8397.0419921875,4327.27392578125,4903.20703125,4373.701171875
2024-01-29 00:00:00+07:00,8576.658203125,4446.92138671875,5039.4072265625,4494.63330078125
2024-01-30 00:00:00+07:00,8666.466796875,4486.8046875,5175.607421875,4555.09912109375
2024-01-31 00:00:00+07:00,8576.658203125,4546.62841796875,5175.607421875,4635.72021484375
2024-02-01 00:00:00+07:00,8711.3701171875,4586.51123046875,5097.77880859375,4615.56494140625
2024-02-02 00:00:00+07:00,8711.3701171875,4666.27685546875,5195.064453125,4655.87548828125
2024-02-05 00:00:00+07:00,8599.111328125,4606.45263671875,5311.8076171875,4635.72021484375
2024-02-06 00:00:00+07:00,8644.013671875,4646.33544921875,5331.2646484375,4655.87548828125
2024-02-07 00:00:00+07:00,8711.3701171875,4666.27685546875,5409.09375,4635.72021484375
2024-02-12 00:00:00+07:00,8801.177734375,4805.8662109375,5525.83642578125,4796.96240234375
2024-02-13 00:00:00+07:00,8733.8212890625,4785.9248046875,5467.46533203125,4736.4970703125
2024-02-15 00:00:00+07:00,8846.0830078125,4885.63232421875,5603.66552734375,4837.2734375
2024-02-16 00:00:00+07:00,8935.8896484375,4905.5732421875,5603.66552734375,4837.2734375
2024-02-19 00:00:00+07:00,8868.5341796875,4865.68994140625,5564.75048828125,4736.4970703125
2024-02-20 00:00:00+07:00,9003.2451171875,5025.22119140625,5564.75048828125,4857.42822265625
2024-02-21 00:00:00+07:00,8958.341796875,5025.22119140625,5642.57958984375,4837.2734375
2024-02-22 00:00:00+07:00,8868.5341796875,4985.33837890625,5525.83642578125,4796.96240234375
2024-02-23 00:00:00+07:00,8823.6298828125,4885.63232421875,5486.92236328125,4756.65185546875
2024-02-26 00:00:00+07:00,8801.177734375,4925.5146484375,5486.92236328125,4756.65185546875
2024-02-27 00:00:00+07:00,8868.5341796875,4885.63232421875,5506.37939453125,4837.2734375
2024-02-28 00:00:00+07:00,8980.7939453125,4965.39697265625,5545.29345703125,4817.1181640625
2024-02-29 00:00:00+07:00,8868.5341796875,4885.63232421875,5448.0078125,4837.2734375
2024-03-01 00:00:00+07:00,8823.6298828125,4885.63232421875,5467.46533203125,4756.65185546875
2024-03-04 00:00:00+07:00,8756.2734375,4825.8076171875,5467.46533203125,4736.4970703125
2024-03-05 00:00:00+07:00,8801.177734375,4885.63232421875,5467.46533203125,4756.65185546875
2024-03-06 00:00:00+07:00,8935.8896484375,4945.4560546875,5506.37939453125,4796.96240234375
2024-03-07 00:00:00+07:00,9093.052734375,4965.39697265625,5525.83642578125,4817.1181640625
2024-03-08 00:00:00+07:00,9115.5048828125,5065.10400390625,5545.29345703125,4917.89453125
2024-03-13 00:00:00+07:00,8980.7939453125,5104.98681640625,5662.03662109375,5018.6708984375
2024-03-14 00:00:00+07:00,9272.669921875,5092.56591796875,5759.32275390625,4958.20556640625
2024-03-15 00:00:00+07:00,9115.5048828125,4947.65478515625,5759.32275390625,4899.49169921875
2024-03-18 00:00:00+07:00,9115.5048828125,4968.3564453125,5584.2080078125,4899.49169921875
2024-03-19 00:00:00+07:00,9137.958984375,4968.3564453125,5662.03662109375,4941.728515625
2024-03-20 00:00:00+07:00,9093.052734375,5051.16259765625,5767.53564453125,4962.84716796875
2024-03-21 00:00:00+07:00,9093.052734375,5051.16259765625,5767.53564453125,4899.49169921875
2024-03-22 00:00:00+07:00,9070.6025390625,5071.8642578125,5767.53564453125,4941.728515625
2024-03-25 00:00:00+07:00,9256.6533203125,5175.37158203125,5931.1533203125,5005.08447265625
2024-03-26 00:00:00+07:00,9233.6845703125,5216.7744140625,5869.796875,5026.203125
2024-03-27 00:00:00+07:00,9256.6533203125,5175.37158203125,5869.796875,5005.08447265625
2024-03-28 00:00:00+07:00,9256.6533203125,5009.75927734375,5931.1533203125,4983.9658203125
2024-04-01 00:00:00+07:00,9049.9306640625,4906.251953125,5644.822265625,4772.7802734375
2024-04-02 00:00:00+07:00,9095.8681640625,4699.23681640625,5644.822265625,4624.951171875
2024-04-03 00:00:00+07:00,8751.3271484375,4657.83447265625,5542.56103515625,4498.240234375
2024-04-04 00:00:00+07:00,9049.9306640625,4719.9384765625,5624.36962890625,4519.3583984375
2024-04-05 00:00:00+07:00,9026.9599609375,4678.5361328125,5583.46533203125,4477.1220703125
2024-04-16 00:00:00+07:00,8705.3896484375,4430.1181640625,5419.84716796875,4392.6474609375
2024-04-17 00:00:00+07:00,8751.3271484375,4388.71484375,5419.84716796875,4434.884765625
2024-04-18 00:00:00+07:00,8705.3896484375,4533.625,5563.01318359375,4477.1220703125
2024-04-19 00:00:00+07:00,8705.3896484375,4368.013671875,5501.65625,4413.76611328125
2024-04-22 00:00:00+07:00,8590.5419921875,4388.71484375,5501.65625,4519.3583984375
2024-04-23 00:00:00+07:00,8935.08203125,4388.71484375,5583.46533203125,4434.884765625
2024-04-24 00:00:00+07:00,9141.806640625,4326.6103515625,5767.53564453125,4477.1220703125
2024-04-25 00:00:00+07:00,8981.021484375,4264.505859375,5685.72705078125,4477.1220703125
2024-04-26 00:00:00+07:00,8843.205078125,3999.52734375,5522.10888671875,4350.41064453125
2024-04-29 00:00:00+07:00,9003.990234375,3949.84375,5665.27392578125,4413.76611328125
2024-04-30 00:00:00+07:00,9003.990234375,4090.613525390625,5644.822265625,4434.884765625
2024-05-02 00:00:00+07:00,8774.296875,3941.56298828125,5174.42041015625,4080.093994140625
2024-05-03 00:00:00+07:00,9049.9306640625,3933.2822265625,5031.25439453125,4080.093994140625
2024-05-06 00:00:00+07:00,9003.990234375,3966.40478515625,5133.51611328125,4063.19921875
2024-05-07 00:00:00+07:00,8912.11328125,3867.037109375,5133.51611328125,3970.27783203125
2024-05-08 00:00:00+07:00,8613.51171875,3875.31787109375,5133.51611328125,3944.935546875
2024-05-13 00:00:00+07:00,8751.3271484375,3875.31787109375,5072.15869140625,4037.85693359375
2024-05-14 00:00:00+07:00,8774.296875,3916.720947265625,5072.15869140625,4164.56787109375
2024-05-15 00:00:00+07:00,8728.357421875,3991.24658203125,5215.32470703125,4244.81787109375
2024-05-16 00:00:00+07:00,8820.236328125,4007.8076171875,5194.8720703125,4392.6474609375
2024-05-17 00:00:00+07:00,8958.0517578125,4074.05224609375,5378.94287109375,4371.529296875
2024-05-20 00:00:00+07:00,8705.3896484375,3991.24658203125,5174.42041015625,4206.80517578125
2024-05-21 00:00:00+07:00,8613.51171875,3875.31787109375,4928.99267578125,4029.409423828125
2024-05-22 00:00:00+07:00,8659.4501953125,3908.440185546875,4949.44580078125,4020.962158203125
2024-05-27 00:00:00+07:00,8544.603515625,3767.67041015625,4765.375,3944.935546875
2024-05-28 00:00:00+07:00,8544.603515625,3751.109375,4867.63671875,3978.725341796875
2024-05-29 00:00:00+07:00,8406.787109375,3651.742431640625,4744.9228515625,3826.672119140625
2024-05-30 00:00:00+07:00,8268.9716796875,3626.900146484375,4806.27978515625,3792.88232421875
2024-05-31 00:00:00+07:00,8498.666015625,3593.7783203125,4826.73193359375,3716.855712890625
2024-06-03 00:00:00+07:00,8521.634765625,3751.109375,4990.35009765625,3902.698486328125
2024-06-04 00:00:00+07:00,8590.5419921875,3684.864501953125,5031.25439453125,3919.59326171875
2024-06-05 00:00:00+07:00,8682.419921875,3643.461669921875,4908.541015625,3894.2509765625
2024-06-06 00:00:00+07:00,8705.3896484375,3726.267333984375,5051.70703125,4029.409423828125
2024-06-07 00:00:00+07:00,8567.5732421875,3602.05859375,5133.51611328125,3970.27783203125
2024-06-10 00:00:00+07:00,8751.3271484375,3643.461669921875,5133.51611328125,3894.2509765625
2024-06-11 00:00:00+07:00,8544.603515625,3593.7783203125,5010.80224609375,3784.43505859375
2024-06-12 00:00:00+07:00,8498.666015625,3602.05859375,4847.18408203125,3742.197998046875
2024-06-13 00:00:00+07:00,8452.7255859375,3568.93603515625,4806.27978515625,3784.43505859375
2024-06-14 00:00:00+07:00,8452.7255859375,3461.28857421875,4704.0185546875,3640.8291015625
2024-06-19 00:00:00+07:00,8314.9111328125,3395.043701171875,4704.0185546875,3632.381591796875
2024-06-20 00:00:00+07:00,8659.4501953125,3535.81396484375,4867.63671875,3716.855712890625
2024-06-21 00:00:00+07:00,8820.236328125,3676.583984375,5010.80224609375,3835.11962890625
2024-06-24 00:00:00+07:00,8820.236328125,3643.461669921875,4908.541015625,3835.11962890625
2024-06-25 00:00:00+07:00,8820.236328125,3626.900146484375,4847.18408203125,3784.43505859375
2024-06-26 00:00:00+07:00,8728.357421875,3618.61962890625,4785.82763671875,3733.750732421875
2024-06-27 00:00:00+07:00,8958.0517578125,3693.145263671875,4908.541015625,3868.90869140625
2024-06-28 00:00:00+07:00,9118.837890625,3809.0732421875,5031.25439453125,3936.48828125
2024-07-01 00:00:00+07:00,9072.8994140625,3833.91552734375,5113.0634765625,3978.725341796875
2024-07-02 00:00:00+07:00,9095.8681640625,3784.231689453125,5072.15869140625,3978.725341796875
2024-07-03 00:00:00+07:00,9187.74609375,3809.0732421875,5092.61181640625,3928.040771484375
2024-07-04 00:00:00+07:00,9026.9599609375,3966.40478515625,5113.0634765625,3978.725341796875
2024-07-05 00:00:00+07:00,9141.806640625,3974.685302734375,5256.2294921875,3970.27783203125
2024-07-08 00:00:00+07:00,9233.6845703125,3933.2822265625,5092.61181640625,3944.935546875
2024-07-09 00:00:00+07:00,9256.6533203125,4032.6494140625,5215.32470703125,4105.4365234375
2024-07-10 00:00:00+07:00,9279.6240234375,4016.088134765625,5215.32470703125,4071.646728515625
2024-07-11 00:00:00+07:00,9256.6533203125,4007.8076171875,5235.77685546875,4113.88330078125
2024-07-12 00:00:00+07:00,9256.6533203125,4057.491455078125,5256.2294921875,4244.81787109375
2024-07-15 00:00:00+07:00,9233.6845703125,3991.24658203125,5194.8720703125,4244.81787109375
2024-07-16 00:00:00+07:00,9141.806640625,3916.720947265625,5194.8720703125,4206.80517578125
2024-07-17 00:00:00+07:00,9003.990234375,3941.56298828125,5276.681640625,4223.69970703125
2024-07-18 00:00:00+07:00,9279.6240234375,4049.211181640625,5358.49072265625,4287.05517578125
2024-07-19 00:00:00+07:00,9302.591796875,4057.491455078125,5338.0380859375,4308.173828125
2024-07-22 00:00:00+07:00,9279.6240234375,4065.772216796875,5481.2041015625,4308.173828125
2024-07-23 00:00:00+07:00,9348.5322265625,3966.40478515625,5419.84716796875,4265.9365234375
2024-07-24 00:00:00+07:00,9256.6533203125,3958.1240234375,5297.1337890625,4308.173828125
2024-07-25 00:00:00+07:00,9463.37890625,3891.87939453125,5378.94287109375,4244.81787109375
2024-07-26 00:00:00+07:00,9486.34765625,3941.56298828125,5358.49072265625,4223.69970703125
2024-07-29 00:00:00+07:00,9417.439453125,3958.1240234375,5297.1337890625,4244.81787109375
2024-07-30 00:00:00+07:00,9348.5322265625,3867.037109375,5297.1337890625,4181.462890625
2024-07-31 00:00:00+07:00,9440.4091796875,3867.037109375,5235.77685546875,4198.357421875
2024-08-01 00:00:00+07:00,9532.2861328125,3933.2822265625,5522.10888671875,4287.05517578125
2024-08-02 00:00:00+07:00,9371.5009765625,3900.16015625,5563.01318359375,4308.173828125
2024-08-05 00:00:00+07:00,9072.8994140625,3751.109375,5378.94287109375,4189.91015625
2024-08-06 00:00:00+07:00,9187.74609375,3809.0732421875,5419.84716796875,4244.81787109375
2024-08-07 00:00:00+07:00,9279.6240234375,3825.634765625,5542.56103515625,4223.69970703125
2024-08-08 00:00:00+07:00,9394.4697265625,3858.757080078125,5563.01318359375,4244.81787109375
2024-08-09 00:00:00+07:00,9325.560546875,3867.037109375,5603.91748046875,4329.29248046875
2024-08-12 00:00:00+07:00,9371.5009765625,3875.31787109375,5644.822265625,4329.29248046875
2024-08-13 00:00:00+07:00,9463.37890625,3908.440185546875,5726.63134765625,4371.529296875
2024-08-14 00:00:00+07:00,9371.5009765625,3991.24658203125,5787.98779296875,4456.00341796875
2024-08-15 00:00:00+07:00,9394.4697265625,3999.52734375,5747.08349609375,4434.884765625
2024-08-16 00:00:00+07:00,9486.34765625,3999.52734375,5787.98779296875,4477.1220703125
2024-08-19 00:00:00+07:00,9532.2861328125,3991.24658203125,5849.3447265625,4519.3583984375
2024-08-20 00:00:00+07:00,9578.224609375,4098.89453125,5890.2490234375,4624.951171875
2024-08-21 00:00:00+07:00,9578.224609375,4223.10302734375,5931.1533203125,4603.8330078125
2024-08-22 00:00:00+07:00,9486.34765625,4181.7001953125,5767.53564453125,4456.00341796875
2024-08-23 00:00:00+07:00,9486.34765625,4264.505859375,5767.53564453125,4603.8330078125
2024-08-26 00:00:00+07:00,9486.34765625,4388.71484375,5767.53564453125,4667.18798828125
2024-08-27 00:00:00+07:00,9371.5009765625,4285.20703125,5747.08349609375,4561.595703125
2024-08-28 00:00:00+07:00,9509.31640625,4264.505859375,5910.70166015625,4540.47705078125
2024-08-29 00:00:00+07:00,9394.4697265625,4243.8046875,5808.43994140625,4477.1220703125
2024-08-30 00:00:00+07:00,9486.34765625,4264.505859375,5828.892578125,4519.3583984375
2024-09-02 00:00:00+07:00,9440.4091796875,4285.20703125,5890.2490234375,4519.3583984375
2024-09-03 00:00:00+07:00,9348.5322265625,4285.20703125,5787.98779296875,4540.47705078125
2024-09-04 00:00:00+07:00,9463.37890625,4223.10302734375,5869.796875,4519.3583984375
2024-09-05 00:00:00+07:00,9417.439453125,4264.505859375,5869.796875,4603.8330078125
2024-09-06 00:00:00+07:00,9463.37890625,4326.6103515625,5931.1533203125,4772.7802734375
2024-09-09 00:00:00+07:00,9440.4091796875,4285.20703125,5931.1533203125,4836.13623046875
2024-09-10 00:00:00+07:00,9509.31640625,4347.31201171875,5931.1533203125,4815.017578125
2024-09-11 00:00:00+07:00,9578.224609375,4285.20703125,6033.4150390625,4772.7802734375
2024-09-12 00:00:00+07:00,9624.1640625,4285.20703125,5972.05810546875,4730.5439453125
2024-09-13 00:00:00+07:00,9578.224609375,4388.71484375,5951.60595703125,4751.66259765625
2024-09-17 00:00:00+07:00,9647.1337890625,4388.71484375,6074.3193359375,4772.7802734375
2024-09-18 00:00:00+07:00,9761.98046875,4430.1181640625,6053.8671875,4815.017578125
2024-09-19 00:00:00+07:00,10014.6435546875,4471.52099609375,6053.8671875,4920.60986328125
2024-09-20 00:00:00+07:00,9899.7958984375,4450.8193359375,5972.05810546875,4857.2548828125
2024-09-23 00:00:00+07:00,10060.58203125,4554.32666015625,6094.77197265625,4899.49169921875
2024-09-24 00:00:00+07:00,9922.765625,4575.0283203125,6074.3193359375,4899.49169921875
2024-09-25 00:00:00+07:00,9968.7041015625,4409.41650390625,5890.2490234375,4730.5439453125
2024-09-26 00:00:00+07:00,9830.888671875,4181.7001953125,5869.796875,4730.5439453125
2024-09-27 00:00:00+07:00,9784.94921875,4223.10302734375,5767.53564453125,4603.8330078125
2024-09-30 00:00:00+07:00,9486.34765625,4098.89453125,5665.27392578125,4519.3583984375
2024-10-01 00:00:00+07:00,9693.0712890625,4202.4013671875,5767.53564453125,4540.47705078125
2024-10-02 00:00:00+07:00,9647.1337890625,4090.613525390625,5706.1787109375,4519.3583984375
2024-10-03 00:00:00+07:00,9601.1943359375,4074.05224609375,5767.53564453125,4540.47705078125
2024-10-04 00:00:00+07:00,9624.1640625,4024.368896484375,5685.72705078125,4498.240234375
2024-10-07 00:00:00+07:00,9463.37890625,3991.24658203125,5624.36962890625,4392.6474609375
2024-10-08 00:00:00+07:00,9555.2548828125,4140.296875,5787.98779296875,4519.3583984375
2024-10-09 00:00:00+07:00,9578.224609375,4082.3330078125,5685.72705078125,4498.240234375
2024-10-10 00:00:00+07:00,9647.1337890625,4024.368896484375,5685.72705078125,4498.240234375
2024-10-11 00:00:00+07:00,9532.2861328125,4057.491455078125,5685.72705078125,4540.47705078125
2024-10-14 00:00:00+07:00,9647.1337890625,4057.491455078125,5665.27392578125,4582.71435546875
2024-10-15 00:00:00+07:00,9761.98046875,4074.05224609375,5767.53564453125,4646.0693359375
2024-10-16 00:00:00+07:00,9624.1640625,4098.89453125,5726.63134765625,4624.951171875
2024-10-17 00:00:00+07:00,9853.857421875,4123.73583984375,5910.70166015625,4646.0693359375
2024-10-18 00:00:00+07:00,9876.8251953125,4115.455078125,5869.796875,4772.7802734375
2024-10-21 00:00:00+07:00,9807.91796875,4132.0166015625,5890.2490234375,4751.66259765625
2024-10-22 00:00:00+07:00,9647.1337890625,4057.491455078125,5787.98779296875,4772.7802734375
2024-10-23 00:00:00+07:00,9784.94921875,4024.368896484375,5787.98779296875,4793.89892578125
2024-10-24 00:00:00+07:00,9830.888671875,3991.24658203125,5706.1787109375,4751.66259765625
2024-10-25 00:00:00+07:00,9876.8251953125,3949.84375,5767.53564453125,4772.7802734375
2024-10-28 00:00:00+07:00,9739.0107421875,3941.56298828125,5583.46533203125,4646.0693359375
2024-10-29 00:00:00+07:00,9647.1337890625,3891.87939453125,5583.46533203125,4477.1220703125
2024-10-30 00:00:00+07:00,9509.31640625,3900.16015625,5522.10888671875,4413.76611328125
2024-10-31 00:00:00+07:00,9417.439453125,3974.685302734375,5481.2041015625,4434.884765625
2024-11-01 00:00:00+07:00,9578.224609375,3891.87939453125,5440.2998046875,4392.6474609375
2024-11-04 00:00:00+07:00,9532.2861328125,3908.440185546875,5522.10888671875,4477.1220703125
2024-11-05 00:00:00+07:00,9647.1337890625,3900.16015625,5665.27392578125,4561.595703125
2024-11-06 00:00:00+07:00,9601.1943359375,3809.0732421875,5358.49072265625,4329.29248046875
2024-11-07 00:00:00+07:00,9348.5322265625,3767.67041015625,5256.2294921875,4244.81787109375
2024-11-08 00:00:00+07:00,9256.6533203125,3742.82861328125,5174.42041015625,4206.80517578125
2024-11-11 00:00:00+07:00,9233.6845703125,3693.145263671875,5194.8720703125,4215.25244140625
2024-11-12 00:00:00+07:00,9325.560546875,3726.267333984375,5215.32470703125,4164.56787109375
2024-11-13 00:00:00+07:00,9325.560546875,3792.512451171875,5256.2294921875,4189.91015625
2024-11-14 00:00:00+07:00,9279.6240234375,3726.267333984375,5215.32470703125,4181.462890625
2024-11-15 00:00:00+07:00,9348.5322265625,3701.42578125,5194.8720703125,4147.6728515625
2024-11-18 00:00:00+07:00,9187.74609375,3602.05859375,5174.42041015625,4113.88330078125
2024-11-19 00:00:00+07:00,9118.837890625,3610.3388671875,5113.0634765625,4096.98876953125
2024-11-20 00:00:00+07:00,9256.6533203125,3585.49755859375,5092.61181640625,4096.98876953125
2024-11-21 00:00:00+07:00,9095.0673828125,3519.25244140625,5031.25439453125,3987.17236328125
2024-11-22 00:00:00+07:00,9095.0673828125,3643.461669921875,5113.0634765625,4088.54150390625
2024-11-25 00:00:00+07:00,9395.158203125,3701.42578125,5378.94287109375,4215.25244140625
2024-11-26 00:00:00+07:00,9233.5703125,3643.461669921875,5235.77685546875,4181.462890625
2024-11-28 00:00:00+07:00,9233.5703125,3585.49755859375,5276.681640625,4244.81787109375
2024-11-29 00:00:00+07:00,9233.5703125,3519.25244140625,5031.25439453125,4206.80517578125
2024-12-02 00:00:00+07:00,9002.73046875,3453.008056640625,4908.541015625,3978.725341796875
2024-12-03 00:00:00+07:00,9418.2412109375,3510.971923828125,5133.51611328125,4037.85693359375
2024-12-04 00:00:00+07:00,9418.2412109375,3602.05859375,5215.32470703125,4181.462890625
2024-12-05 00:00:00+07:00,9464.41015625,3527.533203125,5031.25439453125,4071.646728515625
2024-12-06 00:00:00+07:00,9302.822265625,3568.93603515625,5092.61181640625,4105.4365234375
2024-12-09 00:00:00+07:00,9556.744140625,3635.180908203125,5215.32470703125,4223.69970703125
2024-12-10 00:00:00+07:00,9556.744140625,3610.3388671875,5153.9677734375,4308.173828125
2024-12-11 00:00:00+07:00,9625.99609375,3626.900146484375,5153.9677734375,4287.05517578125
2024-12-12 00:00:00+07:00,9395.158203125,3527.533203125,5010.80224609375,4122.33056640625
2024-12-13 00:00:00+07:00,9279.73828125,3453.008056640625,4928.99267578125,3995.619873046875
2024-12-16 00:00:00+07:00,9325.90625,3519.25244140625,4969.8974609375,3919.59326171875
2024-12-17 00:00:00+07:00,9141.234375,3436.44677734375,4867.63671875,3775.987548828125
2024-12-18 00:00:00+07:00,9048.8984375,3436.44677734375,4765.375,3742.197998046875
2024-12-19 00:00:00+07:00,8933.4794921875,3386.76318359375,4642.662109375,3640.8291015625
2024-12-20 00:00:00+07:00,8910.3955078125,3361.92138671875,4642.662109375,3598.59228515625
2024-12-23 00:00:00+07:00,9025.8154296875,3486.13037109375,4765.375,3699.9609375
2024-12-24 00:00:00+07:00,9002.73046875,3477.849609375,4704.0185546875,3699.9609375
2024-12-27 00:00:00+07:00,9048.8984375,3507.794189453125,4744.9228515625,3683.066162109375
2024-12-30 00:00:00+07:00,8933.4794921875,3490.68310546875,4663.1142578125,3674.618896484375
2025-01-02 00:00:00+07:00,9141.234375,3601.906005859375,4785.82763671875,3877.356201171875
2025-01-03 00:00:00+07:00,9095.0673828125,3550.572265625,4744.9228515625,3835.11962890625
2025-01-06 00:00:00+07:00,8933.4794921875,3507.794189453125,4642.662109375,3742.197998046875
2025-01-07 00:00:00+07:00,8794.9755859375,3447.9052734375,4581.3046875,3683.066162109375
2025-01-08 00:00:00+07:00,8933.4794921875,3490.68310546875,4704.0185546875,3691.513427734375
2025-01-09 00:00:00+07:00,9095.0673828125,3447.9052734375,4704.0185546875,3699.9609375
2025-01-10 00:00:00+07:00,8979.646484375,3430.793701171875,4581.3046875,3674.618896484375
2025-01-13 00:00:00+07:00,8933.4794921875,3293.904296875,4519.9482421875,3556.355224609375
2025-01-14 00:00:00+07:00,8794.9755859375,3251.12646484375,4417.68701171875,3488.776123046875
2025-01-15 00:00:00+07:00,9048.8984375,3499.23876953125,4704.0185546875,3725.30322265625
2025-01-16 00:00:00+07:00,9002.73046875,3559.127685546875,4806.27978515625,3801.329833984375
2025-01-17 00:00:00+07:00,9141.234375,3499.23876953125,4806.27978515625,3775.987548828125
2025-01-20 00:00:00+07:00,8887.3115234375,3610.46142578125,4908.541015625,3902.698486328125
2025-01-21 00:00:00+07:00,8841.1435546875,3644.683837890625,4949.44580078125,4004.067138671875
2025-01-22 00:00:00+07:00,8864.2275390625,3644.683837890625,5031.25439453125,4046.304443359375
2025-01-23 00:00:00+07:00,8864.2275390625,3678.90625,5051.70703125,3928.040771484375
2025-01-24 00:00:00+07:00,8633.3876953125,3584.794677734375,5010.80224609375,3894.2509765625
2025-01-30 00:00:00+07:00,8448.716796875,3524.905517578125,4990.35009765625,3919.59326171875
2025-01-31 00:00:00+07:00,8725.724609375,3610.46142578125,4928.99267578125,4029.409423828125
2025-02-03 00:00:00+07:00,8633.3876953125,3636.128173828125,4744.9228515625,4037.85693359375
2025-02-04 00:00:00+07:00,8471.7998046875,3644.683837890625,4642.662109375,3970.27783203125
2025-02-05 00:00:00+07:00,8425.6328125,3542.0166015625,4519.9482421875,3801.329833984375
2025-02-06 00:00:00+07:00,8264.044921875,3396.571533203125,4172.259765625,3623.934326171875
2025-02-07 00:00:00+07:00,8633.3876953125,3447.9052734375,4213.16455078125,3607.03955078125
2025-02-10 00:00:00+07:00,8448.716796875,3396.571533203125,4090.450927734375,3505.670654296875
2025-02-11 00:00:00+07:00,8379.4658203125,3430.793701171875,3992.280029296875,3438.091552734375
2025-02-12 00:00:00+07:00,8448.716796875,3447.9052734375,4041.365478515625,3632.381591796875
2025-02-13 00:00:00+07:00,8310.2138671875,3413.6826171875,4110.90283203125,3590.144775390625
2025-02-14 00:00:00+07:00,8287.12890625,3302.459716796875,4192.7119140625,3691.513427734375
2025-02-17 00:00:00+07:00,8610.3037109375,3447.9052734375,4438.13916015625,3860.46142578125
2025-02-18 00:00:00+07:00,8587.2197265625,3550.572265625,4458.59130859375,4012.5146484375
2025-02-19 00:00:00+07:00,8264.044921875,3439.349609375,4233.61669921875,3818.224609375
2025-02-20 00:00:00+07:00,8310.2138671875,3345.238037109375,4213.16455078125,3767.5400390625
2025-02-21 00:00:00+07:00,8310.2138671875,3328.126708984375,4151.80712890625,3632.381591796875
2025-02-24 00:00:00+07:00,8240.9619140625,3353.79345703125,4110.90283203125,3547.907958984375
2025-02-25 00:00:00+07:00,8148.6259765625,3251.12646484375,3984.098876953125,3573.25
2025-02-26 00:00:00+07:00,8102.45751953125,3268.23779296875,4025.003662109375,3674.618896484375
2025-02-27 00:00:00+07:00,7871.6181640625,3105.68115234375,3812.300048828125,3666.17138671875
2025-02-28 00:00:00+07:00,7779.283203125,2874.68017578125,3763.21484375,3404.302001953125
2025-03-03 00:00:00+07:00,8125.5419921875,3139.90380859375,4008.641845703125,3598.59228515625
2025-03-04 00:00:00+07:00,8171.71044921875,3139.90380859375,3959.555908203125,3564.802490234375
2025-03-05 00:00:00+07:00,8310.2138671875,3285.348876953125,3975.918212890625,3767.5400390625
2025-03-06 00:00:00+07:00,8287.12890625,3379.46044921875,3984.098876953125,3877.356201171875
2025-03-07 00:00:00+07:00,8240.9619140625,3259.68212890625,3959.555908203125,3835.11962890625
2025-03-10 00:00:00+07:00,8240.9619140625,3216.904052734375,3853.204833984375,3759.0927734375
2025-03-11 00:00:00+07:00,8240.9619140625,3242.57080078125,3877.747314453125,3759.0927734375
2025-03-12 00:00:00+07:00,8425.6328125,3328.126708984375,3992.280029296875,3826.672119140625
2025-03-13 00:00:00+07:00,8287.12890625,3251.12646484375,3877.747314453125,3826.672119140625
2025-03-14 00:00:00+07:00,8079.3740234375,3208.348388671875,3877.747314453125,3742.197998046875
2025-03-17 00:00:00+07:00,7940.8701171875,3276.793212890625,3828.661865234375,3657.723876953125
2025-03-18 00:00:00+07:00,7663.86279296875,3148.459228515625,3705.9482421875,3539.46044921875
2025-03-19 00:00:00+07:00,7686.94677734375,3174.1259765625,3828.661865234375,3522.565673828125
2025-03-20 00:00:00+07:00,7733.115234375,3131.34814453125,3779.576416015625,3446.5390625
2025-03-21 00:00:00+07:00,7518.966796875,3165.570556640625,3607.777587890625,3184.669677734375
2025-03-24 00:00:00+07:00,7566.5556640625,3088.570068359375,3648.681884765625,3142.4326171875
2025-03-25 00:00:00+07:00,7661.732421875,3251.12646484375,3877.747314453125,3294.48583984375
2025-03-26 00:00:00+07:00,8113.82177734375,3422.23828125,4213.16455078125,3590.144775390625
2025-03-27 00:00:00+07:00,8090.02734375,3465.016357421875,4254.06884765625,3581.697265625
2025-04-08 00:00:00+07:00,7399.99560546875,3114.23681640625,3820.481201171875,3404.302001953125
2025-04-09 00:00:00+07:00,7542.76123046875,3105.68115234375,3853.204833984375,3412.74951171875
2025-04-10 00:00:00+07:00,7828.29150390625,3251.12646484375,4110.90283203125,3598.59228515625
2025-04-11 00:00:00+07:00,7875.8798828125,3285.88623046875,4172.259765625,3708.408447265625
2025-04-14 00:00:00+07:00,7994.85107421875,3340.1982421875,4276.87158203125,3843.56689453125
2025-04-15 00:00:00+07:00,8161.41064453125,3340.1982421875,4240.85595703125,3939.342041015625
2025-04-16 00:00:00+07:00,8066.2333984375,3303.990478515625,4168.82421875,3773.668701171875
2025-04-17 00:00:00+07:00,8090.02734375,3294.938232421875,4141.81298828125,3718.4443359375
2025-04-21 00:00:00+07:00,7899.673828125,3276.834228515625,4150.81640625,3672.423828125
2025-04-22 00:00:00+07:00,8090.02734375,3285.88623046875,4249.85986328125,3690.83203125
2025-04-23 00:00:00+07:00,8304.17578125,3403.562744140625,4411.9306640625,3819.68896484375
2025-04-24 00:00:00+07:00,8066.2333984375,3376.406494140625,4402.9267578125,3838.09716796875
2025-04-25 00:00:00+07:00,8185.20458984375,3385.458740234375,4411.9306640625,3865.70947265625
2025-04-28 00:00:00+07:00,8351.763671875,3475.978759765625,4429.9384765625,3856.50537109375
2025-04-29 00:00:00+07:00,8304.17578125,3485.031005859375,4447.9462890625,3810.48486328125
2025-04-30 00:00:00+07:00,8399.3525390625,3485.031005859375,4402.9267578125,3847.30126953125
2025-05-02 00:00:00+07:00,8542.1171875,3512.18701171875,4465.95458984375,3865.70947265625
2025-05-05 00:00:00+07:00,8542.1171875,3494.0830078125,4483.96240234375,3874.91357421875
2025-05-06 00:00:00+07:00,8589.7060546875,3512.18701171875,4483.96240234375,3847.30126953125
2025-05-07 00:00:00+07:00,8637.294921875,3539.343017578125,4456.95068359375,3828.89306640625
2025-05-08 00:00:00+07:00,8542.1171875,3430.71875,4312.88720703125,3792.076904296875
2025-05-09 00:00:00+07:00,8565.912109375,3475.978759765625,4294.87939453125,3773.668701171875
2025-05-14 00:00:00+07:00,8827.6484375,3702.279541015625,4546.98974609375,4022.178466796875
2025-05-15 00:00:00+07:00,8827.6484375,3865.216064453125,4794.5986328125,4141.83154296875
2025-05-16 00:00:00+07:00,8851.44140625,3847.112060546875,4929.6572265625,4141.83154296875
2025-05-19 00:00:00+07:00,9041.794921875,3829.0078125,4974.67724609375,4105.01513671875
2025-05-20 00:00:00+07:00,9018.001953125,3810.90380859375,4862.1279296875,4095.81103515625
2025-05-21 00:00:00+07:00,9232.1494140625,3856.1640625,4907.1474609375,4160.23974609375
2025-05-22 00:00:00+07:00,9184.5615234375,3892.3720703125,4907.1474609375,4114.21923828125
2025-05-23 00:00:00+07:00,9208.35546875,3937.63232421875,4884.6376953125,4151.03564453125
2025-05-26 00:00:00+07:00,9160.7666015625,3910.47607421875,4929.6572265625,4141.83154296875
2025-05-27 00:00:00+07:00,8994.2080078125,3955.736328125,4862.1279296875,4169.44384765625
2025-05-28 00:00:00+07:00,8946.619140625,4028.152587890625,4772.08837890625,4132.62744140625
2025-06-02 00:00:00+07:00,8661.087890625,3801.851806640625,4569.49951171875,4022.178466796875
2025-06-03 00:00:00+07:00,8613.5009765625,3801.851806640625,4546.98974609375,4022.178466796875
2025-06-04 00:00:00+07:00,8542.1171875,3693.2275390625,4524.47998046875,3957.75
2025-06-05 00:00:00+07:00,8494.529296875,3711.331787109375,4569.49951171875,4068.198974609375
2025-06-10 00:00:00+07:00,8661.087890625,3756.591796875,4727.06884765625,4160.23974609375
2025-06-11 00:00:00+07:00,8613.5009765625,3684.175537109375,4682.048828125,4178.64794921875
2025-06-12 00:00:00+07:00,8684.8828125,3684.175537109375,4659.5390625,4178.64794921875
2025-06-13 00:00:00+07:00,8589.7060546875,3620.811279296875,4637.029296875,4178.64794921875
2025-06-16 00:00:00+07:00,8494.529296875,3611.75927734375,4637.029296875,4049.790771484375
2025-06-17 00:00:00+07:00,8637.294921875,3584.60302734375,4592.00927734375,4012.974609375
2025-06-18 00:00:00+07:00,8470.734375,3566.4990234375,4569.49951171875,3957.75
2025-06-19 00:00:00+07:00,8351.763671875,3439.770751953125,4474.9580078125,3801.281005859375
2025-06-20 00:00:00+07:00,8280.380859375,3430.71875,4438.94287109375,3782.872802734375
2025-06-23 00:00:00+07:00,8208.9990234375,3367.3544921875,4429.9384765625,3736.852294921875
2025-06-24 00:00:00+07:00,8351.763671875,3421.66650390625,4524.47998046875,3810.48486328125
2025-06-25 00:00:00+07:00,8185.20458984375,3403.562744140625,4393.9228515625,3782.872802734375
2025-06-26 00:00:00+07:00,8232.79296875,3466.927001953125,4524.47998046875,3792.076904296875
2025-06-30 00:00:00+07:00,8256.5869140625,3385.458740234375,4393.9228515625,3792.076904296875
2025-07-01 00:00:00+07:00,8280.380859375,3349.25048828125,4276.87158203125,3690.83203125
2025-07-02 00:00:00+07:00,8256.5869140625,3331.146484375,4294.87939453125,3700.0361328125
2025-07-03 00:00:00+07:00,8185.20458984375,3331.146484375,4267.86767578125,3654.015869140625
2025-07-04 00:00:00+07:00,8232.79296875,3322.094482421875,4267.86767578125,3681.6279296875
2025-07-07 00:00:00+07:00,8208.9990234375,3349.25048828125,4267.86767578125,3681.6279296875
2025-07-08 00:00:00+07:00,8090.02734375,3322.094482421875,4249.85986328125,3654.015869140625
2025-07-09 00:00:00+07:00,8090.02734375,3331.146484375,4240.85595703125,3681.6279296875
2025-07-10 00:00:00+07:00,8185.20458984375,3503.134765625,4339.8994140625,3782.872802734375
2025-07-11 00:00:00+07:00,8208.9990234375,3512.18701171875,4474.9580078125,3847.30126953125
2025-07-14 00:00:00+07:00,8113.82177734375,3421.66650390625,4222.84814453125,3718.4443359375
2025-07-15 00:00:00+07:00,8137.6162109375,3512.18701171875,4231.85205078125,3727.6484375
2025-07-16 00:00:00+07:00,8113.82177734375,3512.18701171875,4222.84814453125,3801.281005859375
2025-07-17 00:00:00+07:00,8113.82177734375,3521.239013671875,4249.85986328125,3782.872802734375
2025-07-18 00:00:00+07:00,8018.6455078125,3494.0830078125,4267.86767578125,3792.076904296875
2025-07-21 00:00:00+07:00,8042.43994140625,3466.927001953125,4213.84423828125,3746.056396484375
2025-07-22 00:00:00+07:00,7994.85107421875,3475.978759765625,4195.8359375,3727.6484375
2025-07-23 00:00:00+07:00,8018.6455078125,3439.770751953125,4213.84423828125,3773.668701171875
2025-07-24 00:00:00+07:00,8090.02734375,3575.55126953125,4321.8916015625,3884.117431640625
2025-07-25 00:00:00+07:00,8042.43994140625,3512.18701171875,4222.84814453125,3764.464599609375
2025-07-28 00:00:00+07:00,8090.02734375,3566.4990234375,4231.85205078125,3874.91357421875
2025-07-29 00:00:00+07:00,7994.85107421875,3548.395263671875,4240.85595703125,3819.68896484375
2025-07-30 00:00:00+07:00,7971.05712890625,3421.66650390625,4159.8203125,3792.076904296875
2025-07-31 00:00:00+07:00,7875.8798828125,3358.302490234375,4060.77685546875,3690.83203125
2025-08-01 00:00:00+07:00,7899.673828125,3385.458740234375,4078.784912109375,3690.83203125
2025-08-04 00:00:00+07:00,7875.8798828125,3358.302490234375,4159.8203125,3690.83203125
2025-08-05 00:00:00+07:00,8018.6455078125,3385.458740234375,4276.87158203125,3884.117431640625
2025-08-06 00:00:00+07:00,7899.673828125,3358.302490234375,4231.85205078125,3773.668701171875
2025-08-07 00:00:00+07:00,7899.673828125,3358.302490234375,4213.84423828125,3792.076904296875
2025-08-08 00:00:00+07:00,7899.673828125,3349.25048828125,4204.84033203125,3746.056396484375
2025-08-11 00:00:00+07:00,8137.6162109375,3448.82275390625,4249.85986328125,3865.70947265625
2025-08-12 00:00:00+07:00,8423.1474609375,3666.0712890625,4420.93505859375,4012.974609375
2025-08-13 00:00:00+07:00,8494.529296875,3693.2275390625,4384.9189453125,4022.178466796875
2025-08-14 00:00:00+07:00,8351.763671875,3675.12353515625,4366.9111328125,4040.586669921875
2025-08-15 00:00:00+07:00,8280.380859375,3729.435546875,4366.9111328125,4022.178466796875
2025-08-19 00:00:00+07:00,8090.02734375,3657.01953125,4321.8916015625,3985.3623046875
2025-08-20 00:00:00+07:00,8113.82177734375,3756.591796875,4456.95068359375,4077.403076171875
2025-08-21 00:00:00+07:00,8137.6162109375,3756.591796875,4411.9306640625,4132.62744140625
2025-08-22 00:00:00+07:00,8042.43994140625,3711.331787109375,4402.9267578125,4040.586669921875
2025-08-25 00:00:00+07:00,8066.2333984375,3810.90380859375,4456.95068359375,4095.81103515625
2025-08-26 00:00:00+07:00,7852.08544921875,3774.69580078125,4411.9306640625,4178.64794921875
2025-08-27 00:00:00+07:00,7899.673828125,3738.48779296875,4321.8916015625,4095.81103515625
2025-08-28 00:00:00+07:00,7923.46826171875,3747.53955078125,4294.87939453125,4105.01513671875
2025-08-29 00:00:00+07:00,7685.5263671875,3666.0712890625,4258.86376953125,4031.382568359375
2025-09-01 00:00:00+07:00,7614.1435546875,3602.707275390625,4141.81298828125,3976.158203125
2025-09-02 00:00:00+07:00,7614.1435546875,3584.60302734375,4114.80078125,3966.9541015625
2025-09-03 00:00:00+07:00,7590.349609375,3647.96728515625,4159.8203125,4058.994873046875
2025-09-04 00:00:00+07:00,7614.1435546875,3620.811279296875,4213.84423828125,4022.178466796875
2025-09-08 00:00:00+07:00,7328.61328125,3530.291015625,4042.76953125,3847.30126953125
2025-09-09 00:00:00+07:00,7162.05419921875,3430.71875,3880.6982421875,3755.260498046875
2025-09-10 00:00:00+07:00,7423.7900390625,3512.18701171875,3961.733642578125,3773.668701171875
2025-09-11 00:00:00+07:00,7471.37890625,3693.2275390625,4033.76513671875,4068.198974609375
2025-09-12 00:00:00+07:00,7542.76123046875,3783.747802734375,4069.781005859375,4160.23974609375
2025-09-15 00:00:00+07:00,7637.93798828125,3747.53955078125,4078.784912109375,4058.994873046875
2025-09-16 00:00:00+07:00,7542.76123046875,3738.48779296875,4033.76513671875,4022.178466796875
2025-09-17 00:00:00+07:00,7471.37890625,3819.9560546875,4060.77685546875,4095.81103515625
2025-09-18 00:00:00+07:00,7328.61328125,3847.112060546875,3979.741455078125,3994.56640625
2025-09-19 00:00:00+07:00,7423.7900390625,3847.112060546875,3943.72607421875,3930.137939453125
2025-09-22 00:00:00+07:00,7352.40771484375,3765.643798828125,3979.741455078125,3874.91357421875
2025-09-23 00:00:00+07:00,7495.1728515625,3747.53955078125,3970.73779296875,3865.70947265625
2025-09-24 00:00:00+07:00,7399.99560546875,3774.69580078125,3952.729736328125,3856.50537109375
2025-09-25 00:00:00+07:00,7328.61328125,3684.175537109375,3925.71826171875,3856.50537109375
2025-09-26 00:00:00+07:00,7257.23095703125,3657.01953125,3979.741455078125,3847.30126953125
2025-09-29 00:00:00+07:00,7399.99560546875,3602.707275390625,3961.733642578125,3838.09716796875
2025-09-30 00:00:00+07:00,7257.23095703125,3530.291015625,3961.733642578125,3773.668701171875
2025-10-01 00:00:00+07:00,7138.259765625,3448.82275390625,3943.72607421875,3727.6484375
2025-10-02 00:00:00+07:00,7138.259765625,3358.302490234375,3925.71826171875,3718.4443359375
2025-10-03 00:00:00+07:00,7162.05419921875,3340.1982421875,3880.6982421875,3718.4443359375
2025-10-06 00:00:00+07:00,7138.259765625,3313.042236328125,3835.678466796875,3681.6279296875
2025-10-07 00:00:00+07:00,7209.64208984375,3358.302490234375,3862.690185546875,3672.423828125
2025-10-08 00:00:00+07:00,7019.28857421875,3367.3544921875,3826.6748046875,3626.403564453125
2025-10-09 00:00:00+07:00,7185.8486328125,3494.0830078125,3952.729736328125,3773.668701171875
2025-10-10 00:00:00+07:00,7043.0830078125,3376.406494140625,3826.6748046875,3654.015869140625
2025-10-13 00:00:00+07:00,6971.70068359375,3313.042236328125,3808.6669921875,3589.58740234375
2025-10-14 00:00:00+07:00,6900.31787109375,3213.469970703125,3682.611572265625,3497.546630859375
2025-10-15 00:00:00+07:00,6900.31787109375,3168.2099609375,3646.595947265625,3469.934326171875
2025-10-16 00:00:00+07:00,6947.90625,3195.365966796875,3682.611572265625,3543.56689453125
2025-10-17 00:00:00+07:00,7138.259765625,3168.2099609375,3646.595947265625,3497.546630859375
2025-10-20 00:00:00+07:00,7495.1728515625,3331.146484375,3871.6943359375,3718.4443359375
2025-10-21 00:00:00+07:00,8066.2333984375,3403.562744140625,3916.7138671875,3727.6484375
2025-10-22 00:00:00+07:00,7804.4970703125,3349.25048828125,3898.7060546875,3709.240234375
2025-10-23 00:00:00+07:00,7923.46826171875,3457.874755859375,3988.74560546875,3902.525634765625
2025-10-24 00:00:00+07:00,7875.8798828125,3485.031005859375,4096.79296875,4022.178466796875
2025-10-27 00:00:00+07:00,7947.2626953125,3494.0830078125,4024.761474609375,4022.178466796875
2025-10-28 00:00:00+07:00,7875.8798828125,3485.031005859375,4060.77685546875,4022.178466796875
2025-10-29 00:00:00+07:00,8185.20458984375,3521.239013671875,4186.83251953125,4086.607177734375
2025-10-30 00:00:00+07:00,8113.82177734375,3539.343017578125,4321.8916015625,4058.994873046875
2025-10-31 00:00:00+07:00,8113.82177734375,3602.707275390625,4249.85986328125,4031.382568359375
2025-11-03 00:00:00+07:00,8232.79296875,3657.01953125,4285.87548828125,4077.403076171875
2025-11-04 00:00:00+07:00,8232.79296875,3593.6552734375,4258.86376953125,4095.81103515625
2025-11-05 00:00:00+07:00,8280.380859375,3602.707275390625,4294.87939453125,4105.01513671875
2025-11-06 00:00:00+07:00,8137.6162109375,3620.811279296875,4276.87158203125,4086.607177734375
2025-11-07 00:00:00+07:00,8256.5869140625,3602.707275390625,4276.87158203125,4141.83154296875
2025-11-10 00:00:00+07:00,8161.41064453125,3557.447021484375,4258.86376953125,4068.198974609375
2025-11-11 00:00:00+07:00,7994.85107421875,3521.239013671875,4213.84423828125,4068.198974609375
2025-11-12 00:00:00+07:00,8090.02734375,3530.291015625,4285.87548828125,4105.01513671875
2025-11-13 00:00:00+07:00,7971.05712890625,3503.134765625,4231.85205078125,4068.198974609375
2025-11-14 00:00:00+07:00,8018.6455078125,3530.291015625,4276.87158203125,4040.586669921875
2025-11-17 00:00:00+07:00,8161.41064453125,3566.4990234375,4339.8994140625,4040.586669921875
2025-11-18 00:00:00+07:00,7994.85107421875,3593.6552734375,4312.88720703125,4105.01513671875
2025-11-19 00:00:00+07:00,8066.2333984375,3620.811279296875,4366.9111328125,4105.01513671875
2025-11-20 00:00:00+07:00,8018.6455078125,3611.75927734375,4447.9462890625,4105.01513671875
2025-11-21 00:00:00+07:00,7994.85107421875,3584.60302734375,4456.95068359375,4040.586669921875
2025-11-24 00:00:00+07:00,8066.2333984375,3602.707275390625,4592.00927734375,4040.586669921875
2025-11-25 00:00:00+07:00,8090.02734375,3466.927001953125,4524.47998046875,4068.198974609375
2025-11-26 00:00:00+07:00,8018.6455078125,3430.71875,4524.47998046875,4058.994873046875
2025-11-27 00:00:00+07:00,7923.46826171875,3385.458740234375,4375.9150390625,4003.7705078125
2025-11-28 00:00:00+07:00,7875.8798828125,3331.146484375,4348.9033203125,3920.933837890625
2025-12-01 00:00:00+07:00,7994.85107421875,3322.094482421875,4375.9150390625,3966.9541015625
2025-12-02 00:00:00+07:00,7971.05712890625,3358.302490234375,4366.9111328125,3930.137939453125
2025-12-03 00:00:00+07:00,7951.8955078125,3313.042236328125,4393.9228515625,3920.933837890625
2025-12-04 00:00:00+07:00,7880.04150390625,3340.1982421875,4429.9384765625,3966.9541015625
2025-12-05 00:00:00+07:00,7951.8955078125,3303.990478515625,4411.9306640625,3948.5458984375
2025-12-08 00:00:00+07:00,7951.8955078125,3322.094482421875,4456.95068359375,3966.9541015625
2025-12-09 00:00:00+07:00,7760.28369140625,3331.146484375,4402.9267578125,3976.158203125
2025-12-10 00:00:00+07:00,7736.33251953125,3313.042236328125,4474.9580078125,3966.9541015625
2025-12-11 00:00:00+07:00,7664.47802734375,3276.834228515625,4456.95068359375,3893.321533203125
2025-12-12 00:00:00+07:00,7664.47802734375,3285.88623046875,4339.8994140625,3902.525634765625
2025-12-15 00:00:00+07:00,7951.8955078125,3421.66650390625,4492.96630859375,4086.607177734375
2025-12-16 00:00:00+07:00,7736.33251953125,3340.1982421875,4501.97021484375,4049.790771484375
2025-12-17 00:00:00+07:00,7688.42919921875,3394.510498046875,4524.47998046875,4022.178466796875
2025-12-18 00:00:00+07:00,7832.13818359375,3421.66650390625,4637.029296875,4031.382568359375
2025-12-19 00:00:00+07:00,7712.380859375,3412.61474609375,4659.5390625,3994.56640625
2025-12-22 00:00:00+07:00,7832.13818359375,3403.562744140625,4592.00927734375,3985.3623046875
2025-12-23 00:00:00+07:00,7688.42919921875,3412.61474609375,4546.98974609375,3948.5458984375
2025-12-24 00:00:00+07:00,7688.42919921875,3412.61474609375,4546.98974609375,3930.137939453125
2025-12-29 00:00:00+07:00,7688.42919921875,3421.66650390625,4569.49951171875,3920.933837890625
2025-12-30 00:00:00+07:00,7736.33251953125,3437.6337890625,4592.00927734375,4022.178466796875
2026-01-02 00:00:00+07:00,7688.42919921875,3418.848876953125,4569.49951171875,3920.933837890625
2026-01-05 00:00:00+07:00,7736.33251953125,3409.45654296875,4546.98974609375,3893.321533203125
2026-01-06 00:00:00+07:00,7832.13818359375,3456.418701171875,4482.68896484375,3902.525634765625
2026-01-07 00:00:00+07:00,7808.18701171875,3475.20361328125,4418.38818359375,3865.70947265625
2026-01-08 00:00:00+07:00,7712.380859375,3484.595947265625,4418.38818359375,3874.91357421875
2026-01-09 00:00:00+07:00,7784.2353515625,3456.418701171875,4372.458984375,3847.30126953125
2026-01-12 00:00:00+07:00,7688.42919921875,3475.20361328125,4381.64453125,3884.117431640625
2026-01-13 00:00:00+07:00,7736.33251953125,3493.988525390625,4427.57373046875,3994.56640625
2026-01-14 00:00:00+07:00,7664.47802734375,3493.988525390625,4445.94580078125,4012.974609375
2026-01-15 00:00:00+07:00,7736.33251953125,3587.912841796875,4583.7333984375,4178.64794921875
2026-01-19 00:00:00+07:00,7784.2353515625,3606.69775390625,4592.9189453125,4252.2802734375
2026-01-20 00:00:00+07:00,7664.47802734375,3616.09033203125,4615.8837890625,4206.259765625
2026-01-21 00:00:00+07:00,7377.06005859375,3587.912841796875,4583.7333984375,4224.66796875
2026-01-22 00:00:00+07:00,7329.15673828125,3578.5205078125,4574.54736328125,4224.66796875
2026-01-23 00:00:00+07:00,7329.15673828125,3616.09033203125,4583.7333984375,4233.8720703125
2026-01-26 00:00:00+07:00,7329.15673828125,3616.09033203125,4510.24658203125,4169.44384765625
2026-01-27 00:00:00+07:00,7185.44775390625,3587.912841796875,4418.38818359375,4141.83154296875
2026-01-28 00:00:00+07:00,6730.36962890625,3371.88671875,4188.7421875,4086.607177734375
2026-01-29 00:00:00+07:00,6898.0302734375,3550.343017578125,4253.04296875,4068.198974609375
2026-01-30 00:00:00+07:00,7089.64208984375,3578.5205078125,4427.57373046875,4132.62744140625
2026-02-02 00:00:00+07:00,7281.25390625,3597.305419921875,4409.2021484375,4141.83154296875
2026-02-03 00:00:00+07:00,7329.15673828125,3569.1279296875,4436.759765625,4224.66796875
2026-02-04 00:00:00+07:00,7472.86572265625,3634.875,4592.9189453125,4261.484375
2026-02-05 00:00:00+07:00,7472.86572265625,3616.09033203125,4638.84814453125,4206.259765625
2026-02-06 00:00:00+07:00,7353.1083984375,3550.343017578125,4638.84814453125,4169.44384765625
2026-02-09 00:00:00+07:00,7185.44775390625,3540.95068359375,4592.9189453125,4160.23974609375
2026-02-10 00:00:00+07:00,7161.49658203125,3550.343017578125,4684.77734375,4151.03564453125
2026-02-11 00:00:00+07:00,7137.544921875,3569.1279296875,4615.8837890625,4123.42333984375
2026-02-12 00:00:00+07:00,7017.78759765625,3559.735595703125,4661.81298828125,4151.03564453125
2026-02-13 00:00:00+07:00,6898.0302734375,3550.343017578125,4661.81298828125,4123.42333984375
2026-02-18 00:00:00+07:00,6969.884765625,3597.305419921875,4845.52978515625,4132.62744140625
2026-02-19 00:00:00+07:00,6874.07861328125,3540.95068359375,4661.81298828125,4095.81103515625
2026-02-20 00:00:00+07:00,6921.9814453125,3606.69775390625,4707.7421875,4114.21923828125
2026-02-23 00:00:00+07:00,6993.8359375,3663.052490234375,4845.52978515625,4141.83154296875
2026-02-24 00:00:00+07:00,6921.9814453125,3634.875,4937.38818359375,4095.81103515625
2026-02-25 00:00:00+07:00,7017.78759765625,3728.799560546875,4868.494140625,4141.83154296875
2026-02-26 00:00:00+07:00,6993.8359375,3710.0146484375,4891.458984375,4105.01513671875
2026-02-27 00:00:00+07:00,6874.07861328125,3672.44482421875,4845.52978515625,4049.790771484375
2026-03-02 00:00:00+07:00,6730.36962890625,3587.912841796875,4661.81298828125,3957.75
2026-03-03 00:00:00+07:00,6778.2724609375,3540.95068359375,4684.77734375,3957.75
2026-03-04 00:00:00+07:00,6586.66064453125,3465.81103515625,4574.54736328125,3819.68896484375
2026-03-05 00:00:00+07:00,6802.22412109375,3522.165771484375,4707.7421875,3939.342041015625
2026-03-06 00:00:00+07:00,6706.41796875,3447.0263671875,4574.54736328125,3930.137939453125
2026-03-09 00:00:00+07:00,6586.66064453125,3353.101806640625,4427.57373046875,3948.5458984375
2026-03-10 00:00:00+07:00,6682.466796875,3343.70947265625,4510.24658203125,3920.933837890625
2026-03-11 00:00:00+07:00,6538.7578125,3362.494384765625,4482.68896484375,3948.5458984375
2026-03-12 00:00:00+07:00,6610.6123046875,3353.101806640625,4556.17578125,3939.342041015625
2026-03-13 00:00:00+07:00,6586.66064453125,3296.7470703125,4363.27294921875,3902.525634765625
2026-03-16 00:00:00+07:00,6466.9033203125,3268.56982421875,4317.34375,3976.158203125
2026-03-17 00:00:00+07:00,6490.8544921875,3268.56982421875,4344.9013671875,4040.586669921875
2026-03-25 00:00:00+07:00,6610.6123046875,3324.924560546875,4565.361328125,4040.0
2026-03-26 00:00:00+07:00,6586.66064453125,3277.96240234375,4445.94580078125,4000.0
2026-03-27 00:00:00+07:00,6419.0,3212.215087890625,4372.458984375,3900.0
2026-03-30 00:00:00+07:00,6450.0,3155.860595703125,4317.34375,3850.0
2026-03-31 00:00:00+07:00,6450.0,3127.68310546875,4335.7158203125,3760.0
2026-04-01 00:00:00+07:00,6500.0,3146.468017578125,4335.7158203125,3720.0
2026-04-02 00:00:00+07:00,6575.0,3118.290771484375,4271.41455078125,3700.0
2026-04-06 00:00:00+07:00,6500.0,3108.8984375,4234.67138671875,3640.0
2026-04-07 00:00:00+07:00,6500.0,3033.7587890625,4142.81298828125,3510.0
2026-04-08 00:00:00+07:00,6750.0,3137.07568359375,4289.78662109375,3780.0
2026-04-09 00:00:00+07:00,6475.0,3080.720947265625,4197.92822265625,3710.0
2026-04-10 00:00:00+07:00,6700.0,3184.037841796875,4289.78662109375,3730.0
2026-04-13 00:00:00+07:00,6575.0,3165.2529296875,4225.4853515625,3680.0
2026-04-14 00:00:00+07:00,6750.0,3249.784912109375,4326.52978515625,3740.0
2026-04-15 00:00:00+07:00,6550.0,3193.430419921875,4271.41455078125,3670.0
2026-04-16 00:00:00+07:00,6525.0,3202.82275390625,4262.22900390625,3700.0
2026-04-17 00:00:00+07:00,6425.0,3221.607666015625,4243.857421875,3710.0
2026-04-20 00:00:00+07:00,6475.0,3231.0,4243.857421875,3670.0
2026-04-21 00:00:00+07:00,6500.0,3270.0,4317.34375,3730.0
2026-04-22 00:00:00+07:00,6450.0,3240.0,4363.27294921875,3830.0
2026-04-23 00:00:00+07:00,6425.0,3160.0,4253.04296875,3870.0
2026-04-24 00:00:00+07:00,6050.0,3070.0,4133.626953125,3770.0
2026-04-27 00:00:00+07:00,5975.0,3050.0,4041.768798828125,3720.0
2026-04-28 00:00:00+07:00,6000.0,3070.0,4069.326171875,3790.0
2026-04-29 00:00:00+07:00,5975.0,3070.0,4069.326171875,3800.0
2026-04-30 00:00:00+07:00,5850.0,2990.0,4032.5830078125,3720.0
2026-05-04 00:00:00+07:00,5900.0,3040.0,4060.140380859375,3840.0
2026-05-05 00:00:00+07:00,5950.0,3150.0,4124.44140625,3920.0
2026-05-06 00:00:00+07:00,5950.0,3160.0,4142.81298828125,3830.0
2026-05-07 00:00:00+07:00,6225.0,3310.0,4262.22900390625,3980.0
2026-05-08 00:00:00+07:00,6175.0,3260.0,4253.04296875,3860.0
2026-05-11 00:00:00+07:00,6150.0,3200.0,4250.0,3820.0
2026-05-12 00:00:00+07:00,6125.0,3220.0,4240.0,3910.0
2026-05-13 00:00:00+07:00,6100.0,3120.0,4200.0,3870.0
2026-05-14 00:00:00+07:00,6100.0,3120.0,4200.0,3870.0
2026-05-15 00:00:00+07:00,6100.0,3120.0,4200.0,3870.0
2026-05-18 00:00:00+07:00,6125.0,3060.0,4130.0,3800.0
2026-05-19 00:00:00+07:00,5950.0,3040.0,4130.0,3810.0
2026-05-20 00:00:00+07:00,5975.0,3040.0,4230.0,3800.0
2026-05-21 00:00:00+07:00,5950.0,3020.0,4170.0,3800.0
2026-05-22 00:00:00+07:00,5900.0,3050.0,4120.0,3780.0
2026-05-25 00:00:00+07:00,6100.0,3170.0,4220.0,3890.0
2026-05-26 00:00:00+07:00,5975.0,3070.0,4130.0,3840.0
2026-05-27 00:00:00+07:00,5975.0,3070.0,4130.0,3840.0
2026-05-28 00:00:00+07:00,5975.0,3070.0,4130.0,3840.0
2026-05-29 00:00:00+07:00,5700.0,2950.0,4080.0,3700.0
2026-06-02 00:00:00+07:00,5825.0,3040.0,4170.0,3760.0
2026-06-03 00:00:00+07:00,5525.0,2900.0,4050.0,3570.0
2026-06-04 00:00:00+07:00,5425.0,2810.0,3970.0,3420.0
2026-06-05 00:00:00+07:00,5075.0,2740.0,3840.0,3210.0
2026-06-08 00:00:00+07:00,4850.0,2590.0,3710.0,3010.0
2026-06-09 00:00:00+07:00,5150.0,2790.0,4090.0,3270.0
2026-06-10 00:00:00+07:00,5650.0,2880.0,4260.0,3450.0
2026-06-11 00:00:00+07:00,5825.0,2850.0,4250.0,3500.0
2026-06-12 00:00:00+07:00,5925.0,2850.0,4200.0,3560.0
2026-06-15 00:00:00+07:00,6275.0,2990.0,4500.0,3800.0
2026-06-17 00:00:00+07:00,6275.0,3080.0,4490.0,3800.0
2026-06-18 00:00:00+07:00,6075.0,2960.0,4470.0,3730.0
2026-06-19 00:00:00+07:00,6300.0,2930.0,4310.0,3670.0
2026-06-22 00:00:00+07:00,6225.0,2870.0,4220.0,3490.0
2026-06-23 00:00:00+07:00,6125.0,2910.0,4120.0,3430.0
2026-06-24 00:00:00+07:00,5925.0,2810.0,3970.0,3320.0
2026-06-25 00:00:00+07:00,6025.0,2850.0,4000.0,3350.0
2026-06-26 00:00:00+07:00,6175.0,2870.0,3990.0,3320.0
2026-06-29 00:00:00+07:00,5925.0,2840.0,3940.0,3260.0
2026-06-30 00:00:00+07:00,5550.0,2730.0,3850.0,3160.0
2026-07-01 00:00:00+07:00,5600.0,2670.0,3810.0,3100.0
2026-07-02 00:00:00+07:00,5800.0,2690.0,3900.0,3170.0
2026-07-03 00:00:00+07:00,6050.0,2710.0,4010.0,3250.0
2026-07-06 00:00:00+07:00,6125.0,2790.0,4030.0,3280.0
2026-07-07 00:00:00+07:00,6300.0,2860.0,4070.0,3470.0
2026-07-08 00:00:00+07:00,6175.0,2790.0,3970.0,3380.0
2026-07-09 00:00:00+07:00,6200.0,2780.0,4040.0,3420.0
2026-07-10 00:00:00+07:00,6175.0,2790.0,4080.0,3420.0
2026-07-13 00:00:00+07:00,6225.0,2870.0,4250.0,3530.0
2026-07-14 00:00:00+07:00,6125.0,2800.0,4160.0,3470.0
2026-07-15 00:00:00+07:00,6125.0,2830.0,4200.0,3460.0
2026-07-16 00:00:00+07:00,6225.0,2860.0,4310.0,3500.0
2026-07-17 00:00:00+07:00,6475.0,2970.0,4480.0,3580.0
